2026/04/19-19:53:29.363624 1282 New Zoned Block Device: /dev/nvme0n1
2026/04/19-19:53:29.363859 1282 Zone block device nr zones: 128 max active: 14 max open: 14 
2026/04/19-19:53:29.364376 1282 ZenFS initializing
2026/04/19-19:53:29.364381 1282 ZenFS parameters: block device: /dev/nvme0n1, aux filesystem: PosixFileSystem
2026/04/19-19:53:29.364382 1282 ZenFS initializing
2026/04/19-19:53:29.364513 1282 Found OK superblock in zone 0 seq: 1
2026/04/19-19:53:29.364520 1282 Recovered from zone: 0
2026/04/19-19:53:29.364530 1282 Rolling to metazone 1
2026/04/19-19:53:30.393762 1282 Superblock sequence 2
2026/04/19-19:53:30.393788 1282 Finish threshold 40
2026/04/19-19:53:30.393792 1282 Filesystem mount OK
2026/04/19-19:53:30.393794 1282 Resetting unused IO Zones..
2026/04/19-19:53:30.393807 1282   Done
2026/04/19-19:53:30.393810 1282 GC is disabled
2026/04/19-19:53:30.393963 1282   Files:
2026/04/19-19:53:30.393968 1282 Sum of all files: 0 MB of data 
2026/04/19-19:53:31.394244 1283 Total Garbage Bytes this interval: 0 bytes
2026/04/19-19:53:31.394267 1283 Cumulative Average Garbage Bytes (over 1 intervals): 0 bytes
2026/04/19-19:53:31.394447 1283 Zone Garbage Stats: [125 0 0 0 0 0 0 0 0 0 0 0 ]
2026/04/19-19:53:31.394454 1283 Total Garbage Bytes: 0 bytes
2026/04/19-19:53:32.394653 1283 Total Garbage Bytes this interval: 0 bytes
2026/04/19-19:53:32.394675 1283 Cumulative Average Garbage Bytes (over 2 intervals): 0 bytes
2026/04/19-19:53:32.394702 1283 Zone Garbage Stats: [125 0 0 0 0 0 0 0 0 0 0 0 ]
2026/04/19-19:53:32.394707 1283 Total Garbage Bytes: 0 bytes
2026/04/19-19:53:33.394904 1283 Total Garbage Bytes this interval: 0 bytes
2026/04/19-19:53:33.394927 1283 Cumulative Average Garbage Bytes (over 3 intervals): 0 bytes
2026/04/19-19:53:33.394953 1283 Zone Garbage Stats: [125 0 0 0 0 0 0 0 0 0 0 0 ]
2026/04/19-19:53:33.394958 1283 Total Garbage Bytes: 0 bytes
2026/04/19-19:53:34.395143 1283 Total Garbage Bytes this interval: 0 bytes
2026/04/19-19:53:34.395239 1283 Cumulative Average Garbage Bytes (over 4 intervals): 0 bytes
2026/04/19-19:53:34.395265 1283 Zone Garbage Stats: [125 0 0 0 0 0 0 0 0 0 0 0 ]
2026/04/19-19:53:34.395270 1283 Total Garbage Bytes: 0 bytes
2026/04/19-19:53:35.395472 1283 Total Garbage Bytes this interval: 0 bytes
2026/04/19-19:53:35.395500 1283 Cumulative Average Garbage Bytes (over 5 intervals): 0 bytes
2026/04/19-19:53:35.395530 1283 Zone Garbage Stats: [125 0 0 0 0 0 0 0 0 0 0 0 ]
2026/04/19-19:53:35.395536 1283 Total Garbage Bytes: 0 bytes
2026/04/19-19:53:36.395673 1283 Total Garbage Bytes this interval: 0 bytes
2026/04/19-19:53:36.395695 1283 Cumulative Average Garbage Bytes (over 6 intervals): 0 bytes
2026/04/19-19:53:36.395719 1283 Zone Garbage Stats: [125 0 0 0 0 0 0 0 0 0 0 0 ]
2026/04/19-19:53:36.395724 1283 Total Garbage Bytes: 0 bytes
2026/04/19-19:53:37.395907 1283 Total Garbage Bytes this interval: 0 bytes
2026/04/19-19:53:37.395933 1283 Cumulative Average Garbage Bytes (over 7 intervals): 0 bytes
2026/04/19-19:53:37.395959 1283 Zone Garbage Stats: [125 0 0 0 0 0 0 0 0 0 0 0 ]
2026/04/19-19:53:37.395964 1283 Total Garbage Bytes: 0 bytes
2026/04/19-19:53:37.805302 1282 [DEBUG] CreatDirIfMissing: ./db_working_home to aux: /home/femu/rocksdbTest/zenfs_aux/./db_working_home
2026/04/19-19:53:37.805437 1282 [DEBUG] FileExists: /db_working_home/LOG 
2026/04/19-19:53:37.806804 1282 [DEBUG] GetChildrenNoLock: /db_working_home 
2026/04/19-19:53:37.807017 1282 [DEBUG] DeleteFile: ./db_working_home/LOG 
2026/04/19-19:53:37.807042 1282 [Zonestats:time(s),used_cap(MB),reclaimable_cap(MB), avg_reclaimable(%), active(#), active_zones(#), open_zones(#)] 8 0 0 0 0 0 0
2026/04/19-19:53:37.807461 1282 [DEBUG] GetChildrenNoLock: /db_working_home/archive 
2026/04/19-19:53:37.807647 1282 [DEBUG] DeleteFile: ./db_working_home/LOCK 
2026/04/19-19:53:37.807673 1282 [Zonestats:time(s),used_cap(MB),reclaimable_cap(MB), avg_reclaimable(%), active(#), active_zones(#), open_zones(#)] 8 0 0 0 0 0 0
2026/04/19-19:53:37.808235 1282 [DEBUG] DeleteDir: ./db_working_home aux: /home/femu/rocksdbTest/zenfs_aux/./db_working_home
2026/04/19-19:53:37.808239 1282 [DEBUG] GetChildrenNoLock: /db_working_home 
2026/04/19-19:53:37.808287 1282 [DEBUG] DeleteDir: ./db_working_home/archive aux: /home/femu/rocksdbTest/zenfs_aux/./db_working_home/archive
2026/04/19-19:53:37.808290 1282 [DEBUG] GetChildrenNoLock: /db_working_home/archive 
2026/04/19-19:53:37.812738 1282 [DEBUG] CreatDirIfMissing: ./db_working_home to aux: /home/femu/rocksdbTest/zenfs_aux/./db_working_home
2026/04/19-19:53:37.812774 1282 [DEBUG] FileExists: /db_working_home/LOG 
2026/04/19-19:53:37.814134 1282 [DEBUG] GetChildrenNoLock: /db_working_home 
2026/04/19-19:53:37.815395 1282 [DEBUG] CreatDirIfMissing: ./db_working_home to aux: /home/femu/rocksdbTest/zenfs_aux/./db_working_home
2026/04/19-19:53:37.815401 1282 [DEBUG] CreatDirIfMissing: ./db_working_home to aux: /home/femu/rocksdbTest/zenfs_aux/./db_working_home
2026/04/19-19:53:37.815638 1282 [DEBUG] CreatDirIfMissing: ./db_working_home to aux: /home/femu/rocksdbTest/zenfs_aux/./db_working_home
2026/04/19-19:53:37.815643 1282 [DEBUG] NewDirectory: ./db_working_home to aux: /home/femu/rocksdbTest/zenfs_aux/./db_working_home
2026/04/19-19:53:37.815670 1282 [DEBUG] FileExists: /db_working_home/CURRENT 
2026/04/19-19:53:37.815976 1282 [DEBUG] New writable file: /db_working_home/000000.dbtmp direct: 0
2026/04/19-19:53:37.816704 1282 Entering Apply Finish Threshold Function
2026/04/19-19:53:37.816713 1282 [DEBUG] Allocating zone(new=1) start: 0x18000000 wp: 0x18000000 lt: 0 file lt: 0
2026/04/19-19:53:37.816715 1282 [Zonestats:time(s),used_cap(MB),reclaimable_cap(MB), avg_reclaimable(%), active(#), active_zones(#), open_zones(#)] 8 0 0 0 0 1 1
2026/04/19-19:53:37.816717 1282 [DEBUG] Syncing metadata for: /db_working_home/000000.dbtmp
2026/04/19-19:53:37.817705 1282 [DEBUG] Syncing metadata for: /db_working_home/000000.dbtmp
2026/04/19-19:53:37.818203 1282 [DEBUG] Syncing metadata for: /db_working_home/000000.dbtmp
2026/04/19-19:53:37.818699 1282 [DEBUG] Syncing metadata for: /db_working_home/000000.dbtmp
2026/04/19-19:53:37.819431 1282 [DEBUG] Rename file: /db_working_home/000000.dbtmp to : /db_working_home/IDENTITY
2026/04/19-19:53:37.819933 1282 [DEBUG] NewDirectory: ./db_working_home to aux: /home/femu/rocksdbTest/zenfs_aux/./db_working_home
2026/04/19-19:53:37.820936 1282 [DEBUG] FileExists: /db_working_home/MANIFEST-000001 
2026/04/19-19:53:37.820949 1282 [DEBUG] New writable file: /db_working_home/MANIFEST-000001 direct: 0
2026/04/19-19:53:37.821476 1282 Entering Apply Finish Threshold Function
2026/04/19-19:53:37.821483 1282 [DEBUG] Allocating zone(new=0) start: 0x18000000 wp: 0x18000200 lt: 0 file lt: 0
2026/04/19-19:53:37.821486 1282 [Zonestats:time(s),used_cap(MB),reclaimable_cap(MB), avg_reclaimable(%), active(#), active_zones(#), open_zones(#)] 8 0 127 99 1 1 1
2026/04/19-19:53:37.821488 1282 [DEBUG] Syncing metadata for: /db_working_home/MANIFEST-000001
2026/04/19-19:53:37.822473 1282 [DEBUG] Syncing metadata for: /db_working_home/MANIFEST-000001
2026/04/19-19:53:37.822969 1282 [DEBUG] Syncing metadata for: /db_working_home/MANIFEST-000001
2026/04/19-19:53:37.823463 1282 [DEBUG] Syncing metadata for: /db_working_home/MANIFEST-000001
2026/04/19-19:53:37.823979 1282 [DEBUG] New writable file: /db_working_home/000001.dbtmp direct: 0
2026/04/19-19:53:37.824485 1282 Entering Apply Finish Threshold Function
2026/04/19-19:53:37.824492 1282 [DEBUG] Allocating zone(new=0) start: 0x18000000 wp: 0x18000400 lt: 0 file lt: 0
2026/04/19-19:53:37.824494 1282 [Zonestats:time(s),used_cap(MB),reclaimable_cap(MB), avg_reclaimable(%), active(#), active_zones(#), open_zones(#)] 8 0 127 99 1 1 1
2026/04/19-19:53:37.824496 1282 [DEBUG] Syncing metadata for: /db_working_home/000001.dbtmp
2026/04/19-19:53:37.825479 1282 [DEBUG] Syncing metadata for: /db_working_home/000001.dbtmp
2026/04/19-19:53:37.825973 1282 [DEBUG] Syncing metadata for: /db_working_home/000001.dbtmp
2026/04/19-19:53:37.826466 1282 [DEBUG] Syncing metadata for: /db_working_home/000001.dbtmp
2026/04/19-19:53:37.826978 1282 [DEBUG] Rename file: /db_working_home/000001.dbtmp to : /db_working_home/CURRENT
2026/04/19-19:53:37.827485 1282 [DEBUG] New random access file: /db_working_home/CURRENT direct: 1
2026/04/19-19:53:37.827860 1282 [DEBUG] New sequential file: /db_working_home/CURRENT direct: 0
2026/04/19-19:53:37.827989 1282 [DEBUG] New sequential file: /db_working_home/MANIFEST-000001 direct: 0
2026/04/19-19:53:37.831163 1282 [DEBUG] GetChildrenNoLock: /db_working_home 
2026/04/19-19:53:37.831212 1282 [DEBUG] CreatDirIfMissing: ./db_working_home to aux: /home/femu/rocksdbTest/zenfs_aux/./db_working_home
2026/04/19-19:53:37.831218 1282 [DEBUG] NewDirectory: ./db_working_home to aux: /home/femu/rocksdbTest/zenfs_aux/./db_working_home
2026/04/19-19:53:37.831228 1282 [DEBUG] GetChildrenNoLock: /db_working_home 
2026/04/19-19:53:37.831248 1282 [DEBUG] New writable file: /db_working_home/000004.log direct: 0
2026/04/19-19:53:37.831797 1282 [DEBUG] New writable file: /db_working_home/MANIFEST-000005 direct: 0
2026/04/19-19:53:37.832348 1282 Entering Apply Finish Threshold Function
2026/04/19-19:53:37.832358 1282 [DEBUG] Allocating zone(new=0) start: 0x18000000 wp: 0x18000600 lt: 0 file lt: 0
2026/04/19-19:53:37.832361 1282 [Zonestats:time(s),used_cap(MB),reclaimable_cap(MB), avg_reclaimable(%), active(#), active_zones(#), open_zones(#)] 8 0 127 99 1 1 1
2026/04/19-19:53:37.832363 1282 [DEBUG] Syncing metadata for: /db_working_home/MANIFEST-000005
2026/04/19-19:53:37.833366 1282 [DEBUG] Syncing metadata for: /db_working_home/MANIFEST-000005
2026/04/19-19:53:37.833876 1282 [DEBUG] New writable file: /db_working_home/000005.dbtmp direct: 0
2026/04/19-19:53:37.834405 1282 Entering Apply Finish Threshold Function
2026/04/19-19:53:37.834414 1282 [DEBUG] Allocating zone(new=1) start: 0x20000000 wp: 0x20000000 lt: 0 file lt: 0
2026/04/19-19:53:37.834417 1282 [Zonestats:time(s),used_cap(MB),reclaimable_cap(MB), avg_reclaimable(%), active(#), active_zones(#), open_zones(#)] 8 0 127 99 1 2 2
2026/04/19-19:53:37.834419 1282 [DEBUG] Syncing metadata for: /db_working_home/000005.dbtmp
2026/04/19-19:53:37.835415 1282 [DEBUG] Syncing metadata for: /db_working_home/000005.dbtmp
2026/04/19-19:53:37.835917 1282 [DEBUG] Syncing metadata for: /db_working_home/000005.dbtmp
2026/04/19-19:53:37.836420 1282 [DEBUG] Syncing metadata for: /db_working_home/000005.dbtmp
2026/04/19-19:53:37.836951 1282 [DEBUG] Rename file: /db_working_home/000005.dbtmp to : /db_working_home/CURRENT
2026/04/19-19:53:37.839000 1282 [DEBUG] New writable file: /db_working_home/OPTIONS-000006.dbtmp direct: 0
2026/04/19-19:53:37.839709 1282 Entering Apply Finish Threshold Function
2026/04/19-19:53:37.839719 1282 [DEBUG] Allocating zone(new=0) start: 0x20000000 wp: 0x20000200 lt: 0 file lt: 0
2026/04/19-19:53:37.839722 1282 [Zonestats:time(s),used_cap(MB),reclaimable_cap(MB), avg_reclaimable(%), active(#), active_zones(#), open_zones(#)] 8 0 255 99 2 2 2
2026/04/19-19:53:37.839724 1282 [DEBUG] Syncing metadata for: /db_working_home/OPTIONS-000006.dbtmp
2026/04/19-19:53:37.840729 1282 [DEBUG] Syncing metadata for: /db_working_home/OPTIONS-000006.dbtmp
2026/04/19-19:53:37.841232 1282 [DEBUG] Syncing metadata for: /db_working_home/OPTIONS-000006.dbtmp
2026/04/19-19:53:37.841733 1282 [DEBUG] Syncing metadata for: /db_working_home/OPTIONS-000006.dbtmp
2026/04/19-19:53:37.842269 1282 [DEBUG] New sequential file: /db_working_home/OPTIONS-000006.dbtmp direct: 0
2026/04/19-19:53:37.845329 1282 [DEBUG] GetFileSize: /db_working_home/OPTIONS-000006.dbtmp 
2026/04/19-19:53:37.845338 1282 [DEBUG] Rename file: /db_working_home/OPTIONS-000006.dbtmp to : /db_working_home/OPTIONS-000007
2026/04/19-19:53:37.845862 1282 [DEBUG] NewDirectory: ./db_working_home to aux: /home/femu/rocksdbTest/zenfs_aux/./db_working_home
2026/04/19-19:53:37.846581 1282 [DEBUG] GetChildrenNoLock: /db_working_home 
2026/04/19-19:53:37.846638 1282 [DEBUG] GetChildrenNoLock: /db_working_home 
2026/04/19-19:53:37.846723 1282 [DEBUG] GetChildrenNoLock: /db_working_home 
2026/04/19-19:53:37.846758 1282 [DEBUG] DeleteFile: ./db_working_home/MANIFEST-000001 
2026/04/19-19:53:37.847276 1282 [Zonestats:time(s),used_cap(MB),reclaimable_cap(MB), avg_reclaimable(%), active(#), active_zones(#), open_zones(#)] 8 0 255 99 2 2 1
2026/04/19-19:53:37.851844 1282 [DEBUG] Allocating zone(new=1) start: 0x28000000 wp: 0x28000000 lt: 2 file lt: 2
2026/04/19-19:53:37.851848 1282 [DEBUG] Syncing metadata for: /db_working_home/000004.log
2026/04/19-19:53:38.038563 1282 [DEBUG] New writable file: /db_working_home/000008.log direct: 0
2026/04/19-19:53:38.040067 1285 [DEBUG] New writable file: /db_working_home/000009.sst direct: 1
2026/04/19-19:53:38.043330 1282 [DEBUG] Allocating zone(new=1) start: 0x30000000 wp: 0x30000000 lt: 2 file lt: 2
2026/04/19-19:53:38.043335 1282 [DEBUG] Syncing metadata for: /db_working_home/000008.log
2026/04/19-19:53:38.045340 1285 Entering Apply Finish Threshold Function
2026/04/19-19:53:38.045365 1285 [DEBUG] Allocating zone(new=1) start: 0x38000000 wp: 0x38000000 lt: 3 file lt: 3
2026/04/19-19:53:38.045382 1285 [Zonestats:time(s),used_cap(MB),reclaimable_cap(MB), avg_reclaimable(%), active(#), active_zones(#), open_zones(#)] 9 15 368 96 3 5 4
2026/04/19-19:53:38.045388 1285 [DEBUG] Syncing metadata for: /db_working_home/000009.sst
2026/04/19-19:53:38.219548 1285 [DEBUG] Syncing metadata for: /db_working_home/000009.sst
2026/04/19-19:53:38.222752 1285 [DEBUG] Syncing metadata for: /db_working_home/000009.sst
2026/04/19-19:53:38.223426 1285 [DEBUG] New random access file: /db_working_home/000009.sst direct: 1
2026/04/19-19:53:38.223641 1285 [DEBUG] GetFileSize: /db_working_home/000009.sst 
2026/04/19-19:53:38.225858 1285 [DEBUG] Syncing metadata for: /db_working_home/MANIFEST-000005
2026/04/19-19:53:38.226503 1285 [DEBUG] GetFileSize: /db_working_home/000009.sst 
2026/04/19-19:53:38.235297 1285 [DEBUG] Syncing metadata for: /db_working_home/000004.log
2026/04/19-19:53:38.239096 1285 [DEBUG] DeleteFile: ./db_working_home/000004.log 
2026/04/19-19:53:38.239811 1285 [Zonestats:time(s),used_cap(MB),reclaimable_cap(MB), avg_reclaimable(%), active(#), active_zones(#), open_zones(#)] 9 25 486 95 4 4 2
2026/04/19-19:53:38.307420 1282 [DEBUG] New writable file: /db_working_home/000010.log direct: 0
2026/04/19-19:53:38.308306 1285 [DEBUG] New writable file: /db_working_home/000011.sst direct: 1
2026/04/19-19:53:38.311497 1285 Entering Apply Finish Threshold Function
2026/04/19-19:53:38.311522 1285 [DEBUG] Allocating zone(new=1) start: 0x28000000 wp: 0x28000000 lt: 3 file lt: 3
2026/04/19-19:53:38.311530 1285 [Zonestats:time(s),used_cap(MB),reclaimable_cap(MB), avg_reclaimable(%), active(#), active_zones(#), open_zones(#)] 9 30 481 94 4 5 3
2026/04/19-19:53:38.311537 1285 [DEBUG] Syncing metadata for: /db_working_home/000011.sst
2026/04/19-19:53:38.313958 1282 [DEBUG] Allocating zone(new=0) start: 0x38000000 wp: 0x38f72200 lt: 3 file lt: 2
2026/04/19-19:53:38.313963 1282 [DEBUG] Syncing metadata for: /db_working_home/000010.log
2026/04/19-19:53:38.396154 1283 Total Garbage Bytes this interval: 702 bytes
2026/04/19-19:53:38.396172 1283 Cumulative Average Garbage Bytes (over 8 intervals): 87 bytes
2026/04/19-19:53:38.396195 1283 Zone Garbage Stats: [120 1 0 0 0 0 0 0 0 0 0 0 ]
2026/04/19-19:53:38.396199 1283 Total Garbage Bytes: 702 bytes
2026/04/19-19:53:38.472919 1285 [DEBUG] Syncing metadata for: /db_working_home/000011.sst
2026/04/19-19:53:38.473501 1285 [DEBUG] Syncing metadata for: /db_working_home/000011.sst
2026/04/19-19:53:38.474138 1285 [DEBUG] New random access file: /db_working_home/000011.sst direct: 1
2026/04/19-19:53:38.474333 1285 [DEBUG] GetFileSize: /db_working_home/000011.sst 
2026/04/19-19:53:38.479973 1285 [DEBUG] Syncing metadata for: /db_working_home/MANIFEST-000005
2026/04/19-19:53:38.483808 1285 [DEBUG] GetFileSize: /db_working_home/000011.sst 
2026/04/19-19:53:38.489119 1285 [DEBUG] Syncing metadata for: /db_working_home/000008.log
2026/04/19-19:53:38.489808 1285 [DEBUG] DeleteFile: ./db_working_home/000008.log 
2026/04/19-19:53:38.490509 1285 [Zonestats:time(s),used_cap(MB),reclaimable_cap(MB), avg_reclaimable(%), active(#), active_zones(#), open_zones(#)] 9 36 475 92 4 4 2
2026/04/19-19:53:38.603584 1282 [DEBUG] New writable file: /db_working_home/000012.log direct: 0
2026/04/19-19:53:38.604428 1285 [DEBUG] New writable file: /db_working_home/000013.sst direct: 1
2026/04/19-19:53:38.607409 1282 [DEBUG] Allocating zone(new=0) start: 0x28000000 wp: 0x28f70a00 lt: 3 file lt: 2
2026/04/19-19:53:38.607415 1282 [DEBUG] Syncing metadata for: /db_working_home/000012.log
2026/04/19-19:53:38.607436 1285 Entering Apply Finish Threshold Function
2026/04/19-19:53:38.607465 1285 [DEBUG] Allocating zone(new=1) start: 0x30000000 wp: 0x30000000 lt: 3 file lt: 3
2026/04/19-19:53:38.607472 1285 [Zonestats:time(s),used_cap(MB),reclaimable_cap(MB), avg_reclaimable(%), active(#), active_zones(#), open_zones(#)] 9 45 466 91 4 5 4
2026/04/19-19:53:38.607478 1285 [DEBUG] Syncing metadata for: /db_working_home/000013.sst
2026/04/19-19:53:38.805293 1285 [DEBUG] Syncing metadata for: /db_working_home/000013.sst
2026/04/19-19:53:38.805875 1285 [DEBUG] Syncing metadata for: /db_working_home/000013.sst
2026/04/19-19:53:38.806514 1285 [DEBUG] New random access file: /db_working_home/000013.sst direct: 1
2026/04/19-19:53:38.806697 1285 [DEBUG] GetFileSize: /db_working_home/000013.sst 
2026/04/19-19:53:38.808809 1285 [DEBUG] Syncing metadata for: /db_working_home/MANIFEST-000005
2026/04/19-19:53:38.809469 1285 [DEBUG] GetFileSize: /db_working_home/000013.sst 
2026/04/19-19:53:38.823754 1285 [DEBUG] Syncing metadata for: /db_working_home/000010.log
2026/04/19-19:53:38.826624 1285 [DEBUG] DeleteFile: ./db_working_home/000010.log 
2026/04/19-19:53:38.827210 1285 [Zonestats:time(s),used_cap(MB),reclaimable_cap(MB), avg_reclaimable(%), active(#), active_zones(#), open_zones(#)] 9 56 583 91 5 5 2
2026/04/19-19:53:38.830849 1284 [DEBUG] New writable file: /db_working_home/000014.sst direct: 1
2026/04/19-19:53:38.836289 1284 Entering Apply Finish Threshold Function
2026/04/19-19:53:38.836314 1284 [DEBUG] Allocating zone(new=1) start: 0x40000000 wp: 0x40000000 lt: 3 file lt: 3
2026/04/19-19:53:38.836331 1284 [Zonestats:time(s),used_cap(MB),reclaimable_cap(MB), avg_reclaimable(%), active(#), active_zones(#), open_zones(#)] 9 56 583 91 5 6 3
2026/04/19-19:53:38.836338 1284 [DEBUG] Syncing metadata for: /db_working_home/000014.sst
2026/04/19-19:53:38.932386 1282 [DEBUG] New writable file: /db_working_home/000015.log direct: 0
2026/04/19-19:53:38.937689 1285 [DEBUG] New writable file: /db_working_home/000016.sst direct: 1
2026/04/19-19:53:38.940607 1285 Entering Apply Finish Threshold Function
2026/04/19-19:53:38.940633 1285 [DEBUG] Allocating zone(new=1) start: 0x48000000 wp: 0x48000000 lt: 3 file lt: 3
2026/04/19-19:53:38.940640 1285 [Zonestats:time(s),used_cap(MB),reclaimable_cap(MB), avg_reclaimable(%), active(#), active_zones(#), open_zones(#)] 9 61 578 90 6 7 4
2026/04/19-19:53:38.940646 1285 [DEBUG] Syncing metadata for: /db_working_home/000016.sst
2026/04/19-19:53:38.942027 1282 [DEBUG] Allocating zone(new=0) start: 0x38000000 wp: 0x39f0ee00 lt: 3 file lt: 2
2026/04/19-19:53:38.942034 1282 [DEBUG] Syncing metadata for: /db_working_home/000015.log
2026/04/19-19:53:39.249763 1282 [DEBUG] New writable file: /db_working_home/000017.log direct: 0
2026/04/19-19:53:39.250439 1285 [DEBUG] Syncing metadata for: /db_working_home/000016.sst
2026/04/19-19:53:39.257893 1285 [DEBUG] Syncing metadata for: /db_working_home/000016.sst
2026/04/19-19:53:39.258866 1285 [DEBUG] New random access file: /db_working_home/000016.sst direct: 1
2026/04/19-19:53:39.260776 1285 [DEBUG] GetFileSize: /db_working_home/000016.sst 
2026/04/19-19:53:39.269849 1285 [DEBUG] Syncing metadata for: /db_working_home/MANIFEST-000005
2026/04/19-19:53:39.270541 1285 [DEBUG] GetFileSize: /db_working_home/000016.sst 
2026/04/19-19:53:39.275304 1285 [DEBUG] Syncing metadata for: /db_working_home/000012.log
2026/04/19-19:53:39.283080 1285 [DEBUG] DeleteFile: ./db_working_home/000012.log 
2026/04/19-19:53:39.283661 1285 [Zonestats:time(s),used_cap(MB),reclaimable_cap(MB), avg_reclaimable(%), active(#), active_zones(#), open_zones(#)] 10 76 691 90 7 7 3
2026/04/19-19:53:39.283836 1285 [DEBUG] New writable file: /db_working_home/000018.sst direct: 1
2026/04/19-19:53:39.286768 1285 Entering Apply Finish Threshold Function
2026/04/19-19:53:39.286793 1285 [DEBUG] Allocating zone(new=1) start: 0x50000000 wp: 0x50000000 lt: 3 file lt: 3
2026/04/19-19:53:39.286800 1285 [Zonestats:time(s),used_cap(MB),reclaimable_cap(MB), avg_reclaimable(%), active(#), active_zones(#), open_zones(#)] 10 76 691 90 7 8 4
2026/04/19-19:53:39.286806 1285 [DEBUG] Syncing metadata for: /db_working_home/000018.sst
2026/04/19-19:53:39.291320 1282 [DEBUG] Allocating zone(new=0) start: 0x48000000 wp: 0x48f71200 lt: 3 file lt: 2
2026/04/19-19:53:39.291333 1282 [DEBUG] Syncing metadata for: /db_working_home/000017.log
2026/04/19-19:53:39.396377 1283 Total Garbage Bytes this interval: 16370870 bytes
2026/04/19-19:53:39.396937 1283 Cumulative Average Garbage Bytes (over 9 intervals): 1819063 bytes
2026/04/19-19:53:39.396961 1283 Zone Garbage Stats: [117 2 1 0 0 0 0 0 0 0 0 0 ]
2026/04/19-19:53:39.396966 1283 Total Garbage Bytes: 16370870 bytes
2026/04/19-19:53:39.540754 1285 [DEBUG] Syncing metadata for: /db_working_home/000018.sst
2026/04/19-19:53:39.547942 1285 [DEBUG] Syncing metadata for: /db_working_home/000018.sst
2026/04/19-19:53:39.548606 1285 [DEBUG] New random access file: /db_working_home/000018.sst direct: 1
2026/04/19-19:53:39.548790 1285 [DEBUG] GetFileSize: /db_working_home/000018.sst 
2026/04/19-19:53:39.557824 1285 [DEBUG] Syncing metadata for: /db_working_home/MANIFEST-000005
2026/04/19-19:53:39.565180 1285 [DEBUG] GetFileSize: /db_working_home/000018.sst 
2026/04/19-19:53:39.576740 1285 [DEBUG] Syncing metadata for: /db_working_home/000015.log
2026/04/19-19:53:39.584524 1285 [DEBUG] DeleteFile: ./db_working_home/000015.log 
2026/04/19-19:53:39.592043 1285 [Zonestats:time(s),used_cap(MB),reclaimable_cap(MB), avg_reclaimable(%), active(#), active_zones(#), open_zones(#)] 10 86 809 90 8 8 3
2026/04/19-19:53:39.712942 1282 [DEBUG] New writable file: /db_working_home/000019.log direct: 0
2026/04/19-19:53:39.713820 1285 [DEBUG] New writable file: /db_working_home/000020.sst direct: 1
2026/04/19-19:53:39.718041 1282 [DEBUG] Allocating zone(new=0) start: 0x50000000 wp: 0x50f71a00 lt: 3 file lt: 2
2026/04/19-19:53:39.718047 1282 [DEBUG] Syncing metadata for: /db_working_home/000019.log
2026/04/19-19:53:39.723883 1285 Entering Apply Finish Threshold Function
2026/04/19-19:53:39.723913 1285 [DEBUG] Allocating zone(new=1) start: 0x58000000 wp: 0x58000000 lt: 3 file lt: 3
2026/04/19-19:53:39.723920 1285 [Zonestats:time(s),used_cap(MB),reclaimable_cap(MB), avg_reclaimable(%), active(#), active_zones(#), open_zones(#)] 10 92 803 89 8 9 5
2026/04/19-19:53:39.723926 1285 [DEBUG] Syncing metadata for: /db_working_home/000020.sst
2026/04/19-19:53:39.749755 1284 [DEBUG] Syncing metadata for: /db_working_home/000014.sst
2026/04/19-19:53:39.757368 1284 [DEBUG] Syncing metadata for: /db_working_home/000014.sst
2026/04/19-19:53:39.761615 1284 [DEBUG] GetFileSize: /db_working_home/000014.sst 
2026/04/19-19:53:39.762697 1284 [DEBUG] New random access file: /db_working_home/000014.sst direct: 1
2026/04/19-19:53:39.772272 1284 [DEBUG] GetFileSize: /db_working_home/000014.sst 
2026/04/19-19:53:39.778894 1284 [DEBUG] Syncing metadata for: /db_working_home/MANIFEST-000005
2026/04/19-19:53:39.898964 1285 [DEBUG] Syncing metadata for: /db_working_home/000020.sst
2026/04/19-19:53:39.899538 1285 [DEBUG] Syncing metadata for: /db_working_home/000020.sst
2026/04/19-19:53:39.900182 1285 [DEBUG] New random access file: /db_working_home/000020.sst direct: 1
2026/04/19-19:53:39.900363 1285 [DEBUG] GetFileSize: /db_working_home/000020.sst 
2026/04/19-19:53:39.902339 1285 [DEBUG] Syncing metadata for: /db_working_home/MANIFEST-000005
2026/04/19-19:53:39.903026 1285 [DEBUG] GetFileSize: /db_working_home/000020.sst 
2026/04/19-19:53:39.907819 1285 [DEBUG] Syncing metadata for: /db_working_home/000017.log
2026/04/19-19:53:39.914332 1285 [DEBUG] DeleteFile: ./db_working_home/000009.sst 
2026/04/19-19:53:39.920621 1285 [Zonestats:time(s),used_cap(MB),reclaimable_cap(MB), avg_reclaimable(%), active(#), active_zones(#), open_zones(#)] 10 145 878 85 8 8 2
2026/04/19-19:53:39.920677 1285 [DEBUG] DeleteFile: ./db_working_home/000011.sst 
2026/04/19-19:53:39.922748 1284 [DEBUG] New writable file: /db_working_home/000021.sst direct: 1
2026/04/19-19:53:39.923346 1285 [Zonestats:time(s),used_cap(MB),reclaimable_cap(MB), avg_reclaimable(%), active(#), active_zones(#), open_zones(#)] 10 130 765 85 7 7 2
2026/04/19-19:53:39.923398 1285 [DEBUG] DeleteFile: ./db_working_home/000013.sst 
2026/04/19-19:53:39.924494 1285 [Zonestats:time(s),used_cap(MB),reclaimable_cap(MB), avg_reclaimable(%), active(#), active_zones(#), open_zones(#)] 10 115 652 84 6 6 2
2026/04/19-19:53:39.924529 1285 [DEBUG] DeleteFile: ./db_working_home/000017.log 
2026/04/19-19:53:39.925090 1285 [Zonestats:time(s),used_cap(MB),reclaimable_cap(MB), avg_reclaimable(%), active(#), active_zones(#), open_zones(#)] 10 99 668 87 6 6 2
2026/04/19-19:53:39.926305 1284 Entering Apply Finish Threshold Function
2026/04/19-19:53:39.926331 1284 [DEBUG] Allocating zone(new=1) start: 0x28000000 wp: 0x28000000 lt: 3 file lt: 3
2026/04/19-19:53:39.926339 1284 [Zonestats:time(s),used_cap(MB),reclaimable_cap(MB), avg_reclaimable(%), active(#), active_zones(#), open_zones(#)] 10 99 668 87 6 7 3
2026/04/19-19:53:39.926345 1284 [DEBUG] Syncing metadata for: /db_working_home/000021.sst
2026/04/19-19:53:40.163452 1282 [DEBUG] New writable file: /db_working_home/000022.log direct: 0
2026/04/19-19:53:40.168246 1285 [DEBUG] New writable file: /db_working_home/000023.sst direct: 1
2026/04/19-19:53:40.171307 1285 Entering Apply Finish Threshold Function
2026/04/19-19:53:40.171332 1285 [DEBUG] Allocating zone(new=1) start: 0x30000000 wp: 0x30000000 lt: 3 file lt: 3
2026/04/19-19:53:40.171340 1285 [Zonestats:time(s),used_cap(MB),reclaimable_cap(MB), avg_reclaimable(%), active(#), active_zones(#), open_zones(#)] 11 107 660 85 7 8 4
2026/04/19-19:53:40.171347 1285 [DEBUG] Syncing metadata for: /db_working_home/000023.sst
2026/04/19-19:53:40.173549 1282 [DEBUG] Allocating zone(new=0) start: 0x58000000 wp: 0x58f71e00 lt: 3 file lt: 2
2026/04/19-19:53:40.173556 1282 [DEBUG] Syncing metadata for: /db_working_home/000022.log
2026/04/19-19:53:40.397155 1283 Total Garbage Bytes this interval: 16373851 bytes
2026/04/19-19:53:40.397171 1283 Cumulative Average Garbage Bytes (over 10 intervals): 3274542 bytes
2026/04/19-19:53:40.397192 1283 Zone Garbage Stats: [117 2 1 0 0 0 0 0 0 0 0 0 ]
2026/04/19-19:53:40.397196 1283 Total Garbage Bytes: 16373851 bytes
2026/04/19-19:53:40.429688 1285 [DEBUG] Syncing metadata for: /db_working_home/000023.sst
2026/04/19-19:53:40.435667 1285 [DEBUG] Syncing metadata for: /db_working_home/000023.sst
2026/04/19-19:53:40.443438 1285 [DEBUG] New random access file: /db_working_home/000023.sst direct: 1
2026/04/19-19:53:40.447041 1285 [DEBUG] GetFileSize: /db_working_home/000023.sst 
2026/04/19-19:53:40.457272 1285 [DEBUG] Syncing metadata for: /db_working_home/MANIFEST-000005
2026/04/19-19:53:40.465637 1285 [DEBUG] GetFileSize: /db_working_home/000023.sst 
2026/04/19-19:53:40.484411 1285 [DEBUG] Syncing metadata for: /db_working_home/000019.log
2026/04/19-19:53:40.492210 1285 [DEBUG] DeleteFile: ./db_working_home/000019.log 
2026/04/19-19:53:40.496114 1285 [Zonestats:time(s),used_cap(MB),reclaimable_cap(MB), avg_reclaimable(%), active(#), active_zones(#), open_zones(#)] 11 118 777 86 8 8 3
2026/04/19-19:53:40.598973 1282 [DEBUG] New writable file: /db_working_home/000024.log direct: 0
2026/04/19-19:53:40.606929 1285 [DEBUG] New writable file: /db_working_home/000025.sst direct: 1
2026/04/19-19:53:40.609648 1285 Entering Apply Finish Threshold Function
2026/04/19-19:53:40.609673 1285 [DEBUG] Allocating zone(new=1) start: 0x38000000 wp: 0x38000000 lt: 3 file lt: 3
2026/04/19-19:53:40.609680 1285 [Zonestats:time(s),used_cap(MB),reclaimable_cap(MB), avg_reclaimable(%), active(#), active_zones(#), open_zones(#)] 11 123 772 86 8 9 4
2026/04/19-19:53:40.609686 1285 [DEBUG] Syncing metadata for: /db_working_home/000025.sst
2026/04/19-19:53:40.612091 1282 [DEBUG] Allocating zone(new=0) start: 0x50000000 wp: 0x51f0ea00 lt: 3 file lt: 2
2026/04/19-19:53:40.612099 1282 [DEBUG] Syncing metadata for: /db_working_home/000024.log
2026/04/19-19:53:40.629031 1284 [DEBUG] Syncing metadata for: /db_working_home/000021.sst
2026/04/19-19:53:40.640261 1284 [DEBUG] Syncing metadata for: /db_working_home/000021.sst
2026/04/19-19:53:40.644494 1284 [DEBUG] GetFileSize: /db_working_home/000021.sst 
2026/04/19-19:53:40.645531 1284 [DEBUG] New random access file: /db_working_home/000021.sst direct: 1
2026/04/19-19:53:40.651638 1284 [DEBUG] GetFileSize: /db_working_home/000021.sst 
2026/04/19-19:53:40.654782 1284 [DEBUG] Syncing metadata for: /db_working_home/MANIFEST-000005
2026/04/19-19:53:40.678244 1284 [DEBUG] New writable file: /db_working_home/000026.sst direct: 1
2026/04/19-19:53:40.692077 1284 Entering Apply Finish Threshold Function
2026/04/19-19:53:40.692104 1284 [DEBUG] Allocating zone(new=1) start: 0x60000000 wp: 0x60000000 lt: 4 file lt: 4
2026/04/19-19:53:40.692112 1284 [Zonestats:time(s),used_cap(MB),reclaimable_cap(MB), avg_reclaimable(%), active(#), active_zones(#), open_zones(#)] 11 171 852 83 9 10 5
2026/04/19-19:53:40.692119 1284 [DEBUG] Syncing metadata for: /db_working_home/000026.sst
2026/04/19-19:53:40.851356 1285 [DEBUG] Syncing metadata for: /db_working_home/000025.sst
2026/04/19-19:53:40.861342 1285 [DEBUG] Syncing metadata for: /db_working_home/000025.sst
2026/04/19-19:53:40.864199 1285 [DEBUG] New random access file: /db_working_home/000025.sst direct: 1
2026/04/19-19:53:40.864394 1285 [DEBUG] GetFileSize: /db_working_home/000025.sst 
2026/04/19-19:53:40.867699 1285 [DEBUG] Syncing metadata for: /db_working_home/MANIFEST-000005
2026/04/19-19:53:40.868374 1285 [DEBUG] GetFileSize: /db_working_home/000025.sst 
2026/04/19-19:53:40.890954 1285 [DEBUG] Syncing metadata for: /db_working_home/000022.log
2026/04/19-19:53:40.894730 1285 [DEBUG] DeleteFile: ./db_working_home/000016.sst 
2026/04/19-19:53:40.902400 1285 [Zonestats:time(s),used_cap(MB),reclaimable_cap(MB), avg_reclaimable(%), active(#), active_zones(#), open_zones(#)] 11 179 844 82 9 9 3
2026/04/19-19:53:40.902453 1285 [DEBUG] DeleteFile: ./db_working_home/000018.sst 
2026/04/19-19:53:40.906261 1285 [Zonestats:time(s),used_cap(MB),reclaimable_cap(MB), avg_reclaimable(%), active(#), active_zones(#), open_zones(#)] 11 163 860 84 9 9 3
2026/04/19-19:53:40.906313 1285 [DEBUG] DeleteFile: ./db_working_home/000020.sst 
2026/04/19-19:53:40.917510 1285 [Zonestats:time(s),used_cap(MB),reclaimable_cap(MB), avg_reclaimable(%), active(#), active_zones(#), open_zones(#)] 11 149 874 85 9 9 3
2026/04/19-19:53:40.917560 1285 [DEBUG] DeleteFile: ./db_working_home/000022.log 
2026/04/19-19:53:40.919141 1285 [Zonestats:time(s),used_cap(MB),reclaimable_cap(MB), avg_reclaimable(%), active(#), active_zones(#), open_zones(#)] 11 133 762 85 8 8 3
2026/04/19-19:53:41.036747 1282 [DEBUG] New writable file: /db_working_home/000027.log direct: 0
2026/04/19-19:53:41.044759 1285 [DEBUG] New writable file: /db_working_home/000028.sst direct: 1
2026/04/19-19:53:41.047525 1285 Entering Apply Finish Threshold Function
2026/04/19-19:53:41.047550 1285 [DEBUG] Allocating zone(new=1) start: 0x48000000 wp: 0x48000000 lt: 3 file lt: 3
2026/04/19-19:53:41.047556 1285 [Zonestats:time(s),used_cap(MB),reclaimable_cap(MB), avg_reclaimable(%), active(#), active_zones(#), open_zones(#)] 12 138 757 84 8 9 4
2026/04/19-19:53:41.047563 1285 [DEBUG] Syncing metadata for: /db_working_home/000028.sst
2026/04/19-19:53:41.048958 1282 [DEBUG] Allocating zone(new=0) start: 0x40000000 wp: 0x42e50c00 lt: 3 file lt: 2
2026/04/19-19:53:41.048967 1282 [DEBUG] Syncing metadata for: /db_working_home/000027.log
2026/04/19-19:53:41.306470 1285 [DEBUG] Syncing metadata for: /db_working_home/000028.sst
2026/04/19-19:53:41.312764 1285 [DEBUG] Syncing metadata for: /db_working_home/000028.sst
2026/04/19-19:53:41.320532 1285 [DEBUG] New random access file: /db_working_home/000028.sst direct: 1
2026/04/19-19:53:41.324112 1285 [DEBUG] GetFileSize: /db_working_home/000028.sst 
2026/04/19-19:53:41.333921 1285 [DEBUG] Syncing metadata for: /db_working_home/MANIFEST-000005
2026/04/19-19:53:41.342711 1285 [DEBUG] GetFileSize: /db_working_home/000028.sst 
2026/04/19-19:53:41.361416 1285 [DEBUG] Syncing metadata for: /db_working_home/000024.log
2026/04/19-19:53:41.363053 1285 [DEBUG] DeleteFile: ./db_working_home/000024.log 
2026/04/19-19:53:41.363770 1285 [Zonestats:time(s),used_cap(MB),reclaimable_cap(MB), avg_reclaimable(%), active(#), active_zones(#), open_zones(#)] 12 148 747 83 8 8 3
2026/04/19-19:53:41.397367 1283 Total Garbage Bytes this interval: 1247 bytes
2026/04/19-19:53:41.397379 1283 Cumulative Average Garbage Bytes (over 11 intervals): 2976970 bytes
2026/04/19-19:53:41.397394 1283 Zone Garbage Stats: [117 5 0 0 0 0 0 0 0 0 0 0 ]
2026/04/19-19:53:41.397398 1283 Total Garbage Bytes: 1247 bytes
2026/04/19-19:53:41.469805 1282 [DEBUG] New writable file: /db_working_home/000029.log direct: 0
2026/04/19-19:53:41.474013 1285 [DEBUG] New writable file: /db_working_home/000030.sst direct: 1
2026/04/19-19:53:41.476840 1285 Entering Apply Finish Threshold Function
2026/04/19-19:53:41.476865 1285 [DEBUG] Allocating zone(new=1) start: 0x50000000 wp: 0x50000000 lt: 3 file lt: 3
2026/04/19-19:53:41.476872 1285 [Zonestats:time(s),used_cap(MB),reclaimable_cap(MB), avg_reclaimable(%), active(#), active_zones(#), open_zones(#)] 12 153 742 82 8 9 4
2026/04/19-19:53:41.476878 1285 [DEBUG] Syncing metadata for: /db_working_home/000030.sst
2026/04/19-19:53:41.478824 1282 [DEBUG] Allocating zone(new=0) start: 0x48000000 wp: 0x48f72200 lt: 3 file lt: 2
2026/04/19-19:53:41.478831 1282 [DEBUG] Syncing metadata for: /db_working_home/000029.log
2026/04/19-19:53:41.741906 1285 [DEBUG] Syncing metadata for: /db_working_home/000030.sst
2026/04/19-19:53:41.751772 1285 [DEBUG] Syncing metadata for: /db_working_home/000030.sst
2026/04/19-19:53:41.759896 1285 [DEBUG] New random access file: /db_working_home/000030.sst direct: 1
2026/04/19-19:53:41.766617 1285 [DEBUG] GetFileSize: /db_working_home/000030.sst 
2026/04/19-19:53:41.771564 1285 [DEBUG] Syncing metadata for: /db_working_home/MANIFEST-000005
2026/04/19-19:53:41.772222 1285 [DEBUG] GetFileSize: /db_working_home/000030.sst 
2026/04/19-19:53:41.789541 1285 [DEBUG] Syncing metadata for: /db_working_home/000027.log
2026/04/19-19:53:41.799136 1285 [DEBUG] DeleteFile: ./db_working_home/000027.log 
2026/04/19-19:53:41.806678 1285 [Zonestats:time(s),used_cap(MB),reclaimable_cap(MB), avg_reclaimable(%), active(#), active_zones(#), open_zones(#)] 12 164 859 83 9 9 3
2026/04/19-19:53:41.841468 1284 [DEBUG] Syncing metadata for: /db_working_home/000026.sst
2026/04/19-19:53:41.843691 1284 [DEBUG] Syncing metadata for: /db_working_home/000026.sst
2026/04/19-19:53:41.844427 1284 [DEBUG] GetFileSize: /db_working_home/000026.sst 
2026/04/19-19:53:41.844459 1284 [DEBUG] New writable file: /db_working_home/000031.sst direct: 1
2026/04/19-19:53:41.847372 1284 Entering Apply Finish Threshold Function
2026/04/19-19:53:41.847398 1284 [DEBUG] Allocating zone(new=1) start: 0x58000000 wp: 0x58000000 lt: 4 file lt: 4
2026/04/19-19:53:41.847405 1284 [Zonestats:time(s),used_cap(MB),reclaimable_cap(MB), avg_reclaimable(%), active(#), active_zones(#), open_zones(#)] 12 230 921 79 9 10 3
2026/04/19-19:53:41.847411 1284 [DEBUG] Syncing metadata for: /db_working_home/000031.sst
2026/04/19-19:53:41.919870 1282 [DEBUG] New writable file: /db_working_home/000032.log direct: 0
2026/04/19-19:53:41.923652 1285 [DEBUG] New writable file: /db_working_home/000033.sst direct: 1
2026/04/19-19:53:41.926350 1285 Entering Apply Finish Threshold Function
2026/04/19-19:53:41.926414 1285 [DEBUG] Allocating zone(new=0) start: 0x60000000 wp: 0x64024400 lt: 4 file lt: 3
2026/04/19-19:53:41.926421 1285 [Zonestats:time(s),used_cap(MB),reclaimable_cap(MB), avg_reclaimable(%), active(#), active_zones(#), open_zones(#)] 12 233 918 79 10 10 4
2026/04/19-19:53:41.926428 1285 [DEBUG] Syncing metadata for: /db_working_home/000033.sst
2026/04/19-19:53:41.928715 1282 [DEBUG] Allocating zone(new=0) start: 0x50000000 wp: 0x50f70e00 lt: 3 file lt: 2
2026/04/19-19:53:41.928721 1282 [DEBUG] Syncing metadata for: /db_working_home/000032.log
2026/04/19-19:53:42.231059 1285 [DEBUG] Syncing metadata for: /db_working_home/000033.sst
2026/04/19-19:53:42.231912 1282 [DEBUG] New writable file: /db_working_home/000034.log direct: 0
2026/04/19-19:53:42.238680 1285 [DEBUG] Syncing metadata for: /db_working_home/000033.sst
2026/04/19-19:53:42.239922 1285 [DEBUG] New random access file: /db_working_home/000033.sst direct: 1
2026/04/19-19:53:42.240107 1285 [DEBUG] GetFileSize: /db_working_home/000033.sst 
2026/04/19-19:53:42.247987 1285 [DEBUG] Syncing metadata for: /db_working_home/MANIFEST-000005
2026/04/19-19:53:42.248677 1285 [DEBUG] GetFileSize: /db_working_home/000033.sst 
2026/04/19-19:53:42.253438 1285 [DEBUG] Syncing metadata for: /db_working_home/000029.log
2026/04/19-19:53:42.261206 1285 [DEBUG] DeleteFile: ./db_working_home/000029.log 
2026/04/19-19:53:42.261788 1285 [Zonestats:time(s),used_cap(MB),reclaimable_cap(MB), avg_reclaimable(%), active(#), active_zones(#), open_zones(#)] 13 249 902 78 10 10 3
2026/04/19-19:53:42.261937 1285 [DEBUG] New writable file: /db_working_home/000035.sst direct: 1
2026/04/19-19:53:42.264656 1285 Entering Apply Finish Threshold Function
2026/04/19-19:53:42.264666 1285 Finishing zone: Entering Finish()
2026/04/19-19:53:42.269264 1282 [DEBUG] Allocating zone(new=0) start: 0x48000000 wp: 0x49f0e600 lt: 3 file lt: 2
2026/04/19-19:53:42.269272 1282 [DEBUG] Syncing metadata for: /db_working_home/000034.log
2026/04/19-19:53:42.397570 1283 Total Garbage Bytes this interval: 16369934 bytes
2026/04/19-19:53:42.397583 1283 Cumulative Average Garbage Bytes (over 12 intervals): 4093050 bytes
2026/04/19-19:53:42.397599 1283 Zone Garbage Stats: [115 4 1 0 0 0 0 0 0 0 0 0 ]
2026/04/19-19:53:42.397603 1283 Total Garbage Bytes: 16369934 bytes
2026/04/19-19:53:42.424240 1284 [DEBUG] Syncing metadata for: /db_working_home/000031.sst
2026/04/19-19:53:42.425048 1284 [DEBUG] Syncing metadata for: /db_working_home/000031.sst
2026/04/19-19:53:42.426107 1284 [DEBUG] GetFileSize: /db_working_home/000031.sst 
2026/04/19-19:53:42.427170 1284 [DEBUG] New random access file: /db_working_home/000026.sst direct: 1
2026/04/19-19:53:42.433809 1284 [DEBUG] GetFileSize: /db_working_home/000026.sst 
2026/04/19-19:53:42.433997 1284 [DEBUG] New random access file: /db_working_home/000031.sst direct: 1
2026/04/19-19:53:42.434308 1284 [DEBUG] GetFileSize: /db_working_home/000031.sst 
2026/04/19-19:53:42.435175 1284 [DEBUG] Syncing metadata for: /db_working_home/MANIFEST-000005
2026/04/19-19:53:42.466426 1284 [DEBUG] New writable file: /db_working_home/000036.sst direct: 1
2026/04/19-19:53:42.479131 1284 Entering Apply Finish Threshold Function
2026/04/19-19:53:42.479166 1284 [DEBUG] Allocating zone(new=0) start: 0x58000000 wp: 0x59c7b400 lt: 4 file lt: 3
2026/04/19-19:53:42.479173 1284 [Zonestats:time(s),used_cap(MB),reclaimable_cap(MB), avg_reclaimable(%), active(#), active_zones(#), open_zones(#)] 13 291 988 77 10 10 4
2026/04/19-19:53:42.479180 1284 [DEBUG] Syncing metadata for: /db_working_home/000036.sst
2026/04/19-19:53:42.488247 1282 [DEBUG] New writable file: /db_working_home/000037.log direct: 0
2026/04/19-19:53:43.072235 1284 [DEBUG] Syncing metadata for: /db_working_home/000036.sst
2026/04/19-19:53:43.073012 1284 [DEBUG] Syncing metadata for: /db_working_home/000036.sst
2026/04/19-19:53:43.074070 1284 [DEBUG] GetFileSize: /db_working_home/000036.sst 
2026/04/19-19:53:43.074103 1284 [DEBUG] New writable file: /db_working_home/000038.sst direct: 1
2026/04/19-19:53:43.080409 1284 Entering Apply Finish Threshold Function
2026/04/19-19:53:43.080421 1284 Finishing zone: Entering Finish()
2026/04/19-19:53:43.397780 1283 Total Garbage Bytes this interval: 16369934 bytes
2026/04/19-19:53:43.397798 1283 Cumulative Average Garbage Bytes (over 13 intervals): 5037426 bytes
2026/04/19-19:53:43.397834 1283 Zone Garbage Stats: [115 4 1 0 0 0 0 0 0 0 0 0 ]
2026/04/19-19:53:43.397839 1283 Total Garbage Bytes: 16369934 bytes
2026/04/19-19:53:43.456127 1285 [DEBUG] Allocating zone(new=1) start: 0x68000000 wp: 0x68000000 lt: 3 file lt: 3
2026/04/19-19:53:43.456153 1285 [Zonestats:time(s),used_cap(MB),reclaimable_cap(MB), avg_reclaimable(%), active(#), active_zones(#), open_zones(#)] 14 345 934 72 9 10 4
2026/04/19-19:53:43.456188 1285 [DEBUG] Syncing metadata for: /db_working_home/000035.sst
2026/04/19-19:53:43.605231 1285 [DEBUG] Syncing metadata for: /db_working_home/000035.sst
2026/04/19-19:53:43.605803 1285 [DEBUG] Syncing metadata for: /db_working_home/000035.sst
2026/04/19-19:53:43.606813 1285 [DEBUG] New random access file: /db_working_home/000035.sst direct: 1
2026/04/19-19:53:43.606995 1285 [DEBUG] GetFileSize: /db_working_home/000035.sst 
2026/04/19-19:53:43.609077 1285 [DEBUG] Syncing metadata for: /db_working_home/MANIFEST-000005
2026/04/19-19:53:43.609709 1285 [DEBUG] GetFileSize: /db_working_home/000035.sst 
2026/04/19-19:53:43.614573 1285 [DEBUG] Syncing metadata for: /db_working_home/000032.log
2026/04/19-19:53:43.615586 1285 [DEBUG] DeleteFile: ./db_working_home/000014.sst 
2026/04/19-19:53:43.616428 1285 [Zonestats:time(s),used_cap(MB),reclaimable_cap(MB), avg_reclaimable(%), active(#), active_zones(#), open_zones(#)] 14 315 964 75 9 9 2
2026/04/19-19:53:43.616464 1285 [DEBUG] DeleteFile: ./db_working_home/000021.sst 
2026/04/19-19:53:43.617300 1285 [Zonestats:time(s),used_cap(MB),reclaimable_cap(MB), avg_reclaimable(%), active(#), active_zones(#), open_zones(#)] 14 269 882 76 8 8 2
2026/04/19-19:53:43.617329 1285 [DEBUG] DeleteFile: ./db_working_home/000032.log 
2026/04/19-19:53:43.618125 1285 [Zonestats:time(s),used_cap(MB),reclaimable_cap(MB), avg_reclaimable(%), active(#), active_zones(#), open_zones(#)] 14 253 898 77 8 8 2
2026/04/19-19:53:43.618293 1285 [DEBUG] New writable file: /db_working_home/000039.sst direct: 1
2026/04/19-19:53:43.622914 1285 Entering Apply Finish Threshold Function
2026/04/19-19:53:43.622940 1285 [DEBUG] Allocating zone(new=1) start: 0x28000000 wp: 0x28000000 lt: 3 file lt: 3
2026/04/19-19:53:43.622947 1285 [Zonestats:time(s),used_cap(MB),reclaimable_cap(MB), avg_reclaimable(%), active(#), active_zones(#), open_zones(#)] 14 253 898 77 8 9 3
2026/04/19-19:53:43.622953 1285 [DEBUG] Syncing metadata for: /db_working_home/000039.sst
2026/04/19-19:53:43.624663 1282 [DEBUG] Allocating zone(new=0) start: 0x68000000 wp: 0x68f71200 lt: 3 file lt: 2
2026/04/19-19:53:43.624678 1282 [DEBUG] Syncing metadata for: /db_working_home/000037.log
2026/04/19-19:53:43.860248 1282 [DEBUG] New writable file: /db_working_home/000040.log direct: 0
2026/04/19-19:53:43.861252 1285 [DEBUG] Syncing metadata for: /db_working_home/000039.sst
2026/04/19-19:53:43.862562 1285 [DEBUG] Syncing metadata for: /db_working_home/000039.sst
2026/04/19-19:53:43.863539 1285 [DEBUG] New random access file: /db_working_home/000039.sst direct: 1
2026/04/19-19:53:43.863719 1285 [DEBUG] GetFileSize: /db_working_home/000039.sst 
2026/04/19-19:53:43.865833 1285 [DEBUG] Syncing metadata for: /db_working_home/MANIFEST-000005
2026/04/19-19:53:43.866490 1285 [DEBUG] GetFileSize: /db_working_home/000039.sst 
2026/04/19-19:53:43.871330 1285 [DEBUG] Syncing metadata for: /db_working_home/000034.log
2026/04/19-19:53:43.872317 1285 [DEBUG] DeleteFile: ./db_working_home/000034.log 
2026/04/19-19:53:43.873132 1285 [Zonestats:time(s),used_cap(MB),reclaimable_cap(MB), avg_reclaimable(%), active(#), active_zones(#), open_zones(#)] 14 268 1011 78 9 9 2
2026/04/19-19:53:43.873281 1285 [DEBUG] New writable file: /db_working_home/000041.sst direct: 1
2026/04/19-19:53:43.876290 1285 Entering Apply Finish Threshold Function
2026/04/19-19:53:43.876314 1285 [DEBUG] Allocating zone(new=1) start: 0x40000000 wp: 0x40000000 lt: 3 file lt: 3
2026/04/19-19:53:43.876321 1285 [Zonestats:time(s),used_cap(MB),reclaimable_cap(MB), avg_reclaimable(%), active(#), active_zones(#), open_zones(#)] 14 268 1011 78 9 10 3
2026/04/19-19:53:43.876327 1285 [DEBUG] Syncing metadata for: /db_working_home/000041.sst
2026/04/19-19:53:43.880790 1282 [DEBUG] Allocating zone(new=0) start: 0x50000000 wp: 0x51f0d600 lt: 3 file lt: 2
2026/04/19-19:53:43.880801 1282 [DEBUG] Syncing metadata for: /db_working_home/000040.log
2026/04/19-19:53:44.045009 1285 [DEBUG] Syncing metadata for: /db_working_home/000041.sst
2026/04/19-19:53:44.045583 1285 [DEBUG] Syncing metadata for: /db_working_home/000041.sst
2026/04/19-19:53:44.046562 1285 [DEBUG] New random access file: /db_working_home/000041.sst direct: 1
2026/04/19-19:53:44.046742 1285 [DEBUG] GetFileSize: /db_working_home/000041.sst 
2026/04/19-19:53:44.051378 1285 [DEBUG] Syncing metadata for: /db_working_home/MANIFEST-000005
2026/04/19-19:53:44.055685 1285 [DEBUG] GetFileSize: /db_working_home/000041.sst 
2026/04/19-19:53:44.060595 1285 [DEBUG] Syncing metadata for: /db_working_home/000037.log
2026/04/19-19:53:44.061440 1285 [DEBUG] DeleteFile: ./db_working_home/000037.log 
2026/04/19-19:53:44.062240 1285 [Zonestats:time(s),used_cap(MB),reclaimable_cap(MB), avg_reclaimable(%), active(#), active_zones(#), open_zones(#)] 15 275 1132 80 10 10 2
2026/04/19-19:53:44.181350 1282 [DEBUG] New writable file: /db_working_home/000042.log direct: 0
2026/04/19-19:53:44.182476 1285 [DEBUG] New writable file: /db_working_home/000043.sst direct: 1
2026/04/19-19:53:44.185329 1285 Entering Apply Finish Threshold Function
2026/04/19-19:53:44.185354 1285 [DEBUG] Allocating zone(new=1) start: 0x70000000 wp: 0x70000000 lt: 3 file lt: 3
2026/04/19-19:53:44.185362 1285 [Zonestats:time(s),used_cap(MB),reclaimable_cap(MB), avg_reclaimable(%), active(#), active_zones(#), open_zones(#)] 15 284 1123 79 10 11 3
2026/04/19-19:53:44.185368 1285 [DEBUG] Syncing metadata for: /db_working_home/000043.sst
2026/04/19-19:53:44.186727 1282 [DEBUG] Allocating zone(new=0) start: 0x68000000 wp: 0x69f0d000 lt: 3 file lt: 2
2026/04/19-19:53:44.186732 1282 [DEBUG] Syncing metadata for: /db_working_home/000042.log
2026/04/19-19:53:44.284923 1284 [DEBUG] Allocating zone(new=1) start: 0x78000000 wp: 0x78000000 lt: 3 file lt: 3
2026/04/19-19:53:44.284939 1284 [Zonestats:time(s),used_cap(MB),reclaimable_cap(MB), avg_reclaimable(%), active(#), active_zones(#), open_zones(#)] 15 288 1119 79 10 11 5
2026/04/19-19:53:44.284957 1284 [DEBUG] Syncing metadata for: /db_working_home/000038.sst
2026/04/19-19:53:44.397955 1283 Total Garbage Bytes this interval: 32742954 bytes
2026/04/19-19:53:44.398064 1283 Cumulative Average Garbage Bytes (over 14 intervals): 7016392 bytes
2026/04/19-19:53:44.398084 1283 Zone Garbage Stats: [112 5 0 1 2 0 0 0 0 0 0 0 ]
2026/04/19-19:53:44.398088 1283 Total Garbage Bytes: 32742954 bytes
2026/04/19-19:53:44.426202 1285 [DEBUG] Syncing metadata for: /db_working_home/000043.sst
2026/04/19-19:53:44.433583 1285 [DEBUG] Syncing metadata for: /db_working_home/000043.sst
2026/04/19-19:53:44.441198 1285 [DEBUG] New random access file: /db_working_home/000043.sst direct: 1
2026/04/19-19:53:44.443375 1285 [DEBUG] GetFileSize: /db_working_home/000043.sst 
2026/04/19-19:53:44.446350 1285 [DEBUG] Syncing metadata for: /db_working_home/MANIFEST-000005
2026/04/19-19:53:44.453874 1285 [DEBUG] GetFileSize: /db_working_home/000043.sst 
2026/04/19-19:53:44.467848 1285 [DEBUG] Syncing metadata for: /db_working_home/000040.log
2026/04/19-19:53:44.471158 1285 [DEBUG] DeleteFile: ./db_working_home/000040.log 
2026/04/19-19:53:44.473401 1285 [Zonestats:time(s),used_cap(MB),reclaimable_cap(MB), avg_reclaimable(%), active(#), active_zones(#), open_zones(#)] 15 294 1241 80 11 11 3
2026/04/19-19:53:44.586209 1282 [DEBUG] New writable file: /db_working_home/000044.log direct: 0
2026/04/19-19:53:44.592285 1285 [DEBUG] New writable file: /db_working_home/000045.sst direct: 1
2026/04/19-19:53:44.595247 1285 Entering Apply Finish Threshold Function
2026/04/19-19:53:44.595271 1285 [DEBUG] Allocating zone(new=1) start: 0x80000000 wp: 0x80000000 lt: 3 file lt: 3
2026/04/19-19:53:44.595278 1285 [Zonestats:time(s),used_cap(MB),reclaimable_cap(MB), avg_reclaimable(%), active(#), active_zones(#), open_zones(#)] 15 299 1236 80 11 12 4
2026/04/19-19:53:44.595285 1285 [DEBUG] Syncing metadata for: /db_working_home/000045.sst
2026/04/19-19:53:44.597821 1282 [DEBUG] Allocating zone(new=0) start: 0x70000000 wp: 0x70f71e00 lt: 3 file lt: 2
2026/04/19-19:53:44.597831 1282 [DEBUG] Syncing metadata for: /db_working_home/000044.log
2026/04/19-19:53:44.676683 1284 [DEBUG] Syncing metadata for: /db_working_home/000038.sst
2026/04/19-19:53:44.687505 1284 [DEBUG] Syncing metadata for: /db_working_home/000038.sst
2026/04/19-19:53:44.691734 1284 [DEBUG] GetFileSize: /db_working_home/000038.sst 
2026/04/19-19:53:44.692863 1284 [DEBUG] New random access file: /db_working_home/000036.sst direct: 1
2026/04/19-19:53:44.702445 1284 [DEBUG] GetFileSize: /db_working_home/000036.sst 
2026/04/19-19:53:44.702634 1284 [DEBUG] New random access file: /db_working_home/000038.sst direct: 1
2026/04/19-19:53:44.709798 1284 [DEBUG] GetFileSize: /db_working_home/000038.sst 
2026/04/19-19:53:44.714294 1284 [DEBUG] Syncing metadata for: /db_working_home/MANIFEST-000005
2026/04/19-19:53:44.787340 1284 [DEBUG] New writable file: /db_working_home/000046.sst direct: 1
2026/04/19-19:53:44.801328 1284 Entering Apply Finish Threshold Function
2026/04/19-19:53:44.801354 1284 [DEBUG] Allocator: avoided a finish by relaxing lifetime diff requirement
2026/04/19-19:53:44.801357 1284 [DEBUG] Allocating zone(new=0) start: 0x78000000 wp: 0x797f0c00 lt: 3 file lt: 3
2026/04/19-19:53:44.801365 1284 [Zonestats:time(s),used_cap(MB),reclaimable_cap(MB), avg_reclaimable(%), active(#), active_zones(#), open_zones(#)] 15 329 1334 80 12 12 5
2026/04/19-19:53:44.801371 1284 [DEBUG] Syncing metadata for: /db_working_home/000046.sst
2026/04/19-19:53:44.805356 1285 [DEBUG] Syncing metadata for: /db_working_home/000045.sst
2026/04/19-19:53:44.806401 1285 [DEBUG] Syncing metadata for: /db_working_home/000045.sst
2026/04/19-19:53:44.814255 1285 [DEBUG] New random access file: /db_working_home/000045.sst direct: 1
2026/04/19-19:53:44.817399 1285 [DEBUG] GetFileSize: /db_working_home/000045.sst 
2026/04/19-19:53:44.828099 1285 [DEBUG] Syncing metadata for: /db_working_home/MANIFEST-000005
2026/04/19-19:53:44.836316 1285 [DEBUG] GetFileSize: /db_working_home/000045.sst 
2026/04/19-19:53:44.843879 1285 [DEBUG] Syncing metadata for: /db_working_home/000042.log
2026/04/19-19:53:44.850460 1285 [DEBUG] DeleteFile: ./db_working_home/000023.sst 
2026/04/19-19:53:44.858081 1285 [Zonestats:time(s),used_cap(MB),reclaimable_cap(MB), avg_reclaimable(%), active(#), active_zones(#), open_zones(#)] 15 333 1330 79 11 11 3
2026/04/19-19:53:44.858134 1285 [DEBUG] DeleteFile: ./db_working_home/000025.sst 
2026/04/19-19:53:44.862101 1285 [Zonestats:time(s),used_cap(MB),reclaimable_cap(MB), avg_reclaimable(%), active(#), active_zones(#), open_zones(#)] 15 317 1218 79 10 10 3
2026/04/19-19:53:44.862168 1285 [DEBUG] DeleteFile: ./db_working_home/000028.sst 
2026/04/19-19:53:44.873358 1285 [Zonestats:time(s),used_cap(MB),reclaimable_cap(MB), avg_reclaimable(%), active(#), active_zones(#), open_zones(#)] 15 303 1104 78 9 9 3
2026/04/19-19:53:44.873411 1285 [DEBUG] DeleteFile: ./db_working_home/000030.sst 
2026/04/19-19:53:44.881080 1285 [Zonestats:time(s),used_cap(MB),reclaimable_cap(MB), avg_reclaimable(%), active(#), active_zones(#), open_zones(#)] 15 288 991 77 8 8 3
2026/04/19-19:53:44.881131 1285 [DEBUG] DeleteFile: ./db_working_home/000033.sst 
2026/04/19-19:53:44.884950 1285 [Zonestats:time(s),used_cap(MB),reclaimable_cap(MB), avg_reclaimable(%), active(#), active_zones(#), open_zones(#)] 15 272 1007 78 8 8 3
2026/04/19-19:53:44.885000 1285 [DEBUG] DeleteFile: ./db_working_home/000042.log 
2026/04/19-19:53:44.896208 1285 [Zonestats:time(s),used_cap(MB),reclaimable_cap(MB), avg_reclaimable(%), active(#), active_zones(#), open_zones(#)] 15 258 1021 79 8 8 3
2026/04/19-19:53:44.994155 1282 [DEBUG] New writable file: /db_working_home/000047.log direct: 0
2026/04/19-19:53:45.000812 1285 [DEBUG] New writable file: /db_working_home/000048.sst direct: 1
2026/04/19-19:53:45.003578 1285 Entering Apply Finish Threshold Function
2026/04/19-19:53:45.003602 1285 [DEBUG] Allocating zone(new=1) start: 0x30000000 wp: 0x30000000 lt: 3 file lt: 3
2026/04/19-19:53:45.003609 1285 [Zonestats:time(s),used_cap(MB),reclaimable_cap(MB), avg_reclaimable(%), active(#), active_zones(#), open_zones(#)] 16 262 1017 79 8 9 4
2026/04/19-19:53:45.003616 1285 [DEBUG] Syncing metadata for: /db_working_home/000048.sst
2026/04/19-19:53:45.007036 1282 [DEBUG] Allocating zone(new=0) start: 0x80000000 wp: 0x80f72600 lt: 3 file lt: 2
2026/04/19-19:53:45.007045 1282 [DEBUG] Syncing metadata for: /db_working_home/000047.log
2026/04/19-19:53:45.264583 1285 [DEBUG] Syncing metadata for: /db_working_home/000048.sst
2026/04/19-19:53:45.272697 1285 [DEBUG] Syncing metadata for: /db_working_home/000048.sst
2026/04/19-19:53:45.273453 1285 [DEBUG] New random access file: /db_working_home/000048.sst direct: 1
2026/04/19-19:53:45.279654 1285 [DEBUG] GetFileSize: /db_working_home/000048.sst 
2026/04/19-19:53:45.288107 1285 [DEBUG] Syncing metadata for: /db_working_home/MANIFEST-000005
2026/04/19-19:53:45.288852 1285 [DEBUG] GetFileSize: /db_working_home/000048.sst 
2026/04/19-19:53:45.300849 1285 [DEBUG] Syncing metadata for: /db_working_home/000044.log
2026/04/19-19:53:45.307631 1285 [DEBUG] DeleteFile: ./db_working_home/000044.log 
2026/04/19-19:53:45.316136 1285 [Zonestats:time(s),used_cap(MB),reclaimable_cap(MB), avg_reclaimable(%), active(#), active_zones(#), open_zones(#)] 16 272 1135 80 9 9 3
2026/04/19-19:53:45.398201 1283 Total Garbage Bytes this interval: 65304004 bytes
2026/04/19-19:53:45.398217 1283 Cumulative Average Garbage Bytes (over 15 intervals): 10902233 bytes
2026/04/19-19:53:45.398238 1283 Zone Garbage Stats: [114 4 1 1 1 1 0 0 0 0 0 0 ]
2026/04/19-19:53:45.398242 1283 Total Garbage Bytes: 65304004 bytes
2026/04/19-19:53:45.434323 1282 [DEBUG] New writable file: /db_working_home/000049.log direct: 0
2026/04/19-19:53:45.435335 1285 [DEBUG] New writable file: /db_working_home/000050.sst direct: 1
2026/04/19-19:53:45.439361 1282 [DEBUG] Allocating zone(new=0) start: 0x70000000 wp: 0x71f0e200 lt: 3 file lt: 2
2026/04/19-19:53:45.439367 1282 [DEBUG] Syncing metadata for: /db_working_home/000049.log
2026/04/19-19:53:45.444871 1285 Entering Apply Finish Threshold Function
2026/04/19-19:53:45.444897 1285 [DEBUG] Allocating zone(new=1) start: 0x38000000 wp: 0x38000000 lt: 3 file lt: 3
2026/04/19-19:53:45.444905 1285 [Zonestats:time(s),used_cap(MB),reclaimable_cap(MB), avg_reclaimable(%), active(#), active_zones(#), open_zones(#)] 16 277 1130 80 9 10 5
2026/04/19-19:53:45.444912 1285 [DEBUG] Syncing metadata for: /db_working_home/000050.sst
2026/04/19-19:53:45.701679 1285 [DEBUG] Syncing metadata for: /db_working_home/000050.sst
2026/04/19-19:53:45.709675 1285 [DEBUG] Syncing metadata for: /db_working_home/000050.sst
2026/04/19-19:53:45.710568 1285 [DEBUG] New random access file: /db_working_home/000050.sst direct: 1
2026/04/19-19:53:45.712633 1285 [DEBUG] GetFileSize: /db_working_home/000050.sst 
2026/04/19-19:53:45.721516 1285 [DEBUG] Syncing metadata for: /db_working_home/MANIFEST-000005
2026/04/19-19:53:45.725238 1285 [DEBUG] GetFileSize: /db_working_home/000050.sst 
2026/04/19-19:53:45.740422 1285 [DEBUG] Syncing metadata for: /db_working_home/000047.log
2026/04/19-19:53:45.748274 1285 [DEBUG] DeleteFile: ./db_working_home/000047.log 
2026/04/19-19:53:45.751126 1285 [Zonestats:time(s),used_cap(MB),reclaimable_cap(MB), avg_reclaimable(%), active(#), active_zones(#), open_zones(#)] 16 284 1251 81 10 10 3
2026/04/19-19:53:45.987730 1282 [DEBUG] New writable file: /db_working_home/000051.log direct: 0
2026/04/19-19:53:45.989934 1285 [DEBUG] New writable file: /db_working_home/000052.sst direct: 1
2026/04/19-19:53:45.995080 1282 [DEBUG] Allocating zone(new=0) start: 0x80000000 wp: 0x81f0fa00 lt: 3 file lt: 2
2026/04/19-19:53:45.995088 1282 [DEBUG] Syncing metadata for: /db_working_home/000051.log
2026/04/19-19:53:45.999750 1285 Entering Apply Finish Threshold Function
2026/04/19-19:53:45.999778 1285 [DEBUG] Allocating zone(new=1) start: 0x48000000 wp: 0x48000000 lt: 3 file lt: 3
2026/04/19-19:53:45.999785 1285 [Zonestats:time(s),used_cap(MB),reclaimable_cap(MB), avg_reclaimable(%), active(#), active_zones(#), open_zones(#)] 16 292 1243 80 10 11 5
2026/04/19-19:53:45.999792 1285 [DEBUG] Syncing metadata for: /db_working_home/000052.sst
2026/04/19-19:53:46.311907 1282 [DEBUG] New writable file: /db_working_home/000053.log direct: 0
2026/04/19-19:53:46.325677 1285 [DEBUG] Syncing metadata for: /db_working_home/000052.sst
2026/04/19-19:53:46.333030 1285 [DEBUG] Syncing metadata for: /db_working_home/000052.sst
2026/04/19-19:53:46.333683 1285 [DEBUG] New random access file: /db_working_home/000052.sst direct: 1
2026/04/19-19:53:46.333859 1285 [DEBUG] GetFileSize: /db_working_home/000052.sst 
2026/04/19-19:53:46.342598 1285 [DEBUG] Syncing metadata for: /db_working_home/MANIFEST-000005
2026/04/19-19:53:46.343306 1285 [DEBUG] GetFileSize: /db_working_home/000052.sst 
2026/04/19-19:53:46.350342 1285 [DEBUG] Syncing metadata for: /db_working_home/000049.log
2026/04/19-19:53:46.358255 1285 [DEBUG] DeleteFile: ./db_working_home/000049.log 
2026/04/19-19:53:46.358837 1285 [Zonestats:time(s),used_cap(MB),reclaimable_cap(MB), avg_reclaimable(%), active(#), active_zones(#), open_zones(#)] 17 308 1355 81 11 11 3
2026/04/19-19:53:46.358992 1285 [DEBUG] New writable file: /db_working_home/000054.sst direct: 1
2026/04/19-19:53:46.361777 1285 Entering Apply Finish Threshold Function
2026/04/19-19:53:46.361802 1285 [DEBUG] Allocating zone(new=1) start: 0x50000000 wp: 0x50000000 lt: 3 file lt: 3
2026/04/19-19:53:46.361809 1285 [Zonestats:time(s),used_cap(MB),reclaimable_cap(MB), avg_reclaimable(%), active(#), active_zones(#), open_zones(#)] 17 308 1355 81 11 12 4
2026/04/19-19:53:46.361815 1285 [DEBUG] Syncing metadata for: /db_working_home/000054.sst
2026/04/19-19:53:46.366521 1282 [DEBUG] Allocating zone(new=0) start: 0x70000000 wp: 0x72eab200 lt: 3 file lt: 2
2026/04/19-19:53:46.366533 1282 [DEBUG] Syncing metadata for: /db_working_home/000053.log
2026/04/19-19:53:46.398392 1283 Total Garbage Bytes this interval: 48935543 bytes
2026/04/19-19:53:46.398402 1283 Cumulative Average Garbage Bytes (over 16 intervals): 13279314 bytes
2026/04/19-19:53:46.398416 1283 Zone Garbage Stats: [111 6 0 1 1 1 0 0 0 0 0 0 ]
2026/04/19-19:53:46.398419 1283 Total Garbage Bytes: 48935543 bytes
2026/04/19-19:53:46.542834 1284 [DEBUG] Syncing metadata for: /db_working_home/000046.sst
2026/04/19-19:53:46.550477 1284 [DEBUG] Syncing metadata for: /db_working_home/000046.sst
2026/04/19-19:53:46.558327 1284 [DEBUG] GetFileSize: /db_working_home/000046.sst 
2026/04/19-19:53:46.558382 1284 [DEBUG] New writable file: /db_working_home/000055.sst direct: 1
2026/04/19-19:53:46.568542 1284 Entering Apply Finish Threshold Function
2026/04/19-19:53:46.568554 1284 Finishing zone: Entering Finish()
2026/04/19-19:53:46.630587 1285 [DEBUG] Syncing metadata for: /db_working_home/000054.sst
2026/04/19-19:53:46.630915 1282 [DEBUG] New writable file: /db_working_home/000056.log direct: 0
2026/04/19-19:53:46.631409 1285 [DEBUG] Syncing metadata for: /db_working_home/000054.sst
2026/04/19-19:53:46.633279 1285 [DEBUG] New random access file: /db_working_home/000054.sst direct: 1
2026/04/19-19:53:46.633736 1285 [DEBUG] GetFileSize: /db_working_home/000054.sst 
2026/04/19-19:53:46.635656 1285 [DEBUG] Syncing metadata for: /db_working_home/MANIFEST-000005
2026/04/19-19:53:46.636304 1285 [DEBUG] GetFileSize: /db_working_home/000054.sst 
2026/04/19-19:53:46.641242 1285 [DEBUG] Syncing metadata for: /db_working_home/000051.log
2026/04/19-19:53:46.642094 1285 [DEBUG] DeleteFile: ./db_working_home/000051.log 
2026/04/19-19:53:46.642891 1285 [Zonestats:time(s),used_cap(MB),reclaimable_cap(MB), avg_reclaimable(%), active(#), active_zones(#), open_zones(#)] 17 419 1372 76 12 12 2
2026/04/19-19:53:46.643069 1285 [DEBUG] New writable file: /db_working_home/000057.sst direct: 1
2026/04/19-19:53:46.645993 1285 Entering Apply Finish Threshold Function
2026/04/19-19:53:46.646017 1285 [DEBUG] Allocator: avoided a finish by relaxing lifetime diff requirement
2026/04/19-19:53:46.646020 1285 [DEBUG] Allocating zone(new=0) start: 0x80000000 wp: 0x82eabe00 lt: 3 file lt: 3
2026/04/19-19:53:46.646027 1285 [Zonestats:time(s),used_cap(MB),reclaimable_cap(MB), avg_reclaimable(%), active(#), active_zones(#), open_zones(#)] 17 419 1372 76 12 12 3
2026/04/19-19:53:46.646033 1285 [DEBUG] Syncing metadata for: /db_working_home/000057.sst
2026/04/19-19:53:46.650176 1282 [DEBUG] Allocating zone(new=0) start: 0x68000000 wp: 0x6aeaac00 lt: 3 file lt: 2
2026/04/19-19:53:46.650188 1282 [DEBUG] Syncing metadata for: /db_working_home/000056.log
2026/04/19-19:53:46.838166 1285 [DEBUG] Syncing metadata for: /db_working_home/000057.sst
2026/04/19-19:53:46.838739 1285 [DEBUG] Syncing metadata for: /db_working_home/000057.sst
2026/04/19-19:53:46.839717 1285 [DEBUG] New random access file: /db_working_home/000057.sst direct: 1
2026/04/19-19:53:46.839891 1285 [DEBUG] GetFileSize: /db_working_home/000057.sst 
2026/04/19-19:53:46.842009 1285 [DEBUG] Syncing metadata for: /db_working_home/MANIFEST-000005
2026/04/19-19:53:46.842674 1285 [DEBUG] GetFileSize: /db_working_home/000057.sst 
2026/04/19-19:53:46.847604 1285 [DEBUG] Syncing metadata for: /db_working_home/000053.log
2026/04/19-19:53:46.855676 1285 [DEBUG] DeleteFile: ./db_working_home/000053.log 
2026/04/19-19:53:46.856448 1285 [Zonestats:time(s),used_cap(MB),reclaimable_cap(MB), avg_reclaimable(%), active(#), active_zones(#), open_zones(#)] 17 429 1362 76 12 12 2
2026/04/19-19:53:46.908302 1284 [DEBUG] Allocating zone(new=1) start: 0x88000000 wp: 0x88000000 lt: 3 file lt: 3
2026/04/19-19:53:46.908316 1284 [Zonestats:time(s),used_cap(MB),reclaimable_cap(MB), avg_reclaimable(%), active(#), active_zones(#), open_zones(#)] 17 433 1358 75 11 12 3
2026/04/19-19:53:46.908325 1284 [DEBUG] Syncing metadata for: /db_working_home/000055.sst
2026/04/19-19:53:46.957842 1282 [DEBUG] New writable file: /db_working_home/000058.log direct: 0
2026/04/19-19:53:46.961475 1285 [DEBUG] New writable file: /db_working_home/000059.sst direct: 1
2026/04/19-19:53:46.964360 1285 Entering Apply Finish Threshold Function
2026/04/19-19:53:46.964385 1285 [DEBUG] Allocator: avoided a finish by relaxing lifetime diff requirement
2026/04/19-19:53:46.964389 1285 [DEBUG] Allocating zone(new=0) start: 0x80000000 wp: 0x83e1e400 lt: 3 file lt: 3
2026/04/19-19:53:46.964396 1285 [Zonestats:time(s),used_cap(MB),reclaimable_cap(MB), avg_reclaimable(%), active(#), active_zones(#), open_zones(#)] 17 435 1356 75 12 12 4
2026/04/19-19:53:46.964403 1285 [DEBUG] Syncing metadata for: /db_working_home/000059.sst
2026/04/19-19:53:46.967108 1282 [DEBUG] Allocating zone(new=0) start: 0x70000000 wp: 0x73e48e00 lt: 3 file lt: 2
2026/04/19-19:53:46.967115 1282 [DEBUG] Syncing metadata for: /db_working_home/000058.log
2026/04/19-19:53:47.276420 1285 [DEBUG] Syncing metadata for: /db_working_home/000059.sst
2026/04/19-19:53:47.279513 1285 [DEBUG] Syncing metadata for: /db_working_home/000059.sst
2026/04/19-19:53:47.281844 1285 [DEBUG] New random access file: /db_working_home/000059.sst direct: 1
2026/04/19-19:53:47.288639 1285 [DEBUG] GetFileSize: /db_working_home/000059.sst 
2026/04/19-19:53:47.292858 1282 [DEBUG] New writable file: /db_working_home/000060.log direct: 0
2026/04/19-19:53:47.296575 1285 [DEBUG] Syncing metadata for: /db_working_home/MANIFEST-000005
2026/04/19-19:53:47.299979 1285 [DEBUG] GetFileSize: /db_working_home/000059.sst 
2026/04/19-19:53:47.306588 1285 [DEBUG] Syncing metadata for: /db_working_home/000056.log
2026/04/19-19:53:47.309554 1285 [DEBUG] DeleteFile: ./db_working_home/000056.log 
2026/04/19-19:53:47.317059 1285 [Zonestats:time(s),used_cap(MB),reclaimable_cap(MB), avg_reclaimable(%), active(#), active_zones(#), open_zones(#)] 18 450 1341 74 12 12 3
2026/04/19-19:53:47.317252 1285 [DEBUG] New writable file: /db_working_home/000061.sst direct: 1
2026/04/19-19:53:47.320085 1285 Entering Apply Finish Threshold Function
2026/04/19-19:53:47.320095 1285 Finishing zone: Entering Finish()
2026/04/19-19:53:47.324217 1282 [DEBUG] Allocating zone(new=0) start: 0x68000000 wp: 0x6be46200 lt: 3 file lt: 2
2026/04/19-19:53:47.324229 1282 [DEBUG] Syncing metadata for: /db_working_home/000060.log
2026/04/19-19:53:47.398558 1283 Total Garbage Bytes this interval: 16194209 bytes
2026/04/19-19:53:47.398567 1283 Cumulative Average Garbage Bytes (over 17 intervals): 13450779 bytes
2026/04/19-19:53:47.398582 1283 Zone Garbage Stats: [110 8 0 0 1 1 0 0 0 0 0 0 ]
2026/04/19-19:53:47.398584 1283 Total Garbage Bytes: 16194209 bytes
2026/04/19-19:53:47.632699 1284 [DEBUG] Syncing metadata for: /db_working_home/000055.sst
2026/04/19-19:53:47.635814 1284 [DEBUG] Syncing metadata for: /db_working_home/000055.sst
2026/04/19-19:53:47.636552 1284 [DEBUG] GetFileSize: /db_working_home/000055.sst 
2026/04/19-19:53:47.636584 1284 [DEBUG] New writable file: /db_working_home/000062.sst direct: 1
2026/04/19-19:53:47.637553 1284 Entering Apply Finish Threshold Function
2026/04/19-19:53:47.637576 1284 [DEBUG] Allocator: avoided a finish by relaxing lifetime diff requirement
2026/04/19-19:53:47.637579 1284 [DEBUG] Allocating zone(new=0) start: 0x88000000 wp: 0x8aac9e00 lt: 3 file lt: 3
2026/04/19-19:53:47.637586 1284 [Zonestats:time(s),used_cap(MB),reclaimable_cap(MB), avg_reclaimable(%), active(#), active_zones(#), open_zones(#)] 18 507 1412 73 12 12 4
2026/04/19-19:53:47.637592 1284 [DEBUG] Syncing metadata for: /db_working_home/000062.sst
2026/04/19-19:53:47.638710 1284 [DEBUG] Syncing metadata for: /db_working_home/000062.sst
2026/04/19-19:53:47.639550 1284 [DEBUG] Syncing metadata for: /db_working_home/000062.sst
2026/04/19-19:53:47.640580 1284 [DEBUG] GetFileSize: /db_working_home/000062.sst 
2026/04/19-19:53:47.641664 1284 [DEBUG] New random access file: /db_working_home/000046.sst direct: 1
2026/04/19-19:53:47.642245 1284 [DEBUG] GetFileSize: /db_working_home/000046.sst 
2026/04/19-19:53:47.642454 1284 [DEBUG] New random access file: /db_working_home/000055.sst direct: 1
2026/04/19-19:53:47.647748 1284 [DEBUG] GetFileSize: /db_working_home/000055.sst 
2026/04/19-19:53:47.647911 1284 [DEBUG] New random access file: /db_working_home/000062.sst direct: 1
2026/04/19-19:53:47.650411 1284 [DEBUG] GetFileSize: /db_working_home/000062.sst 
2026/04/19-19:53:47.651262 1284 [DEBUG] Syncing metadata for: /db_working_home/MANIFEST-000005
2026/04/19-19:53:47.653974 1282 [DEBUG] New writable file: /db_working_home/000063.log direct: 0
2026/04/19-19:53:47.675017 1284 [DEBUG] New writable file: /db_working_home/000064.sst direct: 1
2026/04/19-19:53:47.678152 1284 Entering Apply Finish Threshold Function
2026/04/19-19:53:47.678177 1284 [DEBUG] Allocator: avoided a finish by relaxing lifetime diff requirement
2026/04/19-19:53:47.678181 1284 [DEBUG] Allocating zone(new=0) start: 0x88000000 wp: 0x8aacb200 lt: 3 file lt: 3
2026/04/19-19:53:47.678188 1284 [Zonestats:time(s),used_cap(MB),reclaimable_cap(MB), avg_reclaimable(%), active(#), active_zones(#), open_zones(#)] 18 508 1411 73 12 12 4
2026/04/19-19:53:47.678194 1284 [DEBUG] Syncing metadata for: /db_working_home/000064.sst
2026/04/19-19:53:48.398775 1283 Total Garbage Bytes this interval: 16194209 bytes
2026/04/19-19:53:48.398797 1283 Cumulative Average Garbage Bytes (over 18 intervals): 13603192 bytes
2026/04/19-19:53:48.398822 1283 Zone Garbage Stats: [110 8 0 0 1 1 0 0 0 0 0 0 ]
2026/04/19-19:53:48.398827 1283 Total Garbage Bytes: 16194209 bytes
2026/04/19-19:53:48.608805 1284 [DEBUG] Syncing metadata for: /db_working_home/000064.sst
2026/04/19-19:53:48.609384 1284 [DEBUG] Syncing metadata for: /db_working_home/000064.sst
2026/04/19-19:53:48.610474 1284 [DEBUG] GetFileSize: /db_working_home/000064.sst 
2026/04/19-19:53:48.610509 1284 [DEBUG] New writable file: /db_working_home/000065.sst direct: 1
2026/04/19-19:53:48.613763 1284 Entering Apply Finish Threshold Function
2026/04/19-19:53:48.613774 1284 Finishing zone: Entering Finish()
2026/04/19-19:53:48.731285 1285 [DEBUG] Allocating zone(new=1) start: 0x90000000 wp: 0x90000000 lt: 3 file lt: 3
2026/04/19-19:53:48.731305 1285 [Zonestats:time(s),used_cap(MB),reclaimable_cap(MB), avg_reclaimable(%), active(#), active_zones(#), open_zones(#)] 19 583 1336 69 11 12 4
2026/04/19-19:53:48.731317 1285 [DEBUG] Syncing metadata for: /db_working_home/000061.sst
2026/04/19-19:53:48.809276 1284 [DEBUG] Allocating zone(new=1) start: 0x98000000 wp: 0x98000000 lt: 3 file lt: 3
2026/04/19-19:53:48.809295 1284 [Zonestats:time(s),used_cap(MB),reclaimable_cap(MB), avg_reclaimable(%), active(#), active_zones(#), open_zones(#)] 19 583 1336 69 11 12 5
2026/04/19-19:53:48.809305 1284 [DEBUG] Syncing metadata for: /db_working_home/000065.sst
2026/04/19-19:53:48.924669 1285 [DEBUG] Syncing metadata for: /db_working_home/000061.sst
2026/04/19-19:53:48.931873 1285 [DEBUG] Syncing metadata for: /db_working_home/000061.sst
2026/04/19-19:53:48.932536 1285 [DEBUG] New random access file: /db_working_home/000061.sst direct: 1
2026/04/19-19:53:48.932724 1285 [DEBUG] GetFileSize: /db_working_home/000061.sst 
2026/04/19-19:53:48.941609 1285 [DEBUG] Syncing metadata for: /db_working_home/MANIFEST-000005
2026/04/19-19:53:48.942306 1285 [DEBUG] GetFileSize: /db_working_home/000061.sst 
2026/04/19-19:53:48.947101 1285 [DEBUG] Syncing metadata for: /db_working_home/000058.log
2026/04/19-19:53:48.954523 1285 [DEBUG] DeleteFile: ./db_working_home/000035.sst 
2026/04/19-19:53:48.955107 1285 [Zonestats:time(s),used_cap(MB),reclaimable_cap(MB), avg_reclaimable(%), active(#), active_zones(#), open_zones(#)] 19 584 1463 71 12 12 3
2026/04/19-19:53:48.955164 1285 [DEBUG] DeleteFile: ./db_working_home/000036.sst 
2026/04/19-19:53:48.955721 1285 [Zonestats:time(s),used_cap(MB),reclaimable_cap(MB), avg_reclaimable(%), active(#), active_zones(#), open_zones(#)] 19 530 1517 74 12 12 3
2026/04/19-19:53:48.955754 1285 [DEBUG] DeleteFile: ./db_working_home/000038.sst 
2026/04/19-19:53:48.956310 1285 [Zonestats:time(s),used_cap(MB),reclaimable_cap(MB), avg_reclaimable(%), active(#), active_zones(#), open_zones(#)] 19 506 1541 75 12 12 3
2026/04/19-19:53:48.956341 1285 [DEBUG] DeleteFile: ./db_working_home/000039.sst 
2026/04/19-19:53:48.964297 1285 [Zonestats:time(s),used_cap(MB),reclaimable_cap(MB), avg_reclaimable(%), active(#), active_zones(#), open_zones(#)] 19 491 1428 74 11 11 3
2026/04/19-19:53:48.964350 1285 [DEBUG] DeleteFile: ./db_working_home/000041.sst 
2026/04/19-19:53:48.965016 1285 [Zonestats:time(s),used_cap(MB),reclaimable_cap(MB), avg_reclaimable(%), active(#), active_zones(#), open_zones(#)] 19 476 1315 73 10 10 3
2026/04/19-19:53:48.965051 1285 [DEBUG] DeleteFile: ./db_working_home/000043.sst 
2026/04/19-19:53:48.965608 1285 [Zonestats:time(s),used_cap(MB),reclaimable_cap(MB), avg_reclaimable(%), active(#), active_zones(#), open_zones(#)] 19 460 1331 74 10 10 3
2026/04/19-19:53:48.965640 1285 [DEBUG] DeleteFile: ./db_working_home/000058.log 
2026/04/19-19:53:48.973601 1285 [Zonestats:time(s),used_cap(MB),reclaimable_cap(MB), avg_reclaimable(%), active(#), active_zones(#), open_zones(#)] 19 445 1218 73 9 9 3
2026/04/19-19:53:48.973802 1285 [DEBUG] New writable file: /db_working_home/000066.sst direct: 1
2026/04/19-19:53:48.976789 1285 Entering Apply Finish Threshold Function
2026/04/19-19:53:48.976813 1285 [DEBUG] Allocating zone(new=1) start: 0x28000000 wp: 0x28000000 lt: 3 file lt: 3
2026/04/19-19:53:48.976820 1285 [Zonestats:time(s),used_cap(MB),reclaimable_cap(MB), avg_reclaimable(%), active(#), active_zones(#), open_zones(#)] 19 445 1218 73 9 10 4
2026/04/19-19:53:48.976827 1285 [DEBUG] Syncing metadata for: /db_working_home/000066.sst
2026/04/19-19:53:48.980260 1282 [DEBUG] Allocating zone(new=0) start: 0x90000000 wp: 0x90f72200 lt: 3 file lt: 2
2026/04/19-19:53:48.980275 1282 [DEBUG] Syncing metadata for: /db_working_home/000063.log
2026/04/19-19:53:49.231585 1285 [DEBUG] Syncing metadata for: /db_working_home/000066.sst
2026/04/19-19:53:49.238809 1285 [DEBUG] Syncing metadata for: /db_working_home/000066.sst
2026/04/19-19:53:49.246541 1285 [DEBUG] New random access file: /db_working_home/000066.sst direct: 1
2026/04/19-19:53:49.253274 1285 [DEBUG] GetFileSize: /db_working_home/000066.sst 
2026/04/19-19:53:49.255236 1285 [DEBUG] Syncing metadata for: /db_working_home/MANIFEST-000005
2026/04/19-19:53:49.255889 1285 [DEBUG] GetFileSize: /db_working_home/000066.sst 
2026/04/19-19:53:49.260667 1285 [DEBUG] Syncing metadata for: /db_working_home/000060.log
2026/04/19-19:53:49.275543 1285 [DEBUG] DeleteFile: ./db_working_home/000060.log 
2026/04/19-19:53:49.282864 1285 [Zonestats:time(s),used_cap(MB),reclaimable_cap(MB), avg_reclaimable(%), active(#), active_zones(#), open_zones(#)] 20 454 1209 72 9 9 3
2026/04/19-19:53:49.368236 1284 [DEBUG] Syncing metadata for: /db_working_home/000065.sst
2026/04/19-19:53:49.368813 1284 [DEBUG] Syncing metadata for: /db_working_home/000065.sst
2026/04/19-19:53:49.369526 1284 [DEBUG] GetFileSize: /db_working_home/000065.sst 
2026/04/19-19:53:49.370528 1284 [DEBUG] New random access file: /db_working_home/000064.sst direct: 1
2026/04/19-19:53:49.370776 1284 [DEBUG] GetFileSize: /db_working_home/000064.sst 
2026/04/19-19:53:49.370962 1284 [DEBUG] New random access file: /db_working_home/000065.sst direct: 1
2026/04/19-19:53:49.371165 1284 [DEBUG] GetFileSize: /db_working_home/000065.sst 
2026/04/19-19:53:49.371976 1284 [DEBUG] Syncing metadata for: /db_working_home/MANIFEST-000005
2026/04/19-19:53:49.372791 1284 [DEBUG] DeleteFile: ./db_working_home/000045.sst 
2026/04/19-19:53:49.373355 1284 [Zonestats:time(s),used_cap(MB),reclaimable_cap(MB), avg_reclaimable(%), active(#), active_zones(#), open_zones(#)] 20 476 1315 73 9 9 2
2026/04/19-19:53:49.373394 1284 [DEBUG] DeleteFile: ./db_working_home/000048.sst 
2026/04/19-19:53:49.374237 1284 [Zonestats:time(s),used_cap(MB),reclaimable_cap(MB), avg_reclaimable(%), active(#), active_zones(#), open_zones(#)] 20 460 1203 72 8 8 2
2026/04/19-19:53:49.374272 1284 [DEBUG] DeleteFile: ./db_working_home/000050.sst 
2026/04/19-19:53:49.381816 1284 [Zonestats:time(s),used_cap(MB),reclaimable_cap(MB), avg_reclaimable(%), active(#), active_zones(#), open_zones(#)] 20 446 1089 70 7 7 2
2026/04/19-19:53:49.381870 1284 [DEBUG] DeleteFile: ./db_working_home/000052.sst 
2026/04/19-19:53:49.382533 1284 [Zonestats:time(s),used_cap(MB),reclaimable_cap(MB), avg_reclaimable(%), active(#), active_zones(#), open_zones(#)] 20 430 977 69 6 6 2
2026/04/19-19:53:49.382570 1284 [DEBUG] DeleteFile: ./db_working_home/000054.sst 
2026/04/19-19:53:49.383225 1284 [Zonestats:time(s),used_cap(MB),reclaimable_cap(MB), avg_reclaimable(%), active(#), active_zones(#), open_zones(#)] 20 415 864 67 5 5 2
2026/04/19-19:53:49.383258 1284 [DEBUG] DeleteFile: ./db_working_home/000057.sst 
2026/04/19-19:53:49.383829 1284 [Zonestats:time(s),used_cap(MB),reclaimable_cap(MB), avg_reclaimable(%), active(#), active_zones(#), open_zones(#)] 20 399 880 68 5 5 2
2026/04/19-19:53:49.383861 1284 [DEBUG] DeleteFile: ./db_working_home/000059.sst 
2026/04/19-19:53:49.384493 1284 [Zonestats:time(s),used_cap(MB),reclaimable_cap(MB), avg_reclaimable(%), active(#), active_zones(#), open_zones(#)] 20 384 767 66 5 5 2
2026/04/19-19:53:49.396802 1284 [DEBUG] New writable file: /db_working_home/000067.sst direct: 1
2026/04/19-19:53:49.398942 1283 Total Garbage Bytes this interval: 97132576 bytes
2026/04/19-19:53:49.399053 1283 Cumulative Average Garbage Bytes (over 19 intervals): 17999475 bytes
2026/04/19-19:53:49.399075 1283 Zone Garbage Stats: [116 4 0 1 0 1 0 0 1 0 0 0 ]
2026/04/19-19:53:49.399079 1283 Total Garbage Bytes: 97132576 bytes
2026/04/19-19:53:49.400313 1284 Entering Apply Finish Threshold Function
2026/04/19-19:53:49.400338 1284 [DEBUG] Allocating zone(new=1) start: 0x30000000 wp: 0x30000000 lt: 4 file lt: 4
2026/04/19-19:53:49.400346 1284 [Zonestats:time(s),used_cap(MB),reclaimable_cap(MB), avg_reclaimable(%), active(#), active_zones(#), open_zones(#)] 20 385 766 66 5 6 3
2026/04/19-19:53:49.400352 1284 [DEBUG] Syncing metadata for: /db_working_home/000067.sst
2026/04/19-19:53:49.400506 1282 [DEBUG] New writable file: /db_working_home/000068.log direct: 0
2026/04/19-19:53:49.401793 1285 [DEBUG] New writable file: /db_working_home/000069.sst direct: 1
2026/04/19-19:53:49.405436 1282 [DEBUG] Allocating zone(new=0) start: 0x98000000 wp: 0x9a128c00 lt: 3 file lt: 2
2026/04/19-19:53:49.405442 1282 [DEBUG] Syncing metadata for: /db_working_home/000068.log
2026/04/19-19:53:49.414679 1285 Entering Apply Finish Threshold Function
2026/04/19-19:53:49.414705 1285 [DEBUG] Allocating zone(new=1) start: 0x38000000 wp: 0x38000000 lt: 3 file lt: 3
2026/04/19-19:53:49.414713 1285 [Zonestats:time(s),used_cap(MB),reclaimable_cap(MB), avg_reclaimable(%), active(#), active_zones(#), open_zones(#)] 20 385 766 66 6 7 5
2026/04/19-19:53:49.414719 1285 [DEBUG] Syncing metadata for: /db_working_home/000069.sst
2026/04/19-19:53:49.704114 1282 [DEBUG] New writable file: /db_working_home/000070.log direct: 0
2026/04/19-19:53:49.726736 1285 [DEBUG] Syncing metadata for: /db_working_home/000069.sst
2026/04/19-19:53:49.734348 1285 [DEBUG] Syncing metadata for: /db_working_home/000069.sst
2026/04/19-19:53:49.735026 1285 [DEBUG] New random access file: /db_working_home/000069.sst direct: 1
2026/04/19-19:53:49.735209 1285 [DEBUG] GetFileSize: /db_working_home/000069.sst 
2026/04/19-19:53:49.743573 1285 [DEBUG] Syncing metadata for: /db_working_home/MANIFEST-000005
2026/04/19-19:53:49.744308 1285 [DEBUG] GetFileSize: /db_working_home/000069.sst 
2026/04/19-19:53:49.751039 1285 [DEBUG] Syncing metadata for: /db_working_home/000063.log
2026/04/19-19:53:49.758952 1285 [DEBUG] DeleteFile: ./db_working_home/000063.log 
2026/04/19-19:53:49.761442 1285 [Zonestats:time(s),used_cap(MB),reclaimable_cap(MB), avg_reclaimable(%), active(#), active_zones(#), open_zones(#)] 20 400 879 68 7 7 3
2026/04/19-19:53:49.761623 1285 [DEBUG] New writable file: /db_working_home/000071.sst direct: 1
2026/04/19-19:53:49.764492 1285 Entering Apply Finish Threshold Function
2026/04/19-19:53:49.764517 1285 [DEBUG] Allocating zone(new=1) start: 0x40000000 wp: 0x40000000 lt: 3 file lt: 3
2026/04/19-19:53:49.764524 1285 [Zonestats:time(s),used_cap(MB),reclaimable_cap(MB), avg_reclaimable(%), active(#), active_zones(#), open_zones(#)] 20 400 879 68 7 8 4
2026/04/19-19:53:49.764530 1285 [DEBUG] Syncing metadata for: /db_working_home/000071.sst
2026/04/19-19:53:49.768002 1282 [DEBUG] Allocating zone(new=0) start: 0x90000000 wp: 0x91f0fa00 lt: 3 file lt: 2
2026/04/19-19:53:49.768015 1282 [DEBUG] Syncing metadata for: /db_working_home/000070.log
2026/04/19-19:53:50.025875 1285 [DEBUG] Syncing metadata for: /db_working_home/000071.sst
2026/04/19-19:53:50.034443 1285 [DEBUG] Syncing metadata for: /db_working_home/000071.sst
2026/04/19-19:53:50.035252 1285 [DEBUG] New random access file: /db_working_home/000071.sst direct: 1
2026/04/19-19:53:50.042455 1285 [DEBUG] GetFileSize: /db_working_home/000071.sst 
2026/04/19-19:53:50.051397 1285 [DEBUG] Syncing metadata for: /db_working_home/MANIFEST-000005
2026/04/19-19:53:50.052758 1285 [DEBUG] GetFileSize: /db_working_home/000071.sst 
2026/04/19-19:53:50.064420 1285 [DEBUG] Syncing metadata for: /db_working_home/000068.log
2026/04/19-19:53:50.078270 1285 [DEBUG] DeleteFile: ./db_working_home/000068.log 
2026/04/19-19:53:50.081970 1285 [Zonestats:time(s),used_cap(MB),reclaimable_cap(MB), avg_reclaimable(%), active(#), active_zones(#), open_zones(#)] 21 411 996 70 8 8 3
2026/04/19-19:53:50.195663 1282 [DEBUG] New writable file: /db_working_home/000072.log direct: 0
2026/04/19-19:53:50.200198 1285 [DEBUG] New writable file: /db_working_home/000073.sst direct: 1
2026/04/19-19:53:50.203200 1285 Entering Apply Finish Threshold Function
2026/04/19-19:53:50.203227 1285 [DEBUG] Allocating zone(new=1) start: 0x48000000 wp: 0x48000000 lt: 3 file lt: 3
2026/04/19-19:53:50.203234 1285 [Zonestats:time(s),used_cap(MB),reclaimable_cap(MB), avg_reclaimable(%), active(#), active_zones(#), open_zones(#)] 21 416 991 70 8 9 4
2026/04/19-19:53:50.203241 1285 [DEBUG] Syncing metadata for: /db_working_home/000073.sst
2026/04/19-19:53:50.205167 1282 [DEBUG] Allocating zone(new=0) start: 0x98000000 wp: 0x9b0c5800 lt: 3 file lt: 2
2026/04/19-19:53:50.205176 1282 [DEBUG] Syncing metadata for: /db_working_home/000072.log
2026/04/19-19:53:50.399181 1283 Total Garbage Bytes this interval: 97132528 bytes
2026/04/19-19:53:50.399197 1283 Cumulative Average Garbage Bytes (over 20 intervals): 21956128 bytes
2026/04/19-19:53:50.399217 1283 Zone Garbage Stats: [112 5 0 1 0 1 0 0 1 0 0 0 ]
2026/04/19-19:53:50.399221 1283 Total Garbage Bytes: 97132528 bytes
2026/04/19-19:53:50.465653 1285 [DEBUG] Syncing metadata for: /db_working_home/000073.sst
2026/04/19-19:53:50.473291 1285 [DEBUG] Syncing metadata for: /db_working_home/000073.sst
2026/04/19-19:53:50.473983 1285 [DEBUG] New random access file: /db_working_home/000073.sst direct: 1
2026/04/19-19:53:50.474179 1285 [DEBUG] GetFileSize: /db_working_home/000073.sst 
2026/04/19-19:53:50.482609 1285 [DEBUG] Syncing metadata for: /db_working_home/MANIFEST-000005
2026/04/19-19:53:50.489965 1285 [DEBUG] GetFileSize: /db_working_home/000073.sst 
2026/04/19-19:53:50.496995 1285 [DEBUG] Syncing metadata for: /db_working_home/000070.log
2026/04/19-19:53:50.500455 1285 [DEBUG] DeleteFile: ./db_working_home/000070.log 
2026/04/19-19:53:50.514597 1285 [Zonestats:time(s),used_cap(MB),reclaimable_cap(MB), avg_reclaimable(%), active(#), active_zones(#), open_zones(#)] 21 425 1110 72 9 9 3
2026/04/19-19:53:50.635397 1282 [DEBUG] New writable file: /db_working_home/000074.log direct: 0
2026/04/19-19:53:50.636499 1285 [DEBUG] New writable file: /db_working_home/000075.sst direct: 1
2026/04/19-19:53:50.640868 1282 [DEBUG] Allocating zone(new=0) start: 0x90000000 wp: 0x92eace00 lt: 3 file lt: 2
2026/04/19-19:53:50.640874 1282 [DEBUG] Syncing metadata for: /db_working_home/000074.log
2026/04/19-19:53:50.646051 1285 Entering Apply Finish Threshold Function
2026/04/19-19:53:50.646078 1285 [DEBUG] Allocating zone(new=1) start: 0x50000000 wp: 0x50000000 lt: 3 file lt: 3
2026/04/19-19:53:50.646086 1285 [Zonestats:time(s),used_cap(MB),reclaimable_cap(MB), avg_reclaimable(%), active(#), active_zones(#), open_zones(#)] 21 431 1104 71 9 10 5
2026/04/19-19:53:50.646093 1285 [DEBUG] Syncing metadata for: /db_working_home/000075.sst
2026/04/19-19:53:50.951324 1282 [DEBUG] New writable file: /db_working_home/000076.log direct: 0
2026/04/19-19:53:50.965379 1285 [DEBUG] Syncing metadata for: /db_working_home/000075.sst
2026/04/19-19:53:50.968039 1285 [DEBUG] Syncing metadata for: /db_working_home/000075.sst
2026/04/19-19:53:50.968696 1285 [DEBUG] New random access file: /db_working_home/000075.sst direct: 1
2026/04/19-19:53:50.968878 1285 [DEBUG] GetFileSize: /db_working_home/000075.sst 
2026/04/19-19:53:50.976895 1285 [DEBUG] Syncing metadata for: /db_working_home/MANIFEST-000005
2026/04/19-19:53:50.977589 1285 [DEBUG] GetFileSize: /db_working_home/000075.sst 
2026/04/19-19:53:50.982348 1285 [DEBUG] Syncing metadata for: /db_working_home/000072.log
2026/04/19-19:53:50.990518 1285 [DEBUG] DeleteFile: ./db_working_home/000072.log 
2026/04/19-19:53:50.992721 1285 [Zonestats:time(s),used_cap(MB),reclaimable_cap(MB), avg_reclaimable(%), active(#), active_zones(#), open_zones(#)] 21 447 1216 73 10 10 3
2026/04/19-19:53:50.992912 1285 [DEBUG] New writable file: /db_working_home/000077.sst direct: 1
2026/04/19-19:53:50.995595 1285 Entering Apply Finish Threshold Function
2026/04/19-19:53:50.995620 1285 [DEBUG] Allocating zone(new=1) start: 0x68000000 wp: 0x68000000 lt: 3 file lt: 3
2026/04/19-19:53:50.995627 1285 [Zonestats:time(s),used_cap(MB),reclaimable_cap(MB), avg_reclaimable(%), active(#), active_zones(#), open_zones(#)] 21 447 1216 73 10 11 4
2026/04/19-19:53:50.995633 1285 [DEBUG] Syncing metadata for: /db_working_home/000077.sst
2026/04/19-19:53:50.999330 1282 [DEBUG] Allocating zone(new=0) start: 0x98000000 wp: 0x9c062800 lt: 3 file lt: 2
2026/04/19-19:53:50.999342 1282 [DEBUG] Syncing metadata for: /db_working_home/000076.log
2026/04/19-19:53:51.308065 1285 [DEBUG] Syncing metadata for: /db_working_home/000077.sst
2026/04/19-19:53:51.309448 1282 [DEBUG] New writable file: /db_working_home/000078.log direct: 0
2026/04/19-19:53:51.315717 1285 [DEBUG] Syncing metadata for: /db_working_home/000077.sst
2026/04/19-19:53:51.316953 1285 [DEBUG] New random access file: /db_working_home/000077.sst direct: 1
2026/04/19-19:53:51.317134 1285 [DEBUG] GetFileSize: /db_working_home/000077.sst 
2026/04/19-19:53:51.324976 1285 [DEBUG] Syncing metadata for: /db_working_home/MANIFEST-000005
2026/04/19-19:53:51.326953 1285 [DEBUG] GetFileSize: /db_working_home/000077.sst 
2026/04/19-19:53:51.332391 1285 [DEBUG] Syncing metadata for: /db_working_home/000074.log
2026/04/19-19:53:51.340157 1285 [DEBUG] DeleteFile: ./db_working_home/000074.log 
2026/04/19-19:53:51.340733 1285 [Zonestats:time(s),used_cap(MB),reclaimable_cap(MB), avg_reclaimable(%), active(#), active_zones(#), open_zones(#)] 22 462 1329 74 11 11 3
2026/04/19-19:53:51.340899 1285 [DEBUG] New writable file: /db_working_home/000079.sst direct: 1
2026/04/19-19:53:51.343542 1285 Entering Apply Finish Threshold Function
2026/04/19-19:53:51.343568 1285 [DEBUG] Allocating zone(new=1) start: 0x70000000 wp: 0x70000000 lt: 3 file lt: 3
2026/04/19-19:53:51.343575 1285 [Zonestats:time(s),used_cap(MB),reclaimable_cap(MB), avg_reclaimable(%), active(#), active_zones(#), open_zones(#)] 22 462 1329 74 11 12 4
2026/04/19-19:53:51.343581 1285 [DEBUG] Syncing metadata for: /db_working_home/000079.sst
2026/04/19-19:53:51.347297 1282 [DEBUG] Allocating zone(new=0) start: 0x90000000 wp: 0x93e49200 lt: 3 file lt: 2
2026/04/19-19:53:51.347307 1282 [DEBUG] Syncing metadata for: /db_working_home/000078.log
2026/04/19-19:53:51.399390 1283 Total Garbage Bytes this interval: 97133074 bytes
2026/04/19-19:53:51.399403 1283 Cumulative Average Garbage Bytes (over 21 intervals): 25535982 bytes
2026/04/19-19:53:51.399422 1283 Zone Garbage Stats: [109 8 0 1 0 1 0 0 1 0 0 0 ]
2026/04/19-19:53:51.399426 1283 Total Garbage Bytes: 97133074 bytes
2026/04/19-19:53:51.607824 1285 [DEBUG] Syncing metadata for: /db_working_home/000079.sst
2026/04/19-19:53:51.614951 1285 [DEBUG] Syncing metadata for: /db_working_home/000079.sst
2026/04/19-19:53:51.615605 1285 [DEBUG] New random access file: /db_working_home/000079.sst direct: 1
2026/04/19-19:53:51.615785 1285 [DEBUG] GetFileSize: /db_working_home/000079.sst 
2026/04/19-19:53:51.624769 1285 [DEBUG] Syncing metadata for: /db_working_home/MANIFEST-000005
2026/04/19-19:53:51.632104 1285 [DEBUG] GetFileSize: /db_working_home/000079.sst 
2026/04/19-19:53:51.643666 1285 [DEBUG] Syncing metadata for: /db_working_home/000076.log
2026/04/19-19:53:51.646055 1285 [DEBUG] DeleteFile: ./db_working_home/000076.log 
2026/04/19-19:53:51.646643 1285 [Zonestats:time(s),used_cap(MB),reclaimable_cap(MB), avg_reclaimable(%), active(#), active_zones(#), open_zones(#)] 22 472 1447 75 12 12 3
2026/04/19-19:53:51.776835 1282 [DEBUG] New writable file: /db_working_home/000080.log direct: 0
2026/04/19-19:53:51.783237 1285 [DEBUG] New writable file: /db_working_home/000081.sst direct: 1
2026/04/19-19:53:51.785876 1285 Entering Apply Finish Threshold Function
2026/04/19-19:53:51.785887 1285 Finishing zone: Entering Finish()
2026/04/19-19:53:51.788269 1282 [DEBUG] Allocating zone(new=0) start: 0x70000000 wp: 0x70f70600 lt: 3 file lt: 2
2026/04/19-19:53:51.788277 1282 [DEBUG] Syncing metadata for: /db_working_home/000080.log
2026/04/19-19:53:52.011487 1284 Entering Apply Finish Threshold Function
2026/04/19-19:53:52.011518 1284 [DEBUG] Allocating zone(new=1) start: 0x80000000 wp: 0x80000000 lt: 4 file lt: 4
2026/04/19-19:53:52.011526 1284 [Zonestats:time(s),used_cap(MB),reclaimable_cap(MB), avg_reclaimable(%), active(#), active_zones(#), open_zones(#)] 23 619 1428 69 11 12 4
2026/04/19-19:53:52.011533 1284 [DEBUG] Syncing metadata for: /db_working_home/000067.sst
2026/04/19-19:53:52.022000 1284 [DEBUG] Syncing metadata for: /db_working_home/000067.sst
2026/04/19-19:53:52.030122 1284 [DEBUG] Syncing metadata for: /db_working_home/000067.sst
2026/04/19-19:53:52.030874 1284 [DEBUG] GetFileSize: /db_working_home/000067.sst 
2026/04/19-19:53:52.030910 1284 [DEBUG] New writable file: /db_working_home/000082.sst direct: 1
2026/04/19-19:53:52.032419 1282 [DEBUG] New writable file: /db_working_home/000083.log direct: 0
2026/04/19-19:53:52.034049 1284 Entering Apply Finish Threshold Function
2026/04/19-19:53:52.034074 1284 [DEBUG] Allocator: avoided a finish by relaxing lifetime diff requirement
2026/04/19-19:53:52.034077 1284 [DEBUG] Allocating zone(new=0) start: 0x80000000 wp: 0x80040c00 lt: 4 file lt: 4
2026/04/19-19:53:52.034084 1284 [Zonestats:time(s),used_cap(MB),reclaimable_cap(MB), avg_reclaimable(%), active(#), active_zones(#), open_zones(#)] 23 621 1554 71 12 12 4
2026/04/19-19:53:52.034090 1284 [DEBUG] Syncing metadata for: /db_working_home/000082.sst
2026/04/19-19:53:52.399600 1283 Total Garbage Bytes this interval: 97133074 bytes
2026/04/19-19:53:52.399616 1283 Cumulative Average Garbage Bytes (over 22 intervals): 28790395 bytes
2026/04/19-19:53:52.399635 1283 Zone Garbage Stats: [108 9 0 1 0 1 0 0 1 0 0 0 ]
2026/04/19-19:53:52.399639 1283 Total Garbage Bytes: 97133074 bytes
2026/04/19-19:53:52.507301 1284 [DEBUG] Syncing metadata for: /db_working_home/000082.sst
2026/04/19-19:53:52.508069 1284 [DEBUG] Syncing metadata for: /db_working_home/000082.sst
2026/04/19-19:53:52.509121 1284 [DEBUG] GetFileSize: /db_working_home/000082.sst 
2026/04/19-19:53:52.510865 1284 [DEBUG] New random access file: /db_working_home/000067.sst direct: 1
2026/04/19-19:53:52.511649 1284 [DEBUG] GetFileSize: /db_working_home/000067.sst 
2026/04/19-19:53:52.511870 1284 [DEBUG] New random access file: /db_working_home/000082.sst direct: 1
2026/04/19-19:53:52.512231 1284 [DEBUG] GetFileSize: /db_working_home/000082.sst 
2026/04/19-19:53:52.513160 1284 [DEBUG] Syncing metadata for: /db_working_home/MANIFEST-000005
2026/04/19-19:53:52.543795 1284 [DEBUG] New writable file: /db_working_home/000084.sst direct: 1
2026/04/19-19:53:52.548045 1284 Entering Apply Finish Threshold Function
2026/04/19-19:53:52.548070 1284 [DEBUG] Allocating zone(new=0) start: 0x80000000 wp: 0x82affe00 lt: 4 file lt: 3
2026/04/19-19:53:52.548077 1284 [Zonestats:time(s),used_cap(MB),reclaimable_cap(MB), avg_reclaimable(%), active(#), active_zones(#), open_zones(#)] 23 664 1511 69 12 12 4
2026/04/19-19:53:52.548084 1284 [DEBUG] Syncing metadata for: /db_working_home/000084.sst
2026/04/19-19:53:53.263765 1285 [DEBUG] Allocating zone(new=1) start: 0xa0000000 wp: 0xa0000000 lt: 3 file lt: 3
2026/04/19-19:53:53.263782 1285 [Zonestats:time(s),used_cap(MB),reclaimable_cap(MB), avg_reclaimable(%), active(#), active_zones(#), open_zones(#)] 24 664 1511 69 11 12 5
2026/04/19-19:53:53.263810 1285 [DEBUG] Syncing metadata for: /db_working_home/000081.sst
2026/04/19-19:53:53.356645 1284 [DEBUG] Syncing metadata for: /db_working_home/000084.sst
2026/04/19-19:53:53.364261 1284 [DEBUG] Syncing metadata for: /db_working_home/000084.sst
2026/04/19-19:53:53.364998 1284 [DEBUG] GetFileSize: /db_working_home/000084.sst 
2026/04/19-19:53:53.365030 1284 [DEBUG] New writable file: /db_working_home/000085.sst direct: 1
2026/04/19-19:53:53.368895 1284 Entering Apply Finish Threshold Function
2026/04/19-19:53:53.368906 1284 Finishing zone: Entering Finish()
2026/04/19-19:53:53.399818 1283 Total Garbage Bytes this interval: 146241940 bytes
2026/04/19-19:53:53.399830 1283 Cumulative Average Garbage Bytes (over 23 intervals): 33896984 bytes
2026/04/19-19:53:53.399848 1283 Zone Garbage Stats: [107 9 0 1 0 1 0 0 2 0 0 0 ]
2026/04/19-19:53:53.399852 1283 Total Garbage Bytes: 146241940 bytes
2026/04/19-19:53:53.432875 1285 [DEBUG] Syncing metadata for: /db_working_home/000081.sst
2026/04/19-19:53:53.433446 1285 [DEBUG] Syncing metadata for: /db_working_home/000081.sst
2026/04/19-19:53:53.434455 1285 [DEBUG] New random access file: /db_working_home/000081.sst direct: 1
2026/04/19-19:53:53.434634 1285 [DEBUG] GetFileSize: /db_working_home/000081.sst 
2026/04/19-19:53:53.436717 1285 [DEBUG] Syncing metadata for: /db_working_home/MANIFEST-000005
2026/04/19-19:53:53.437358 1285 [DEBUG] GetFileSize: /db_working_home/000081.sst 
2026/04/19-19:53:53.442301 1285 [DEBUG] Syncing metadata for: /db_working_home/000078.log
2026/04/19-19:53:53.443229 1285 [DEBUG] DeleteFile: ./db_working_home/000046.sst 
2026/04/19-19:53:53.444059 1285 [Zonestats:time(s),used_cap(MB),reclaimable_cap(MB), avg_reclaimable(%), active(#), active_zones(#), open_zones(#)] 24 648 1527 70 12 12 2
2026/04/19-19:53:53.444110 1285 [DEBUG] DeleteFile: ./db_working_home/000064.sst 
2026/04/19-19:53:53.444847 1285 [Zonestats:time(s),used_cap(MB),reclaimable_cap(MB), avg_reclaimable(%), active(#), active_zones(#), open_zones(#)] 24 573 1602 73 12 12 2
2026/04/19-19:53:53.444882 1285 [DEBUG] DeleteFile: ./db_working_home/000078.log 
2026/04/19-19:53:53.445748 1285 [Zonestats:time(s),used_cap(MB),reclaimable_cap(MB), avg_reclaimable(%), active(#), active_zones(#), open_zones(#)] 24 557 1618 74 12 12 2
2026/04/19-19:53:53.445925 1285 [DEBUG] New writable file: /db_working_home/000086.sst direct: 1
2026/04/19-19:53:53.449285 1285 Entering Apply Finish Threshold Function
2026/04/19-19:53:53.449295 1285 Finishing zone: Entering Finish()
2026/04/19-19:53:53.453686 1282 [DEBUG] Allocating zone(new=0) start: 0xa0000000 wp: 0xa0f71e00 lt: 3 file lt: 2
2026/04/19-19:53:53.453698 1282 [DEBUG] Syncing metadata for: /db_working_home/000083.log
2026/04/19-19:53:53.668103 1282 [DEBUG] New writable file: /db_working_home/000087.log direct: 0
2026/04/19-19:53:53.820472 1284 [DEBUG] Allocating zone(new=1) start: 0x78000000 wp: 0x78000000 lt: 3 file lt: 3
2026/04/19-19:53:53.820487 1284 [Zonestats:time(s),used_cap(MB),reclaimable_cap(MB), avg_reclaimable(%), active(#), active_zones(#), open_zones(#)] 24 572 1603 73 11 12 4
2026/04/19-19:53:53.820495 1284 [DEBUG] Syncing metadata for: /db_working_home/000085.sst
2026/04/19-19:53:54.400021 1283 Total Garbage Bytes this interval: 199674407 bytes
2026/04/19-19:53:54.400120 1283 Cumulative Average Garbage Bytes (over 24 intervals): 40804377 bytes
2026/04/19-19:53:54.400155 1283 Zone Garbage Stats: [107 8 1 0 0 1 0 1 2 0 0 0 ]
2026/04/19-19:53:54.400159 1283 Total Garbage Bytes: 199674407 bytes
2026/04/19-19:53:54.693783 1285 [DEBUG] Allocating zone(new=1) start: 0xa8000000 wp: 0xa8000000 lt: 3 file lt: 3
2026/04/19-19:53:54.693803 1285 [Zonestats:time(s),used_cap(MB),reclaimable_cap(MB), avg_reclaimable(%), active(#), active_zones(#), open_zones(#)] 25 572 1603 73 11 12 5
2026/04/19-19:53:54.693814 1285 [DEBUG] Syncing metadata for: /db_working_home/000086.sst
2026/04/19-19:53:54.874021 1285 [DEBUG] Syncing metadata for: /db_working_home/000086.sst
2026/04/19-19:53:54.881250 1285 [DEBUG] Syncing metadata for: /db_working_home/000086.sst
2026/04/19-19:53:54.882038 1285 [DEBUG] New random access file: /db_working_home/000086.sst direct: 1
2026/04/19-19:53:54.882232 1285 [DEBUG] GetFileSize: /db_working_home/000086.sst 
2026/04/19-19:53:54.884390 1285 [DEBUG] Syncing metadata for: /db_working_home/MANIFEST-000005
2026/04/19-19:53:54.892009 1285 [DEBUG] GetFileSize: /db_working_home/000086.sst 
2026/04/19-19:53:54.896782 1285 [DEBUG] Syncing metadata for: /db_working_home/000080.log
2026/04/19-19:53:54.899622 1285 [DEBUG] DeleteFile: ./db_working_home/000080.log 
2026/04/19-19:53:54.900430 1285 [Zonestats:time(s),used_cap(MB),reclaimable_cap(MB), avg_reclaimable(%), active(#), active_zones(#), open_zones(#)] 25 572 1731 75 12 12 3
2026/04/19-19:53:54.900590 1285 [DEBUG] New writable file: /db_working_home/000088.sst direct: 1
2026/04/19-19:53:54.907074 1282 [DEBUG] Allocating zone(new=0) start: 0xa8000000 wp: 0xa8f70e00 lt: 3 file lt: 2
2026/04/19-19:53:54.907085 1282 [DEBUG] Syncing metadata for: /db_working_home/000087.log
2026/04/19-19:53:54.910437 1285 Entering Apply Finish Threshold Function
2026/04/19-19:53:54.910465 1285 [DEBUG] Allocator: avoided a finish by relaxing lifetime diff requirement
2026/04/19-19:53:54.910469 1285 [DEBUG] Allocating zone(new=0) start: 0x70000000 wp: 0x71f0ca00 lt: 3 file lt: 3
2026/04/19-19:53:54.910475 1285 [Zonestats:time(s),used_cap(MB),reclaimable_cap(MB), avg_reclaimable(%), active(#), active_zones(#), open_zones(#)] 25 572 1731 75 12 12 5
2026/04/19-19:53:54.910481 1285 [DEBUG] Syncing metadata for: /db_working_home/000088.sst
2026/04/19-19:53:55.149167 1285 [DEBUG] Syncing metadata for: /db_working_home/000088.sst
2026/04/19-19:53:55.156144 1285 [DEBUG] Syncing metadata for: /db_working_home/000088.sst
2026/04/19-19:53:55.163898 1285 [DEBUG] New random access file: /db_working_home/000088.sst direct: 1
2026/04/19-19:53:55.164107 1285 [DEBUG] GetFileSize: /db_working_home/000088.sst 
2026/04/19-19:53:55.167530 1285 [DEBUG] Syncing metadata for: /db_working_home/MANIFEST-000005
2026/04/19-19:53:55.168222 1285 [DEBUG] GetFileSize: /db_working_home/000088.sst 
2026/04/19-19:53:55.179889 1285 [DEBUG] Syncing metadata for: /db_working_home/000083.log
2026/04/19-19:53:55.187577 1285 [DEBUG] DeleteFile: ./db_working_home/000083.log 
2026/04/19-19:53:55.188174 1285 [Zonestats:time(s),used_cap(MB),reclaimable_cap(MB), avg_reclaimable(%), active(#), active_zones(#), open_zones(#)] 26 584 1719 74 12 12 3
2026/04/19-19:53:55.229336 1284 [DEBUG] Syncing metadata for: /db_working_home/000085.sst
2026/04/19-19:53:55.236511 1284 [DEBUG] Syncing metadata for: /db_working_home/000085.sst
2026/04/19-19:53:55.237269 1284 [DEBUG] GetFileSize: /db_working_home/000085.sst 
2026/04/19-19:53:55.237302 1284 [DEBUG] New writable file: /db_working_home/000089.sst direct: 1
2026/04/19-19:53:55.238158 1284 Entering Apply Finish Threshold Function
2026/04/19-19:53:55.238166 1284 Finishing zone: Entering Finish()
2026/04/19-19:53:55.253061 1282 [DEBUG] New writable file: /db_working_home/000090.log direct: 0
2026/04/19-19:53:55.254197 1285 [DEBUG] New writable file: /db_working_home/000091.sst direct: 1
2026/04/19-19:53:55.257213 1285 Entering Apply Finish Threshold Function
2026/04/19-19:53:55.257239 1285 [DEBUG] Allocator: avoided a finish by relaxing lifetime diff requirement
2026/04/19-19:53:55.257242 1285 [DEBUG] Allocating zone(new=0) start: 0xa0000000 wp: 0xa1f0f200 lt: 3 file lt: 3
2026/04/19-19:53:55.257249 1285 [Zonestats:time(s),used_cap(MB),reclaimable_cap(MB), avg_reclaimable(%), active(#), active_zones(#), open_zones(#)] 26 681 1750 71 12 12 3
2026/04/19-19:53:55.257255 1285 [DEBUG] Syncing metadata for: /db_working_home/000091.sst
2026/04/19-19:53:55.257460 1282 [DEBUG] Allocating zone(new=0) start: 0x70000000 wp: 0x72e7e800 lt: 3 file lt: 2
2026/04/19-19:53:55.257475 1282 [DEBUG] Syncing metadata for: /db_working_home/000090.log
2026/04/19-19:53:55.400372 1283 Total Garbage Bytes this interval: 265162373 bytes
2026/04/19-19:53:55.400388 1283 Cumulative Average Garbage Bytes (over 25 intervals): 49778697 bytes
2026/04/19-19:53:55.400406 1283 Zone Garbage Stats: [106 8 1 0 0 1 0 1 2 1 0 0 ]
2026/04/19-19:53:55.400410 1283 Total Garbage Bytes: 265162373 bytes
2026/04/19-19:53:55.491340 1282 [DEBUG] New writable file: /db_working_home/000092.log direct: 0
2026/04/19-19:53:55.491914 1285 [DEBUG] Syncing metadata for: /db_working_home/000091.sst
2026/04/19-19:53:55.493509 1285 [DEBUG] Syncing metadata for: /db_working_home/000091.sst
2026/04/19-19:53:55.494490 1285 [DEBUG] New random access file: /db_working_home/000091.sst direct: 1
2026/04/19-19:53:55.494672 1285 [DEBUG] GetFileSize: /db_working_home/000091.sst 
2026/04/19-19:53:55.497288 1285 [DEBUG] Syncing metadata for: /db_working_home/MANIFEST-000005
2026/04/19-19:53:55.497953 1285 [DEBUG] GetFileSize: /db_working_home/000091.sst 
2026/04/19-19:53:55.502880 1285 [DEBUG] Syncing metadata for: /db_working_home/000087.log
2026/04/19-19:53:55.503802 1285 [DEBUG] DeleteFile: ./db_working_home/000087.log 
2026/04/19-19:53:55.504600 1285 [Zonestats:time(s),used_cap(MB),reclaimable_cap(MB), avg_reclaimable(%), active(#), active_zones(#), open_zones(#)] 26 696 1735 71 12 12 2
2026/04/19-19:53:55.504759 1285 [DEBUG] New writable file: /db_working_home/000093.sst direct: 1
2026/04/19-19:53:55.507925 1285 Entering Apply Finish Threshold Function
2026/04/19-19:53:55.507949 1285 [DEBUG] Allocator: avoided a finish by relaxing lifetime diff requirement
2026/04/19-19:53:55.507952 1285 [DEBUG] Allocating zone(new=0) start: 0xa8000000 wp: 0xa9f0e600 lt: 3 file lt: 3
2026/04/19-19:53:55.507958 1285 [Zonestats:time(s),used_cap(MB),reclaimable_cap(MB), avg_reclaimable(%), active(#), active_zones(#), open_zones(#)] 26 696 1735 71 12 12 3
2026/04/19-19:53:55.507964 1285 [DEBUG] Syncing metadata for: /db_working_home/000093.sst
2026/04/19-19:53:55.511009 1282 [DEBUG] Allocating zone(new=0) start: 0xa0000000 wp: 0xa2e81400 lt: 3 file lt: 2
2026/04/19-19:53:55.511019 1282 [DEBUG] Syncing metadata for: /db_working_home/000092.log
2026/04/19-19:53:55.695445 1285 [DEBUG] Syncing metadata for: /db_working_home/000093.sst
2026/04/19-19:53:55.697290 1285 [DEBUG] Syncing metadata for: /db_working_home/000093.sst
2026/04/19-19:53:55.698244 1285 [DEBUG] New random access file: /db_working_home/000093.sst direct: 1
2026/04/19-19:53:55.698434 1285 [DEBUG] GetFileSize: /db_working_home/000093.sst 
2026/04/19-19:53:55.700516 1285 [DEBUG] Syncing metadata for: /db_working_home/MANIFEST-000005
2026/04/19-19:53:55.701175 1285 [DEBUG] GetFileSize: /db_working_home/000093.sst 
2026/04/19-19:53:55.706117 1285 [DEBUG] Syncing metadata for: /db_working_home/000090.log
2026/04/19-19:53:55.713428 1285 [DEBUG] DeleteFile: ./db_working_home/000090.log 
2026/04/19-19:53:55.715111 1285 [Zonestats:time(s),used_cap(MB),reclaimable_cap(MB), avg_reclaimable(%), active(#), active_zones(#), open_zones(#)] 26 706 1725 70 12 12 2
2026/04/19-19:53:55.799532 1282 [DEBUG] New writable file: /db_working_home/000094.log direct: 0
2026/04/19-19:53:55.800322 1285 [DEBUG] New writable file: /db_working_home/000095.sst direct: 1
2026/04/19-19:53:55.803298 1285 Entering Apply Finish Threshold Function
2026/04/19-19:53:55.803323 1285 [DEBUG] Allocator: avoided a finish by relaxing lifetime diff requirement
2026/04/19-19:53:55.803326 1285 [DEBUG] Allocating zone(new=0) start: 0xa8000000 wp: 0xaae80800 lt: 3 file lt: 3
2026/04/19-19:53:55.803333 1285 [Zonestats:time(s),used_cap(MB),reclaimable_cap(MB), avg_reclaimable(%), active(#), active_zones(#), open_zones(#)] 26 712 1719 70 12 12 3
2026/04/19-19:53:55.803339 1285 [DEBUG] Syncing metadata for: /db_working_home/000095.sst
2026/04/19-19:53:55.803634 1282 [DEBUG] Allocating zone(new=0) start: 0x70000000 wp: 0x73e1c000 lt: 3 file lt: 2
2026/04/19-19:53:55.803639 1282 [DEBUG] Syncing metadata for: /db_working_home/000094.log
2026/04/19-19:53:56.039625 1282 [DEBUG] New writable file: /db_working_home/000096.log direct: 0
2026/04/19-19:53:56.040011 1285 [DEBUG] Syncing metadata for: /db_working_home/000095.sst
2026/04/19-19:53:56.041319 1285 [DEBUG] Syncing metadata for: /db_working_home/000095.sst
2026/04/19-19:53:56.042296 1285 [DEBUG] New random access file: /db_working_home/000095.sst direct: 1
2026/04/19-19:53:56.042480 1285 [DEBUG] GetFileSize: /db_working_home/000095.sst 
2026/04/19-19:53:56.044590 1285 [DEBUG] Syncing metadata for: /db_working_home/MANIFEST-000005
2026/04/19-19:53:56.045252 1285 [DEBUG] GetFileSize: /db_working_home/000095.sst 
2026/04/19-19:53:56.050193 1285 [DEBUG] Syncing metadata for: /db_working_home/000092.log
2026/04/19-19:53:56.051100 1285 [DEBUG] DeleteFile: ./db_working_home/000092.log 
2026/04/19-19:53:56.051897 1285 [Zonestats:time(s),used_cap(MB),reclaimable_cap(MB), avg_reclaimable(%), active(#), active_zones(#), open_zones(#)] 27 727 1704 70 12 12 2
2026/04/19-19:53:56.052051 1285 [DEBUG] New writable file: /db_working_home/000097.sst direct: 1
2026/04/19-19:53:56.055204 1285 Entering Apply Finish Threshold Function
2026/04/19-19:53:56.055228 1285 [DEBUG] Allocator: avoided a finish by relaxing lifetime diff requirement
2026/04/19-19:53:56.055231 1285 [DEBUG] Allocating zone(new=0) start: 0xa8000000 wp: 0xabdf1600 lt: 3 file lt: 3
2026/04/19-19:53:56.055238 1285 [Zonestats:time(s),used_cap(MB),reclaimable_cap(MB), avg_reclaimable(%), active(#), active_zones(#), open_zones(#)] 27 727 1704 70 12 12 3
2026/04/19-19:53:56.055244 1285 [DEBUG] Syncing metadata for: /db_working_home/000097.sst
2026/04/19-19:53:56.058894 1282 [DEBUG] Allocating zone(new=0) start: 0xa0000000 wp: 0xa3e1d800 lt: 3 file lt: 2
2026/04/19-19:53:56.058906 1282 [DEBUG] Syncing metadata for: /db_working_home/000096.log
2026/04/19-19:53:56.289823 1282 [DEBUG] New writable file: /db_working_home/000098.log direct: 0
2026/04/19-19:53:56.290495 1285 [DEBUG] Syncing metadata for: /db_working_home/000097.sst
2026/04/19-19:53:56.291803 1285 [DEBUG] Syncing metadata for: /db_working_home/000097.sst
2026/04/19-19:53:56.292781 1285 [DEBUG] New random access file: /db_working_home/000097.sst direct: 1
2026/04/19-19:53:56.292962 1285 [DEBUG] GetFileSize: /db_working_home/000097.sst 
2026/04/19-19:53:56.295071 1285 [DEBUG] Syncing metadata for: /db_working_home/MANIFEST-000005
2026/04/19-19:53:56.295721 1285 [DEBUG] GetFileSize: /db_working_home/000097.sst 
2026/04/19-19:53:56.300611 1285 [DEBUG] Syncing metadata for: /db_working_home/000094.log
2026/04/19-19:53:56.301301 1285 [DEBUG] DeleteFile: ./db_working_home/000094.log 
2026/04/19-19:53:56.302100 1285 [Zonestats:time(s),used_cap(MB),reclaimable_cap(MB), avg_reclaimable(%), active(#), active_zones(#), open_zones(#)] 27 742 1689 69 12 12 2
2026/04/19-19:53:56.302263 1285 [DEBUG] New writable file: /db_working_home/000099.sst direct: 1
2026/04/19-19:53:56.305235 1285 Entering Apply Finish Threshold Function
2026/04/19-19:53:56.305245 1285 Finishing zone: Entering Finish()
2026/04/19-19:53:56.307502 1282 [DEBUG] Allocating zone(new=0) start: 0xa8000000 wp: 0xacd63000 lt: 3 file lt: 2
2026/04/19-19:53:56.307512 1282 [DEBUG] Syncing metadata for: /db_working_home/000098.log
2026/04/19-19:53:56.400584 1283 Total Garbage Bytes this interval: 265162373 bytes
2026/04/19-19:53:56.400613 1283 Cumulative Average Garbage Bytes (over 26 intervals): 58062684 bytes
2026/04/19-19:53:56.400629 1283 Zone Garbage Stats: [106 8 1 0 0 1 0 1 2 1 0 0 ]
2026/04/19-19:53:56.400633 1283 Total Garbage Bytes: 265162373 bytes
2026/04/19-19:53:56.510303 1282 [DEBUG] New writable file: /db_working_home/000100.log direct: 0
2026/04/19-19:53:56.640907 1284 [DEBUG] Allocating zone(new=1) start: 0xb0000000 wp: 0xb0000000 lt: 3 file lt: 3
2026/04/19-19:53:56.640922 1284 [Zonestats:time(s),used_cap(MB),reclaimable_cap(MB), avg_reclaimable(%), active(#), active_zones(#), open_zones(#)] 27 757 1674 68 11 12 4
2026/04/19-19:53:56.640931 1284 [DEBUG] Syncing metadata for: /db_working_home/000089.sst
2026/04/19-19:53:56.642180 1284 [DEBUG] Syncing metadata for: /db_working_home/000089.sst
2026/04/19-19:53:56.643011 1284 [DEBUG] Syncing metadata for: /db_working_home/000089.sst
2026/04/19-19:53:56.644070 1284 [DEBUG] GetFileSize: /db_working_home/000089.sst 
2026/04/19-19:53:56.645185 1284 [DEBUG] New random access file: /db_working_home/000084.sst direct: 1
2026/04/19-19:53:56.645528 1284 [DEBUG] GetFileSize: /db_working_home/000084.sst 
2026/04/19-19:53:56.645727 1284 [DEBUG] New random access file: /db_working_home/000085.sst direct: 1
2026/04/19-19:53:56.646174 1284 [DEBUG] GetFileSize: /db_working_home/000085.sst 
2026/04/19-19:53:56.646325 1284 [DEBUG] New random access file: /db_working_home/000089.sst direct: 1
2026/04/19-19:53:56.646696 1284 [DEBUG] GetFileSize: /db_working_home/000089.sst 
2026/04/19-19:53:56.647603 1284 [DEBUG] Syncing metadata for: /db_working_home/MANIFEST-000005
2026/04/19-19:53:56.674604 1284 [DEBUG] New writable file: /db_working_home/000101.sst direct: 1
2026/04/19-19:53:56.677946 1284 Entering Apply Finish Threshold Function
2026/04/19-19:53:56.677971 1284 [DEBUG] Allocator: avoided a finish by relaxing lifetime diff requirement
2026/04/19-19:53:56.677974 1284 [DEBUG] Allocating zone(new=0) start: 0xb0000000 wp: 0xb0001000 lt: 3 file lt: 3
2026/04/19-19:53:56.677982 1284 [Zonestats:time(s),used_cap(MB),reclaimable_cap(MB), avg_reclaimable(%), active(#), active_zones(#), open_zones(#)] 27 757 1802 70 12 12 4
2026/04/19-19:53:56.677988 1284 [DEBUG] Syncing metadata for: /db_working_home/000101.sst
2026/04/19-19:53:57.400885 1283 Total Garbage Bytes this interval: 265162849 bytes
2026/04/19-19:53:57.401042 1283 Cumulative Average Garbage Bytes (over 27 intervals): 65733061 bytes
2026/04/19-19:53:57.401188 1283 Zone Garbage Stats: [105 8 1 1 0 1 0 1 2 1 0 0 ]
2026/04/19-19:53:57.401198 1283 Total Garbage Bytes: 265162849 bytes
2026/04/19-19:53:57.510248 1285 [DEBUG] Allocating zone(new=1) start: 0xb8000000 wp: 0xb8000000 lt: 3 file lt: 3
2026/04/19-19:53:57.510275 1285 [Zonestats:time(s),used_cap(MB),reclaimable_cap(MB), avg_reclaimable(%), active(#), active_zones(#), open_zones(#)] 28 757 1802 70 11 12 5
2026/04/19-19:53:57.510287 1285 [DEBUG] Syncing metadata for: /db_working_home/000099.sst
2026/04/19-19:53:57.682723 1285 [DEBUG] Syncing metadata for: /db_working_home/000099.sst
2026/04/19-19:53:57.686342 1285 [DEBUG] Syncing metadata for: /db_working_home/000099.sst
2026/04/19-19:53:57.690731 1285 [DEBUG] New random access file: /db_working_home/000099.sst direct: 1
2026/04/19-19:53:57.690975 1285 [DEBUG] GetFileSize: /db_working_home/000099.sst 
2026/04/19-19:53:57.696732 1285 [DEBUG] Syncing metadata for: /db_working_home/MANIFEST-000005
2026/04/19-19:53:57.700706 1285 [DEBUG] GetFileSize: /db_working_home/000099.sst 
2026/04/19-19:53:57.705502 1285 [DEBUG] Syncing metadata for: /db_working_home/000096.log
2026/04/19-19:53:57.708521 1285 [DEBUG] DeleteFile: ./db_working_home/000061.sst 
2026/04/19-19:53:57.709392 1285 [Zonestats:time(s),used_cap(MB),reclaimable_cap(MB), avg_reclaimable(%), active(#), active_zones(#), open_zones(#)] 28 758 1801 70 12 12 3
2026/04/19-19:53:57.709450 1285 [DEBUG] DeleteFile: ./db_working_home/000065.sst 
2026/04/19-19:53:57.713435 1285 [Zonestats:time(s),used_cap(MB),reclaimable_cap(MB), avg_reclaimable(%), active(#), active_zones(#), open_zones(#)] 28 725 1706 70 12 12 3
2026/04/19-19:53:57.713488 1285 [DEBUG] DeleteFile: ./db_working_home/000066.sst 
2026/04/19-19:53:57.717319 1285 [Zonestats:time(s),used_cap(MB),reclaimable_cap(MB), avg_reclaimable(%), active(#), active_zones(#), open_zones(#)] 28 709 1594 69 11 11 3
2026/04/19-19:53:57.717358 1285 [DEBUG] DeleteFile: ./db_working_home/000069.sst 
2026/04/19-19:53:57.718007 1285 [Zonestats:time(s),used_cap(MB),reclaimable_cap(MB), avg_reclaimable(%), active(#), active_zones(#), open_zones(#)] 28 694 1481 68 10 10 3
2026/04/19-19:53:57.718040 1285 [DEBUG] DeleteFile: ./db_working_home/000071.sst 
2026/04/19-19:53:57.718683 1285 [Zonestats:time(s),used_cap(MB),reclaimable_cap(MB), avg_reclaimable(%), active(#), active_zones(#), open_zones(#)] 28 679 1368 66 9 9 3
2026/04/19-19:53:57.718716 1285 [DEBUG] DeleteFile: ./db_working_home/000073.sst 
2026/04/19-19:53:57.719355 1285 [Zonestats:time(s),used_cap(MB),reclaimable_cap(MB), avg_reclaimable(%), active(#), active_zones(#), open_zones(#)] 28 663 1256 65 8 8 3
2026/04/19-19:53:57.719388 1285 [DEBUG] DeleteFile: ./db_working_home/000075.sst 
2026/04/19-19:53:57.723789 1285 [Zonestats:time(s),used_cap(MB),reclaimable_cap(MB), avg_reclaimable(%), active(#), active_zones(#), open_zones(#)] 28 648 1143 63 7 7 3
2026/04/19-19:53:57.723843 1285 [DEBUG] DeleteFile: ./db_working_home/000077.sst 
2026/04/19-19:53:57.727825 1285 [Zonestats:time(s),used_cap(MB),reclaimable_cap(MB), avg_reclaimable(%), active(#), active_zones(#), open_zones(#)] 28 632 1031 61 6 6 3
2026/04/19-19:53:57.727879 1285 [DEBUG] DeleteFile: ./db_working_home/000079.sst 
2026/04/19-19:53:57.728457 1285 [Zonestats:time(s),used_cap(MB),reclaimable_cap(MB), avg_reclaimable(%), active(#), active_zones(#), open_zones(#)] 28 617 1046 62 6 6 3
2026/04/19-19:53:57.728490 1285 [DEBUG] DeleteFile: ./db_working_home/000096.log 
2026/04/19-19:53:57.729052 1285 [Zonestats:time(s),used_cap(MB),reclaimable_cap(MB), avg_reclaimable(%), active(#), active_zones(#), open_zones(#)] 28 601 1062 63 6 6 3
2026/04/19-19:53:57.729307 1285 [DEBUG] New writable file: /db_working_home/000102.sst direct: 1
2026/04/19-19:53:57.733231 1285 Entering Apply Finish Threshold Function
2026/04/19-19:53:57.733242 1285 Finishing zone: Entering Finish()
2026/04/19-19:53:57.736889 1282 [DEBUG] Allocating zone(new=0) start: 0xb8000000 wp: 0xb8f71600 lt: 3 file lt: 2
2026/04/19-19:53:57.736902 1282 [DEBUG] Syncing metadata for: /db_working_home/000100.log
2026/04/19-19:53:58.009080 1282 [DEBUG] New writable file: /db_working_home/000103.log direct: 0
2026/04/19-19:53:58.356563 1284 [DEBUG] Syncing metadata for: /db_working_home/000101.sst
2026/04/19-19:53:58.357127 1284 [DEBUG] Syncing metadata for: /db_working_home/000101.sst
2026/04/19-19:53:58.358182 1284 [DEBUG] GetFileSize: /db_working_home/000101.sst 
2026/04/19-19:53:58.358221 1284 [DEBUG] New writable file: /db_working_home/000104.sst direct: 1
2026/04/19-19:53:58.361966 1284 Entering Apply Finish Threshold Function
2026/04/19-19:53:58.361976 1284 Finishing zone: Entering Finish()
2026/04/19-19:53:58.401374 1283 Total Garbage Bytes this interval: 215868176 bytes
2026/04/19-19:53:58.401387 1283 Cumulative Average Garbage Bytes (over 28 intervals): 71095029 bytes
2026/04/19-19:53:58.401403 1283 Zone Garbage Stats: [112 2 1 1 0 1 0 1 1 1 0 0 ]
2026/04/19-19:53:58.401407 1283 Total Garbage Bytes: 215868176 bytes
2026/04/19-19:53:58.478130 1284 [DEBUG] Allocating zone(new=1) start: 0x28000000 wp: 0x28000000 lt: 3 file lt: 3
2026/04/19-19:53:58.478159 1284 [Zonestats:time(s),used_cap(MB),reclaimable_cap(MB), avg_reclaimable(%), active(#), active_zones(#), open_zones(#)] 29 736 927 55 5 6 4
2026/04/19-19:53:58.478167 1284 [DEBUG] Syncing metadata for: /db_working_home/000104.sst
2026/04/19-19:53:58.941656 1284 [DEBUG] Syncing metadata for: /db_working_home/000104.sst
2026/04/19-19:53:58.942232 1284 [DEBUG] Syncing metadata for: /db_working_home/000104.sst
2026/04/19-19:53:58.943303 1284 [DEBUG] GetFileSize: /db_working_home/000104.sst 
2026/04/19-19:53:58.943335 1284 [DEBUG] New writable file: /db_working_home/000105.sst direct: 1
2026/04/19-19:53:58.949434 1284 Entering Apply Finish Threshold Function
2026/04/19-19:53:58.949459 1284 [DEBUG] Allocating zone(new=1) start: 0x38000000 wp: 0x38000000 lt: 3 file lt: 3
2026/04/19-19:53:58.949467 1284 [Zonestats:time(s),used_cap(MB),reclaimable_cap(MB), avg_reclaimable(%), active(#), active_zones(#), open_zones(#)] 29 776 1015 56 6 7 4
2026/04/19-19:53:58.949491 1284 [DEBUG] Syncing metadata for: /db_working_home/000105.sst
2026/04/19-19:53:59.172883 1285 [DEBUG] Allocating zone(new=1) start: 0x40000000 wp: 0x40000000 lt: 3 file lt: 3
2026/04/19-19:53:59.172900 1285 [Zonestats:time(s),used_cap(MB),reclaimable_cap(MB), avg_reclaimable(%), active(#), active_zones(#), open_zones(#)] 30 776 1015 56 6 7 5
2026/04/19-19:53:59.172909 1285 [DEBUG] Syncing metadata for: /db_working_home/000102.sst
2026/04/19-19:53:59.383791 1285 [DEBUG] Syncing metadata for: /db_working_home/000102.sst
2026/04/19-19:53:59.391047 1285 [DEBUG] Syncing metadata for: /db_working_home/000102.sst
2026/04/19-19:53:59.391717 1285 [DEBUG] New random access file: /db_working_home/000102.sst direct: 1
2026/04/19-19:53:59.391904 1285 [DEBUG] GetFileSize: /db_working_home/000102.sst 
2026/04/19-19:53:59.400851 1285 [DEBUG] Syncing metadata for: /db_working_home/MANIFEST-000005
2026/04/19-19:53:59.401542 1283 Total Garbage Bytes this interval: 264981492 bytes
2026/04/19-19:53:59.401550 1283 Cumulative Average Garbage Bytes (over 29 intervals): 77780769 bytes
2026/04/19-19:53:59.401570 1283 Zone Garbage Stats: [109 5 1 1 0 1 0 1 2 1 0 0 ]
2026/04/19-19:53:59.401574 1283 Total Garbage Bytes: 264981492 bytes
2026/04/19-19:53:59.401797 1285 [DEBUG] GetFileSize: /db_working_home/000102.sst 
2026/04/19-19:53:59.406598 1285 [DEBUG] Syncing metadata for: /db_working_home/000098.log
2026/04/19-19:53:59.414387 1285 [DEBUG] DeleteFile: ./db_working_home/000098.log 
2026/04/19-19:53:59.414967 1285 [Zonestats:time(s),used_cap(MB),reclaimable_cap(MB), avg_reclaimable(%), active(#), active_zones(#), open_zones(#)] 30 777 1142 59 7 7 3
2026/04/19-19:53:59.415166 1285 [DEBUG] New writable file: /db_working_home/000106.sst direct: 1
2026/04/19-19:53:59.418140 1285 Entering Apply Finish Threshold Function
2026/04/19-19:53:59.418150 1285 Finishing zone: Entering Finish()
2026/04/19-19:53:59.419068 1282 [DEBUG] Allocating zone(new=0) start: 0x40000000 wp: 0x40f71a00 lt: 3 file lt: 2
2026/04/19-19:53:59.419079 1282 [DEBUG] Syncing metadata for: /db_working_home/000103.log
2026/04/19-19:53:59.898575 1282 [DEBUG] New writable file: /db_working_home/000107.log direct: 0
2026/04/19-19:54:00.238883 1284 [DEBUG] Syncing metadata for: /db_working_home/000105.sst
2026/04/19-19:54:00.239671 1284 [DEBUG] Syncing metadata for: /db_working_home/000105.sst
2026/04/19-19:54:00.240733 1284 [DEBUG] GetFileSize: /db_working_home/000105.sst 
2026/04/19-19:54:00.240766 1284 [DEBUG] New writable file: /db_working_home/000108.sst direct: 1
2026/04/19-19:54:00.241692 1284 Entering Apply Finish Threshold Function
2026/04/19-19:54:00.241700 1284 Finishing zone: Entering Finish()
2026/04/19-19:54:00.401742 1283 Total Garbage Bytes this interval: 264981364 bytes
2026/04/19-19:54:00.401755 1283 Cumulative Average Garbage Bytes (over 30 intervals): 84020789 bytes
2026/04/19-19:54:00.401771 1283 Zone Garbage Stats: [109 4 1 1 0 1 0 1 2 1 0 0 ]
2026/04/19-19:54:00.401775 1283 Total Garbage Bytes: 264981364 bytes
2026/04/19-19:54:00.466092 1285 [DEBUG] Allocating zone(new=1) start: 0x48000000 wp: 0x48000000 lt: 3 file lt: 3
2026/04/19-19:54:00.466111 1285 [Zonestats:time(s),used_cap(MB),reclaimable_cap(MB), avg_reclaimable(%), active(#), active_zones(#), open_zones(#)] 31 896 1151 56 6 7 4
2026/04/19-19:54:00.466123 1285 [DEBUG] Syncing metadata for: /db_working_home/000106.sst
2026/04/19-19:54:00.611322 1285 [DEBUG] Syncing metadata for: /db_working_home/000106.sst
2026/04/19-19:54:00.612129 1285 [DEBUG] Syncing metadata for: /db_working_home/000106.sst
2026/04/19-19:54:00.613115 1285 [DEBUG] New random access file: /db_working_home/000106.sst direct: 1
2026/04/19-19:54:00.613570 1285 [DEBUG] GetFileSize: /db_working_home/000106.sst 
2026/04/19-19:54:00.616022 1285 [DEBUG] Syncing metadata for: /db_working_home/MANIFEST-000005
2026/04/19-19:54:00.616693 1285 [DEBUG] GetFileSize: /db_working_home/000106.sst 
2026/04/19-19:54:00.621609 1285 [DEBUG] Syncing metadata for: /db_working_home/000100.log
2026/04/19-19:54:00.622532 1285 [DEBUG] DeleteFile: ./db_working_home/000100.log 
2026/04/19-19:54:00.623329 1285 [Zonestats:time(s),used_cap(MB),reclaimable_cap(MB), avg_reclaimable(%), active(#), active_zones(#), open_zones(#)] 31 897 1278 58 7 7 2
2026/04/19-19:54:00.623486 1285 [DEBUG] New writable file: /db_working_home/000109.sst direct: 1
2026/04/19-19:54:00.626497 1285 Entering Apply Finish Threshold Function
2026/04/19-19:54:00.626522 1285 [DEBUG] Allocating zone(new=1) start: 0x50000000 wp: 0x50000000 lt: 3 file lt: 3
2026/04/19-19:54:00.626530 1285 [Zonestats:time(s),used_cap(MB),reclaimable_cap(MB), avg_reclaimable(%), active(#), active_zones(#), open_zones(#)] 31 897 1278 58 7 8 3
2026/04/19-19:54:00.626536 1285 [DEBUG] Syncing metadata for: /db_working_home/000109.sst
2026/04/19-19:54:00.629629 1282 [DEBUG] Allocating zone(new=0) start: 0xb8000000 wp: 0xb9f0e600 lt: 3 file lt: 2
2026/04/19-19:54:00.629639 1282 [DEBUG] Syncing metadata for: /db_working_home/000107.log
2026/04/19-19:54:00.821548 1285 [DEBUG] Syncing metadata for: /db_working_home/000109.sst
2026/04/19-19:54:00.822414 1285 [DEBUG] Syncing metadata for: /db_working_home/000109.sst
2026/04/19-19:54:00.823397 1285 [DEBUG] New random access file: /db_working_home/000109.sst direct: 1
2026/04/19-19:54:00.823576 1285 [DEBUG] GetFileSize: /db_working_home/000109.sst 
2026/04/19-19:54:00.824794 1284 [DEBUG] Allocating zone(new=1) start: 0x68000000 wp: 0x68000000 lt: 3 file lt: 3
2026/04/19-19:54:00.824810 1284 [Zonestats:time(s),used_cap(MB),reclaimable_cap(MB), avg_reclaimable(%), active(#), active_zones(#), open_zones(#)] 31 920 1383 60 7 8 4
2026/04/19-19:54:00.824819 1284 [DEBUG] Syncing metadata for: /db_working_home/000108.sst
2026/04/19-19:54:00.825697 1285 [DEBUG] Syncing metadata for: /db_working_home/MANIFEST-000005
2026/04/19-19:54:00.829005 1284 [DEBUG] Syncing metadata for: /db_working_home/000108.sst
2026/04/19-19:54:00.829148 1285 [DEBUG] GetFileSize: /db_working_home/000109.sst 
2026/04/19-19:54:00.836650 1284 [DEBUG] Syncing metadata for: /db_working_home/000108.sst
2026/04/19-19:54:00.837393 1284 [DEBUG] GetFileSize: /db_working_home/000108.sst 
2026/04/19-19:54:00.838440 1284 [DEBUG] New random access file: /db_working_home/000101.sst direct: 1
2026/04/19-19:54:00.841348 1284 [DEBUG] GetFileSize: /db_working_home/000101.sst 
2026/04/19-19:54:00.841560 1284 [DEBUG] New random access file: /db_working_home/000104.sst direct: 1
2026/04/19-19:54:00.842216 1285 [DEBUG] Syncing metadata for: /db_working_home/000103.log
2026/04/19-19:54:00.849589 1284 [DEBUG] GetFileSize: /db_working_home/000104.sst 
2026/04/19-19:54:00.850217 1285 [DEBUG] DeleteFile: ./db_working_home/000103.log 
2026/04/19-19:54:00.850809 1285 [Zonestats:time(s),used_cap(MB),reclaimable_cap(MB), avg_reclaimable(%), active(#), active_zones(#), open_zones(#)] 31 907 1524 62 8 8 2
2026/04/19-19:54:00.850834 1284 [DEBUG] New random access file: /db_working_home/000105.sst direct: 1
2026/04/19-19:54:00.851117 1284 [DEBUG] GetFileSize: /db_working_home/000105.sst 
2026/04/19-19:54:00.851288 1284 [DEBUG] New random access file: /db_working_home/000108.sst direct: 1
2026/04/19-19:54:00.851457 1284 [DEBUG] GetFileSize: /db_working_home/000108.sst 
2026/04/19-19:54:00.852285 1284 [DEBUG] Syncing metadata for: /db_working_home/MANIFEST-000005
2026/04/19-19:54:00.853195 1284 [DEBUG] DeleteFile: ./db_working_home/000081.sst 
2026/04/19-19:54:00.853772 1284 [Zonestats:time(s),used_cap(MB),reclaimable_cap(MB), avg_reclaimable(%), active(#), active_zones(#), open_zones(#)] 31 892 1539 63 8 8 2
2026/04/19-19:54:00.853813 1284 [DEBUG] DeleteFile: ./db_working_home/000084.sst 
2026/04/19-19:54:00.854390 1284 [Zonestats:time(s),used_cap(MB),reclaimable_cap(MB), avg_reclaimable(%), active(#), active_zones(#), open_zones(#)] 31 828 1603 65 8 8 2
2026/04/19-19:54:00.854423 1284 [DEBUG] DeleteFile: ./db_working_home/000085.sst 
2026/04/19-19:54:00.855369 1284 [Zonestats:time(s),used_cap(MB),reclaimable_cap(MB), avg_reclaimable(%), active(#), active_zones(#), open_zones(#)] 31 735 1568 68 8 8 2
2026/04/19-19:54:00.855404 1284 [DEBUG] DeleteFile: ./db_working_home/000086.sst 
2026/04/19-19:54:00.862737 1284 [Zonestats:time(s),used_cap(MB),reclaimable_cap(MB), avg_reclaimable(%), active(#), active_zones(#), open_zones(#)] 31 720 1583 68 8 8 2
2026/04/19-19:54:00.862791 1284 [DEBUG] DeleteFile: ./db_working_home/000088.sst 
2026/04/19-19:54:00.863648 1284 [Zonestats:time(s),used_cap(MB),reclaimable_cap(MB), avg_reclaimable(%), active(#), active_zones(#), open_zones(#)] 31 705 1470 67 8 8 2
2026/04/19-19:54:00.863720 1284 [DEBUG] DeleteFile: ./db_working_home/000089.sst 
2026/04/19-19:54:00.864304 1284 [Zonestats:time(s),used_cap(MB),reclaimable_cap(MB), avg_reclaimable(%), active(#), active_zones(#), open_zones(#)] 31 705 1470 67 8 8 2
2026/04/19-19:54:00.864341 1284 [DEBUG] DeleteFile: ./db_working_home/000091.sst 
2026/04/19-19:54:00.864989 1284 [Zonestats:time(s),used_cap(MB),reclaimable_cap(MB), avg_reclaimable(%), active(#), active_zones(#), open_zones(#)] 31 690 1357 66 8 8 2
2026/04/19-19:54:00.865023 1284 [DEBUG] DeleteFile: ./db_working_home/000093.sst 
2026/04/19-19:54:00.865576 1284 [Zonestats:time(s),used_cap(MB),reclaimable_cap(MB), avg_reclaimable(%), active(#), active_zones(#), open_zones(#)] 31 674 1373 67 8 8 2
2026/04/19-19:54:00.865607 1284 [DEBUG] DeleteFile: ./db_working_home/000095.sst 
2026/04/19-19:54:00.866170 1284 [Zonestats:time(s),used_cap(MB),reclaimable_cap(MB), avg_reclaimable(%), active(#), active_zones(#), open_zones(#)] 31 659 1388 67 8 8 2
2026/04/19-19:54:00.866202 1284 [DEBUG] DeleteFile: ./db_working_home/000097.sst 
2026/04/19-19:54:00.866832 1284 [Zonestats:time(s),used_cap(MB),reclaimable_cap(MB), avg_reclaimable(%), active(#), active_zones(#), open_zones(#)] 31 643 1276 66 8 8 2
2026/04/19-19:54:00.872306 1284 [DEBUG] New writable file: /db_working_home/000110.sst direct: 1
2026/04/19-19:54:00.882418 1284 Entering Apply Finish Threshold Function
2026/04/19-19:54:00.882444 1284 [DEBUG] Allocating zone(new=1) start: 0x70000000 wp: 0x70000000 lt: 5 file lt: 5
2026/04/19-19:54:00.882451 1284 [Zonestats:time(s),used_cap(MB),reclaimable_cap(MB), avg_reclaimable(%), active(#), active_zones(#), open_zones(#)] 31 644 1275 66 8 9 3
2026/04/19-19:54:00.882458 1284 [DEBUG] Syncing metadata for: /db_working_home/000110.sst
2026/04/19-19:54:00.960923 1282 [DEBUG] New writable file: /db_working_home/000111.log direct: 0
2026/04/19-19:54:00.964004 1285 [DEBUG] New writable file: /db_working_home/000112.sst direct: 1
2026/04/19-19:54:00.966701 1285 Entering Apply Finish Threshold Function
2026/04/19-19:54:00.966727 1285 [DEBUG] Allocating zone(new=1) start: 0x78000000 wp: 0x78000000 lt: 3 file lt: 3
2026/04/19-19:54:00.966734 1285 [Zonestats:time(s),used_cap(MB),reclaimable_cap(MB), avg_reclaimable(%), active(#), active_zones(#), open_zones(#)] 31 647 1272 66 9 10 4
2026/04/19-19:54:00.966740 1285 [DEBUG] Syncing metadata for: /db_working_home/000112.sst
2026/04/19-19:54:00.969042 1282 [DEBUG] Allocating zone(new=0) start: 0x68000000 wp: 0x68001400 lt: 3 file lt: 2
2026/04/19-19:54:00.969050 1282 [DEBUG] Syncing metadata for: /db_working_home/000111.log
2026/04/19-19:54:01.231985 1285 [DEBUG] Syncing metadata for: /db_working_home/000112.sst
2026/04/19-19:54:01.241422 1285 [DEBUG] Syncing metadata for: /db_working_home/000112.sst
2026/04/19-19:54:01.248901 1285 [DEBUG] New random access file: /db_working_home/000112.sst direct: 1
2026/04/19-19:54:01.253864 1285 [DEBUG] GetFileSize: /db_working_home/000112.sst 
2026/04/19-19:54:01.263194 1285 [DEBUG] Syncing metadata for: /db_working_home/MANIFEST-000005
2026/04/19-19:54:01.265120 1285 [DEBUG] GetFileSize: /db_working_home/000112.sst 
2026/04/19-19:54:01.270534 1285 [DEBUG] Syncing metadata for: /db_working_home/000107.log
2026/04/19-19:54:01.278327 1285 [DEBUG] DeleteFile: ./db_working_home/000107.log 
2026/04/19-19:54:01.284038 1285 [Zonestats:time(s),used_cap(MB),reclaimable_cap(MB), avg_reclaimable(%), active(#), active_zones(#), open_zones(#)] 32 657 1390 67 10 10 3
2026/04/19-19:54:01.397165 1282 [DEBUG] New writable file: /db_working_home/000113.log direct: 0
2026/04/19-19:54:01.400721 1285 [DEBUG] New writable file: /db_working_home/000114.sst direct: 1
2026/04/19-19:54:01.401959 1283 Total Garbage Bytes this interval: 266737532 bytes
2026/04/19-19:54:01.401977 1283 Cumulative Average Garbage Bytes (over 31 intervals): 89914877 bytes
2026/04/19-19:54:01.401999 1283 Zone Garbage Stats: [108 7 2 1 0 1 0 2 1 0 0 0 ]
2026/04/19-19:54:01.402004 1283 Total Garbage Bytes: 266737532 bytes
2026/04/19-19:54:01.403315 1285 Entering Apply Finish Threshold Function
2026/04/19-19:54:01.403342 1285 [DEBUG] Allocating zone(new=1) start: 0x90000000 wp: 0x90000000 lt: 3 file lt: 3
2026/04/19-19:54:01.403349 1285 [Zonestats:time(s),used_cap(MB),reclaimable_cap(MB), avg_reclaimable(%), active(#), active_zones(#), open_zones(#)] 32 663 1384 67 10 11 4
2026/04/19-19:54:01.403356 1285 [DEBUG] Syncing metadata for: /db_working_home/000114.sst
2026/04/19-19:54:01.406432 1282 [DEBUG] Allocating zone(new=0) start: 0xb8000000 wp: 0xbaeaaa00 lt: 3 file lt: 2
2026/04/19-19:54:01.406438 1282 [DEBUG] Syncing metadata for: /db_working_home/000113.log
2026/04/19-19:54:01.716367 1285 [DEBUG] Syncing metadata for: /db_working_home/000114.sst
2026/04/19-19:54:01.716460 1282 [DEBUG] New writable file: /db_working_home/000115.log direct: 0
2026/04/19-19:54:01.723554 1285 [DEBUG] Syncing metadata for: /db_working_home/000114.sst
2026/04/19-19:54:01.724772 1285 [DEBUG] New random access file: /db_working_home/000114.sst direct: 1
2026/04/19-19:54:01.724958 1285 [DEBUG] GetFileSize: /db_working_home/000114.sst 
2026/04/19-19:54:01.733179 1285 [DEBUG] Syncing metadata for: /db_working_home/MANIFEST-000005
2026/04/19-19:54:01.734004 1285 [DEBUG] GetFileSize: /db_working_home/000114.sst 
2026/04/19-19:54:01.740646 1285 [DEBUG] Syncing metadata for: /db_working_home/000111.log
2026/04/19-19:54:01.748416 1285 [DEBUG] DeleteFile: ./db_working_home/000111.log 
2026/04/19-19:54:01.748997 1285 [Zonestats:time(s),used_cap(MB),reclaimable_cap(MB), avg_reclaimable(%), active(#), active_zones(#), open_zones(#)] 32 678 1497 68 11 11 3
2026/04/19-19:54:01.749155 1285 [DEBUG] New writable file: /db_working_home/000116.sst direct: 1
2026/04/19-19:54:01.751803 1285 Entering Apply Finish Threshold Function
2026/04/19-19:54:01.751828 1285 [DEBUG] Allocating zone(new=1) start: 0x98000000 wp: 0x98000000 lt: 3 file lt: 3
2026/04/19-19:54:01.751835 1285 [Zonestats:time(s),used_cap(MB),reclaimable_cap(MB), avg_reclaimable(%), active(#), active_zones(#), open_zones(#)] 32 678 1497 68 11 12 4
2026/04/19-19:54:01.751841 1285 [DEBUG] Syncing metadata for: /db_working_home/000116.sst
2026/04/19-19:54:01.756743 1282 [DEBUG] Allocating zone(new=0) start: 0x90000000 wp: 0x90f72200 lt: 3 file lt: 2
2026/04/19-19:54:01.756754 1282 [DEBUG] Syncing metadata for: /db_working_home/000115.log
2026/04/19-19:54:02.070788 1285 [DEBUG] Syncing metadata for: /db_working_home/000116.sst
2026/04/19-19:54:02.071977 1282 [DEBUG] New writable file: /db_working_home/000117.log direct: 0
2026/04/19-19:54:02.073398 1285 [DEBUG] Syncing metadata for: /db_working_home/000116.sst
2026/04/19-19:54:02.081825 1285 [DEBUG] New random access file: /db_working_home/000116.sst direct: 1
2026/04/19-19:54:02.082039 1285 [DEBUG] GetFileSize: /db_working_home/000116.sst 
2026/04/19-19:54:02.085906 1285 [DEBUG] Syncing metadata for: /db_working_home/MANIFEST-000005
2026/04/19-19:54:02.093532 1285 [DEBUG] GetFileSize: /db_working_home/000116.sst 
2026/04/19-19:54:02.098282 1285 [DEBUG] Syncing metadata for: /db_working_home/000113.log
2026/04/19-19:54:02.105621 1285 [DEBUG] DeleteFile: ./db_working_home/000113.log 
2026/04/19-19:54:02.106202 1285 [Zonestats:time(s),used_cap(MB),reclaimable_cap(MB), avg_reclaimable(%), active(#), active_zones(#), open_zones(#)] 33 694 1609 69 12 12 3
2026/04/19-19:54:02.106350 1285 [DEBUG] New writable file: /db_working_home/000118.sst direct: 1
2026/04/19-19:54:02.108919 1285 Entering Apply Finish Threshold Function
2026/04/19-19:54:02.108944 1285 [DEBUG] Allocator: avoided a finish by relaxing lifetime diff requirement
2026/04/19-19:54:02.108947 1285 [DEBUG] Allocating zone(new=0) start: 0xb8000000 wp: 0xbbe47200 lt: 3 file lt: 3
2026/04/19-19:54:02.108954 1285 [Zonestats:time(s),used_cap(MB),reclaimable_cap(MB), avg_reclaimable(%), active(#), active_zones(#), open_zones(#)] 33 694 1609 69 12 12 4
2026/04/19-19:54:02.108960 1285 [DEBUG] Syncing metadata for: /db_working_home/000118.sst
2026/04/19-19:54:02.112669 1282 [DEBUG] Allocating zone(new=0) start: 0x98000000 wp: 0x98f71200 lt: 3 file lt: 2
2026/04/19-19:54:02.112680 1282 [DEBUG] Syncing metadata for: /db_working_home/000117.log
2026/04/19-19:54:02.360938 1285 [DEBUG] Syncing metadata for: /db_working_home/000118.sst
2026/04/19-19:54:02.368590 1285 [DEBUG] Syncing metadata for: /db_working_home/000118.sst
2026/04/19-19:54:02.376336 1285 [DEBUG] New random access file: /db_working_home/000118.sst direct: 1
2026/04/19-19:54:02.377042 1285 [DEBUG] GetFileSize: /db_working_home/000118.sst 
2026/04/19-19:54:02.386904 1285 [DEBUG] Syncing metadata for: /db_working_home/MANIFEST-000005
2026/04/19-19:54:02.394698 1285 [DEBUG] GetFileSize: /db_working_home/000118.sst 
2026/04/19-19:54:02.401364 1285 [DEBUG] Syncing metadata for: /db_working_home/000115.log
2026/04/19-19:54:02.402144 1283 Total Garbage Bytes this interval: 299481741 bytes
2026/04/19-19:54:02.402155 1283 Cumulative Average Garbage Bytes (over 32 intervals): 96463842 bytes
2026/04/19-19:54:02.402170 1283 Zone Garbage Stats: [106 7 3 0 1 1 0 2 1 0 0 0 ]
2026/04/19-19:54:02.402174 1283 Total Garbage Bytes: 299481741 bytes
2026/04/19-19:54:02.409103 1285 [DEBUG] DeleteFile: ./db_working_home/000115.log 
2026/04/19-19:54:02.416599 1285 [Zonestats:time(s),used_cap(MB),reclaimable_cap(MB), avg_reclaimable(%), active(#), active_zones(#), open_zones(#)] 33 703 1600 69 12 12 3
2026/04/19-19:54:02.539405 1282 [DEBUG] New writable file: /db_working_home/000119.log direct: 0
2026/04/19-19:54:02.544726 1285 [DEBUG] New writable file: /db_working_home/000120.sst direct: 1
2026/04/19-19:54:02.547854 1285 Entering Apply Finish Threshold Function
2026/04/19-19:54:02.547865 1285 Finishing zone: Entering Finish()
2026/04/19-19:54:02.549452 1282 [DEBUG] Allocating zone(new=0) start: 0x90000000 wp: 0x91f0ea00 lt: 3 file lt: 2
2026/04/19-19:54:02.549461 1282 [DEBUG] Syncing metadata for: /db_working_home/000119.log
2026/04/19-19:54:02.794873 1282 [DEBUG] New writable file: /db_working_home/000121.log direct: 0
2026/04/19-19:54:03.116274 1284 Entering Apply Finish Threshold Function
2026/04/19-19:54:03.116314 1284 [DEBUG] Allocating zone(new=1) start: 0xa0000000 wp: 0xa0000000 lt: 5 file lt: 5
2026/04/19-19:54:03.116324 1284 [Zonestats:time(s),used_cap(MB),reclaimable_cap(MB), avg_reclaimable(%), active(#), active_zones(#), open_zones(#)] 34 852 1579 64 11 12 4
2026/04/19-19:54:03.116332 1284 [DEBUG] Syncing metadata for: /db_working_home/000110.sst
2026/04/19-19:54:03.122267 1284 [DEBUG] Syncing metadata for: /db_working_home/000110.sst
2026/04/19-19:54:03.123077 1284 [DEBUG] Syncing metadata for: /db_working_home/000110.sst
2026/04/19-19:54:03.124203 1284 [DEBUG] GetFileSize: /db_working_home/000110.sst 
2026/04/19-19:54:03.124251 1284 [DEBUG] New writable file: /db_working_home/000122.sst direct: 1
2026/04/19-19:54:03.130013 1284 Entering Apply Finish Threshold Function
2026/04/19-19:54:03.130039 1284 [DEBUG] Allocator: avoided a finish by relaxing lifetime diff requirement
2026/04/19-19:54:03.130043 1284 [DEBUG] Allocating zone(new=0) start: 0xa0000000 wp: 0xa003a800 lt: 5 file lt: 5
2026/04/19-19:54:03.130050 1284 [Zonestats:time(s),used_cap(MB),reclaimable_cap(MB), avg_reclaimable(%), active(#), active_zones(#), open_zones(#)] 34 852 1707 66 12 12 4
2026/04/19-19:54:03.130056 1284 [DEBUG] Syncing metadata for: /db_working_home/000122.sst
2026/04/19-19:54:03.331158 1284 [DEBUG] Syncing metadata for: /db_working_home/000122.sst
2026/04/19-19:54:03.331986 1284 [DEBUG] Syncing metadata for: /db_working_home/000122.sst
2026/04/19-19:54:03.333079 1284 [DEBUG] GetFileSize: /db_working_home/000122.sst 
2026/04/19-19:54:03.334025 1284 [DEBUG] New random access file: /db_working_home/000110.sst direct: 1
2026/04/19-19:54:03.334562 1284 [DEBUG] GetFileSize: /db_working_home/000110.sst 
2026/04/19-19:54:03.336079 1284 [DEBUG] New random access file: /db_working_home/000122.sst direct: 1
2026/04/19-19:54:03.336647 1284 [DEBUG] GetFileSize: /db_working_home/000122.sst 
2026/04/19-19:54:03.338566 1284 [DEBUG] Syncing metadata for: /db_working_home/MANIFEST-000005
2026/04/19-19:54:03.363943 1284 [DEBUG] New writable file: /db_working_home/000123.sst direct: 1
2026/04/19-19:54:03.366030 1284 Entering Apply Finish Threshold Function
2026/04/19-19:54:03.366042 1284 [DEBUG] Allocating zone(new=0) start: 0xa0000000 wp: 0xa1321e00 lt: 5 file lt: 3
2026/04/19-19:54:03.366046 1284 [Zonestats:time(s),used_cap(MB),reclaimable_cap(MB), avg_reclaimable(%), active(#), active_zones(#), open_zones(#)] 34 871 1688 65 12 12 4
2026/04/19-19:54:03.366048 1284 [DEBUG] Syncing metadata for: /db_working_home/000123.sst
2026/04/19-19:54:03.402276 1283 Total Garbage Bytes this interval: 250371262 bytes
2026/04/19-19:54:03.402289 1283 Cumulative Average Garbage Bytes (over 33 intervals): 101127703 bytes
2026/04/19-19:54:03.402308 1283 Zone Garbage Stats: [105 8 3 0 0 1 0 2 1 0 0 0 ]
2026/04/19-19:54:03.402312 1283 Total Garbage Bytes: 250371262 bytes
2026/04/19-19:54:04.139265 1284 [DEBUG] Syncing metadata for: /db_working_home/000123.sst
2026/04/19-19:54:04.139841 1284 [DEBUG] Syncing metadata for: /db_working_home/000123.sst
2026/04/19-19:54:04.140921 1284 [DEBUG] GetFileSize: /db_working_home/000123.sst 
2026/04/19-19:54:04.140956 1284 [DEBUG] New writable file: /db_working_home/000124.sst direct: 1
2026/04/19-19:54:04.144291 1284 Entering Apply Finish Threshold Function
2026/04/19-19:54:04.144303 1284 Finishing zone: Entering Finish()
2026/04/19-19:54:04.147384 1285 [DEBUG] Allocating zone(new=1) start: 0xa8000000 wp: 0xa8000000 lt: 3 file lt: 3
2026/04/19-19:54:04.147399 1285 [Zonestats:time(s),used_cap(MB),reclaimable_cap(MB), avg_reclaimable(%), active(#), active_zones(#), open_zones(#)] 35 935 1624 63 11 12 4
2026/04/19-19:54:04.147408 1285 [DEBUG] Syncing metadata for: /db_working_home/000120.sst
2026/04/19-19:54:04.293153 1285 [DEBUG] Syncing metadata for: /db_working_home/000120.sst
2026/04/19-19:54:04.293732 1285 [DEBUG] Syncing metadata for: /db_working_home/000120.sst
2026/04/19-19:54:04.294739 1285 [DEBUG] New random access file: /db_working_home/000120.sst direct: 1
2026/04/19-19:54:04.294926 1285 [DEBUG] GetFileSize: /db_working_home/000120.sst 
2026/04/19-19:54:04.297503 1285 [DEBUG] Syncing metadata for: /db_working_home/MANIFEST-000005
2026/04/19-19:54:04.298174 1285 [DEBUG] GetFileSize: /db_working_home/000120.sst 
2026/04/19-19:54:04.303092 1285 [DEBUG] Syncing metadata for: /db_working_home/000117.log
2026/04/19-19:54:04.304070 1285 [DEBUG] DeleteFile: ./db_working_home/000055.sst 
2026/04/19-19:54:04.304808 1285 [Zonestats:time(s),used_cap(MB),reclaimable_cap(MB), avg_reclaimable(%), active(#), active_zones(#), open_zones(#)] 35 909 1778 66 12 12 2
2026/04/19-19:54:04.304856 1285 [DEBUG] DeleteFile: ./db_working_home/000105.sst 
2026/04/19-19:54:04.305813 1285 [Zonestats:time(s),used_cap(MB),reclaimable_cap(MB), avg_reclaimable(%), active(#), active_zones(#), open_zones(#)] 35 804 1755 68 12 12 2
2026/04/19-19:54:04.305847 1285 [DEBUG] DeleteFile: ./db_working_home/000117.log 
2026/04/19-19:54:04.306604 1285 [Zonestats:time(s),used_cap(MB),reclaimable_cap(MB), avg_reclaimable(%), active(#), active_zones(#), open_zones(#)] 35 789 1770 69 12 12 2
2026/04/19-19:54:04.306965 1285 [DEBUG] New writable file: /db_working_home/000125.sst direct: 1
2026/04/19-19:54:04.309776 1285 Entering Apply Finish Threshold Function
2026/04/19-19:54:04.309801 1285 [DEBUG] Allocator: avoided a finish by relaxing lifetime diff requirement
2026/04/19-19:54:04.309804 1285 [DEBUG] Allocating zone(new=0) start: 0xa8000000 wp: 0xa8f72200 lt: 3 file lt: 3
2026/04/19-19:54:04.309811 1285 [Zonestats:time(s),used_cap(MB),reclaimable_cap(MB), avg_reclaimable(%), active(#), active_zones(#), open_zones(#)] 35 789 1770 69 12 12 3
2026/04/19-19:54:04.309817 1285 [DEBUG] Syncing metadata for: /db_working_home/000125.sst
2026/04/19-19:54:04.313397 1282 [DEBUG] Allocating zone(new=0) start: 0x98000000 wp: 0x99f0ea00 lt: 3 file lt: 2
2026/04/19-19:54:04.313411 1282 [DEBUG] Syncing metadata for: /db_working_home/000121.log
2026/04/19-19:54:04.402486 1283 Total Garbage Bytes this interval: 344348510 bytes
2026/04/19-19:54:04.403022 1283 Cumulative Average Garbage Bytes (over 34 intervals): 108281256 bytes
2026/04/19-19:54:04.403044 1283 Zone Garbage Stats: [105 8 2 0 0 1 0 1 2 0 1 0 ]
2026/04/19-19:54:04.403048 1283 Total Garbage Bytes: 344348510 bytes
2026/04/19-19:54:04.544051 1282 [DEBUG] New writable file: /db_working_home/000126.log direct: 0
2026/04/19-19:54:04.544694 1285 [DEBUG] Syncing metadata for: /db_working_home/000125.sst
2026/04/19-19:54:04.546225 1285 [DEBUG] Syncing metadata for: /db_working_home/000125.sst
2026/04/19-19:54:04.547216 1285 [DEBUG] New random access file: /db_working_home/000125.sst direct: 1
2026/04/19-19:54:04.547398 1285 [DEBUG] GetFileSize: /db_working_home/000125.sst 
2026/04/19-19:54:04.549495 1285 [DEBUG] Syncing metadata for: /db_working_home/MANIFEST-000005
2026/04/19-19:54:04.550158 1285 [DEBUG] GetFileSize: /db_working_home/000125.sst 
2026/04/19-19:54:04.554971 1285 [DEBUG] Syncing metadata for: /db_working_home/000119.log
2026/04/19-19:54:04.555654 1285 [DEBUG] DeleteFile: ./db_working_home/000119.log 
2026/04/19-19:54:04.556356 1285 [Zonestats:time(s),used_cap(MB),reclaimable_cap(MB), avg_reclaimable(%), active(#), active_zones(#), open_zones(#)] 35 804 1755 68 12 12 2
2026/04/19-19:54:04.556534 1285 [DEBUG] New writable file: /db_working_home/000127.sst direct: 1
2026/04/19-19:54:04.559812 1285 Entering Apply Finish Threshold Function
2026/04/19-19:54:04.559836 1285 [DEBUG] Allocator: avoided a finish by relaxing lifetime diff requirement
2026/04/19-19:54:04.559840 1285 [DEBUG] Allocating zone(new=0) start: 0xa8000000 wp: 0xa9ee3800 lt: 3 file lt: 3
2026/04/19-19:54:04.559846 1285 [Zonestats:time(s),used_cap(MB),reclaimable_cap(MB), avg_reclaimable(%), active(#), active_zones(#), open_zones(#)] 35 804 1755 68 12 12 3
2026/04/19-19:54:04.559852 1285 [DEBUG] Syncing metadata for: /db_working_home/000127.sst
2026/04/19-19:54:04.563123 1282 [DEBUG] Allocating zone(new=0) start: 0x90000000 wp: 0x92eab600 lt: 3 file lt: 2
2026/04/19-19:54:04.563137 1282 [DEBUG] Syncing metadata for: /db_working_home/000126.log
2026/04/19-19:54:04.752120 1285 [DEBUG] Syncing metadata for: /db_working_home/000127.sst
2026/04/19-19:54:04.752713 1285 [DEBUG] Syncing metadata for: /db_working_home/000127.sst
2026/04/19-19:54:04.753696 1285 [DEBUG] New random access file: /db_working_home/000127.sst direct: 1
2026/04/19-19:54:04.753875 1285 [DEBUG] GetFileSize: /db_working_home/000127.sst 
2026/04/19-19:54:04.755982 1285 [DEBUG] Syncing metadata for: /db_working_home/MANIFEST-000005
2026/04/19-19:54:04.756636 1285 [DEBUG] GetFileSize: /db_working_home/000127.sst 
2026/04/19-19:54:04.761533 1285 [DEBUG] Syncing metadata for: /db_working_home/000121.log
2026/04/19-19:54:04.769341 1285 [DEBUG] DeleteFile: ./db_working_home/000121.log 
2026/04/19-19:54:04.770002 1285 [Zonestats:time(s),used_cap(MB),reclaimable_cap(MB), avg_reclaimable(%), active(#), active_zones(#), open_zones(#)] 35 814 1745 68 12 12 2
2026/04/19-19:54:04.852351 1282 [DEBUG] New writable file: /db_working_home/000128.log direct: 0
2026/04/19-19:54:04.853206 1285 [DEBUG] New writable file: /db_working_home/000129.sst direct: 1
2026/04/19-19:54:04.855960 1285 Entering Apply Finish Threshold Function
2026/04/19-19:54:04.855985 1285 [DEBUG] Allocator: avoided a finish by relaxing lifetime diff requirement
2026/04/19-19:54:04.855988 1285 [DEBUG] Allocating zone(new=0) start: 0xa8000000 wp: 0xaae54a00 lt: 3 file lt: 3
2026/04/19-19:54:04.855996 1285 [Zonestats:time(s),used_cap(MB),reclaimable_cap(MB), avg_reclaimable(%), active(#), active_zones(#), open_zones(#)] 35 820 1739 67 12 12 3
2026/04/19-19:54:04.856002 1285 [DEBUG] Syncing metadata for: /db_working_home/000129.sst
2026/04/19-19:54:04.856407 1282 [DEBUG] Allocating zone(new=0) start: 0x98000000 wp: 0x9aeab200 lt: 3 file lt: 2
2026/04/19-19:54:04.856413 1282 [DEBUG] Syncing metadata for: /db_working_home/000128.log
2026/04/19-19:54:05.089754 1282 [DEBUG] New writable file: /db_working_home/000130.log direct: 0
2026/04/19-19:54:05.090457 1285 [DEBUG] Syncing metadata for: /db_working_home/000129.sst
2026/04/19-19:54:05.092106 1285 [DEBUG] Syncing metadata for: /db_working_home/000129.sst
2026/04/19-19:54:05.093082 1285 [DEBUG] New random access file: /db_working_home/000129.sst direct: 1
2026/04/19-19:54:05.093258 1285 [DEBUG] GetFileSize: /db_working_home/000129.sst 
2026/04/19-19:54:05.095377 1285 [DEBUG] Syncing metadata for: /db_working_home/MANIFEST-000005
2026/04/19-19:54:05.096024 1285 [DEBUG] GetFileSize: /db_working_home/000129.sst 
2026/04/19-19:54:05.100961 1285 [DEBUG] Syncing metadata for: /db_working_home/000126.log
2026/04/19-19:54:05.101920 1285 [DEBUG] DeleteFile: ./db_working_home/000126.log 
2026/04/19-19:54:05.102662 1285 [Zonestats:time(s),used_cap(MB),reclaimable_cap(MB), avg_reclaimable(%), active(#), active_zones(#), open_zones(#)] 36 835 1724 67 12 12 2
2026/04/19-19:54:05.102780 1285 [DEBUG] New writable file: /db_working_home/000131.sst direct: 1
2026/04/19-19:54:05.105097 1285 Entering Apply Finish Threshold Function
2026/04/19-19:54:05.105113 1285 [DEBUG] Allocator: avoided a finish by relaxing lifetime diff requirement
2026/04/19-19:54:05.105116 1285 [DEBUG] Allocating zone(new=0) start: 0xa8000000 wp: 0xabdc6800 lt: 3 file lt: 3
2026/04/19-19:54:05.105120 1285 [Zonestats:time(s),used_cap(MB),reclaimable_cap(MB), avg_reclaimable(%), active(#), active_zones(#), open_zones(#)] 36 835 1724 67 12 12 3
2026/04/19-19:54:05.105124 1285 [DEBUG] Syncing metadata for: /db_working_home/000131.sst
2026/04/19-19:54:05.108112 1282 [DEBUG] Allocating zone(new=0) start: 0x90000000 wp: 0x93e48a00 lt: 3 file lt: 2
2026/04/19-19:54:05.108121 1282 [DEBUG] Syncing metadata for: /db_working_home/000130.log
2026/04/19-19:54:05.297017 1285 [DEBUG] Syncing metadata for: /db_working_home/000131.sst
2026/04/19-19:54:05.297828 1285 [DEBUG] Syncing metadata for: /db_working_home/000131.sst
2026/04/19-19:54:05.298831 1285 [DEBUG] New random access file: /db_working_home/000131.sst direct: 1
2026/04/19-19:54:05.299008 1285 [DEBUG] GetFileSize: /db_working_home/000131.sst 
2026/04/19-19:54:05.301122 1285 [DEBUG] Syncing metadata for: /db_working_home/MANIFEST-000005
2026/04/19-19:54:05.301773 1285 [DEBUG] GetFileSize: /db_working_home/000131.sst 
2026/04/19-19:54:05.306731 1285 [DEBUG] Syncing metadata for: /db_working_home/000128.log
2026/04/19-19:54:05.314865 1285 [DEBUG] DeleteFile: ./db_working_home/000128.log 
2026/04/19-19:54:05.315966 1285 [Zonestats:time(s),used_cap(MB),reclaimable_cap(MB), avg_reclaimable(%), active(#), active_zones(#), open_zones(#)] 36 845 1714 66 12 12 2
2026/04/19-19:54:05.397965 1282 [DEBUG] New writable file: /db_working_home/000132.log direct: 0
2026/04/19-19:54:05.398835 1285 [DEBUG] New writable file: /db_working_home/000133.sst direct: 1
2026/04/19-19:54:05.401668 1285 Entering Apply Finish Threshold Function
2026/04/19-19:54:05.401679 1285 Finishing zone: Entering Finish()
2026/04/19-19:54:05.402015 1282 [DEBUG] Allocating zone(new=0) start: 0x98000000 wp: 0x9be48600 lt: 3 file lt: 2
2026/04/19-19:54:05.402020 1282 [DEBUG] Syncing metadata for: /db_working_home/000132.log
2026/04/19-19:54:05.403154 1283 Total Garbage Bytes this interval: 344348510 bytes
2026/04/19-19:54:05.403161 1283 Cumulative Average Garbage Bytes (over 35 intervals): 115026035 bytes
2026/04/19-19:54:05.403176 1283 Zone Garbage Stats: [105 8 2 0 0 1 0 1 2 0 1 0 ]
2026/04/19-19:54:05.403179 1283 Total Garbage Bytes: 344348510 bytes
2026/04/19-19:54:05.622764 1282 [DEBUG] New writable file: /db_working_home/000134.log direct: 0
2026/04/19-19:54:05.736557 1284 [DEBUG] Allocating zone(new=1) start: 0x38000000 wp: 0x38000000 lt: 3 file lt: 3
2026/04/19-19:54:05.736573 1284 [Zonestats:time(s),used_cap(MB),reclaimable_cap(MB), avg_reclaimable(%), active(#), active_zones(#), open_zones(#)] 36 866 1693 66 11 12 4
2026/04/19-19:54:05.736583 1284 [DEBUG] Syncing metadata for: /db_working_home/000124.sst
2026/04/19-19:54:06.394359 1284 [DEBUG] Syncing metadata for: /db_working_home/000124.sst
2026/04/19-19:54:06.395168 1284 [DEBUG] Syncing metadata for: /db_working_home/000124.sst
2026/04/19-19:54:06.396248 1284 [DEBUG] GetFileSize: /db_working_home/000124.sst 
2026/04/19-19:54:06.397356 1284 [DEBUG] New random access file: /db_working_home/000123.sst direct: 1
2026/04/19-19:54:06.397674 1284 [DEBUG] GetFileSize: /db_working_home/000123.sst 
2026/04/19-19:54:06.397857 1284 [DEBUG] New random access file: /db_working_home/000124.sst direct: 1
2026/04/19-19:54:06.398289 1284 [DEBUG] GetFileSize: /db_working_home/000124.sst 
2026/04/19-19:54:06.399208 1284 [DEBUG] Syncing metadata for: /db_working_home/MANIFEST-000005
2026/04/19-19:54:06.403354 1283 Total Garbage Bytes this interval: 344349283 bytes
2026/04/19-19:54:06.403367 1283 Cumulative Average Garbage Bytes (over 36 intervals): 121396125 bytes
2026/04/19-19:54:06.403384 1283 Zone Garbage Stats: [104 9 2 0 1 1 0 1 2 0 1 0 ]
2026/04/19-19:54:06.403388 1283 Total Garbage Bytes: 344349283 bytes
2026/04/19-19:54:06.419219 1284 [DEBUG] New writable file: /db_working_home/000135.sst direct: 1
2026/04/19-19:54:06.422174 1284 Entering Apply Finish Threshold Function
2026/04/19-19:54:06.422199 1284 [DEBUG] Allocator: avoided a finish by relaxing lifetime diff requirement
2026/04/19-19:54:06.422202 1284 [DEBUG] Allocating zone(new=0) start: 0x78000000 wp: 0x78f70e00 lt: 3 file lt: 3
2026/04/19-19:54:06.422210 1284 [Zonestats:time(s),used_cap(MB),reclaimable_cap(MB), avg_reclaimable(%), active(#), active_zones(#), open_zones(#)] 37 925 1762 65 12 12 4
2026/04/19-19:54:06.422217 1284 [DEBUG] Syncing metadata for: /db_working_home/000135.sst
2026/04/19-19:54:06.758451 1285 [DEBUG] Allocating zone(new=1) start: 0xc0000000 wp: 0xc0000000 lt: 3 file lt: 3
2026/04/19-19:54:06.758468 1285 [Zonestats:time(s),used_cap(MB),reclaimable_cap(MB), avg_reclaimable(%), active(#), active_zones(#), open_zones(#)] 37 925 1762 65 11 12 5
2026/04/19-19:54:06.758478 1285 [DEBUG] Syncing metadata for: /db_working_home/000133.sst
2026/04/19-19:54:06.919024 1285 [DEBUG] Syncing metadata for: /db_working_home/000133.sst
2026/04/19-19:54:06.919598 1285 [DEBUG] Syncing metadata for: /db_working_home/000133.sst
2026/04/19-19:54:06.920236 1285 [DEBUG] New random access file: /db_working_home/000133.sst direct: 1
2026/04/19-19:54:06.920415 1285 [DEBUG] GetFileSize: /db_working_home/000133.sst 
2026/04/19-19:54:06.925630 1285 [DEBUG] Syncing metadata for: /db_working_home/MANIFEST-000005
2026/04/19-19:54:06.929508 1285 [DEBUG] GetFileSize: /db_working_home/000133.sst 
2026/04/19-19:54:06.934322 1285 [DEBUG] Syncing metadata for: /db_working_home/000130.log
2026/04/19-19:54:06.937231 1285 [DEBUG] DeleteFile: ./db_working_home/000099.sst 
2026/04/19-19:54:06.937829 1285 [Zonestats:time(s),used_cap(MB),reclaimable_cap(MB), avg_reclaimable(%), active(#), active_zones(#), open_zones(#)] 37 925 1890 67 12 12 3
2026/04/19-19:54:06.937874 1285 [DEBUG] DeleteFile: ./db_working_home/000102.sst 
2026/04/19-19:54:06.938580 1285 [Zonestats:time(s),used_cap(MB),reclaimable_cap(MB), avg_reclaimable(%), active(#), active_zones(#), open_zones(#)] 37 910 1777 66 11 11 3
2026/04/19-19:54:06.938615 1285 [DEBUG] DeleteFile: ./db_working_home/000106.sst 
2026/04/19-19:54:06.942847 1285 [Zonestats:time(s),used_cap(MB),reclaimable_cap(MB), avg_reclaimable(%), active(#), active_zones(#), open_zones(#)] 37 895 1664 65 10 10 3
2026/04/19-19:54:06.942918 1285 [DEBUG] DeleteFile: ./db_working_home/000109.sst 
2026/04/19-19:54:06.946695 1285 [Zonestats:time(s),used_cap(MB),reclaimable_cap(MB), avg_reclaimable(%), active(#), active_zones(#), open_zones(#)] 37 879 1552 63 9 9 3
2026/04/19-19:54:06.946749 1285 [DEBUG] DeleteFile: ./db_working_home/000112.sst 
2026/04/19-19:54:06.947328 1285 [Zonestats:time(s),used_cap(MB),reclaimable_cap(MB), avg_reclaimable(%), active(#), active_zones(#), open_zones(#)] 37 864 1439 62 9 9 3
2026/04/19-19:54:06.947363 1285 [DEBUG] DeleteFile: ./db_working_home/000114.sst 
2026/04/19-19:54:06.947923 1285 [Zonestats:time(s),used_cap(MB),reclaimable_cap(MB), avg_reclaimable(%), active(#), active_zones(#), open_zones(#)] 37 848 1455 63 9 9 3
2026/04/19-19:54:06.947956 1285 [DEBUG] DeleteFile: ./db_working_home/000116.sst 
2026/04/19-19:54:06.948510 1285 [Zonestats:time(s),used_cap(MB),reclaimable_cap(MB), avg_reclaimable(%), active(#), active_zones(#), open_zones(#)] 37 833 1470 63 9 9 3
2026/04/19-19:54:06.948542 1285 [DEBUG] DeleteFile: ./db_working_home/000118.sst 
2026/04/19-19:54:06.952909 1285 [Zonestats:time(s),used_cap(MB),reclaimable_cap(MB), avg_reclaimable(%), active(#), active_zones(#), open_zones(#)] 37 817 1358 62 9 9 3
2026/04/19-19:54:06.952960 1285 [DEBUG] DeleteFile: ./db_working_home/000130.log 
2026/04/19-19:54:06.956937 1285 [Zonestats:time(s),used_cap(MB),reclaimable_cap(MB), avg_reclaimable(%), active(#), active_zones(#), open_zones(#)] 37 802 1245 60 8 8 3
2026/04/19-19:54:06.957168 1285 [DEBUG] New writable file: /db_working_home/000136.sst direct: 1
2026/04/19-19:54:06.959992 1285 Entering Apply Finish Threshold Function
2026/04/19-19:54:06.960017 1285 [DEBUG] Allocating zone(new=1) start: 0x40000000 wp: 0x40000000 lt: 3 file lt: 3
2026/04/19-19:54:06.960023 1285 [Zonestats:time(s),used_cap(MB),reclaimable_cap(MB), avg_reclaimable(%), active(#), active_zones(#), open_zones(#)] 37 802 1245 60 8 9 4
2026/04/19-19:54:06.960030 1285 [DEBUG] Syncing metadata for: /db_working_home/000136.sst
2026/04/19-19:54:06.963297 1282 [DEBUG] Allocating zone(new=0) start: 0xc0000000 wp: 0xc0f71e00 lt: 3 file lt: 2
2026/04/19-19:54:06.963308 1282 [DEBUG] Syncing metadata for: /db_working_home/000134.log
2026/04/19-19:54:07.229349 1282 [DEBUG] New writable file: /db_working_home/000137.log direct: 0
2026/04/19-19:54:07.229372 1285 [DEBUG] Syncing metadata for: /db_working_home/000136.sst
2026/04/19-19:54:07.232753 1285 [DEBUG] Syncing metadata for: /db_working_home/000136.sst
2026/04/19-19:54:07.233386 1285 [DEBUG] New random access file: /db_working_home/000136.sst direct: 1
2026/04/19-19:54:07.233572 1285 [DEBUG] GetFileSize: /db_working_home/000136.sst 
2026/04/19-19:54:07.235685 1285 [DEBUG] Syncing metadata for: /db_working_home/MANIFEST-000005
2026/04/19-19:54:07.239752 1285 [DEBUG] GetFileSize: /db_working_home/000136.sst 
2026/04/19-19:54:07.248073 1285 [DEBUG] Syncing metadata for: /db_working_home/000132.log
2026/04/19-19:54:07.248779 1285 [DEBUG] DeleteFile: ./db_working_home/000132.log 
2026/04/19-19:54:07.249474 1285 [Zonestats:time(s),used_cap(MB),reclaimable_cap(MB), avg_reclaimable(%), active(#), active_zones(#), open_zones(#)] 38 817 1230 60 8 8 3
2026/04/19-19:54:07.249629 1285 [DEBUG] New writable file: /db_working_home/000138.sst direct: 1
2026/04/19-19:54:07.255676 1285 Entering Apply Finish Threshold Function
2026/04/19-19:54:07.255702 1285 [DEBUG] Allocating zone(new=1) start: 0x48000000 wp: 0x48000000 lt: 3 file lt: 3
2026/04/19-19:54:07.255710 1285 [Zonestats:time(s),used_cap(MB),reclaimable_cap(MB), avg_reclaimable(%), active(#), active_zones(#), open_zones(#)] 38 817 1230 60 8 9 4
2026/04/19-19:54:07.255717 1285 [DEBUG] Syncing metadata for: /db_working_home/000138.sst
2026/04/19-19:54:07.256013 1282 [DEBUG] Allocating zone(new=0) start: 0x68000000 wp: 0x68f9ec00 lt: 3 file lt: 2
2026/04/19-19:54:07.256023 1282 [DEBUG] Syncing metadata for: /db_working_home/000137.log
2026/04/19-19:54:07.403492 1283 Total Garbage Bytes this interval: 262494082 bytes
2026/04/19-19:54:07.403511 1283 Cumulative Average Garbage Bytes (over 37 intervals): 125209583 bytes
2026/04/19-19:54:07.403532 1283 Zone Garbage Stats: [107 7 0 0 2 1 0 1 1 0 1 0 ]
2026/04/19-19:54:07.403536 1283 Total Garbage Bytes: 262494082 bytes
2026/04/19-19:54:07.475657 1285 [DEBUG] Syncing metadata for: /db_working_home/000138.sst
2026/04/19-19:54:07.476321 1285 [DEBUG] Syncing metadata for: /db_working_home/000138.sst
2026/04/19-19:54:07.476985 1285 [DEBUG] New random access file: /db_working_home/000138.sst direct: 1
2026/04/19-19:54:07.477172 1285 [DEBUG] GetFileSize: /db_working_home/000138.sst 
2026/04/19-19:54:07.482192 1285 [DEBUG] Syncing metadata for: /db_working_home/MANIFEST-000005
2026/04/19-19:54:07.486082 1285 [DEBUG] GetFileSize: /db_working_home/000138.sst 
2026/04/19-19:54:07.497635 1285 [DEBUG] Syncing metadata for: /db_working_home/000134.log
2026/04/19-19:54:07.501813 1285 [DEBUG] DeleteFile: ./db_working_home/000134.log 
2026/04/19-19:54:07.505738 1285 [Zonestats:time(s),used_cap(MB),reclaimable_cap(MB), avg_reclaimable(%), active(#), active_zones(#), open_zones(#)] 38 827 1348 61 9 9 3
2026/04/19-19:54:07.600829 1282 [DEBUG] New writable file: /db_working_home/000139.log direct: 0
2026/04/19-19:54:07.602973 1285 [DEBUG] New writable file: /db_working_home/000140.sst direct: 1
2026/04/19-19:54:07.606411 1285 Entering Apply Finish Threshold Function
2026/04/19-19:54:07.606439 1285 [DEBUG] Allocating zone(new=1) start: 0x50000000 wp: 0x50000000 lt: 3 file lt: 3
2026/04/19-19:54:07.606447 1285 [Zonestats:time(s),used_cap(MB),reclaimable_cap(MB), avg_reclaimable(%), active(#), active_zones(#), open_zones(#)] 38 833 1342 61 9 10 4
2026/04/19-19:54:07.606453 1285 [DEBUG] Syncing metadata for: /db_working_home/000140.sst
2026/04/19-19:54:07.607598 1282 [DEBUG] Allocating zone(new=0) start: 0xc0000000 wp: 0xc1f0ee00 lt: 3 file lt: 2
2026/04/19-19:54:07.607605 1282 [DEBUG] Syncing metadata for: /db_working_home/000139.log
2026/04/19-19:54:07.869742 1282 [DEBUG] New writable file: /db_working_home/000141.log direct: 0
2026/04/19-19:54:07.870665 1285 [DEBUG] Syncing metadata for: /db_working_home/000140.sst
2026/04/19-19:54:07.873226 1285 [DEBUG] Syncing metadata for: /db_working_home/000140.sst
2026/04/19-19:54:07.873865 1285 [DEBUG] New random access file: /db_working_home/000140.sst direct: 1
2026/04/19-19:54:07.874261 1285 [DEBUG] GetFileSize: /db_working_home/000140.sst 
2026/04/19-19:54:07.878474 1285 [DEBUG] Syncing metadata for: /db_working_home/MANIFEST-000005
2026/04/19-19:54:07.879184 1285 [DEBUG] GetFileSize: /db_working_home/000140.sst 
2026/04/19-19:54:07.883942 1285 [DEBUG] Syncing metadata for: /db_working_home/000137.log
2026/04/19-19:54:07.886800 1285 [DEBUG] DeleteFile: ./db_working_home/000137.log 
2026/04/19-19:54:07.887387 1285 [Zonestats:time(s),used_cap(MB),reclaimable_cap(MB), avg_reclaimable(%), active(#), active_zones(#), open_zones(#)] 38 848 1455 63 10 10 3
2026/04/19-19:54:07.887548 1285 [DEBUG] New writable file: /db_working_home/000142.sst direct: 1
2026/04/19-19:54:07.893541 1285 Entering Apply Finish Threshold Function
2026/04/19-19:54:07.893567 1285 [DEBUG] Allocating zone(new=1) start: 0x90000000 wp: 0x90000000 lt: 3 file lt: 3
2026/04/19-19:54:07.893575 1285 [Zonestats:time(s),used_cap(MB),reclaimable_cap(MB), avg_reclaimable(%), active(#), active_zones(#), open_zones(#)] 38 848 1455 63 10 11 4
2026/04/19-19:54:07.893582 1285 [DEBUG] Syncing metadata for: /db_working_home/000142.sst
2026/04/19-19:54:07.893630 1282 [DEBUG] Allocating zone(new=0) start: 0x68000000 wp: 0x69f3b400 lt: 3 file lt: 2
2026/04/19-19:54:07.893641 1282 [DEBUG] Syncing metadata for: /db_working_home/000141.log
2026/04/19-19:54:08.158842 1285 [DEBUG] Syncing metadata for: /db_working_home/000142.sst
2026/04/19-19:54:08.159728 1282 [DEBUG] New writable file: /db_working_home/000143.log direct: 0
2026/04/19-19:54:08.161603 1285 [DEBUG] Syncing metadata for: /db_working_home/000142.sst
2026/04/19-19:54:08.162889 1285 [DEBUG] New random access file: /db_working_home/000142.sst direct: 1
2026/04/19-19:54:08.166318 1285 [DEBUG] GetFileSize: /db_working_home/000142.sst 
2026/04/19-19:54:08.168442 1285 [DEBUG] Syncing metadata for: /db_working_home/MANIFEST-000005
2026/04/19-19:54:08.171082 1285 [DEBUG] GetFileSize: /db_working_home/000142.sst 
2026/04/19-19:54:08.175872 1285 [DEBUG] Syncing metadata for: /db_working_home/000139.log
2026/04/19-19:54:08.180042 1285 [DEBUG] DeleteFile: ./db_working_home/000139.log 
2026/04/19-19:54:08.183959 1285 [Zonestats:time(s),used_cap(MB),reclaimable_cap(MB), avg_reclaimable(%), active(#), active_zones(#), open_zones(#)] 39 864 1567 64 11 11 3
2026/04/19-19:54:08.184125 1285 [DEBUG] New writable file: /db_working_home/000144.sst direct: 1
2026/04/19-19:54:08.186761 1285 Entering Apply Finish Threshold Function
2026/04/19-19:54:08.186787 1285 [DEBUG] Allocating zone(new=1) start: 0x98000000 wp: 0x98000000 lt: 3 file lt: 3
2026/04/19-19:54:08.186794 1285 [Zonestats:time(s),used_cap(MB),reclaimable_cap(MB), avg_reclaimable(%), active(#), active_zones(#), open_zones(#)] 39 864 1567 64 11 12 4
2026/04/19-19:54:08.186800 1285 [DEBUG] Syncing metadata for: /db_working_home/000144.sst
2026/04/19-19:54:08.191848 1282 [DEBUG] Allocating zone(new=0) start: 0xc0000000 wp: 0xc2eaca00 lt: 3 file lt: 2
2026/04/19-19:54:08.191859 1282 [DEBUG] Syncing metadata for: /db_working_home/000143.log
2026/04/19-19:54:08.399937 1285 [DEBUG] Syncing metadata for: /db_working_home/000144.sst
2026/04/19-19:54:08.403646 1283 Total Garbage Bytes this interval: 262494692 bytes
2026/04/19-19:54:08.403659 1283 Cumulative Average Garbage Bytes (over 38 intervals): 128822349 bytes
2026/04/19-19:54:08.403681 1283 Zone Garbage Stats: [104 10 0 0 2 1 0 1 1 0 1 0 ]
2026/04/19-19:54:08.403685 1283 Total Garbage Bytes: 262494692 bytes
2026/04/19-19:54:08.405843 1285 [DEBUG] Syncing metadata for: /db_working_home/000144.sst
2026/04/19-19:54:08.406505 1285 [DEBUG] New random access file: /db_working_home/000144.sst direct: 1
2026/04/19-19:54:08.407125 1285 [DEBUG] GetFileSize: /db_working_home/000144.sst 
2026/04/19-19:54:08.410665 1285 [DEBUG] Syncing metadata for: /db_working_home/MANIFEST-000005
2026/04/19-19:54:08.411362 1285 [DEBUG] GetFileSize: /db_working_home/000144.sst 
2026/04/19-19:54:08.416124 1285 [DEBUG] Syncing metadata for: /db_working_home/000141.log
2026/04/19-19:54:08.423910 1285 [DEBUG] DeleteFile: ./db_working_home/000141.log 
2026/04/19-19:54:08.430965 1285 [Zonestats:time(s),used_cap(MB),reclaimable_cap(MB), avg_reclaimable(%), active(#), active_zones(#), open_zones(#)] 39 873 1686 65 12 12 3
2026/04/19-19:54:08.533158 1282 [DEBUG] New writable file: /db_working_home/000145.log direct: 0
2026/04/19-19:54:08.535310 1285 [DEBUG] New writable file: /db_working_home/000146.sst direct: 1
2026/04/19-19:54:08.538009 1285 Entering Apply Finish Threshold Function
2026/04/19-19:54:08.538035 1285 [DEBUG] Allocator: avoided a finish by relaxing lifetime diff requirement
2026/04/19-19:54:08.538038 1285 [DEBUG] Allocating zone(new=0) start: 0x98000000 wp: 0x98f71a00 lt: 3 file lt: 3
2026/04/19-19:54:08.538046 1285 [Zonestats:time(s),used_cap(MB),reclaimable_cap(MB), avg_reclaimable(%), active(#), active_zones(#), open_zones(#)] 39 879 1680 65 12 12 4
2026/04/19-19:54:08.538052 1285 [DEBUG] Syncing metadata for: /db_working_home/000146.sst
2026/04/19-19:54:08.539526 1282 [DEBUG] Allocating zone(new=0) start: 0x90000000 wp: 0x90f72600 lt: 3 file lt: 2
2026/04/19-19:54:08.539531 1282 [DEBUG] Syncing metadata for: /db_working_home/000145.log
2026/04/19-19:54:08.797102 1282 [DEBUG] New writable file: /db_working_home/000147.log direct: 0
2026/04/19-19:54:08.797280 1285 [DEBUG] Syncing metadata for: /db_working_home/000146.sst
2026/04/19-19:54:08.805077 1285 [DEBUG] Syncing metadata for: /db_working_home/000146.sst
2026/04/19-19:54:08.805747 1285 [DEBUG] New random access file: /db_working_home/000146.sst direct: 1
2026/04/19-19:54:08.805931 1285 [DEBUG] GetFileSize: /db_working_home/000146.sst 
2026/04/19-19:54:08.811469 1285 [DEBUG] Syncing metadata for: /db_working_home/MANIFEST-000005
2026/04/19-19:54:08.815370 1285 [DEBUG] GetFileSize: /db_working_home/000146.sst 
2026/04/19-19:54:08.823766 1285 [DEBUG] Syncing metadata for: /db_working_home/000143.log
2026/04/19-19:54:08.827923 1285 [DEBUG] DeleteFile: ./db_working_home/000143.log 
2026/04/19-19:54:08.828699 1285 [Zonestats:time(s),used_cap(MB),reclaimable_cap(MB), avg_reclaimable(%), active(#), active_zones(#), open_zones(#)] 39 894 1665 65 12 12 3
2026/04/19-19:54:08.828890 1285 [DEBUG] New writable file: /db_working_home/000148.sst direct: 1
2026/04/19-19:54:08.833362 1285 Entering Apply Finish Threshold Function
2026/04/19-19:54:08.833386 1285 [DEBUG] Allocator: avoided a finish by relaxing lifetime diff requirement
2026/04/19-19:54:08.833390 1285 [DEBUG] Allocating zone(new=0) start: 0xc0000000 wp: 0xc3e49e00 lt: 3 file lt: 3
2026/04/19-19:54:08.833396 1285 [Zonestats:time(s),used_cap(MB),reclaimable_cap(MB), avg_reclaimable(%), active(#), active_zones(#), open_zones(#)] 39 894 1665 65 12 12 4
2026/04/19-19:54:08.833403 1285 [DEBUG] Syncing metadata for: /db_working_home/000148.sst
2026/04/19-19:54:08.835569 1282 [DEBUG] Allocating zone(new=0) start: 0x98000000 wp: 0x99ee3800 lt: 3 file lt: 2
2026/04/19-19:54:08.835583 1282 [DEBUG] Syncing metadata for: /db_working_home/000147.log
2026/04/19-19:54:09.100035 1285 [DEBUG] Syncing metadata for: /db_working_home/000148.sst
2026/04/19-19:54:09.100617 1285 [DEBUG] Syncing metadata for: /db_working_home/000148.sst
2026/04/19-19:54:09.101256 1285 [DEBUG] New random access file: /db_working_home/000148.sst direct: 1
2026/04/19-19:54:09.101267 1282 [DEBUG] New writable file: /db_working_home/000149.log direct: 0
2026/04/19-19:54:09.101437 1285 [DEBUG] GetFileSize: /db_working_home/000148.sst 
2026/04/19-19:54:09.106422 1285 [DEBUG] Syncing metadata for: /db_working_home/MANIFEST-000005
2026/04/19-19:54:09.110589 1285 [DEBUG] GetFileSize: /db_working_home/000148.sst 
2026/04/19-19:54:09.115362 1285 [DEBUG] Syncing metadata for: /db_working_home/000145.log
2026/04/19-19:54:09.118232 1285 [DEBUG] DeleteFile: ./db_working_home/000145.log 
2026/04/19-19:54:09.118812 1285 [Zonestats:time(s),used_cap(MB),reclaimable_cap(MB), avg_reclaimable(%), active(#), active_zones(#), open_zones(#)] 40 910 1649 64 12 12 3
2026/04/19-19:54:09.119033 1285 [DEBUG] New writable file: /db_working_home/000150.sst direct: 1
2026/04/19-19:54:09.121915 1285 Entering Apply Finish Threshold Function
2026/04/19-19:54:09.121925 1285 Finishing zone: Entering Finish()
2026/04/19-19:54:09.125347 1282 [DEBUG] Allocating zone(new=0) start: 0x90000000 wp: 0x91f10200 lt: 3 file lt: 2
2026/04/19-19:54:09.125360 1282 [DEBUG] Syncing metadata for: /db_working_home/000149.log
2026/04/19-19:54:09.301009 1284 [DEBUG] Syncing metadata for: /db_working_home/000135.sst
2026/04/19-19:54:09.301586 1284 [DEBUG] Syncing metadata for: /db_working_home/000135.sst
2026/04/19-19:54:09.302885 1284 [DEBUG] GetFileSize: /db_working_home/000135.sst 
2026/04/19-19:54:09.302923 1284 [DEBUG] New writable file: /db_working_home/000151.sst direct: 1
2026/04/19-19:54:09.313810 1284 Entering Apply Finish Threshold Function
2026/04/19-19:54:09.313822 1284 Finishing zone: Entering Finish()
2026/04/19-19:54:09.339326 1282 [DEBUG] New writable file: /db_working_home/000152.log direct: 0
2026/04/19-19:54:09.403867 1283 Total Garbage Bytes this interval: 311610159 bytes
2026/04/19-19:54:09.403980 1283 Cumulative Average Garbage Bytes (over 39 intervals): 133509216 bytes
2026/04/19-19:54:09.404001 1283 Zone Garbage Stats: [104 9 0 0 3 1 0 1 1 0 1 0 ]
2026/04/19-19:54:09.404005 1283 Total Garbage Bytes: 311610159 bytes
2026/04/19-19:54:09.447246 1284 [DEBUG] Allocating zone(new=1) start: 0xb8000000 wp: 0xb8000000 lt: 3 file lt: 3
2026/04/19-19:54:09.447261 1284 [Zonestats:time(s),used_cap(MB),reclaimable_cap(MB), avg_reclaimable(%), active(#), active_zones(#), open_zones(#)] 40 1029 1658 61 11 12 4
2026/04/19-19:54:09.447270 1284 [DEBUG] Syncing metadata for: /db_working_home/000151.sst
2026/04/19-19:54:10.404187 1283 Total Garbage Bytes this interval: 327801279 bytes
2026/04/19-19:54:10.404207 1283 Cumulative Average Garbage Bytes (over 40 intervals): 138366518 bytes
2026/04/19-19:54:10.404230 1283 Zone Garbage Stats: [103 9 1 0 3 1 0 1 1 0 1 0 ]
2026/04/19-19:54:10.404234 1283 Total Garbage Bytes: 327801279 bytes
2026/04/19-19:54:10.506396 1284 [DEBUG] Syncing metadata for: /db_working_home/000151.sst
2026/04/19-19:54:10.506976 1284 [DEBUG] Syncing metadata for: /db_working_home/000151.sst
2026/04/19-19:54:10.508043 1284 [DEBUG] GetFileSize: /db_working_home/000151.sst 
2026/04/19-19:54:10.508077 1284 [DEBUG] New writable file: /db_working_home/000153.sst direct: 1
2026/04/19-19:54:10.508990 1284 Entering Apply Finish Threshold Function
2026/04/19-19:54:10.508998 1284 Finishing zone: Entering Finish()
2026/04/19-19:54:10.572291 1285 [DEBUG] Allocating zone(new=1) start: 0xc8000000 wp: 0xc8000000 lt: 3 file lt: 3
2026/04/19-19:54:10.572308 1285 [Zonestats:time(s),used_cap(MB),reclaimable_cap(MB), avg_reclaimable(%), active(#), active_zones(#), open_zones(#)] 41 1126 1689 60 11 12 4
2026/04/19-19:54:10.572317 1285 [DEBUG] Syncing metadata for: /db_working_home/000150.sst
2026/04/19-19:54:10.717522 1285 [DEBUG] Syncing metadata for: /db_working_home/000150.sst
2026/04/19-19:54:10.718100 1285 [DEBUG] Syncing metadata for: /db_working_home/000150.sst
2026/04/19-19:54:10.719091 1285 [DEBUG] New random access file: /db_working_home/000150.sst direct: 1
2026/04/19-19:54:10.719543 1285 [DEBUG] GetFileSize: /db_working_home/000150.sst 
2026/04/19-19:54:10.721961 1285 [DEBUG] Syncing metadata for: /db_working_home/MANIFEST-000005
2026/04/19-19:54:10.722620 1285 [DEBUG] GetFileSize: /db_working_home/000150.sst 
2026/04/19-19:54:10.727543 1285 [DEBUG] Syncing metadata for: /db_working_home/000147.log
2026/04/19-19:54:10.728400 1285 [DEBUG] DeleteFile: ./db_working_home/000147.log 
2026/04/19-19:54:10.729197 1285 [Zonestats:time(s),used_cap(MB),reclaimable_cap(MB), avg_reclaimable(%), active(#), active_zones(#), open_zones(#)] 41 1126 1817 61 12 12 2
2026/04/19-19:54:10.729383 1285 [DEBUG] New writable file: /db_working_home/000154.sst direct: 1
2026/04/19-19:54:10.732359 1285 Entering Apply Finish Threshold Function
2026/04/19-19:54:10.732384 1285 [DEBUG] Allocator: avoided a finish by relaxing lifetime diff requirement
2026/04/19-19:54:10.732387 1285 [DEBUG] Allocating zone(new=0) start: 0xc8000000 wp: 0xc8f70e00 lt: 3 file lt: 3
2026/04/19-19:54:10.732394 1285 [Zonestats:time(s),used_cap(MB),reclaimable_cap(MB), avg_reclaimable(%), active(#), active_zones(#), open_zones(#)] 41 1126 1817 61 12 12 3
2026/04/19-19:54:10.732400 1285 [DEBUG] Syncing metadata for: /db_working_home/000154.sst
2026/04/19-19:54:10.736002 1282 [DEBUG] Allocating zone(new=0) start: 0x98000000 wp: 0x9ae7fc00 lt: 3 file lt: 2
2026/04/19-19:54:10.736015 1282 [DEBUG] Syncing metadata for: /db_working_home/000152.log
2026/04/19-19:54:10.911918 1285 [DEBUG] Syncing metadata for: /db_working_home/000154.sst
2026/04/19-19:54:10.914414 1285 [DEBUG] Syncing metadata for: /db_working_home/000154.sst
2026/04/19-19:54:10.915307 1285 [DEBUG] New random access file: /db_working_home/000154.sst direct: 1
2026/04/19-19:54:10.915762 1285 [DEBUG] GetFileSize: /db_working_home/000154.sst 
2026/04/19-19:54:10.918178 1285 [DEBUG] Syncing metadata for: /db_working_home/MANIFEST-000005
2026/04/19-19:54:10.918853 1285 [DEBUG] GetFileSize: /db_working_home/000154.sst 
2026/04/19-19:54:10.923733 1285 [DEBUG] Syncing metadata for: /db_working_home/000149.log
2026/04/19-19:54:10.929269 1285 [DEBUG] DeleteFile: ./db_working_home/000149.log 
2026/04/19-19:54:10.929944 1285 [Zonestats:time(s),used_cap(MB),reclaimable_cap(MB), avg_reclaimable(%), active(#), active_zones(#), open_zones(#)] 41 1134 1809 61 12 12 2
2026/04/19-19:54:11.017528 1282 [DEBUG] New writable file: /db_working_home/000155.log direct: 0
2026/04/19-19:54:11.018767 1285 [DEBUG] New writable file: /db_working_home/000156.sst direct: 1
2026/04/19-19:54:11.021521 1285 Entering Apply Finish Threshold Function
2026/04/19-19:54:11.021545 1285 [DEBUG] Allocator: avoided a finish by relaxing lifetime diff requirement
2026/04/19-19:54:11.021548 1285 [DEBUG] Allocating zone(new=0) start: 0xc8000000 wp: 0xc9ee1c00 lt: 3 file lt: 3
2026/04/19-19:54:11.021555 1285 [Zonestats:time(s),used_cap(MB),reclaimable_cap(MB), avg_reclaimable(%), active(#), active_zones(#), open_zones(#)] 42 1141 1802 61 12 12 3
2026/04/19-19:54:11.021561 1285 [DEBUG] Syncing metadata for: /db_working_home/000156.sst
2026/04/19-19:54:11.022434 1282 [DEBUG] Allocating zone(new=0) start: 0x90000000 wp: 0x92eac600 lt: 3 file lt: 2
2026/04/19-19:54:11.022440 1282 [DEBUG] Syncing metadata for: /db_working_home/000155.log
2026/04/19-19:54:11.256102 1285 [DEBUG] Syncing metadata for: /db_working_home/000156.sst
2026/04/19-19:54:11.256675 1282 [DEBUG] New writable file: /db_working_home/000157.log direct: 0
2026/04/19-19:54:11.256758 1285 [DEBUG] Syncing metadata for: /db_working_home/000156.sst
2026/04/19-19:54:11.258283 1285 [DEBUG] New random access file: /db_working_home/000156.sst direct: 1
2026/04/19-19:54:11.258777 1285 [DEBUG] GetFileSize: /db_working_home/000156.sst 
2026/04/19-19:54:11.261193 1285 [DEBUG] Syncing metadata for: /db_working_home/MANIFEST-000005
2026/04/19-19:54:11.261839 1285 [DEBUG] GetFileSize: /db_working_home/000156.sst 
2026/04/19-19:54:11.266779 1285 [DEBUG] Syncing metadata for: /db_working_home/000152.log
2026/04/19-19:54:11.267696 1285 [DEBUG] DeleteFile: ./db_working_home/000152.log 
2026/04/19-19:54:11.268495 1285 [Zonestats:time(s),used_cap(MB),reclaimable_cap(MB), avg_reclaimable(%), active(#), active_zones(#), open_zones(#)] 42 1157 1786 60 12 12 2
2026/04/19-19:54:11.268644 1285 [DEBUG] New writable file: /db_working_home/000158.sst direct: 1
2026/04/19-19:54:11.271492 1285 Entering Apply Finish Threshold Function
2026/04/19-19:54:11.271516 1285 [DEBUG] Allocator: avoided a finish by relaxing lifetime diff requirement
2026/04/19-19:54:11.271519 1285 [DEBUG] Allocating zone(new=0) start: 0xc8000000 wp: 0xcae52e00 lt: 3 file lt: 3
2026/04/19-19:54:11.271526 1285 [Zonestats:time(s),used_cap(MB),reclaimable_cap(MB), avg_reclaimable(%), active(#), active_zones(#), open_zones(#)] 42 1157 1786 60 12 12 3
2026/04/19-19:54:11.271532 1285 [DEBUG] Syncing metadata for: /db_working_home/000158.sst
2026/04/19-19:54:11.274466 1282 [DEBUG] Allocating zone(new=0) start: 0x98000000 wp: 0x9be1c400 lt: 3 file lt: 2
2026/04/19-19:54:11.274478 1282 [DEBUG] Syncing metadata for: /db_working_home/000157.log
2026/04/19-19:54:11.404405 1283 Total Garbage Bytes this interval: 376920718 bytes
2026/04/19-19:54:11.404419 1283 Cumulative Average Garbage Bytes (over 41 intervals): 144184913 bytes
2026/04/19-19:54:11.404436 1283 Zone Garbage Stats: [102 9 1 0 3 1 0 1 2 0 1 0 ]
2026/04/19-19:54:11.404440 1283 Total Garbage Bytes: 376920718 bytes
2026/04/19-19:54:11.450559 1285 [DEBUG] Syncing metadata for: /db_working_home/000158.sst
2026/04/19-19:54:11.454221 1285 [DEBUG] Syncing metadata for: /db_working_home/000158.sst
2026/04/19-19:54:11.455187 1285 [DEBUG] New random access file: /db_working_home/000158.sst direct: 1
2026/04/19-19:54:11.455634 1285 [DEBUG] GetFileSize: /db_working_home/000158.sst 
2026/04/19-19:54:11.458050 1285 [DEBUG] Syncing metadata for: /db_working_home/MANIFEST-000005
2026/04/19-19:54:11.458692 1285 [DEBUG] GetFileSize: /db_working_home/000158.sst 
2026/04/19-19:54:11.463645 1285 [DEBUG] Syncing metadata for: /db_working_home/000155.log
2026/04/19-19:54:11.468721 1285 [DEBUG] DeleteFile: ./db_working_home/000155.log 
2026/04/19-19:54:11.472636 1285 [Zonestats:time(s),used_cap(MB),reclaimable_cap(MB), avg_reclaimable(%), active(#), active_zones(#), open_zones(#)] 42 1166 1777 60 12 12 2
2026/04/19-19:54:11.551724 1282 [DEBUG] New writable file: /db_working_home/000159.log direct: 0
2026/04/19-19:54:11.552942 1285 [DEBUG] New writable file: /db_working_home/000160.sst direct: 1
2026/04/19-19:54:11.555726 1285 Entering Apply Finish Threshold Function
2026/04/19-19:54:11.555750 1285 [DEBUG] Allocator: avoided a finish by relaxing lifetime diff requirement
2026/04/19-19:54:11.555753 1285 [DEBUG] Allocating zone(new=0) start: 0xc8000000 wp: 0xcbdc4800 lt: 3 file lt: 3
2026/04/19-19:54:11.555760 1285 [Zonestats:time(s),used_cap(MB),reclaimable_cap(MB), avg_reclaimable(%), active(#), active_zones(#), open_zones(#)] 42 1172 1771 60 12 12 3
2026/04/19-19:54:11.555766 1285 [DEBUG] Syncing metadata for: /db_working_home/000160.sst
2026/04/19-19:54:11.556702 1282 [DEBUG] Allocating zone(new=0) start: 0x90000000 wp: 0x93e49600 lt: 3 file lt: 2
2026/04/19-19:54:11.556708 1282 [DEBUG] Syncing metadata for: /db_working_home/000159.log
2026/04/19-19:54:11.795388 1284 [DEBUG] Allocating zone(new=1) start: 0xd0000000 wp: 0xd0000000 lt: 3 file lt: 3
2026/04/19-19:54:11.795406 1284 [Zonestats:time(s),used_cap(MB),reclaimable_cap(MB), avg_reclaimable(%), active(#), active_zones(#), open_zones(#)] 42 1186 1757 59 11 12 5
2026/04/19-19:54:11.795415 1284 [DEBUG] Syncing metadata for: /db_working_home/000153.sst
2026/04/19-19:54:11.796541 1284 [DEBUG] Syncing metadata for: /db_working_home/000153.sst
2026/04/19-19:54:11.797259 1284 [DEBUG] Syncing metadata for: /db_working_home/000153.sst
2026/04/19-19:54:11.805062 1284 [DEBUG] GetFileSize: /db_working_home/000153.sst 
2026/04/19-19:54:11.806333 1284 [DEBUG] New random access file: /db_working_home/000135.sst direct: 1
2026/04/19-19:54:11.812249 1284 [DEBUG] GetFileSize: /db_working_home/000135.sst 
2026/04/19-19:54:11.812453 1284 [DEBUG] New random access file: /db_working_home/000151.sst direct: 1
2026/04/19-19:54:11.812733 1284 [DEBUG] GetFileSize: /db_working_home/000151.sst 
2026/04/19-19:54:11.812887 1284 [DEBUG] New random access file: /db_working_home/000153.sst direct: 1
2026/04/19-19:54:11.813051 1284 [DEBUG] GetFileSize: /db_working_home/000153.sst 
2026/04/19-19:54:11.815037 1282 [DEBUG] New writable file: /db_working_home/000161.log direct: 0
2026/04/19-19:54:11.816987 1284 [DEBUG] Syncing metadata for: /db_working_home/MANIFEST-000005
2026/04/19-19:54:11.817013 1285 [DEBUG] Syncing metadata for: /db_working_home/000160.sst
2026/04/19-19:54:11.818153 1285 [DEBUG] Syncing metadata for: /db_working_home/000160.sst
2026/04/19-19:54:11.820175 1285 [DEBUG] New random access file: /db_working_home/000160.sst direct: 1
2026/04/19-19:54:11.820987 1285 [DEBUG] GetFileSize: /db_working_home/000160.sst 
2026/04/19-19:54:11.824214 1285 [DEBUG] Syncing metadata for: /db_working_home/MANIFEST-000005
2026/04/19-19:54:11.826833 1285 [DEBUG] GetFileSize: /db_working_home/000160.sst 
2026/04/19-19:54:11.835917 1285 [DEBUG] Syncing metadata for: /db_working_home/000157.log
2026/04/19-19:54:11.838706 1285 [DEBUG] DeleteFile: ./db_working_home/000120.sst 
2026/04/19-19:54:11.841247 1285 [Zonestats:time(s),used_cap(MB),reclaimable_cap(MB), avg_reclaimable(%), active(#), active_zones(#), open_zones(#)] 42 1188 1883 61 12 12 2
2026/04/19-19:54:11.841302 1285 [DEBUG] DeleteFile: ./db_working_home/000123.sst 
2026/04/19-19:54:11.844149 1285 [Zonestats:time(s),used_cap(MB),reclaimable_cap(MB), avg_reclaimable(%), active(#), active_zones(#), open_zones(#)] 42 1124 1947 63 12 12 2
2026/04/19-19:54:11.844204 1285 [DEBUG] DeleteFile: ./db_working_home/000124.sst 
2026/04/19-19:54:11.847094 1285 [Zonestats:time(s),used_cap(MB),reclaimable_cap(MB), avg_reclaimable(%), active(#), active_zones(#), open_zones(#)] 42 1064 1879 63 11 11 2
2026/04/19-19:54:11.847160 1285 [DEBUG] DeleteFile: ./db_working_home/000125.sst 
2026/04/19-19:54:11.849443 1285 [Zonestats:time(s),used_cap(MB),reclaimable_cap(MB), avg_reclaimable(%), active(#), active_zones(#), open_zones(#)] 42 1049 1894 64 11 11 2
2026/04/19-19:54:11.849496 1285 [DEBUG] DeleteFile: ./db_working_home/000127.sst 
2026/04/19-19:54:11.852239 1285 [Zonestats:time(s),used_cap(MB),reclaimable_cap(MB), avg_reclaimable(%), active(#), active_zones(#), open_zones(#)] 42 1034 1909 64 11 11 2
2026/04/19-19:54:11.852292 1285 [DEBUG] DeleteFile: ./db_working_home/000129.sst 
2026/04/19-19:54:11.854975 1285 [Zonestats:time(s),used_cap(MB),reclaimable_cap(MB), avg_reclaimable(%), active(#), active_zones(#), open_zones(#)] 42 1018 1925 65 11 11 2
2026/04/19-19:54:11.855028 1285 [DEBUG] DeleteFile: ./db_working_home/000131.sst 
2026/04/19-19:54:11.857174 1284 [DEBUG] New writable file: /db_working_home/000162.sst direct: 1
2026/04/19-19:54:11.857735 1285 [Zonestats:time(s),used_cap(MB),reclaimable_cap(MB), avg_reclaimable(%), active(#), active_zones(#), open_zones(#)] 42 1003 1812 64 11 11 2
2026/04/19-19:54:11.857786 1285 [DEBUG] DeleteFile: ./db_working_home/000157.log 
2026/04/19-19:54:11.858776 1285 [Zonestats:time(s),used_cap(MB),reclaimable_cap(MB), avg_reclaimable(%), active(#), active_zones(#), open_zones(#)] 42 987 1828 64 11 11 2
2026/04/19-19:54:11.858929 1285 [DEBUG] New writable file: /db_working_home/000163.sst direct: 1
2026/04/19-19:54:11.860824 1284 Entering Apply Finish Threshold Function
2026/04/19-19:54:11.860834 1284 Finishing zone: Entering Finish()
2026/04/19-19:54:11.861626 1285 Entering Apply Finish Threshold Function
2026/04/19-19:54:11.861636 1285 Finishing zone: Entering Finish()
2026/04/19-19:54:12.404620 1283 Total Garbage Bytes this interval: 444227031 bytes
2026/04/19-19:54:12.404634 1283 Cumulative Average Garbage Bytes (over 42 intervals): 151328773 bytes
2026/04/19-19:54:12.404668 1283 Zone Garbage Stats: [103 9 1 1 1 1 0 1 2 1 1 0 ]
2026/04/19-19:54:12.404673 1283 Total Garbage Bytes: 444227031 bytes
2026/04/19-19:54:12.586324 1284 [DEBUG] Allocating zone(new=1) start: 0x38000000 wp: 0x38000000 lt: 3 file lt: 3
2026/04/19-19:54:12.586339 1284 [Zonestats:time(s),used_cap(MB),reclaimable_cap(MB), avg_reclaimable(%), active(#), active_zones(#), open_zones(#)] 43 987 1828 64 10 11 3
2026/04/19-19:54:12.586356 1284 [DEBUG] Syncing metadata for: /db_working_home/000162.sst
2026/04/19-19:54:12.601105 1285 [DEBUG] Allocating zone(new=1) start: 0xa8000000 wp: 0xa8000000 lt: 3 file lt: 3
2026/04/19-19:54:12.601119 1285 [Zonestats:time(s),used_cap(MB),reclaimable_cap(MB), avg_reclaimable(%), active(#), active_zones(#), open_zones(#)] 43 987 1828 64 10 11 4
2026/04/19-19:54:12.601140 1285 [DEBUG] Syncing metadata for: /db_working_home/000163.sst
2026/04/19-19:54:12.910554 1285 [DEBUG] Syncing metadata for: /db_working_home/000163.sst
2026/04/19-19:54:12.917759 1285 [DEBUG] Syncing metadata for: /db_working_home/000163.sst
2026/04/19-19:54:12.918455 1285 [DEBUG] New random access file: /db_working_home/000163.sst direct: 1
2026/04/19-19:54:12.918637 1285 [DEBUG] GetFileSize: /db_working_home/000163.sst 
2026/04/19-19:54:12.927417 1285 [DEBUG] Syncing metadata for: /db_working_home/MANIFEST-000005
2026/04/19-19:54:12.928225 1285 [DEBUG] GetFileSize: /db_working_home/000163.sst 
2026/04/19-19:54:12.934885 1285 [DEBUG] Syncing metadata for: /db_working_home/000159.log
2026/04/19-19:54:12.942514 1285 [DEBUG] DeleteFile: ./db_working_home/000159.log 
2026/04/19-19:54:12.943094 1285 [Zonestats:time(s),used_cap(MB),reclaimable_cap(MB), avg_reclaimable(%), active(#), active_zones(#), open_zones(#)] 43 987 1956 66 11 11 2
2026/04/19-19:54:12.943917 1282 [DEBUG] New writable file: /db_working_home/000164.log direct: 0
2026/04/19-19:54:12.944847 1285 [DEBUG] New writable file: /db_working_home/000165.sst direct: 1
2026/04/19-19:54:12.954952 1285 Entering Apply Finish Threshold Function
2026/04/19-19:54:12.954966 1285 Finishing zone: Entering Finish()
2026/04/19-19:54:13.404859 1283 Total Garbage Bytes this interval: 493336613 bytes
2026/04/19-19:54:13.404880 1283 Cumulative Average Garbage Bytes (over 43 intervals): 159282444 bytes
2026/04/19-19:54:13.404908 1283 Zone Garbage Stats: [101 10 1 1 2 1 0 1 3 1 1 0 ]
2026/04/19-19:54:13.404913 1283 Total Garbage Bytes: 493336613 bytes
2026/04/19-19:54:14.121682 1284 Entering Apply Finish Threshold Function
2026/04/19-19:54:14.121717 1284 [DEBUG] Allocating zone(new=1) start: 0xd8000000 wp: 0xd8000000 lt: 3 file lt: 3
2026/04/19-19:54:14.121725 1284 [Zonestats:time(s),used_cap(MB),reclaimable_cap(MB), avg_reclaimable(%), active(#), active_zones(#), open_zones(#)] 45 1115 1956 63 10 11 2
2026/04/19-19:54:14.121733 1284 [DEBUG] Syncing metadata for: /db_working_home/000162.sst
2026/04/19-19:54:14.127722 1284 [DEBUG] Syncing metadata for: /db_working_home/000162.sst
2026/04/19-19:54:14.128533 1284 [DEBUG] Syncing metadata for: /db_working_home/000162.sst
2026/04/19-19:54:14.129623 1284 [DEBUG] GetFileSize: /db_working_home/000162.sst 
2026/04/19-19:54:14.129669 1284 [DEBUG] New writable file: /db_working_home/000166.sst direct: 1
2026/04/19-19:54:14.133723 1284 Entering Apply Finish Threshold Function
2026/04/19-19:54:14.133749 1284 [DEBUG] Allocating zone(new=1) start: 0xe0000000 wp: 0xe0000000 lt: 3 file lt: 3
2026/04/19-19:54:14.133756 1284 [Zonestats:time(s),used_cap(MB),reclaimable_cap(MB), avg_reclaimable(%), active(#), active_zones(#), open_zones(#)] 45 1116 2083 65 11 12 2
2026/04/19-19:54:14.133762 1284 [DEBUG] Syncing metadata for: /db_working_home/000166.sst
2026/04/19-19:54:14.396845 1285 [DEBUG] Allocating zone(new=1) start: 0xe8000000 wp: 0xe8000000 lt: 3 file lt: 3
2026/04/19-19:54:14.396864 1285 [Zonestats:time(s),used_cap(MB),reclaimable_cap(MB), avg_reclaimable(%), active(#), active_zones(#), open_zones(#)] 45 1116 2083 65 11 12 3
2026/04/19-19:54:14.396874 1285 [DEBUG] Syncing metadata for: /db_working_home/000165.sst
2026/04/19-19:54:14.403417 1285 [DEBUG] Syncing metadata for: /db_working_home/000165.sst
2026/04/19-19:54:14.405015 1283 Total Garbage Bytes this interval: 558822978 bytes
2026/04/19-19:54:14.405104 1283 Cumulative Average Garbage Bytes (over 44 intervals): 168362910 bytes
2026/04/19-19:54:14.405133 1283 Zone Garbage Stats: [98 12 1 1 2 1 0 1 3 2 1 0 ]
2026/04/19-19:54:14.405137 1283 Total Garbage Bytes: 558822978 bytes
2026/04/19-19:54:14.411074 1285 [DEBUG] Syncing metadata for: /db_working_home/000165.sst
2026/04/19-19:54:14.411748 1285 [DEBUG] New random access file: /db_working_home/000165.sst direct: 1
2026/04/19-19:54:14.411931 1285 [DEBUG] GetFileSize: /db_working_home/000165.sst 
2026/04/19-19:54:14.420666 1285 [DEBUG] Syncing metadata for: /db_working_home/MANIFEST-000005
2026/04/19-19:54:14.421407 1285 [DEBUG] GetFileSize: /db_working_home/000165.sst 
2026/04/19-19:54:14.421453 1285 [DEBUG] Allocating zone(new=0) start: 0xe8000000 wp: 0xe8078400 lt: 3 file lt: 2
2026/04/19-19:54:14.421459 1285 [DEBUG] Syncing metadata for: /db_working_home/000161.log
2026/04/19-19:54:14.425835 1285 [DEBUG] Syncing metadata for: /db_working_home/000161.log
2026/04/19-19:54:14.433218 1285 [DEBUG] DeleteFile: ./db_working_home/000161.log 
2026/04/19-19:54:14.433787 1285 [Zonestats:time(s),used_cap(MB),reclaimable_cap(MB), avg_reclaimable(%), active(#), active_zones(#), open_zones(#)] 45 1116 2211 66 12 12 2
2026/04/19-19:54:14.923555 1284 [DEBUG] Syncing metadata for: /db_working_home/000166.sst
2026/04/19-19:54:14.924166 1284 [DEBUG] Syncing metadata for: /db_working_home/000166.sst
2026/04/19-19:54:14.924891 1284 [DEBUG] GetFileSize: /db_working_home/000166.sst 
2026/04/19-19:54:14.924934 1284 [DEBUG] New writable file: /db_working_home/000167.sst direct: 1
2026/04/19-19:54:14.928358 1284 Entering Apply Finish Threshold Function
2026/04/19-19:54:14.928383 1284 [DEBUG] Allocator: avoided a finish by relaxing lifetime diff requirement
2026/04/19-19:54:14.928386 1284 [DEBUG] Allocating zone(new=0) start: 0xe8000000 wp: 0xe80f1600 lt: 3 file lt: 3
2026/04/19-19:54:14.928394 1284 [Zonestats:time(s),used_cap(MB),reclaimable_cap(MB), avg_reclaimable(%), active(#), active_zones(#), open_zones(#)] 45 1188 2267 65 12 12 2
2026/04/19-19:54:14.928400 1284 [DEBUG] Syncing metadata for: /db_working_home/000167.sst
2026/04/19-19:54:15.405316 1283 Total Garbage Bytes this interval: 558823222 bytes
2026/04/19-19:54:15.405335 1283 Cumulative Average Garbage Bytes (over 45 intervals): 177039806 bytes
2026/04/19-19:54:15.405358 1283 Zone Garbage Stats: [98 13 1 1 2 1 0 1 3 2 1 0 ]
2026/04/19-19:54:15.405362 1283 Total Garbage Bytes: 558823222 bytes
2026/04/19-19:54:15.727765 1284 [DEBUG] Syncing metadata for: /db_working_home/000167.sst
2026/04/19-19:54:15.728335 1284 [DEBUG] Syncing metadata for: /db_working_home/000167.sst
2026/04/19-19:54:15.729020 1284 [DEBUG] GetFileSize: /db_working_home/000167.sst 
2026/04/19-19:54:15.729050 1284 [DEBUG] New writable file: /db_working_home/000168.sst direct: 1
2026/04/19-19:54:15.734273 1284 Entering Apply Finish Threshold Function
2026/04/19-19:54:15.734294 1284 [DEBUG] Allocator: avoided a finish by relaxing lifetime diff requirement
2026/04/19-19:54:15.734297 1284 [DEBUG] Allocating zone(new=0) start: 0xe8000000 wp: 0xec3d5e00 lt: 3 file lt: 3
2026/04/19-19:54:15.734302 1284 [Zonestats:time(s),used_cap(MB),reclaimable_cap(MB), avg_reclaimable(%), active(#), active_zones(#), open_zones(#)] 46 1255 2200 63 12 12 2
2026/04/19-19:54:15.734307 1284 [DEBUG] Syncing metadata for: /db_working_home/000168.sst
2026/04/19-19:54:16.386717 1284 Entering Apply Finish Threshold Function
2026/04/19-19:54:16.386754 1284 [DEBUG] Allocating zone(new=1) start: 0xf0000000 wp: 0xf0000000 lt: 3 file lt: 3
2026/04/19-19:54:16.386762 1284 [Zonestats:time(s),used_cap(MB),reclaimable_cap(MB), avg_reclaimable(%), active(#), active_zones(#), open_zones(#)] 47 1315 2140 61 11 12 2
2026/04/19-19:54:16.386769 1284 [DEBUG] Syncing metadata for: /db_working_home/000168.sst
2026/04/19-19:54:16.405616 1283 Total Garbage Bytes this interval: 559320030 bytes
2026/04/19-19:54:16.405629 1283 Cumulative Average Garbage Bytes (over 46 intervals): 185350246 bytes
2026/04/19-19:54:16.405659 1283 Zone Garbage Stats: [97 14 1 1 2 1 0 1 3 2 1 0 ]
2026/04/19-19:54:16.405663 1283 Total Garbage Bytes: 559320030 bytes
2026/04/19-19:54:16.999268 1284 [DEBUG] Syncing metadata for: /db_working_home/000168.sst
2026/04/19-19:54:16.999847 1284 [DEBUG] Syncing metadata for: /db_working_home/000168.sst
2026/04/19-19:54:17.000561 1284 [DEBUG] GetFileSize: /db_working_home/000168.sst 
2026/04/19-19:54:17.000596 1284 [DEBUG] New writable file: /db_working_home/000169.sst direct: 1
2026/04/19-19:54:17.002079 1284 Entering Apply Finish Threshold Function
2026/04/19-19:54:17.002103 1284 [DEBUG] Allocator: avoided a finish by relaxing lifetime diff requirement
2026/04/19-19:54:17.002107 1284 [DEBUG] Allocating zone(new=0) start: 0xf0000000 wp: 0xf3a83c00 lt: 3 file lt: 3
2026/04/19-19:54:17.002114 1284 [Zonestats:time(s),used_cap(MB),reclaimable_cap(MB), avg_reclaimable(%), active(#), active_zones(#), open_zones(#)] 47 1374 2209 61 12 12 2
2026/04/19-19:54:17.002120 1284 [DEBUG] Syncing metadata for: /db_working_home/000169.sst
2026/04/19-19:54:17.003213 1284 [DEBUG] Syncing metadata for: /db_working_home/000169.sst
2026/04/19-19:54:17.003750 1284 [DEBUG] Syncing metadata for: /db_working_home/000169.sst
2026/04/19-19:54:17.004430 1284 [DEBUG] GetFileSize: /db_working_home/000169.sst 
2026/04/19-19:54:17.005862 1284 [DEBUG] New random access file: /db_working_home/000162.sst direct: 1
2026/04/19-19:54:17.006215 1284 [DEBUG] GetFileSize: /db_working_home/000162.sst 
2026/04/19-19:54:17.006477 1284 [DEBUG] New random access file: /db_working_home/000166.sst direct: 1
2026/04/19-19:54:17.006731 1284 [DEBUG] GetFileSize: /db_working_home/000166.sst 
2026/04/19-19:54:17.006896 1284 [DEBUG] New random access file: /db_working_home/000167.sst direct: 1
2026/04/19-19:54:17.007142 1284 [DEBUG] GetFileSize: /db_working_home/000167.sst 
2026/04/19-19:54:17.007284 1284 [DEBUG] New random access file: /db_working_home/000168.sst direct: 1
2026/04/19-19:54:17.007587 1284 [DEBUG] GetFileSize: /db_working_home/000168.sst 
2026/04/19-19:54:17.007755 1284 [DEBUG] New random access file: /db_working_home/000169.sst direct: 1
2026/04/19-19:54:17.007905 1284 [DEBUG] GetFileSize: /db_working_home/000169.sst 
2026/04/19-19:54:17.008874 1284 [DEBUG] Syncing metadata for: /db_working_home/MANIFEST-000005
2026/04/19-19:54:17.009874 1284 [DEBUG] DeleteFile: ./db_working_home/000133.sst 
2026/04/19-19:54:17.010448 1284 [Zonestats:time(s),used_cap(MB),reclaimable_cap(MB), avg_reclaimable(%), active(#), active_zones(#), open_zones(#)] 48 1358 2225 62 12 12 1
2026/04/19-19:54:17.010489 1284 [DEBUG] DeleteFile: ./db_working_home/000135.sst 
2026/04/19-19:54:17.011287 1284 [Zonestats:time(s),used_cap(MB),reclaimable_cap(MB), avg_reclaimable(%), active(#), active_zones(#), open_zones(#)] 48 1254 2201 63 12 12 1
2026/04/19-19:54:17.011322 1284 [DEBUG] DeleteFile: ./db_working_home/000136.sst 
2026/04/19-19:54:17.011966 1284 [Zonestats:time(s),used_cap(MB),reclaimable_cap(MB), avg_reclaimable(%), active(#), active_zones(#), open_zones(#)] 48 1239 2088 62 11 11 1
2026/04/19-19:54:17.011999 1284 [DEBUG] DeleteFile: ./db_working_home/000138.sst 
2026/04/19-19:54:17.012634 1284 [Zonestats:time(s),used_cap(MB),reclaimable_cap(MB), avg_reclaimable(%), active(#), active_zones(#), open_zones(#)] 48 1223 1976 61 10 10 1
2026/04/19-19:54:17.012665 1284 [DEBUG] DeleteFile: ./db_working_home/000140.sst 
2026/04/19-19:54:17.013299 1284 [Zonestats:time(s),used_cap(MB),reclaimable_cap(MB), avg_reclaimable(%), active(#), active_zones(#), open_zones(#)] 48 1208 1863 60 9 9 1
2026/04/19-19:54:17.013331 1284 [DEBUG] DeleteFile: ./db_working_home/000142.sst 
2026/04/19-19:54:17.013962 1284 [Zonestats:time(s),used_cap(MB),reclaimable_cap(MB), avg_reclaimable(%), active(#), active_zones(#), open_zones(#)] 48 1192 1751 59 9 9 1
2026/04/19-19:54:17.013994 1284 [DEBUG] DeleteFile: ./db_working_home/000144.sst 
2026/04/19-19:54:17.014547 1284 [Zonestats:time(s),used_cap(MB),reclaimable_cap(MB), avg_reclaimable(%), active(#), active_zones(#), open_zones(#)] 48 1177 1766 60 9 9 1
2026/04/19-19:54:17.014579 1284 [DEBUG] DeleteFile: ./db_working_home/000146.sst 
2026/04/19-19:54:17.015235 1284 [Zonestats:time(s),used_cap(MB),reclaimable_cap(MB), avg_reclaimable(%), active(#), active_zones(#), open_zones(#)] 48 1161 1654 58 9 9 1
2026/04/19-19:54:17.015268 1284 [DEBUG] DeleteFile: ./db_working_home/000148.sst 
2026/04/19-19:54:17.015900 1284 [Zonestats:time(s),used_cap(MB),reclaimable_cap(MB), avg_reclaimable(%), active(#), active_zones(#), open_zones(#)] 48 1146 1541 57 9 9 1
2026/04/19-19:54:17.015931 1284 [DEBUG] DeleteFile: ./db_working_home/000150.sst 
2026/04/19-19:54:17.016480 1284 [Zonestats:time(s),used_cap(MB),reclaimable_cap(MB), avg_reclaimable(%), active(#), active_zones(#), open_zones(#)] 48 1130 1557 57 9 9 1
2026/04/19-19:54:17.016512 1284 [DEBUG] DeleteFile: ./db_working_home/000151.sst 
2026/04/19-19:54:17.017161 1284 [Zonestats:time(s),used_cap(MB),reclaimable_cap(MB), avg_reclaimable(%), active(#), active_zones(#), open_zones(#)] 48 1034 1525 59 9 9 1
2026/04/19-19:54:17.017193 1284 [DEBUG] DeleteFile: ./db_working_home/000154.sst 
2026/04/19-19:54:17.017736 1284 [Zonestats:time(s),used_cap(MB),reclaimable_cap(MB), avg_reclaimable(%), active(#), active_zones(#), open_zones(#)] 48 1019 1540 60 9 9 1
2026/04/19-19:54:17.017763 1284 [DEBUG] DeleteFile: ./db_working_home/000156.sst 
2026/04/19-19:54:17.018302 1284 [Zonestats:time(s),used_cap(MB),reclaimable_cap(MB), avg_reclaimable(%), active(#), active_zones(#), open_zones(#)] 48 1003 1556 60 9 9 1
2026/04/19-19:54:17.018329 1284 [DEBUG] DeleteFile: ./db_working_home/000158.sst 
2026/04/19-19:54:17.018863 1284 [Zonestats:time(s),used_cap(MB),reclaimable_cap(MB), avg_reclaimable(%), active(#), active_zones(#), open_zones(#)] 48 988 1571 61 9 9 1
2026/04/19-19:54:17.019683 1284 [DEBUG] Syncing metadata for: /db_working_home/MANIFEST-000005
2026/04/19-19:54:17.021444 1284 [DEBUG] Syncing metadata for: /db_working_home/MANIFEST-000005
2026/04/19-19:54:17.027270 1284 [DEBUG] New writable file: /db_working_home/000170.sst direct: 1
2026/04/19-19:54:17.030182 1284 Entering Apply Finish Threshold Function
2026/04/19-19:54:17.030207 1284 [DEBUG] Allocating zone(new=1) start: 0x40000000 wp: 0x40000000 lt: 4 file lt: 4
2026/04/19-19:54:17.030214 1284 [Zonestats:time(s),used_cap(MB),reclaimable_cap(MB), avg_reclaimable(%), active(#), active_zones(#), open_zones(#)] 48 988 1571 61 9 10 2
2026/04/19-19:54:17.030221 1284 [DEBUG] Syncing metadata for: /db_working_home/000170.sst
2026/04/19-19:54:17.405913 1283 Total Garbage Bytes this interval: 444181732 bytes
2026/04/19-19:54:17.406052 1283 Cumulative Average Garbage Bytes (over 47 intervals): 190857299 bytes
2026/04/19-19:54:17.406199 1283 Zone Garbage Stats: [104 12 0 0 1 1 0 1 1 2 1 0 ]
2026/04/19-19:54:17.406209 1283 Total Garbage Bytes: 444181732 bytes
2026/04/19-19:54:18.161365 1284 [DEBUG] Syncing metadata for: /db_working_home/000170.sst
2026/04/19-19:54:18.161986 1284 [DEBUG] Syncing metadata for: /db_working_home/000170.sst
2026/04/19-19:54:18.162846 1284 [DEBUG] GetFileSize: /db_working_home/000170.sst 
2026/04/19-19:54:18.164362 1284 [DEBUG] New random access file: /db_working_home/000170.sst direct: 1
2026/04/19-19:54:18.164691 1284 [DEBUG] GetFileSize: /db_working_home/000170.sst 
2026/04/19-19:54:18.165934 1284 [DEBUG] Syncing metadata for: /db_working_home/MANIFEST-000005
2026/04/19-19:54:18.166812 1284 [DEBUG] DeleteFile: ./db_working_home/000104.sst 
2026/04/19-19:54:18.167577 1284 [Zonestats:time(s),used_cap(MB),reclaimable_cap(MB), avg_reclaimable(%), active(#), active_zones(#), open_zones(#)] 49 1055 1504 58 9 9 1
2026/04/19-19:54:18.167621 1284 [DEBUG] DeleteFile: ./db_working_home/000167.sst 
2026/04/19-19:54:18.168171 1284 [Zonestats:time(s),used_cap(MB),reclaimable_cap(MB), avg_reclaimable(%), active(#), active_zones(#), open_zones(#)] 49 988 1571 61 9 9 1
2026/04/19-19:54:18.173472 1284 [DEBUG] New writable file: /db_working_home/000171.sst direct: 1
2026/04/19-19:54:18.176026 1284 Entering Apply Finish Threshold Function
2026/04/19-19:54:18.176033 1284 Finishing zone: Entering Finish()
2026/04/19-19:54:18.342762 1284 [DEBUG] Allocating zone(new=1) start: 0x28000000 wp: 0x28000000 lt: 4 file lt: 4
2026/04/19-19:54:18.342798 1284 [Zonestats:time(s),used_cap(MB),reclaimable_cap(MB), avg_reclaimable(%), active(#), active_zones(#), open_zones(#)] 49 988 1571 61 8 9 2
2026/04/19-19:54:18.342810 1284 [DEBUG] Syncing metadata for: /db_working_home/000171.sst
2026/04/19-19:54:18.406408 1283 Total Garbage Bytes this interval: 514323015 bytes
2026/04/19-19:54:18.406426 1283 Cumulative Average Garbage Bytes (over 48 intervals): 197596168 bytes
2026/04/19-19:54:18.406447 1283 Zone Garbage Stats: [104 10 1 0 1 1 1 1 1 2 1 0 ]
2026/04/19-19:54:18.406451 1283 Total Garbage Bytes: 514323015 bytes
2026/04/19-19:54:19.406631 1283 Total Garbage Bytes this interval: 514323015 bytes
2026/04/19-19:54:19.406800 1283 Cumulative Average Garbage Bytes (over 49 intervals): 204059981 bytes
2026/04/19-19:54:19.406823 1283 Zone Garbage Stats: [104 10 1 0 1 1 1 1 1 2 1 0 ]
2026/04/19-19:54:19.406827 1283 Total Garbage Bytes: 514323015 bytes
2026/04/19-19:54:19.689199 1284 Entering Apply Finish Threshold Function
2026/04/19-19:54:19.689228 1284 [DEBUG] Allocating zone(new=1) start: 0x48000000 wp: 0x48000000 lt: 4 file lt: 4
2026/04/19-19:54:19.689236 1284 [Zonestats:time(s),used_cap(MB),reclaimable_cap(MB), avg_reclaimable(%), active(#), active_zones(#), open_zones(#)] 50 1116 1571 58 8 9 2
2026/04/19-19:54:19.689243 1284 [DEBUG] Syncing metadata for: /db_working_home/000171.sst
2026/04/19-19:54:19.697778 1284 [DEBUG] Syncing metadata for: /db_working_home/000171.sst
2026/04/19-19:54:19.698345 1284 [DEBUG] Syncing metadata for: /db_working_home/000171.sst
2026/04/19-19:54:19.699069 1284 [DEBUG] GetFileSize: /db_working_home/000171.sst 
2026/04/19-19:54:19.699105 1284 [DEBUG] New writable file: /db_working_home/000172.sst direct: 1
2026/04/19-19:54:19.704469 1284 Entering Apply Finish Threshold Function
2026/04/19-19:54:19.704493 1284 [DEBUG] Allocating zone(new=1) start: 0x50000000 wp: 0x50000000 lt: 4 file lt: 4
2026/04/19-19:54:19.704501 1284 [Zonestats:time(s),used_cap(MB),reclaimable_cap(MB), avg_reclaimable(%), active(#), active_zones(#), open_zones(#)] 50 1116 1699 60 9 10 2
2026/04/19-19:54:19.704507 1284 [DEBUG] Syncing metadata for: /db_working_home/000172.sst
2026/04/19-19:54:20.407004 1283 Total Garbage Bytes this interval: 514323023 bytes
2026/04/19-19:54:20.407023 1283 Cumulative Average Garbage Bytes (over 50 intervals): 210265242 bytes
2026/04/19-19:54:20.407043 1283 Zone Garbage Stats: [102 12 1 0 1 1 1 1 1 2 1 0 ]
2026/04/19-19:54:20.407048 1283 Total Garbage Bytes: 514323023 bytes
2026/04/19-19:54:21.054534 1284 Entering Apply Finish Threshold Function
2026/04/19-19:54:21.054565 1284 [DEBUG] Allocating zone(new=1) start: 0x78000000 wp: 0x78000000 lt: 4 file lt: 4
2026/04/19-19:54:21.054574 1284 [Zonestats:time(s),used_cap(MB),reclaimable_cap(MB), avg_reclaimable(%), active(#), active_zones(#), open_zones(#)] 52 1244 1699 57 9 10 2
2026/04/19-19:54:21.054580 1284 [DEBUG] Syncing metadata for: /db_working_home/000172.sst
2026/04/19-19:54:21.060113 1284 [DEBUG] Syncing metadata for: /db_working_home/000172.sst
2026/04/19-19:54:21.060696 1284 [DEBUG] Syncing metadata for: /db_working_home/000172.sst
2026/04/19-19:54:21.061404 1284 [DEBUG] GetFileSize: /db_working_home/000172.sst 
2026/04/19-19:54:21.061440 1284 [DEBUG] New writable file: /db_working_home/000173.sst direct: 1
2026/04/19-19:54:21.064353 1284 Entering Apply Finish Threshold Function
2026/04/19-19:54:21.064377 1284 [DEBUG] Allocating zone(new=1) start: 0x90000000 wp: 0x90000000 lt: 4 file lt: 4
2026/04/19-19:54:21.064384 1284 [Zonestats:time(s),used_cap(MB),reclaimable_cap(MB), avg_reclaimable(%), active(#), active_zones(#), open_zones(#)] 52 1244 1827 59 10 11 2
2026/04/19-19:54:21.064391 1284 [DEBUG] Syncing metadata for: /db_working_home/000173.sst
2026/04/19-19:54:21.407193 1283 Total Garbage Bytes this interval: 514323377 bytes
2026/04/19-19:54:21.407207 1283 Cumulative Average Garbage Bytes (over 51 intervals): 216227166 bytes
2026/04/19-19:54:21.407223 1283 Zone Garbage Stats: [100 14 1 0 1 1 1 1 1 2 1 0 ]
2026/04/19-19:54:21.407225 1283 Total Garbage Bytes: 514323377 bytes
2026/04/19-19:54:21.732950 1284 [DEBUG] Syncing metadata for: /db_working_home/000173.sst
2026/04/19-19:54:21.733533 1284 [DEBUG] Syncing metadata for: /db_working_home/000173.sst
2026/04/19-19:54:21.734257 1284 [DEBUG] GetFileSize: /db_working_home/000173.sst 
2026/04/19-19:54:21.735395 1284 [DEBUG] New random access file: /db_working_home/000171.sst direct: 1
2026/04/19-19:54:21.736016 1284 [DEBUG] GetFileSize: /db_working_home/000171.sst 
2026/04/19-19:54:21.736257 1284 [DEBUG] New random access file: /db_working_home/000172.sst direct: 1
2026/04/19-19:54:21.736563 1284 [DEBUG] GetFileSize: /db_working_home/000172.sst 
2026/04/19-19:54:21.736748 1284 [DEBUG] New random access file: /db_working_home/000173.sst direct: 1
2026/04/19-19:54:21.736982 1284 [DEBUG] GetFileSize: /db_working_home/000173.sst 
2026/04/19-19:54:21.737882 1284 [DEBUG] Syncing metadata for: /db_working_home/MANIFEST-000005
2026/04/19-19:54:21.738637 1284 [DEBUG] DeleteFile: ./db_working_home/000101.sst 
2026/04/19-19:54:21.739316 1284 [Zonestats:time(s),used_cap(MB),reclaimable_cap(MB), avg_reclaimable(%), active(#), active_zones(#), open_zones(#)] 52 1188 1883 61 11 11 1
2026/04/19-19:54:21.739357 1284 [DEBUG] DeleteFile: ./db_working_home/000162.sst 
2026/04/19-19:54:21.740085 1284 [Zonestats:time(s),used_cap(MB),reclaimable_cap(MB), avg_reclaimable(%), active(#), active_zones(#), open_zones(#)] 52 1060 1755 62 10 10 1
2026/04/19-19:54:21.740130 1284 [DEBUG] DeleteFile: ./db_working_home/000166.sst 
2026/04/19-19:54:21.740771 1284 [Zonestats:time(s),used_cap(MB),reclaimable_cap(MB), avg_reclaimable(%), active(#), active_zones(#), open_zones(#)] 52 988 1699 63 9 9 1
2026/04/19-19:54:21.741532 1284 [DEBUG] Syncing metadata for: /db_working_home/MANIFEST-000005
2026/04/19-19:54:21.747390 1284 [DEBUG] New writable file: /db_working_home/000174.sst direct: 1
2026/04/19-19:54:21.750342 1284 Entering Apply Finish Threshold Function
2026/04/19-19:54:21.750392 1284 [DEBUG] Allocating zone(new=1) start: 0x38000000 wp: 0x38000000 lt: 5 file lt: 5
2026/04/19-19:54:21.750399 1284 [Zonestats:time(s),used_cap(MB),reclaimable_cap(MB), avg_reclaimable(%), active(#), active_zones(#), open_zones(#)] 52 988 1699 63 9 10 2
2026/04/19-19:54:21.750406 1284 [DEBUG] Syncing metadata for: /db_working_home/000174.sst
2026/04/19-19:54:22.407406 1283 Total Garbage Bytes this interval: 514319109 bytes
2026/04/19-19:54:22.407427 1283 Cumulative Average Garbage Bytes (over 52 intervals): 221959703 bytes
2026/04/19-19:54:22.407449 1283 Zone Garbage Stats: [103 11 1 0 1 1 1 1 1 2 1 0 ]
2026/04/19-19:54:22.407453 1283 Total Garbage Bytes: 514319109 bytes
2026/04/19-19:54:23.083987 1284 Entering Apply Finish Threshold Function
2026/04/19-19:54:23.084022 1284 [DEBUG] Allocating zone(new=1) start: 0x98000000 wp: 0x98000000 lt: 5 file lt: 5
2026/04/19-19:54:23.084030 1284 [Zonestats:time(s),used_cap(MB),reclaimable_cap(MB), avg_reclaimable(%), active(#), active_zones(#), open_zones(#)] 54 1116 1699 60 9 10 2
2026/04/19-19:54:23.084037 1284 [DEBUG] Syncing metadata for: /db_working_home/000174.sst
2026/04/19-19:54:23.089557 1284 [DEBUG] Syncing metadata for: /db_working_home/000174.sst
2026/04/19-19:54:23.090132 1284 [DEBUG] Syncing metadata for: /db_working_home/000174.sst
2026/04/19-19:54:23.090846 1284 [DEBUG] GetFileSize: /db_working_home/000174.sst 
2026/04/19-19:54:23.090879 1284 [DEBUG] New writable file: /db_working_home/000175.sst direct: 1
2026/04/19-19:54:23.093626 1284 Entering Apply Finish Threshold Function
2026/04/19-19:54:23.093651 1284 [DEBUG] Allocating zone(new=1) start: 0xb0000000 wp: 0xb0000000 lt: 5 file lt: 5
2026/04/19-19:54:23.093658 1284 [Zonestats:time(s),used_cap(MB),reclaimable_cap(MB), avg_reclaimable(%), active(#), active_zones(#), open_zones(#)] 54 1116 1827 62 10 11 2
2026/04/19-19:54:23.093664 1284 [DEBUG] Syncing metadata for: /db_working_home/000175.sst
2026/04/19-19:54:23.318484 1284 [DEBUG] Syncing metadata for: /db_working_home/000175.sst
2026/04/19-19:54:23.319064 1284 [DEBUG] Syncing metadata for: /db_working_home/000175.sst
2026/04/19-19:54:23.319778 1284 [DEBUG] GetFileSize: /db_working_home/000175.sst 
2026/04/19-19:54:23.320912 1284 [DEBUG] New random access file: /db_working_home/000174.sst direct: 1
2026/04/19-19:54:23.321238 1284 [DEBUG] GetFileSize: /db_working_home/000174.sst 
2026/04/19-19:54:23.321464 1284 [DEBUG] New random access file: /db_working_home/000175.sst direct: 1
2026/04/19-19:54:23.321649 1284 [DEBUG] GetFileSize: /db_working_home/000175.sst 
2026/04/19-19:54:23.322492 1284 [DEBUG] Syncing metadata for: /db_working_home/MANIFEST-000005
2026/04/19-19:54:23.323244 1284 [DEBUG] DeleteFile: ./db_working_home/000082.sst 
2026/04/19-19:54:23.323814 1284 [Zonestats:time(s),used_cap(MB),reclaimable_cap(MB), avg_reclaimable(%), active(#), active_zones(#), open_zones(#)] 54 1095 1976 64 11 11 1
2026/04/19-19:54:23.323853 1284 [DEBUG] DeleteFile: ./db_working_home/000170.sst 
2026/04/19-19:54:23.324512 1284 [Zonestats:time(s),used_cap(MB),reclaimable_cap(MB), avg_reclaimable(%), active(#), active_zones(#), open_zones(#)] 54 988 1955 66 11 11 1
2026/04/19-19:54:23.329839 1284 [DEBUG] New writable file: /db_working_home/000176.sst direct: 1
2026/04/19-19:54:23.332636 1284 Entering Apply Finish Threshold Function
2026/04/19-19:54:23.332662 1284 [DEBUG] Allocating zone(new=1) start: 0x40000000 wp: 0x40000000 lt: 5 file lt: 5
2026/04/19-19:54:23.332669 1284 [Zonestats:time(s),used_cap(MB),reclaimable_cap(MB), avg_reclaimable(%), active(#), active_zones(#), open_zones(#)] 54 988 1955 66 11 12 2
2026/04/19-19:54:23.332675 1284 [DEBUG] Syncing metadata for: /db_working_home/000176.sst
2026/04/19-19:54:23.407632 1283 Total Garbage Bytes this interval: 559142087 bytes
2026/04/19-19:54:23.407650 1283 Cumulative Average Garbage Bytes (over 53 intervals): 228321635 bytes
2026/04/19-19:54:23.407671 1283 Zone Garbage Stats: [101 14 0 0 1 1 1 0 1 2 2 0 ]
2026/04/19-19:54:23.407675 1283 Total Garbage Bytes: 559142087 bytes
2026/04/19-19:54:24.407860 1283 Total Garbage Bytes this interval: 559142087 bytes
2026/04/19-19:54:24.407987 1283 Cumulative Average Garbage Bytes (over 54 intervals): 234447940 bytes
2026/04/19-19:54:24.408010 1283 Zone Garbage Stats: [101 14 0 0 1 1 1 0 1 2 2 0 ]
2026/04/19-19:54:24.408014 1283 Total Garbage Bytes: 559142087 bytes
2026/04/19-19:54:24.664149 1284 Entering Apply Finish Threshold Function
2026/04/19-19:54:24.664182 1284 [DEBUG] Allocating zone(new=1) start: 0xb8000000 wp: 0xb8000000 lt: 5 file lt: 5
2026/04/19-19:54:24.664191 1284 [Zonestats:time(s),used_cap(MB),reclaimable_cap(MB), avg_reclaimable(%), active(#), active_zones(#), open_zones(#)] 55 1116 1955 63 11 12 2
2026/04/19-19:54:24.664198 1284 [DEBUG] Syncing metadata for: /db_working_home/000176.sst
2026/04/19-19:54:24.672719 1284 [DEBUG] Syncing metadata for: /db_working_home/000176.sst
2026/04/19-19:54:24.673284 1284 [DEBUG] Syncing metadata for: /db_working_home/000176.sst
2026/04/19-19:54:24.673994 1284 [DEBUG] GetFileSize: /db_working_home/000176.sst 
2026/04/19-19:54:24.674031 1284 [DEBUG] New writable file: /db_working_home/000177.sst direct: 1
2026/04/19-19:54:24.676807 1284 Entering Apply Finish Threshold Function
2026/04/19-19:54:24.676830 1284 [DEBUG] Allocator: avoided a finish by relaxing lifetime diff requirement
2026/04/19-19:54:24.676834 1284 [DEBUG] Allocating zone(new=0) start: 0xb8000000 wp: 0xb8035400 lt: 5 file lt: 5
2026/04/19-19:54:24.676841 1284 [Zonestats:time(s),used_cap(MB),reclaimable_cap(MB), avg_reclaimable(%), active(#), active_zones(#), open_zones(#)] 55 1116 2083 65 12 12 2
2026/04/19-19:54:24.676847 1284 [DEBUG] Syncing metadata for: /db_working_home/000177.sst
2026/04/19-19:54:25.408199 1283 Total Garbage Bytes this interval: 559142087 bytes
2026/04/19-19:54:25.408219 1283 Cumulative Average Garbage Bytes (over 55 intervals): 240351470 bytes
2026/04/19-19:54:25.408241 1283 Zone Garbage Stats: [100 15 0 0 1 1 1 0 1 2 2 0 ]
2026/04/19-19:54:25.408245 1283 Total Garbage Bytes: 559142087 bytes
2026/04/19-19:54:26.001362 1284 Entering Apply Finish Threshold Function
2026/04/19-19:54:26.001398 1284 [DEBUG] Allocating zone(new=1) start: 0xc0000000 wp: 0xc0000000 lt: 5 file lt: 5
2026/04/19-19:54:26.001407 1284 [Zonestats:time(s),used_cap(MB),reclaimable_cap(MB), avg_reclaimable(%), active(#), active_zones(#), open_zones(#)] 57 1244 1955 61 11 12 2
2026/04/19-19:54:26.001414 1284 [DEBUG] Syncing metadata for: /db_working_home/000177.sst
2026/04/19-19:54:26.011949 1284 [DEBUG] Syncing metadata for: /db_working_home/000177.sst
2026/04/19-19:54:26.012523 1284 [DEBUG] Syncing metadata for: /db_working_home/000177.sst
2026/04/19-19:54:26.013242 1284 [DEBUG] GetFileSize: /db_working_home/000177.sst 
2026/04/19-19:54:26.013276 1284 [DEBUG] New writable file: /db_working_home/000178.sst direct: 1
2026/04/19-19:54:26.018772 1284 Entering Apply Finish Threshold Function
2026/04/19-19:54:26.018798 1284 [DEBUG] Allocator: avoided a finish by relaxing lifetime diff requirement
2026/04/19-19:54:26.018802 1284 [DEBUG] Allocating zone(new=0) start: 0xc0000000 wp: 0xc006a800 lt: 5 file lt: 5
2026/04/19-19:54:26.018809 1284 [Zonestats:time(s),used_cap(MB),reclaimable_cap(MB), avg_reclaimable(%), active(#), active_zones(#), open_zones(#)] 57 1244 2083 62 12 12 2
2026/04/19-19:54:26.018815 1284 [DEBUG] Syncing metadata for: /db_working_home/000178.sst
2026/04/19-19:54:26.408431 1283 Total Garbage Bytes this interval: 559142427 bytes
2026/04/19-19:54:26.408450 1283 Cumulative Average Garbage Bytes (over 56 intervals): 246044165 bytes
2026/04/19-19:54:26.408472 1283 Zone Garbage Stats: [99 16 0 0 1 1 1 0 1 2 2 0 ]
2026/04/19-19:54:26.408476 1283 Total Garbage Bytes: 559142427 bytes
2026/04/19-19:54:27.346292 1284 Entering Apply Finish Threshold Function
2026/04/19-19:54:27.346329 1284 [DEBUG] Allocating zone(new=1) start: 0xd8000000 wp: 0xd8000000 lt: 5 file lt: 5
2026/04/19-19:54:27.346338 1284 [Zonestats:time(s),used_cap(MB),reclaimable_cap(MB), avg_reclaimable(%), active(#), active_zones(#), open_zones(#)] 58 1372 1955 58 11 12 2
2026/04/19-19:54:27.346345 1284 [DEBUG] Syncing metadata for: /db_working_home/000178.sst
2026/04/19-19:54:27.358297 1284 [DEBUG] Syncing metadata for: /db_working_home/000178.sst
2026/04/19-19:54:27.358865 1284 [DEBUG] Syncing metadata for: /db_working_home/000178.sst
2026/04/19-19:54:27.359580 1284 [DEBUG] GetFileSize: /db_working_home/000178.sst 
2026/04/19-19:54:27.359615 1284 [DEBUG] New writable file: /db_working_home/000179.sst direct: 1
2026/04/19-19:54:27.363587 1284 Entering Apply Finish Threshold Function
2026/04/19-19:54:27.363609 1284 [DEBUG] Allocator: avoided a finish by relaxing lifetime diff requirement
2026/04/19-19:54:27.363612 1284 [DEBUG] Allocating zone(new=0) start: 0xd8000000 wp: 0xd809fc00 lt: 5 file lt: 5
2026/04/19-19:54:27.363618 1284 [Zonestats:time(s),used_cap(MB),reclaimable_cap(MB), avg_reclaimable(%), active(#), active_zones(#), open_zones(#)] 58 1372 2083 60 12 12 2
2026/04/19-19:54:27.363623 1284 [DEBUG] Syncing metadata for: /db_working_home/000179.sst
2026/04/19-19:54:27.408660 1283 Total Garbage Bytes this interval: 559142482 bytes
2026/04/19-19:54:27.408678 1283 Cumulative Average Garbage Bytes (over 57 intervals): 251537118 bytes
2026/04/19-19:54:27.408746 1283 Zone Garbage Stats: [98 17 0 0 1 1 1 0 1 2 2 0 ]
2026/04/19-19:54:27.408751 1283 Total Garbage Bytes: 559142482 bytes
2026/04/19-19:54:28.025438 1284 [DEBUG] Syncing metadata for: /db_working_home/000179.sst
2026/04/19-19:54:28.026023 1284 [DEBUG] Syncing metadata for: /db_working_home/000179.sst
2026/04/19-19:54:28.026755 1284 [DEBUG] GetFileSize: /db_working_home/000179.sst 
2026/04/19-19:54:28.028129 1284 [DEBUG] New random access file: /db_working_home/000176.sst direct: 1
2026/04/19-19:54:28.028460 1284 [DEBUG] GetFileSize: /db_working_home/000176.sst 
2026/04/19-19:54:28.028693 1284 [DEBUG] New random access file: /db_working_home/000177.sst direct: 1
2026/04/19-19:54:28.028998 1284 [DEBUG] GetFileSize: /db_working_home/000177.sst 
2026/04/19-19:54:28.029182 1284 [DEBUG] New random access file: /db_working_home/000178.sst direct: 1
2026/04/19-19:54:28.029482 1284 [DEBUG] GetFileSize: /db_working_home/000178.sst 
2026/04/19-19:54:28.029644 1284 [DEBUG] New random access file: /db_working_home/000179.sst direct: 1
2026/04/19-19:54:28.029876 1284 [DEBUG] GetFileSize: /db_working_home/000179.sst 
2026/04/19-19:54:28.030848 1284 [DEBUG] Syncing metadata for: /db_working_home/MANIFEST-000005
2026/04/19-19:54:28.032279 1284 [DEBUG] DeleteFile: ./db_working_home/000067.sst 
2026/04/19-19:54:28.033073 1284 [Zonestats:time(s),used_cap(MB),reclaimable_cap(MB), avg_reclaimable(%), active(#), active_zones(#), open_zones(#)] 59 1308 1891 59 12 12 1
2026/04/19-19:54:28.033128 1284 [DEBUG] DeleteFile: ./db_working_home/000171.sst 
2026/04/19-19:54:28.033858 1284 [Zonestats:time(s),used_cap(MB),reclaimable_cap(MB), avg_reclaimable(%), active(#), active_zones(#), open_zones(#)] 59 1179 1764 59 11 11 1
2026/04/19-19:54:28.033894 1284 [DEBUG] DeleteFile: ./db_working_home/000172.sst 
2026/04/19-19:54:28.034618 1284 [Zonestats:time(s),used_cap(MB),reclaimable_cap(MB), avg_reclaimable(%), active(#), active_zones(#), open_zones(#)] 59 1051 1636 60 10 10 1
2026/04/19-19:54:28.034652 1284 [DEBUG] DeleteFile: ./db_working_home/000173.sst 
2026/04/19-19:54:28.035286 1284 [Zonestats:time(s),used_cap(MB),reclaimable_cap(MB), avg_reclaimable(%), active(#), active_zones(#), open_zones(#)] 59 988 1571 61 9 9 1
2026/04/19-19:54:28.036079 1284 [DEBUG] Syncing metadata for: /db_working_home/MANIFEST-000005
2026/04/19-19:54:28.037412 1284 [DEBUG] Syncing metadata for: /db_working_home/MANIFEST-000005
2026/04/19-19:54:28.044619 1284 [DEBUG] New writable file: /db_working_home/000180.sst direct: 1
2026/04/19-19:54:28.047560 1284 Entering Apply Finish Threshold Function
2026/04/19-19:54:28.047580 1284 [DEBUG] Allocating zone(new=1) start: 0x28000000 wp: 0x28000000 lt: 5 file lt: 5
2026/04/19-19:54:28.047586 1284 [Zonestats:time(s),used_cap(MB),reclaimable_cap(MB), avg_reclaimable(%), active(#), active_zones(#), open_zones(#)] 59 988 1571 61 9 10 2
2026/04/19-19:54:28.047591 1284 [DEBUG] Syncing metadata for: /db_working_home/000180.sst
2026/04/19-19:54:28.408931 1283 Total Garbage Bytes this interval: 447262167 bytes
2026/04/19-19:54:28.408951 1283 Cumulative Average Garbage Bytes (over 58 intervals): 254911688 bytes
2026/04/19-19:54:28.408993 1283 Zone Garbage Stats: [104 12 0 0 1 1 1 0 1 2 1 0 ]
2026/04/19-19:54:28.408998 1283 Total Garbage Bytes: 447262167 bytes
2026/04/19-19:54:28.727147 1284 [DEBUG] Syncing metadata for: /db_working_home/000180.sst
2026/04/19-19:54:28.727711 1284 [DEBUG] Syncing metadata for: /db_working_home/000180.sst
2026/04/19-19:54:28.728410 1284 [DEBUG] GetFileSize: /db_working_home/000180.sst 
2026/04/19-19:54:28.728443 1284 [DEBUG] New writable file: /db_working_home/000181.sst direct: 1
2026/04/19-19:54:28.731930 1284 Entering Apply Finish Threshold Function
2026/04/19-19:54:28.731956 1284 [DEBUG] Allocating zone(new=1) start: 0x30000000 wp: 0x30000000 lt: 5 file lt: 5
2026/04/19-19:54:28.731964 1284 [Zonestats:time(s),used_cap(MB),reclaimable_cap(MB), avg_reclaimable(%), active(#), active_zones(#), open_zones(#)] 59 1052 1635 60 10 11 2
2026/04/19-19:54:28.731971 1284 [DEBUG] Syncing metadata for: /db_working_home/000181.sst
2026/04/19-19:54:29.409184 1283 Total Garbage Bytes this interval: 447262670 bytes
2026/04/19-19:54:29.409293 1283 Cumulative Average Garbage Bytes (over 59 intervals): 258171874 bytes
2026/04/19-19:54:29.409315 1283 Zone Garbage Stats: [103 13 0 0 1 1 1 0 1 2 1 0 ]
2026/04/19-19:54:29.409319 1283 Total Garbage Bytes: 447262670 bytes
2026/04/19-19:54:29.412706 1284 [DEBUG] Syncing metadata for: /db_working_home/000181.sst
2026/04/19-19:54:29.413263 1284 [DEBUG] Syncing metadata for: /db_working_home/000181.sst
2026/04/19-19:54:29.414579 1284 [DEBUG] GetFileSize: /db_working_home/000181.sst 
2026/04/19-19:54:29.415152 1284 [DEBUG] New writable file: /db_working_home/000182.sst direct: 1
2026/04/19-19:54:29.422012 1284 Entering Apply Finish Threshold Function
2026/04/19-19:54:29.422029 1284 [DEBUG] Allocating zone(new=1) start: 0x48000000 wp: 0x48000000 lt: 5 file lt: 5
2026/04/19-19:54:29.422035 1284 [Zonestats:time(s),used_cap(MB),reclaimable_cap(MB), avg_reclaimable(%), active(#), active_zones(#), open_zones(#)] 60 1116 1699 60 11 12 2
2026/04/19-19:54:29.422039 1284 [DEBUG] Syncing metadata for: /db_working_home/000182.sst
2026/04/19-19:54:30.112496 1284 [DEBUG] Syncing metadata for: /db_working_home/000182.sst
2026/04/19-19:54:30.113065 1284 [DEBUG] Syncing metadata for: /db_working_home/000182.sst
2026/04/19-19:54:30.113774 1284 [DEBUG] GetFileSize: /db_working_home/000182.sst 
2026/04/19-19:54:30.113806 1284 [DEBUG] New writable file: /db_working_home/000183.sst direct: 1
2026/04/19-19:54:30.117225 1284 Entering Apply Finish Threshold Function
2026/04/19-19:54:30.117247 1284 [DEBUG] Allocator: avoided a finish by relaxing lifetime diff requirement
2026/04/19-19:54:30.117250 1284 [DEBUG] Allocating zone(new=0) start: 0xd8000000 wp: 0xdc04d800 lt: 5 file lt: 5
2026/04/19-19:54:30.117256 1284 [Zonestats:time(s),used_cap(MB),reclaimable_cap(MB), avg_reclaimable(%), active(#), active_zones(#), open_zones(#)] 61 1180 1763 59 12 12 2
2026/04/19-19:54:30.117262 1284 [DEBUG] Syncing metadata for: /db_working_home/000183.sst
2026/04/19-19:54:30.409505 1283 Total Garbage Bytes this interval: 447263245 bytes
2026/04/19-19:54:30.409522 1283 Cumulative Average Garbage Bytes (over 60 intervals): 261323397 bytes
2026/04/19-19:54:30.409542 1283 Zone Garbage Stats: [102 14 0 0 1 1 1 0 1 2 1 0 ]
2026/04/19-19:54:30.409546 1283 Total Garbage Bytes: 447263245 bytes
2026/04/19-19:54:30.796310 1284 Entering Apply Finish Threshold Function
2026/04/19-19:54:30.796344 1284 [DEBUG] Allocating zone(new=1) start: 0x50000000 wp: 0x50000000 lt: 5 file lt: 5
2026/04/19-19:54:30.796352 1284 [Zonestats:time(s),used_cap(MB),reclaimable_cap(MB), avg_reclaimable(%), active(#), active_zones(#), open_zones(#)] 61 1244 1699 57 11 12 2
2026/04/19-19:54:30.796359 1284 [DEBUG] Syncing metadata for: /db_working_home/000183.sst
2026/04/19-19:54:30.806795 1284 [DEBUG] Syncing metadata for: /db_working_home/000183.sst
2026/04/19-19:54:30.807357 1284 [DEBUG] Syncing metadata for: /db_working_home/000183.sst
2026/04/19-19:54:30.808074 1284 [DEBUG] GetFileSize: /db_working_home/000183.sst 
2026/04/19-19:54:30.808105 1284 [DEBUG] New writable file: /db_working_home/000184.sst direct: 1
2026/04/19-19:54:30.813382 1284 Entering Apply Finish Threshold Function
2026/04/19-19:54:30.813402 1284 [DEBUG] Allocator: avoided a finish by relaxing lifetime diff requirement
2026/04/19-19:54:30.813405 1284 [DEBUG] Allocating zone(new=0) start: 0xb0000000 wp: 0xb15b6c00 lt: 5 file lt: 5
2026/04/19-19:54:30.813410 1284 [Zonestats:time(s),used_cap(MB),reclaimable_cap(MB), avg_reclaimable(%), active(#), active_zones(#), open_zones(#)] 61 1244 1827 59 12 12 2
2026/04/19-19:54:30.813415 1284 [DEBUG] Syncing metadata for: /db_working_home/000184.sst
2026/04/19-19:54:31.409758 1283 Total Garbage Bytes this interval: 447264008 bytes
2026/04/19-19:54:31.410408 1283 Cumulative Average Garbage Bytes (over 61 intervals): 264371604 bytes
2026/04/19-19:54:31.410429 1283 Zone Garbage Stats: [101 15 0 0 1 1 1 0 1 2 1 0 ]
2026/04/19-19:54:31.410433 1283 Total Garbage Bytes: 447264008 bytes
2026/04/19-19:54:31.492771 1284 [DEBUG] Syncing metadata for: /db_working_home/000184.sst
2026/04/19-19:54:31.493331 1284 [DEBUG] Syncing metadata for: /db_working_home/000184.sst
2026/04/19-19:54:31.494021 1284 [DEBUG] GetFileSize: /db_working_home/000184.sst 
2026/04/19-19:54:31.494672 1284 [DEBUG] New writable file: /db_working_home/000185.sst direct: 1
2026/04/19-19:54:31.501712 1284 Entering Apply Finish Threshold Function
2026/04/19-19:54:31.501721 1284 Finishing zone: Entering Finish()
2026/04/19-19:54:31.844407 1284 [DEBUG] Allocating zone(new=1) start: 0x78000000 wp: 0x78000000 lt: 5 file lt: 5
2026/04/19-19:54:31.845676 1284 [Zonestats:time(s),used_cap(MB),reclaimable_cap(MB), avg_reclaimable(%), active(#), active_zones(#), open_zones(#)] 62 1308 1763 57 11 12 2
2026/04/19-19:54:31.846282 1284 [DEBUG] Syncing metadata for: /db_working_home/000185.sst
2026/04/19-19:54:32.410552 1283 Total Garbage Bytes this interval: 447264491 bytes
2026/04/19-19:54:32.410571 1283 Cumulative Average Garbage Bytes (over 62 intervals): 267321489 bytes
2026/04/19-19:54:32.410703 1283 Zone Garbage Stats: [100 15 0 0 2 1 1 0 1 2 1 0 ]
2026/04/19-19:54:32.410708 1283 Total Garbage Bytes: 447264491 bytes
2026/04/19-19:54:32.524718 1284 [DEBUG] Syncing metadata for: /db_working_home/000185.sst
2026/04/19-19:54:32.525282 1284 [DEBUG] Syncing metadata for: /db_working_home/000185.sst
2026/04/19-19:54:32.526142 1284 [DEBUG] GetFileSize: /db_working_home/000185.sst 
2026/04/19-19:54:32.526198 1284 [DEBUG] New writable file: /db_working_home/000186.sst direct: 1
2026/04/19-19:54:32.529097 1284 Entering Apply Finish Threshold Function
2026/04/19-19:54:32.529131 1284 [DEBUG] Allocator: avoided a finish by relaxing lifetime diff requirement
2026/04/19-19:54:32.529135 1284 [DEBUG] Allocating zone(new=0) start: 0x98000000 wp: 0x98035400 lt: 5 file lt: 5
2026/04/19-19:54:32.529143 1284 [Zonestats:time(s),used_cap(MB),reclaimable_cap(MB), avg_reclaimable(%), active(#), active_zones(#), open_zones(#)] 63 1372 1827 57 12 12 2
2026/04/19-19:54:32.529149 1284 [DEBUG] Syncing metadata for: /db_working_home/000186.sst
2026/04/19-19:54:33.187423 1284 [DEBUG] Syncing metadata for: /db_working_home/000186.sst
2026/04/19-19:54:33.187985 1284 [DEBUG] Syncing metadata for: /db_working_home/000186.sst
2026/04/19-19:54:33.188686 1284 [DEBUG] GetFileSize: /db_working_home/000186.sst 
2026/04/19-19:54:33.188719 1284 [DEBUG] New writable file: /db_working_home/000187.sst direct: 1
2026/04/19-19:54:33.194140 1284 Entering Apply Finish Threshold Function
2026/04/19-19:54:33.194168 1284 [DEBUG] Allocator: avoided a finish by relaxing lifetime diff requirement
2026/04/19-19:54:33.194172 1284 [DEBUG] Allocating zone(new=0) start: 0x98000000 wp: 0x9c04fe00 lt: 5 file lt: 5
2026/04/19-19:54:33.194180 1284 [Zonestats:time(s),used_cap(MB),reclaimable_cap(MB), avg_reclaimable(%), active(#), active_zones(#), open_zones(#)] 64 1436 1763 55 12 12 2
2026/04/19-19:54:33.194186 1284 [DEBUG] Syncing metadata for: /db_working_home/000187.sst
2026/04/19-19:54:33.410882 1283 Total Garbage Bytes this interval: 447264930 bytes
2026/04/19-19:54:33.410900 1283 Cumulative Average Garbage Bytes (over 63 intervals): 270177734 bytes
2026/04/19-19:54:33.410921 1283 Zone Garbage Stats: [100 15 0 0 2 1 1 0 1 2 1 0 ]
2026/04/19-19:54:33.410925 1283 Total Garbage Bytes: 447264930 bytes
2026/04/19-19:54:33.850912 1284 Entering Apply Finish Threshold Function
2026/04/19-19:54:33.850946 1284 [DEBUG] Allocating zone(new=1) start: 0x80000000 wp: 0x80000000 lt: 5 file lt: 5
2026/04/19-19:54:33.850954 1284 [Zonestats:time(s),used_cap(MB),reclaimable_cap(MB), avg_reclaimable(%), active(#), active_zones(#), open_zones(#)] 64 1500 1699 53 11 12 2
2026/04/19-19:54:33.850961 1284 [DEBUG] Syncing metadata for: /db_working_home/000187.sst
2026/04/19-19:54:33.859592 1284 [DEBUG] Syncing metadata for: /db_working_home/000187.sst
2026/04/19-19:54:33.860154 1284 [DEBUG] Syncing metadata for: /db_working_home/000187.sst
2026/04/19-19:54:33.860851 1284 [DEBUG] GetFileSize: /db_working_home/000187.sst 
2026/04/19-19:54:33.860881 1284 [DEBUG] New writable file: /db_working_home/000188.sst direct: 1
2026/04/19-19:54:33.863613 1284 Entering Apply Finish Threshold Function
2026/04/19-19:54:33.863636 1284 [DEBUG] Allocator: avoided a finish by relaxing lifetime diff requirement
2026/04/19-19:54:33.863640 1284 [DEBUG] Allocating zone(new=0) start: 0x80000000 wp: 0x8006a800 lt: 5 file lt: 5
2026/04/19-19:54:33.863647 1284 [Zonestats:time(s),used_cap(MB),reclaimable_cap(MB), avg_reclaimable(%), active(#), active_zones(#), open_zones(#)] 64 1500 1827 54 12 12 2
2026/04/19-19:54:33.863652 1284 [DEBUG] Syncing metadata for: /db_working_home/000188.sst
2026/04/19-19:54:34.411096 1283 Total Garbage Bytes this interval: 447265311 bytes
2026/04/19-19:54:34.411296 1283 Cumulative Average Garbage Bytes (over 64 intervals): 272944727 bytes
2026/04/19-19:54:34.411317 1283 Zone Garbage Stats: [99 16 0 0 2 1 1 0 1 2 1 0 ]
2026/04/19-19:54:34.411321 1283 Total Garbage Bytes: 447265311 bytes
2026/04/19-19:54:34.524072 1284 [DEBUG] Syncing metadata for: /db_working_home/000188.sst
2026/04/19-19:54:34.524641 1284 [DEBUG] Syncing metadata for: /db_working_home/000188.sst
2026/04/19-19:54:34.525336 1284 [DEBUG] GetFileSize: /db_working_home/000188.sst 
2026/04/19-19:54:34.525366 1284 [DEBUG] New writable file: /db_working_home/000189.sst direct: 1
2026/04/19-19:54:34.528043 1284 Entering Apply Finish Threshold Function
2026/04/19-19:54:34.528068 1284 [DEBUG] Allocator: avoided a finish by relaxing lifetime diff requirement
2026/04/19-19:54:34.528071 1284 [DEBUG] Allocating zone(new=0) start: 0x80000000 wp: 0x84085200 lt: 5 file lt: 5
2026/04/19-19:54:34.528078 1284 [Zonestats:time(s),used_cap(MB),reclaimable_cap(MB), avg_reclaimable(%), active(#), active_zones(#), open_zones(#)] 65 1565 1762 52 12 12 2
2026/04/19-19:54:34.528085 1284 [DEBUG] Syncing metadata for: /db_working_home/000189.sst
2026/04/19-19:54:35.184378 1284 Entering Apply Finish Threshold Function
2026/04/19-19:54:35.184412 1284 [DEBUG] Allocating zone(new=1) start: 0x90000000 wp: 0x90000000 lt: 5 file lt: 5
2026/04/19-19:54:35.184420 1284 [Zonestats:time(s),used_cap(MB),reclaimable_cap(MB), avg_reclaimable(%), active(#), active_zones(#), open_zones(#)] 66 1628 1699 51 11 12 2
2026/04/19-19:54:35.184427 1284 [DEBUG] Syncing metadata for: /db_working_home/000189.sst
2026/04/19-19:54:35.194836 1284 [DEBUG] Syncing metadata for: /db_working_home/000189.sst
2026/04/19-19:54:35.195392 1284 [DEBUG] Syncing metadata for: /db_working_home/000189.sst
2026/04/19-19:54:35.196086 1284 [DEBUG] GetFileSize: /db_working_home/000189.sst 
2026/04/19-19:54:35.196128 1284 [DEBUG] New writable file: /db_working_home/000190.sst direct: 1
2026/04/19-19:54:35.198828 1284 Entering Apply Finish Threshold Function
2026/04/19-19:54:35.198852 1284 [DEBUG] Allocator: avoided a finish by relaxing lifetime diff requirement
2026/04/19-19:54:35.198854 1284 [DEBUG] Allocating zone(new=0) start: 0x90000000 wp: 0x9009fc00 lt: 5 file lt: 5
2026/04/19-19:54:35.198861 1284 [Zonestats:time(s),used_cap(MB),reclaimable_cap(MB), avg_reclaimable(%), active(#), active_zones(#), open_zones(#)] 66 1629 1826 52 12 12 2
2026/04/19-19:54:35.198867 1284 [DEBUG] Syncing metadata for: /db_working_home/000190.sst
2026/04/19-19:54:35.411493 1283 Total Garbage Bytes this interval: 447266132 bytes
2026/04/19-19:54:35.411510 1283 Cumulative Average Garbage Bytes (over 65 intervals): 275626595 bytes
2026/04/19-19:54:35.411531 1283 Zone Garbage Stats: [98 17 0 0 2 1 1 0 1 2 1 0 ]
2026/04/19-19:54:35.411535 1283 Total Garbage Bytes: 447266132 bytes
2026/04/19-19:54:35.414909 1284 [DEBUG] Syncing metadata for: /db_working_home/000190.sst
2026/04/19-19:54:35.415482 1284 [DEBUG] Syncing metadata for: /db_working_home/000190.sst
2026/04/19-19:54:35.416192 1284 [DEBUG] GetFileSize: /db_working_home/000190.sst 
2026/04/19-19:54:35.418238 1284 [DEBUG] New random access file: /db_working_home/000180.sst direct: 1
2026/04/19-19:54:35.418538 1284 [DEBUG] GetFileSize: /db_working_home/000180.sst 
2026/04/19-19:54:35.418820 1284 [DEBUG] New random access file: /db_working_home/000181.sst direct: 1
2026/04/19-19:54:35.419059 1284 [DEBUG] GetFileSize: /db_working_home/000181.sst 
2026/04/19-19:54:35.419245 1284 [DEBUG] New random access file: /db_working_home/000182.sst direct: 1
2026/04/19-19:54:35.419479 1284 [DEBUG] GetFileSize: /db_working_home/000182.sst 
2026/04/19-19:54:35.419643 1284 [DEBUG] New random access file: /db_working_home/000183.sst direct: 1
2026/04/19-19:54:35.419875 1284 [DEBUG] GetFileSize: /db_working_home/000183.sst 
2026/04/19-19:54:35.420009 1284 [DEBUG] New random access file: /db_working_home/000184.sst direct: 1
2026/04/19-19:54:35.420239 1284 [DEBUG] GetFileSize: /db_working_home/000184.sst 
2026/04/19-19:54:35.420882 1284 [DEBUG] New random access file: /db_working_home/000185.sst direct: 1
2026/04/19-19:54:35.421111 1284 [DEBUG] GetFileSize: /db_working_home/000185.sst 
2026/04/19-19:54:35.421265 1284 [DEBUG] New random access file: /db_working_home/000186.sst direct: 1
2026/04/19-19:54:35.421485 1284 [DEBUG] GetFileSize: /db_working_home/000186.sst 
2026/04/19-19:54:35.421630 1284 [DEBUG] New random access file: /db_working_home/000187.sst direct: 1
2026/04/19-19:54:35.421849 1284 [DEBUG] GetFileSize: /db_working_home/000187.sst 
2026/04/19-19:54:35.421975 1284 [DEBUG] New random access file: /db_working_home/000188.sst direct: 1
2026/04/19-19:54:35.422192 1284 [DEBUG] GetFileSize: /db_working_home/000188.sst 
2026/04/19-19:54:35.422320 1284 [DEBUG] New random access file: /db_working_home/000189.sst direct: 1
2026/04/19-19:54:35.422535 1284 [DEBUG] GetFileSize: /db_working_home/000189.sst 
2026/04/19-19:54:35.422664 1284 [DEBUG] New random access file: /db_working_home/000190.sst direct: 1
2026/04/19-19:54:35.422825 1284 [DEBUG] GetFileSize: /db_working_home/000190.sst 
2026/04/19-19:54:35.424015 1284 [DEBUG] Syncing metadata for: /db_working_home/MANIFEST-000005
2026/04/19-19:54:35.425022 1284 [DEBUG] DeleteFile: ./db_working_home/000026.sst 
2026/04/19-19:54:35.425748 1284 [Zonestats:time(s),used_cap(MB),reclaimable_cap(MB), avg_reclaimable(%), active(#), active_zones(#), open_zones(#)] 66 1586 1741 52 12 12 1
2026/04/19-19:54:35.425777 1284 [DEBUG] DeleteFile: ./db_working_home/000174.sst 
2026/04/19-19:54:35.426380 1284 [Zonestats:time(s),used_cap(MB),reclaimable_cap(MB), avg_reclaimable(%), active(#), active_zones(#), open_zones(#)] 66 1458 1741 54 12 12 1
2026/04/19-19:54:35.426403 1284 [DEBUG] DeleteFile: ./db_working_home/000175.sst 
2026/04/19-19:54:35.426928 1284 [Zonestats:time(s),used_cap(MB),reclaimable_cap(MB), avg_reclaimable(%), active(#), active_zones(#), open_zones(#)] 66 1436 1763 55 12 12 1
2026/04/19-19:54:35.426949 1284 [DEBUG] DeleteFile: ./db_working_home/000176.sst 
2026/04/19-19:54:35.427545 1284 [Zonestats:time(s),used_cap(MB),reclaimable_cap(MB), avg_reclaimable(%), active(#), active_zones(#), open_zones(#)] 66 1308 1763 57 12 12 1
2026/04/19-19:54:35.427565 1284 [DEBUG] DeleteFile: ./db_working_home/000177.sst 
2026/04/19-19:54:35.428147 1284 [Zonestats:time(s),used_cap(MB),reclaimable_cap(MB), avg_reclaimable(%), active(#), active_zones(#), open_zones(#)] 66 1179 1764 59 12 12 1
2026/04/19-19:54:35.428167 1284 [DEBUG] DeleteFile: ./db_working_home/000178.sst 
2026/04/19-19:54:35.428742 1284 [Zonestats:time(s),used_cap(MB),reclaimable_cap(MB), avg_reclaimable(%), active(#), active_zones(#), open_zones(#)] 66 1051 1764 62 12 12 1
2026/04/19-19:54:35.428762 1284 [DEBUG] DeleteFile: ./db_working_home/000179.sst 
2026/04/19-19:54:35.429285 1284 [Zonestats:time(s),used_cap(MB),reclaimable_cap(MB), avg_reclaimable(%), active(#), active_zones(#), open_zones(#)] 66 988 1827 64 12 12 1
2026/04/19-19:54:35.429979 1284 [DEBUG] Syncing metadata for: /db_working_home/MANIFEST-000005
2026/04/19-19:54:35.476291 1282 [DEBUG] GetChildrenNoLock: /db_working_home 
2026/04/19-19:54:35.479583 1282 [DEBUG] Syncing metadata for: /db_working_home/000164.log
2026/04/19-19:54:35.480230 1282 [DEBUG] Syncing metadata for: /db_working_home/MANIFEST-000005
2026/04/19-19:54:35.480770 1282 [DEBUG] Syncing metadata for: /db_working_home/MANIFEST-000005
2026/04/19-19:54:35.481346 1282 [DEBUG] GetFileSize: /db_working_home/MANIFEST-000005 
2026/04/19-19:54:35.490101 1282 [DEBUG] CreatDirIfMissing: ./db_working_home to aux: /home/femu/rocksdbTest/zenfs_aux/./db_working_home
2026/04/19-19:54:35.490159 1282 [DEBUG] FileExists: /db_working_home/LOG 
2026/04/19-19:54:35.490244 1282 [DEBUG] Rename file: /db_working_home/LOG to : /db_working_home/LOG.old.1776628475490227
2026/04/19-19:54:35.491458 1282 [DEBUG] GetChildrenNoLock: /db_working_home 
2026/04/19-19:54:35.491875 1282 [DEBUG] GetFileSize: /db_working_home/000164.log 
2026/04/19-19:54:35.492124 1282 [DEBUG] GetFileSize: /db_working_home/MANIFEST-000005 
2026/04/19-19:54:35.492757 1282 [DEBUG] CreatDirIfMissing: ./db_working_home to aux: /home/femu/rocksdbTest/zenfs_aux/./db_working_home
2026/04/19-19:54:35.492773 1282 [DEBUG] CreatDirIfMissing: ./db_working_home to aux: /home/femu/rocksdbTest/zenfs_aux/./db_working_home
2026/04/19-19:54:35.492786 1282 [DEBUG] CreatDirIfMissing: ./db_working_home to aux: /home/femu/rocksdbTest/zenfs_aux/./db_working_home
2026/04/19-19:54:35.492794 1282 [DEBUG] NewDirectory: ./db_working_home to aux: /home/femu/rocksdbTest/zenfs_aux/./db_working_home
2026/04/19-19:54:35.492831 1282 [DEBUG] FileExists: /db_working_home/CURRENT 
2026/04/19-19:54:35.492847 1282 [DEBUG] New random access file: /db_working_home/CURRENT direct: 1
2026/04/19-19:54:35.492873 1282 [DEBUG] New sequential file: /db_working_home/CURRENT direct: 0
2026/04/19-19:54:35.493059 1282 [DEBUG] New sequential file: /db_working_home/MANIFEST-000005 direct: 0
2026/04/19-19:54:35.496085 1302 [DEBUG] New random access file: /db_working_home/000163.sst direct: 1
2026/04/19-19:54:35.496124 1304 [DEBUG] New random access file: /db_working_home/000165.sst direct: 1
2026/04/19-19:54:35.496131 1303 [DEBUG] New random access file: /db_working_home/000160.sst direct: 1
2026/04/19-19:54:35.496168 1305 [DEBUG] New random access file: /db_working_home/000108.sst direct: 1
2026/04/19-19:54:35.496344 1302 [DEBUG] GetFileSize: /db_working_home/000163.sst 
2026/04/19-19:54:35.496521 1302 [DEBUG] New random access file: /db_working_home/000153.sst direct: 1
2026/04/19-19:54:35.496534 1304 [DEBUG] GetFileSize: /db_working_home/000165.sst 
2026/04/19-19:54:35.496561 1305 [DEBUG] GetFileSize: /db_working_home/000108.sst 
2026/04/19-19:54:35.496574 1303 [DEBUG] GetFileSize: /db_working_home/000160.sst 
2026/04/19-19:54:35.496640 1302 [DEBUG] GetFileSize: /db_working_home/000153.sst 
2026/04/19-19:54:35.496690 1302 [DEBUG] New random access file: /db_working_home/000110.sst direct: 1
2026/04/19-19:54:35.496784 1309 [DEBUG] New random access file: /db_working_home/000122.sst direct: 1
2026/04/19-19:54:35.496974 1305 [DEBUG] New random access file: /db_working_home/000189.sst direct: 1
2026/04/19-19:54:35.497308 1304 [DEBUG] New random access file: /db_working_home/000188.sst direct: 1
2026/04/19-19:54:35.497399 1302 [DEBUG] GetFileSize: /db_working_home/000110.sst 
2026/04/19-19:54:35.497561 1310 [DEBUG] New random access file: /db_working_home/000190.sst direct: 1
2026/04/19-19:54:35.497603 1303 [DEBUG] New random access file: /db_working_home/000186.sst direct: 1
2026/04/19-19:54:35.497638 1304 [DEBUG] GetFileSize: /db_working_home/000188.sst 
2026/04/19-19:54:35.497636 1306 [DEBUG] New random access file: /db_working_home/000169.sst direct: 1
2026/04/19-19:54:35.497755 1305 [DEBUG] GetFileSize: /db_working_home/000189.sst 
2026/04/19-19:54:35.497868 1310 [DEBUG] GetFileSize: /db_working_home/000190.sst 
2026/04/19-19:54:35.497899 1309 [DEBUG] GetFileSize: /db_working_home/000122.sst 
2026/04/19-19:54:35.497983 1306 [DEBUG] GetFileSize: /db_working_home/000169.sst 
2026/04/19-19:54:35.498022 1303 [DEBUG] GetFileSize: /db_working_home/000186.sst 
2026/04/19-19:54:35.498180 1306 [DEBUG] New random access file: /db_working_home/000184.sst direct: 1
2026/04/19-19:54:35.498519 1304 [DEBUG] New random access file: /db_working_home/000183.sst direct: 1
2026/04/19-19:54:35.498571 1308 [DEBUG] New random access file: /db_working_home/000062.sst direct: 1
2026/04/19-19:54:35.498641 1311 [DEBUG] New random access file: /db_working_home/000185.sst direct: 1
2026/04/19-19:54:35.498757 1304 [DEBUG] GetFileSize: /db_working_home/000183.sst 
2026/04/19-19:54:35.499155 1312 [DEBUG] New random access file: /db_working_home/000182.sst direct: 1
2026/04/19-19:54:35.499172 1306 [DEBUG] GetFileSize: /db_working_home/000184.sst 
2026/04/19-19:54:35.499196 1309 [DEBUG] New random access file: /db_working_home/000181.sst direct: 1
2026/04/19-19:54:35.499225 1311 [DEBUG] GetFileSize: /db_working_home/000185.sst 
2026/04/19-19:54:35.499233 1310 [DEBUG] New random access file: /db_working_home/000180.sst direct: 1
2026/04/19-19:54:35.499372 1308 [DEBUG] GetFileSize: /db_working_home/000062.sst 
2026/04/19-19:54:35.499663 1304 [DEBUG] New random access file: /db_working_home/000031.sst direct: 1
2026/04/19-19:54:35.499896 1304 [DEBUG] GetFileSize: /db_working_home/000031.sst 
2026/04/19-19:54:35.500276 1312 [DEBUG] GetFileSize: /db_working_home/000182.sst 
2026/04/19-19:54:35.500390 1310 [DEBUG] GetFileSize: /db_working_home/000180.sst 
2026/04/19-19:54:35.500559 1309 [DEBUG] GetFileSize: /db_working_home/000181.sst 
2026/04/19-19:54:35.501085 1307 [DEBUG] New random access file: /db_working_home/000168.sst direct: 1
2026/04/19-19:54:35.501915 1313 [DEBUG] New random access file: /db_working_home/000187.sst direct: 1
2026/04/19-19:54:35.502487 1307 [DEBUG] GetFileSize: /db_working_home/000168.sst 
2026/04/19-19:54:35.502943 1313 [DEBUG] GetFileSize: /db_working_home/000187.sst 
2026/04/19-19:54:35.503591 1282 [DEBUG] FileExists: /db_working_home/IDENTITY 
2026/04/19-19:54:35.503610 1282 [DEBUG] New sequential file: /db_working_home/IDENTITY direct: 0
2026/04/19-19:54:35.504229 1282 [DEBUG] GetChildrenNoLock: /db_working_home 
2026/04/19-19:54:35.504400 1282 [DEBUG] CreatDirIfMissing: ./db_working_home to aux: /home/femu/rocksdbTest/zenfs_aux/./db_working_home
2026/04/19-19:54:35.504415 1282 [DEBUG] NewDirectory: ./db_working_home to aux: /home/femu/rocksdbTest/zenfs_aux/./db_working_home
2026/04/19-19:54:35.504435 1282 [DEBUG] GetChildrenNoLock: /db_working_home 
2026/04/19-19:54:35.504596 1282 [DEBUG] New sequential file: /db_working_home/000164.log direct: 0
2026/04/19-19:54:35.504632 1282 [DEBUG] GetFileSize: /db_working_home/000164.log 
2026/04/19-19:54:35.504645 1282 [DEBUG] GetFileSize: /db_working_home/000164.log 
2026/04/19-19:54:35.504653 1282 [DEBUG] Reopen writable file: /db_working_home/000164.log 
2026/04/19-19:54:35.504679 1282 [DEBUG] Syncing metadata for: /db_working_home/000164.log
2026/04/19-19:54:35.505309 1282 [DEBUG] New writable file: /db_working_home/000193.log direct: 0
2026/04/19-19:54:35.505884 1282 [DEBUG] New writable file: /db_working_home/MANIFEST-000194 direct: 0
2026/04/19-19:54:35.506812 1282 Entering Apply Finish Threshold Function
2026/04/19-19:54:35.506826 1282 [DEBUG] Allocating zone(new=0) start: 0x20000000 wp: 0x20002400 lt: 0 file lt: 0
2026/04/19-19:54:35.506831 1282 [Zonestats:time(s),used_cap(MB),reclaimable_cap(MB), avg_reclaimable(%), active(#), active_zones(#), open_zones(#)] 66 988 1827 64 12 12 1
2026/04/19-19:54:35.506835 1282 [DEBUG] Syncing metadata for: /db_working_home/MANIFEST-000194
2026/04/19-19:54:35.507861 1282 [DEBUG] Syncing metadata for: /db_working_home/MANIFEST-000194
2026/04/19-19:54:35.508386 1282 [DEBUG] New writable file: /db_working_home/000194.dbtmp direct: 0
2026/04/19-19:54:35.508923 1282 Entering Apply Finish Threshold Function
2026/04/19-19:54:35.508935 1282 [DEBUG] Allocating zone(new=0) start: 0x18000000 wp: 0x1800f800 lt: 0 file lt: 0
2026/04/19-19:54:35.508939 1282 [Zonestats:time(s),used_cap(MB),reclaimable_cap(MB), avg_reclaimable(%), active(#), active_zones(#), open_zones(#)] 66 988 1827 64 12 12 2
2026/04/19-19:54:35.508942 1282 [DEBUG] Syncing metadata for: /db_working_home/000194.dbtmp
2026/04/19-19:54:35.509960 1282 [DEBUG] Syncing metadata for: /db_working_home/000194.dbtmp
2026/04/19-19:54:35.510468 1282 [DEBUG] Syncing metadata for: /db_working_home/000194.dbtmp
2026/04/19-19:54:35.510977 1282 [DEBUG] Syncing metadata for: /db_working_home/000194.dbtmp
2026/04/19-19:54:35.511539 1282 [DEBUG] Rename file: /db_working_home/000194.dbtmp to : /db_working_home/CURRENT
2026/04/19-19:54:35.513610 1282 [DEBUG] New writable file: /db_working_home/OPTIONS-000195.dbtmp direct: 0
2026/04/19-19:54:35.515263 1282 Entering Apply Finish Threshold Function
2026/04/19-19:54:35.515276 1282 [DEBUG] Allocating zone(new=0) start: 0x18000000 wp: 0x1800fa00 lt: 0 file lt: 0
2026/04/19-19:54:35.515280 1282 [Zonestats:time(s),used_cap(MB),reclaimable_cap(MB), avg_reclaimable(%), active(#), active_zones(#), open_zones(#)] 66 988 1827 64 12 12 2
2026/04/19-19:54:35.515283 1282 [DEBUG] Syncing metadata for: /db_working_home/OPTIONS-000195.dbtmp
2026/04/19-19:54:35.516312 1282 [DEBUG] Syncing metadata for: /db_working_home/OPTIONS-000195.dbtmp
2026/04/19-19:54:35.516832 1282 [DEBUG] Syncing metadata for: /db_working_home/OPTIONS-000195.dbtmp
2026/04/19-19:54:35.517351 1282 [DEBUG] Syncing metadata for: /db_working_home/OPTIONS-000195.dbtmp
2026/04/19-19:54:35.517949 1282 [DEBUG] New sequential file: /db_working_home/OPTIONS-000195.dbtmp direct: 0
2026/04/19-19:54:35.527757 1282 [DEBUG] GetFileSize: /db_working_home/OPTIONS-000195.dbtmp 
2026/04/19-19:54:35.527771 1282 [DEBUG] Rename file: /db_working_home/OPTIONS-000195.dbtmp to : /db_working_home/OPTIONS-000196
2026/04/19-19:54:35.528330 1282 [DEBUG] NewDirectory: ./db_working_home to aux: /home/femu/rocksdbTest/zenfs_aux/./db_working_home
2026/04/19-19:54:35.529060 1282 [DEBUG] GetChildrenNoLock: /db_working_home 
2026/04/19-19:54:35.530137 1282 [DEBUG] GetChildrenNoLock: /db_working_home 
2026/04/19-19:54:35.530239 1282 [DEBUG] GetChildrenNoLock: /db_working_home 
2026/04/19-19:54:35.530377 1282 [DEBUG] DeleteFile: ./db_working_home/000164.log 
2026/04/19-19:54:35.530926 1282 [Zonestats:time(s),used_cap(MB),reclaimable_cap(MB), avg_reclaimable(%), active(#), active_zones(#), open_zones(#)] 66 988 1827 64 12 12 1
2026/04/19-19:54:35.530949 1282 [DEBUG] DeleteFile: ./db_working_home/MANIFEST-000005 
2026/04/19-19:54:35.531502 1282 [Zonestats:time(s),used_cap(MB),reclaimable_cap(MB), avg_reclaimable(%), active(#), active_zones(#), open_zones(#)] 66 988 1827 64 12 12 1
2026/04/19-19:54:35.553162 1282 [DEBUG] Allocating zone(new=0) start: 0xf0000000 wp: 0xf3a84600 lt: 3 file lt: 2
2026/04/19-19:54:35.553176 1282 [DEBUG] Syncing metadata for: /db_working_home/000193.log
2026/04/19-19:54:35.799618 1282 [DEBUG] New writable file: /db_working_home/000197.log direct: 0
2026/04/19-19:54:35.800530 1285 [DEBUG] New writable file: /db_working_home/000198.sst direct: 1
2026/04/19-19:54:35.804601 1282 [DEBUG] Allocating zone(new=0) start: 0xd0000000 wp: 0xd0000a00 lt: 3 file lt: 2
2026/04/19-19:54:35.804606 1282 [DEBUG] Syncing metadata for: /db_working_home/000197.log
2026/04/19-19:54:35.804747 1285 Entering Apply Finish Threshold Function
2026/04/19-19:54:35.804773 1285 [DEBUG] Allocating zone(new=0) start: 0x90000000 wp: 0x915e8200 lt: 5 file lt: 3
2026/04/19-19:54:35.804781 1285 [Zonestats:time(s),used_cap(MB),reclaimable_cap(MB), avg_reclaimable(%), active(#), active_zones(#), open_zones(#)] 66 1003 1812 64 12 12 4
2026/04/19-19:54:35.804788 1285 [DEBUG] Syncing metadata for: /db_working_home/000198.sst
2026/04/19-19:54:36.012129 1285 [DEBUG] Syncing metadata for: /db_working_home/000198.sst
2026/04/19-19:54:36.012710 1285 [DEBUG] Syncing metadata for: /db_working_home/000198.sst
2026/04/19-19:54:36.013352 1285 [DEBUG] New random access file: /db_working_home/000198.sst direct: 1
2026/04/19-19:54:36.020329 1285 [DEBUG] GetFileSize: /db_working_home/000198.sst 
2026/04/19-19:54:36.023060 1285 [DEBUG] Syncing metadata for: /db_working_home/MANIFEST-000194
2026/04/19-19:54:36.023731 1285 [DEBUG] GetFileSize: /db_working_home/000198.sst 
2026/04/19-19:54:36.028488 1285 [DEBUG] Syncing metadata for: /db_working_home/000193.log
2026/04/19-19:54:36.038578 1285 [DEBUG] DeleteFile: ./db_working_home/000193.log 
2026/04/19-19:54:36.039165 1285 [Zonestats:time(s),used_cap(MB),reclaimable_cap(MB), avg_reclaimable(%), active(#), active_zones(#), open_zones(#)] 67 1017 1798 63 12 12 2
2026/04/19-19:54:36.044376 1284 [DEBUG] New writable file: /db_working_home/000199.sst direct: 1
2026/04/19-19:54:36.048199 1284 Entering Apply Finish Threshold Function
2026/04/19-19:54:36.048223 1284 [DEBUG] Allocating zone(new=0) start: 0x90000000 wp: 0x92559800 lt: 5 file lt: 3
2026/04/19-19:54:36.048231 1284 [Zonestats:time(s),used_cap(MB),reclaimable_cap(MB), avg_reclaimable(%), active(#), active_zones(#), open_zones(#)] 67 1017 1798 63 12 12 3
2026/04/19-19:54:36.048238 1284 [DEBUG] Syncing metadata for: /db_working_home/000199.sst
2026/04/19-19:54:36.056283 1282 [DEBUG] New writable file: /db_working_home/000200.log direct: 0
2026/04/19-19:54:36.062276 1285 [DEBUG] New writable file: /db_working_home/000201.sst direct: 1
2026/04/19-19:54:36.064927 1285 Entering Apply Finish Threshold Function
2026/04/19-19:54:36.064951 1285 [DEBUG] Allocating zone(new=0) start: 0x78000000 wp: 0x7c01aa00 lt: 5 file lt: 3
2026/04/19-19:54:36.064959 1285 [Zonestats:time(s),used_cap(MB),reclaimable_cap(MB), avg_reclaimable(%), active(#), active_zones(#), open_zones(#)] 67 1018 1797 63 12 12 4
2026/04/19-19:54:36.064965 1285 [DEBUG] Syncing metadata for: /db_working_home/000201.sst
2026/04/19-19:54:36.068151 1282 [DEBUG] Allocating zone(new=0) start: 0xf0000000 wp: 0xf4a21200 lt: 3 file lt: 2
2026/04/19-19:54:36.068158 1282 [DEBUG] Syncing metadata for: /db_working_home/000200.log
2026/04/19-19:54:36.313891 1285 [DEBUG] Syncing metadata for: /db_working_home/000201.sst
2026/04/19-19:54:36.319998 1285 [DEBUG] Syncing metadata for: /db_working_home/000201.sst
2026/04/19-19:54:36.327029 1285 [DEBUG] New random access file: /db_working_home/000201.sst direct: 1
2026/04/19-19:54:36.327225 1285 [DEBUG] GetFileSize: /db_working_home/000201.sst 
2026/04/19-19:54:36.331617 1285 [DEBUG] Syncing metadata for: /db_working_home/MANIFEST-000194
2026/04/19-19:54:36.342568 1285 [DEBUG] GetFileSize: /db_working_home/000201.sst 
2026/04/19-19:54:36.354149 1285 [DEBUG] Syncing metadata for: /db_working_home/000197.log
2026/04/19-19:54:36.365074 1285 [DEBUG] DeleteFile: ./db_working_home/000197.log 
2026/04/19-19:54:36.369003 1285 [Zonestats:time(s),used_cap(MB),reclaimable_cap(MB), avg_reclaimable(%), active(#), active_zones(#), open_zones(#)] 67 1027 1788 63 12 12 3
2026/04/19-19:54:36.411705 1283 Total Garbage Bytes this interval: 537919292 bytes
2026/04/19-19:54:36.411719 1283 Cumulative Average Garbage Bytes (over 66 intervals): 279600727 bytes
2026/04/19-19:54:36.411735 1283 Zone Garbage Stats: [103 10 1 0 1 1 2 0 1 2 1 0 ]
2026/04/19-19:54:36.411739 1283 Total Garbage Bytes: 537919292 bytes
2026/04/19-19:54:36.532182 1282 [DEBUG] New writable file: /db_working_home/000202.log direct: 0
2026/04/19-19:54:36.536996 1285 [DEBUG] New writable file: /db_working_home/000203.sst direct: 1
2026/04/19-19:54:36.539717 1285 Entering Apply Finish Threshold Function
2026/04/19-19:54:36.539728 1285 Finishing zone: Entering Finish()
2026/04/19-19:54:36.541248 1282 [DEBUG] Allocating zone(new=0) start: 0xd0000000 wp: 0xd0f9ce00 lt: 3 file lt: 2
2026/04/19-19:54:36.541254 1282 [DEBUG] Syncing metadata for: /db_working_home/000202.log
2026/04/19-19:54:36.776270 1282 [DEBUG] New writable file: /db_working_home/000204.log direct: 0
2026/04/19-19:54:36.809243 1284 [DEBUG] Syncing metadata for: /db_working_home/000199.sst
2026/04/19-19:54:36.810028 1284 [DEBUG] Syncing metadata for: /db_working_home/000199.sst
2026/04/19-19:54:36.811087 1284 [DEBUG] GetFileSize: /db_working_home/000199.sst 
2026/04/19-19:54:36.811133 1284 [DEBUG] New writable file: /db_working_home/000205.sst direct: 1
2026/04/19-19:54:36.812048 1284 Entering Apply Finish Threshold Function
2026/04/19-19:54:36.812056 1284 Finishing zone: Entering Finish()
2026/04/19-19:54:37.411915 1283 Total Garbage Bytes this interval: 521549943 bytes
2026/04/19-19:54:37.411932 1283 Cumulative Average Garbage Bytes (over 67 intervals): 283211909 bytes
2026/04/19-19:54:37.411951 1283 Zone Garbage Stats: [103 9 0 0 1 1 2 0 1 2 1 0 ]
2026/04/19-19:54:37.411955 1283 Total Garbage Bytes: 521549943 bytes
2026/04/19-19:54:37.447326 1284 [DEBUG] Allocating zone(new=0) start: 0x50000000 wp: 0x50068200 lt: 5 file lt: 3
2026/04/19-19:54:37.447341 1284 [Zonestats:time(s),used_cap(MB),reclaimable_cap(MB), avg_reclaimable(%), active(#), active_zones(#), open_zones(#)] 68 1095 1720 61 11 11 4
2026/04/19-19:54:37.447349 1284 [DEBUG] Syncing metadata for: /db_working_home/000205.sst
2026/04/19-19:54:37.448683 1284 [DEBUG] Syncing metadata for: /db_working_home/000205.sst
2026/04/19-19:54:37.449499 1284 [DEBUG] Syncing metadata for: /db_working_home/000205.sst
2026/04/19-19:54:37.450554 1284 [DEBUG] GetFileSize: /db_working_home/000205.sst 
2026/04/19-19:54:37.451745 1284 [DEBUG] New random access file: /db_working_home/000199.sst direct: 1
2026/04/19-19:54:37.451974 1284 [DEBUG] GetFileSize: /db_working_home/000199.sst 
2026/04/19-19:54:37.452171 1284 [DEBUG] New random access file: /db_working_home/000205.sst direct: 1
2026/04/19-19:54:37.452560 1284 [DEBUG] GetFileSize: /db_working_home/000205.sst 
2026/04/19-19:54:37.453417 1284 [DEBUG] Syncing metadata for: /db_working_home/MANIFEST-000194
2026/04/19-19:54:37.453635 1285 [DEBUG] Allocating zone(new=0) start: 0x50000000 wp: 0x50068c00 lt: 5 file lt: 3
2026/04/19-19:54:37.453651 1285 [Zonestats:time(s),used_cap(MB),reclaimable_cap(MB), avg_reclaimable(%), active(#), active_zones(#), open_zones(#)] 68 1095 1720 61 10 10 4
2026/04/19-19:54:37.453660 1285 [DEBUG] Syncing metadata for: /db_working_home/000203.sst
2026/04/19-19:54:37.454928 1284 [DEBUG] Syncing metadata for: /db_working_home/MANIFEST-000194
2026/04/19-19:54:37.463326 1284 [DEBUG] Syncing metadata for: /db_working_home/MANIFEST-000194
2026/04/19-19:54:37.595543 1285 [DEBUG] Syncing metadata for: /db_working_home/000203.sst
2026/04/19-19:54:37.596136 1285 [DEBUG] Syncing metadata for: /db_working_home/000203.sst
2026/04/19-19:54:37.596775 1285 [DEBUG] New random access file: /db_working_home/000203.sst direct: 1
2026/04/19-19:54:37.596958 1285 [DEBUG] GetFileSize: /db_working_home/000203.sst 
2026/04/19-19:54:37.598983 1285 [DEBUG] Syncing metadata for: /db_working_home/MANIFEST-000194
2026/04/19-19:54:37.599639 1285 [DEBUG] GetFileSize: /db_working_home/000203.sst 
2026/04/19-19:54:37.604499 1285 [DEBUG] Syncing metadata for: /db_working_home/000200.log
2026/04/19-19:54:37.605218 1285 [DEBUG] DeleteFile: ./db_working_home/000198.sst 
2026/04/19-19:54:37.605789 1285 [Zonestats:time(s),used_cap(MB),reclaimable_cap(MB), avg_reclaimable(%), active(#), active_zones(#), open_zones(#)] 68 1096 1719 61 10 10 2
2026/04/19-19:54:37.605830 1285 [DEBUG] DeleteFile: ./db_working_home/000200.log 
2026/04/19-19:54:37.606389 1285 [Zonestats:time(s),used_cap(MB),reclaimable_cap(MB), avg_reclaimable(%), active(#), active_zones(#), open_zones(#)] 68 1080 1735 61 10 10 2
2026/04/19-19:54:37.606644 1285 [DEBUG] New writable file: /db_working_home/000206.sst direct: 1
2026/04/19-19:54:37.609478 1285 Entering Apply Finish Threshold Function
2026/04/19-19:54:37.609488 1285 Finishing zone: Entering Finish()
2026/04/19-19:54:37.613567 1282 [DEBUG] Allocating zone(new=0) start: 0xa8000000 wp: 0xa8f71600 lt: 3 file lt: 2
2026/04/19-19:54:37.613579 1282 [DEBUG] Syncing metadata for: /db_working_home/000204.log
2026/04/19-19:54:37.815264 1282 [DEBUG] New writable file: /db_working_home/000207.log direct: 0
2026/04/19-19:54:38.025145 1285 [DEBUG] Allocating zone(new=0) start: 0x50000000 wp: 0x50fd9a00 lt: 5 file lt: 3
2026/04/19-19:54:38.025165 1285 [Zonestats:time(s),used_cap(MB),reclaimable_cap(MB), avg_reclaimable(%), active(#), active_zones(#), open_zones(#)] 69 1095 1720 61 9 9 4
2026/04/19-19:54:38.025176 1285 [DEBUG] Syncing metadata for: /db_working_home/000206.sst
2026/04/19-19:54:38.166528 1285 [DEBUG] Syncing metadata for: /db_working_home/000206.sst
2026/04/19-19:54:38.167058 1285 [DEBUG] Syncing metadata for: /db_working_home/000206.sst
2026/04/19-19:54:38.167623 1285 [DEBUG] New random access file: /db_working_home/000206.sst direct: 1
2026/04/19-19:54:38.167768 1285 [DEBUG] GetFileSize: /db_working_home/000206.sst 
2026/04/19-19:54:38.181474 1285 [DEBUG] Syncing metadata for: /db_working_home/MANIFEST-000194
2026/04/19-19:54:38.182058 1285 [DEBUG] GetFileSize: /db_working_home/000206.sst 
2026/04/19-19:54:38.186747 1285 [DEBUG] Syncing metadata for: /db_working_home/000202.log
2026/04/19-19:54:38.189817 1285 [DEBUG] DeleteFile: ./db_working_home/000202.log 
2026/04/19-19:54:38.192206 1285 [Zonestats:time(s),used_cap(MB),reclaimable_cap(MB), avg_reclaimable(%), active(#), active_zones(#), open_zones(#)] 69 1095 1720 61 9 9 2
2026/04/19-19:54:38.192301 1285 [DEBUG] New writable file: /db_working_home/000208.sst direct: 1
2026/04/19-19:54:38.194143 1284 [DEBUG] New writable file: /db_working_home/000209.sst direct: 1
2026/04/19-19:54:38.196196 1285 Entering Apply Finish Threshold Function
2026/04/19-19:54:38.196211 1285 [DEBUG] Allocating zone(new=0) start: 0x50000000 wp: 0x51f4b000 lt: 5 file lt: 3
2026/04/19-19:54:38.196214 1285 [Zonestats:time(s),used_cap(MB),reclaimable_cap(MB), avg_reclaimable(%), active(#), active_zones(#), open_zones(#)] 69 1095 1720 61 9 9 3
2026/04/19-19:54:38.196217 1285 [DEBUG] Syncing metadata for: /db_working_home/000208.sst
2026/04/19-19:54:38.196394 1282 [DEBUG] Allocating zone(new=0) start: 0xd0000000 wp: 0xd1f39a00 lt: 3 file lt: 2
2026/04/19-19:54:38.196400 1282 [DEBUG] Syncing metadata for: /db_working_home/000207.log
2026/04/19-19:54:38.196485 1284 Entering Apply Finish Threshold Function
2026/04/19-19:54:38.196498 1284 [DEBUG] Allocating zone(new=0) start: 0x48000000 wp: 0x4c01aa00 lt: 5 file lt: 3
2026/04/19-19:54:38.196502 1284 [Zonestats:time(s),used_cap(MB),reclaimable_cap(MB), avg_reclaimable(%), active(#), active_zones(#), open_zones(#)] 69 1095 1720 61 9 9 5
2026/04/19-19:54:38.196505 1284 [DEBUG] Syncing metadata for: /db_working_home/000209.sst
2026/04/19-19:54:38.412143 1283 Total Garbage Bytes this interval: 570483052 bytes
2026/04/19-19:54:38.412162 1283 Cumulative Average Garbage Bytes (over 68 intervals): 287436485 bytes
2026/04/19-19:54:38.412183 1283 Zone Garbage Stats: [103 6 0 0 2 2 3 0 1 2 1 0 ]
2026/04/19-19:54:38.412187 1283 Total Garbage Bytes: 570483052 bytes
2026/04/19-19:54:38.414866 1285 [DEBUG] Syncing metadata for: /db_working_home/000208.sst
2026/04/19-19:54:38.422952 1285 [DEBUG] Syncing metadata for: /db_working_home/000208.sst
2026/04/19-19:54:38.426678 1285 [DEBUG] New random access file: /db_working_home/000208.sst direct: 1
2026/04/19-19:54:38.426872 1285 [DEBUG] GetFileSize: /db_working_home/000208.sst 
2026/04/19-19:54:38.432758 1285 [DEBUG] Syncing metadata for: /db_working_home/MANIFEST-000194
2026/04/19-19:54:38.439553 1285 [DEBUG] GetFileSize: /db_working_home/000208.sst 
2026/04/19-19:54:38.452084 1285 [DEBUG] Syncing metadata for: /db_working_home/000204.log
2026/04/19-19:54:38.458902 1285 [DEBUG] DeleteFile: ./db_working_home/000204.log 
2026/04/19-19:54:38.462854 1285 [Zonestats:time(s),used_cap(MB),reclaimable_cap(MB), avg_reclaimable(%), active(#), active_zones(#), open_zones(#)] 69 1106 1709 60 9 9 3
2026/04/19-19:54:38.556619 1282 [DEBUG] New writable file: /db_working_home/000210.log direct: 0
2026/04/19-19:54:38.557492 1285 [DEBUG] New writable file: /db_working_home/000211.sst direct: 1
2026/04/19-19:54:38.560171 1285 Entering Apply Finish Threshold Function
2026/04/19-19:54:38.560195 1285 [DEBUG] Allocating zone(new=0) start: 0x50000000 wp: 0x52ebc200 lt: 5 file lt: 3
2026/04/19-19:54:38.560203 1285 [Zonestats:time(s),used_cap(MB),reclaimable_cap(MB), avg_reclaimable(%), active(#), active_zones(#), open_zones(#)] 69 1111 1704 60 9 9 4
2026/04/19-19:54:38.560209 1285 [DEBUG] Syncing metadata for: /db_working_home/000211.sst
2026/04/19-19:54:38.561930 1282 [DEBUG] Allocating zone(new=0) start: 0xa8000000 wp: 0xa9f0de00 lt: 3 file lt: 2
2026/04/19-19:54:38.561937 1282 [DEBUG] Syncing metadata for: /db_working_home/000210.log
2026/04/19-19:54:38.838016 1285 [DEBUG] Syncing metadata for: /db_working_home/000211.sst
2026/04/19-19:54:38.838195 1282 [DEBUG] New writable file: /db_working_home/000212.log direct: 0
2026/04/19-19:54:38.840222 1285 [DEBUG] Syncing metadata for: /db_working_home/000211.sst
2026/04/19-19:54:38.841416 1285 [DEBUG] New random access file: /db_working_home/000211.sst direct: 1
2026/04/19-19:54:38.842511 1285 [DEBUG] GetFileSize: /db_working_home/000211.sst 
2026/04/19-19:54:38.846168 1285 [DEBUG] Syncing metadata for: /db_working_home/MANIFEST-000194
2026/04/19-19:54:38.846826 1285 [DEBUG] GetFileSize: /db_working_home/000211.sst 
2026/04/19-19:54:38.856057 1285 [DEBUG] Syncing metadata for: /db_working_home/000207.log
2026/04/19-19:54:38.859359 1285 [DEBUG] DeleteFile: ./db_working_home/000207.log 
2026/04/19-19:54:38.859940 1285 [Zonestats:time(s),used_cap(MB),reclaimable_cap(MB), avg_reclaimable(%), active(#), active_zones(#), open_zones(#)] 69 1126 1689 59 9 9 3
2026/04/19-19:54:38.860138 1285 [DEBUG] New writable file: /db_working_home/000213.sst direct: 1
2026/04/19-19:54:38.863030 1285 Entering Apply Finish Threshold Function
2026/04/19-19:54:38.863054 1285 [DEBUG] Allocating zone(new=0) start: 0x50000000 wp: 0x53e2cc00 lt: 5 file lt: 3
2026/04/19-19:54:38.863061 1285 [Zonestats:time(s),used_cap(MB),reclaimable_cap(MB), avg_reclaimable(%), active(#), active_zones(#), open_zones(#)] 69 1126 1689 59 9 9 4
2026/04/19-19:54:38.863067 1285 [DEBUG] Syncing metadata for: /db_working_home/000213.sst
2026/04/19-19:54:38.868137 1282 [DEBUG] Allocating zone(new=0) start: 0xd0000000 wp: 0xd2ed5800 lt: 3 file lt: 2
2026/04/19-19:54:38.868144 1282 [DEBUG] Syncing metadata for: /db_working_home/000212.log
2026/04/19-19:54:39.089625 1285 [DEBUG] Syncing metadata for: /db_working_home/000213.sst
2026/04/19-19:54:39.090499 1285 [DEBUG] Syncing metadata for: /db_working_home/000213.sst
2026/04/19-19:54:39.091147 1285 [DEBUG] New random access file: /db_working_home/000213.sst direct: 1
2026/04/19-19:54:39.091799 1285 [DEBUG] GetFileSize: /db_working_home/000213.sst 
2026/04/19-19:54:39.094842 1285 [DEBUG] Syncing metadata for: /db_working_home/MANIFEST-000194
2026/04/19-19:54:39.096239 1285 [DEBUG] GetFileSize: /db_working_home/000213.sst 
2026/04/19-19:54:39.102276 1285 [DEBUG] Syncing metadata for: /db_working_home/000210.log
2026/04/19-19:54:39.113675 1285 [DEBUG] DeleteFile: ./db_working_home/000210.log 
2026/04/19-19:54:39.114259 1285 [Zonestats:time(s),used_cap(MB),reclaimable_cap(MB), avg_reclaimable(%), active(#), active_zones(#), open_zones(#)] 70 1136 1679 59 9 9 3
2026/04/19-19:54:39.223224 1282 [DEBUG] New writable file: /db_working_home/000214.log direct: 0
2026/04/19-19:54:39.224427 1285 [DEBUG] New writable file: /db_working_home/000215.sst direct: 1
2026/04/19-19:54:39.228730 1285 Entering Apply Finish Threshold Function
2026/04/19-19:54:39.228736 1282 [DEBUG] Allocating zone(new=0) start: 0xa8000000 wp: 0xaaea0200 lt: 3 file lt: 2
2026/04/19-19:54:39.228743 1282 [DEBUG] Syncing metadata for: /db_working_home/000214.log
2026/04/19-19:54:39.228743 1285 Finishing zone: Entering Finish()
2026/04/19-19:54:39.349923 1284 [DEBUG] Syncing metadata for: /db_working_home/000209.sst
2026/04/19-19:54:39.353967 1284 [DEBUG] Syncing metadata for: /db_working_home/000209.sst
2026/04/19-19:54:39.354952 1284 [DEBUG] GetFileSize: /db_working_home/000209.sst 
2026/04/19-19:54:39.354985 1284 [DEBUG] New writable file: /db_working_home/000216.sst direct: 1
2026/04/19-19:54:39.355904 1284 Entering Apply Finish Threshold Function
2026/04/19-19:54:39.355912 1284 Finishing zone: Entering Finish()
2026/04/19-19:54:39.412324 1283 Total Garbage Bytes this interval: 570483052 bytes
2026/04/19-19:54:39.412396 1283 Cumulative Average Garbage Bytes (over 69 intervals): 291538609 bytes
2026/04/19-19:54:39.412405 1283 Zone Garbage Stats: [103 6 0 0 2 2 3 0 1 2 1 0 ]
2026/04/19-19:54:39.412407 1283 Total Garbage Bytes: 570483052 bytes
2026/04/19-19:54:39.493886 1282 [DEBUG] New writable file: /db_working_home/000217.log direct: 0
2026/04/19-19:54:39.674428 1284 [DEBUG] Allocating zone(new=0) start: 0x30000000 wp: 0x3401aa00 lt: 5 file lt: 3
2026/04/19-19:54:39.674443 1284 [Zonestats:time(s),used_cap(MB),reclaimable_cap(MB), avg_reclaimable(%), active(#), active_zones(#), open_zones(#)] 70 1203 1612 57 8 8 4
2026/04/19-19:54:39.674452 1284 [DEBUG] Syncing metadata for: /db_working_home/000216.sst
2026/04/19-19:54:39.675736 1284 [DEBUG] Syncing metadata for: /db_working_home/000216.sst
2026/04/19-19:54:39.676574 1284 [DEBUG] Syncing metadata for: /db_working_home/000216.sst
2026/04/19-19:54:39.677625 1284 [DEBUG] GetFileSize: /db_working_home/000216.sst 
2026/04/19-19:54:39.678842 1284 [DEBUG] New random access file: /db_working_home/000209.sst direct: 1
2026/04/19-19:54:39.679556 1284 [DEBUG] GetFileSize: /db_working_home/000209.sst 
2026/04/19-19:54:39.679741 1284 [DEBUG] New random access file: /db_working_home/000216.sst direct: 1
2026/04/19-19:54:39.680091 1284 [DEBUG] GetFileSize: /db_working_home/000216.sst 
2026/04/19-19:54:39.680971 1284 [DEBUG] Syncing metadata for: /db_working_home/MANIFEST-000194
2026/04/19-19:54:39.694254 1284 [DEBUG] New writable file: /db_working_home/000218.sst direct: 1
2026/04/19-19:54:39.697549 1284 Entering Apply Finish Threshold Function
2026/04/19-19:54:39.697573 1284 [DEBUG] Allocating zone(new=0) start: 0x30000000 wp: 0x3401ba00 lt: 5 file lt: 3
2026/04/19-19:54:39.697581 1284 [Zonestats:time(s),used_cap(MB),reclaimable_cap(MB), avg_reclaimable(%), active(#), active_zones(#), open_zones(#)] 70 1203 1612 57 8 8 4
2026/04/19-19:54:39.697586 1284 [DEBUG] Syncing metadata for: /db_working_home/000218.sst
2026/04/19-19:54:40.412386 1284 Entering Apply Finish Threshold Function
2026/04/19-19:54:40.412418 1284 [DEBUG] Allocating zone(new=0) start: 0x28000000 wp: 0x2c01aa00 lt: 5 file lt: 3
2026/04/19-19:54:40.412426 1284 [Zonestats:time(s),used_cap(MB),reclaimable_cap(MB), avg_reclaimable(%), active(#), active_zones(#), open_zones(#)] 71 1267 1548 54 7 7 4
2026/04/19-19:54:40.412432 1284 [DEBUG] Syncing metadata for: /db_working_home/000218.sst
2026/04/19-19:54:40.412580 1283 Total Garbage Bytes this interval: 570483838 bytes
2026/04/19-19:54:40.412594 1283 Cumulative Average Garbage Bytes (over 70 intervals): 295523541 bytes
2026/04/19-19:54:40.412614 1283 Zone Garbage Stats: [103 5 1 0 2 2 3 0 1 2 1 0 ]
2026/04/19-19:54:40.412618 1283 Total Garbage Bytes: 570483838 bytes
2026/04/19-19:54:40.579329 1285 [DEBUG] Allocating zone(new=1) start: 0x38000000 wp: 0x38000000 lt: 3 file lt: 3
2026/04/19-19:54:40.579344 1285 [Zonestats:time(s),used_cap(MB),reclaimable_cap(MB), avg_reclaimable(%), active(#), active_zones(#), open_zones(#)] 71 1267 1548 54 6 7 5
2026/04/19-19:54:40.579353 1285 [DEBUG] Syncing metadata for: /db_working_home/000215.sst
2026/04/19-19:54:40.784927 1285 [DEBUG] Syncing metadata for: /db_working_home/000215.sst
2026/04/19-19:54:40.785816 1285 [DEBUG] Syncing metadata for: /db_working_home/000215.sst
2026/04/19-19:54:40.793353 1285 [DEBUG] New random access file: /db_working_home/000215.sst direct: 1
2026/04/19-19:54:40.793547 1285 [DEBUG] GetFileSize: /db_working_home/000215.sst 
2026/04/19-19:54:40.795701 1285 [DEBUG] Syncing metadata for: /db_working_home/MANIFEST-000194
2026/04/19-19:54:40.796522 1285 [DEBUG] GetFileSize: /db_working_home/000215.sst 
2026/04/19-19:54:40.801742 1284 [DEBUG] Syncing metadata for: /db_working_home/000218.sst
2026/04/19-19:54:40.805785 1285 [DEBUG] Syncing metadata for: /db_working_home/000212.log
2026/04/19-19:54:40.806249 1284 [DEBUG] Syncing metadata for: /db_working_home/000218.sst
2026/04/19-19:54:40.806995 1285 [DEBUG] DeleteFile: ./db_working_home/000201.sst 
2026/04/19-19:54:40.807577 1284 [DEBUG] GetFileSize: /db_working_home/000218.sst 
2026/04/19-19:54:40.808020 1285 [Zonestats:time(s),used_cap(MB),reclaimable_cap(MB), avg_reclaimable(%), active(#), active_zones(#), open_zones(#)] 71 1295 1648 55 7 7 2
2026/04/19-19:54:40.808065 1285 [DEBUG] DeleteFile: ./db_working_home/000203.sst 
2026/04/19-19:54:40.808620 1285 [Zonestats:time(s),used_cap(MB),reclaimable_cap(MB), avg_reclaimable(%), active(#), active_zones(#), open_zones(#)] 71 1279 1664 56 7 7 2
2026/04/19-19:54:40.808655 1285 [DEBUG] DeleteFile: ./db_working_home/000206.sst 
2026/04/19-19:54:40.809217 1285 [Zonestats:time(s),used_cap(MB),reclaimable_cap(MB), avg_reclaimable(%), active(#), active_zones(#), open_zones(#)] 71 1264 1679 57 7 7 2
2026/04/19-19:54:40.809234 1284 [DEBUG] New random access file: /db_working_home/000218.sst direct: 1
2026/04/19-19:54:40.809249 1285 [DEBUG] DeleteFile: ./db_working_home/000212.log 
2026/04/19-19:54:40.809797 1285 [Zonestats:time(s),used_cap(MB),reclaimable_cap(MB), avg_reclaimable(%), active(#), active_zones(#), open_zones(#)] 71 1248 1695 57 7 7 2
2026/04/19-19:54:40.809969 1285 [DEBUG] New writable file: /db_working_home/000219.sst direct: 1
2026/04/19-19:54:40.809974 1284 [DEBUG] GetFileSize: /db_working_home/000218.sst 
2026/04/19-19:54:40.811466 1284 [DEBUG] Syncing metadata for: /db_working_home/MANIFEST-000194
2026/04/19-19:54:40.812819 1284 [DEBUG] Syncing metadata for: /db_working_home/MANIFEST-000194
2026/04/19-19:54:40.814082 1285 Entering Apply Finish Threshold Function
2026/04/19-19:54:40.814091 1285 Finishing zone: Entering Finish()
2026/04/19-19:54:40.819983 1284 [DEBUG] New writable file: /db_working_home/000220.sst direct: 1
2026/04/19-19:54:40.820459 1282 [DEBUG] Allocating zone(new=0) start: 0xd0000000 wp: 0xd3e61200 lt: 3 file lt: 2
2026/04/19-19:54:40.820469 1282 [DEBUG] Syncing metadata for: /db_working_home/000217.log
2026/04/19-19:54:40.823810 1284 Entering Apply Finish Threshold Function
2026/04/19-19:54:40.823835 1284 [DEBUG] Allocating zone(new=1) start: 0x40000000 wp: 0x40000000 lt: 5 file lt: 5
2026/04/19-19:54:40.823842 1284 [Zonestats:time(s),used_cap(MB),reclaimable_cap(MB), avg_reclaimable(%), active(#), active_zones(#), open_zones(#)] 71 1248 1695 57 7 8 4
2026/04/19-19:54:40.823849 1284 [DEBUG] Syncing metadata for: /db_working_home/000220.sst
2026/04/19-19:54:41.142700 1282 [DEBUG] New writable file: /db_working_home/000221.log direct: 0
2026/04/19-19:54:41.412788 1283 Total Garbage Bytes this interval: 619060123 bytes
2026/04/19-19:54:41.412803 1283 Cumulative Average Garbage Bytes (over 71 intervals): 300080394 bytes
2026/04/19-19:54:41.412850 1283 Zone Garbage Stats: [101 6 1 0 1 3 3 1 1 2 1 0 ]
2026/04/19-19:54:41.412854 1283 Total Garbage Bytes: 619060123 bytes
2026/04/19-19:54:41.959580 1284 [DEBUG] Syncing metadata for: /db_working_home/000220.sst
2026/04/19-19:54:41.960152 1284 [DEBUG] Syncing metadata for: /db_working_home/000220.sst
2026/04/19-19:54:41.961249 1284 [DEBUG] GetFileSize: /db_working_home/000220.sst 
2026/04/19-19:54:41.961281 1284 [DEBUG] New writable file: /db_working_home/000222.sst direct: 1
2026/04/19-19:54:41.968617 1284 Entering Apply Finish Threshold Function
2026/04/19-19:54:41.968628 1284 Finishing zone: Entering Finish()
2026/04/19-19:54:42.030984 1285 [DEBUG] Allocating zone(new=1) start: 0x60000000 wp: 0x60000000 lt: 3 file lt: 3
2026/04/19-19:54:42.031002 1285 [Zonestats:time(s),used_cap(MB),reclaimable_cap(MB), avg_reclaimable(%), active(#), active_zones(#), open_zones(#)] 73 1358 1713 55 7 8 4
2026/04/19-19:54:42.031011 1285 [DEBUG] Syncing metadata for: /db_working_home/000219.sst
2026/04/19-19:54:42.185865 1285 [DEBUG] Syncing metadata for: /db_working_home/000219.sst
2026/04/19-19:54:42.186449 1285 [DEBUG] Syncing metadata for: /db_working_home/000219.sst
2026/04/19-19:54:42.187456 1285 [DEBUG] New random access file: /db_working_home/000219.sst direct: 1
2026/04/19-19:54:42.187640 1285 [DEBUG] GetFileSize: /db_working_home/000219.sst 
2026/04/19-19:54:42.190727 1285 [DEBUG] Syncing metadata for: /db_working_home/MANIFEST-000194
2026/04/19-19:54:42.191419 1285 [DEBUG] GetFileSize: /db_working_home/000219.sst 
2026/04/19-19:54:42.196328 1285 [DEBUG] Syncing metadata for: /db_working_home/000214.log
2026/04/19-19:54:42.197411 1285 [DEBUG] DeleteFile: ./db_working_home/000208.sst 
2026/04/19-19:54:42.198131 1285 [Zonestats:time(s),used_cap(MB),reclaimable_cap(MB), avg_reclaimable(%), active(#), active_zones(#), open_zones(#)] 73 1358 1841 57 8 8 2
2026/04/19-19:54:42.198173 1285 [DEBUG] DeleteFile: ./db_working_home/000209.sst 
2026/04/19-19:54:42.199017 1285 [Zonestats:time(s),used_cap(MB),reclaimable_cap(MB), avg_reclaimable(%), active(#), active_zones(#), open_zones(#)] 73 1312 1887 58 8 8 2
2026/04/19-19:54:42.199053 1285 [DEBUG] DeleteFile: ./db_working_home/000211.sst 
2026/04/19-19:54:42.199914 1285 [Zonestats:time(s),used_cap(MB),reclaimable_cap(MB), avg_reclaimable(%), active(#), active_zones(#), open_zones(#)] 73 1297 1902 59 8 8 2
2026/04/19-19:54:42.199947 1285 [DEBUG] DeleteFile: ./db_working_home/000213.sst 
2026/04/19-19:54:42.200499 1285 [Zonestats:time(s),used_cap(MB),reclaimable_cap(MB), avg_reclaimable(%), active(#), active_zones(#), open_zones(#)] 73 1281 1918 59 8 8 2
2026/04/19-19:54:42.200527 1285 [DEBUG] DeleteFile: ./db_working_home/000214.log 
2026/04/19-19:54:42.201400 1285 [Zonestats:time(s),used_cap(MB),reclaimable_cap(MB), avg_reclaimable(%), active(#), active_zones(#), open_zones(#)] 73 1266 1933 60 8 8 2
2026/04/19-19:54:42.201586 1285 [DEBUG] New writable file: /db_working_home/000223.sst direct: 1
2026/04/19-19:54:42.206352 1285 Entering Apply Finish Threshold Function
2026/04/19-19:54:42.206421 1285 [DEBUG] Allocating zone(new=1) start: 0xb8000000 wp: 0xb8000000 lt: 3 file lt: 3
2026/04/19-19:54:42.208008 1285 [Zonestats:time(s),used_cap(MB),reclaimable_cap(MB), avg_reclaimable(%), active(#), active_zones(#), open_zones(#)] 73 1266 1933 60 8 9 3
2026/04/19-19:54:42.208025 1285 [DEBUG] Syncing metadata for: /db_working_home/000223.sst
2026/04/19-19:54:42.212140 1282 [DEBUG] Allocating zone(new=0) start: 0xa8000000 wp: 0xabe2b800 lt: 3 file lt: 2
2026/04/19-19:54:42.212151 1282 [DEBUG] Syncing metadata for: /db_working_home/000221.log
2026/04/19-19:54:42.413031 1283 Total Garbage Bytes this interval: 716026475 bytes
2026/04/19-19:54:42.413050 1283 Cumulative Average Garbage Bytes (over 72 intervals): 305857423 bytes
2026/04/19-19:54:42.413072 1283 Zone Garbage Stats: [99 7 0 1 1 4 3 0 1 2 2 0 ]
2026/04/19-19:54:42.413076 1283 Total Garbage Bytes: 716026475 bytes
2026/04/19-19:54:42.444418 1285 [DEBUG] Syncing metadata for: /db_working_home/000223.sst
2026/04/19-19:54:42.444423 1282 [DEBUG] New writable file: /db_working_home/000224.log direct: 0
2026/04/19-19:54:42.445010 1285 [DEBUG] Syncing metadata for: /db_working_home/000223.sst
2026/04/19-19:54:42.446827 1285 [DEBUG] New random access file: /db_working_home/000223.sst direct: 1
2026/04/19-19:54:42.447343 1285 [DEBUG] GetFileSize: /db_working_home/000223.sst 
2026/04/19-19:54:42.449261 1285 [DEBUG] Syncing metadata for: /db_working_home/MANIFEST-000194
2026/04/19-19:54:42.449912 1285 [DEBUG] GetFileSize: /db_working_home/000223.sst 
2026/04/19-19:54:42.454351 1285 [DEBUG] Syncing metadata for: /db_working_home/000217.log
2026/04/19-19:54:42.455057 1285 [DEBUG] DeleteFile: ./db_working_home/000217.log 
2026/04/19-19:54:42.455856 1285 [Zonestats:time(s),used_cap(MB),reclaimable_cap(MB), avg_reclaimable(%), active(#), active_zones(#), open_zones(#)] 73 1281 2046 61 9 9 2
2026/04/19-19:54:42.456654 1285 [DEBUG] New writable file: /db_working_home/000225.sst direct: 1
2026/04/19-19:54:42.459784 1285 Entering Apply Finish Threshold Function
2026/04/19-19:54:42.459795 1285 Finishing zone: Entering Finish()
2026/04/19-19:54:42.461894 1282 [DEBUG] Allocating zone(new=0) start: 0xb8000000 wp: 0xb8f32200 lt: 3 file lt: 2
2026/04/19-19:54:42.461901 1282 [DEBUG] Syncing metadata for: /db_working_home/000224.log
2026/04/19-19:54:42.658511 1282 [DEBUG] New writable file: /db_working_home/000226.log direct: 0
2026/04/19-19:54:42.839885 1284 [DEBUG] Allocating zone(new=1) start: 0xc0000000 wp: 0xc0000000 lt: 5 file lt: 5
2026/04/19-19:54:42.839900 1284 [Zonestats:time(s),used_cap(MB),reclaimable_cap(MB), avg_reclaimable(%), active(#), active_zones(#), open_zones(#)] 73 1296 2031 61 8 9 4
2026/04/19-19:54:42.839915 1284 [DEBUG] Syncing metadata for: /db_working_home/000222.sst
2026/04/19-19:54:43.317002 1284 [DEBUG] Syncing metadata for: /db_working_home/000222.sst
2026/04/19-19:54:43.317808 1284 [DEBUG] Syncing metadata for: /db_working_home/000222.sst
2026/04/19-19:54:43.318554 1284 [DEBUG] GetFileSize: /db_working_home/000222.sst 
2026/04/19-19:54:43.320286 1284 [DEBUG] New random access file: /db_working_home/000220.sst direct: 1
2026/04/19-19:54:43.321005 1284 [DEBUG] GetFileSize: /db_working_home/000220.sst 
2026/04/19-19:54:43.321212 1284 [DEBUG] New random access file: /db_working_home/000222.sst direct: 1
2026/04/19-19:54:43.321584 1284 [DEBUG] GetFileSize: /db_working_home/000222.sst 
2026/04/19-19:54:43.322514 1284 [DEBUG] Syncing metadata for: /db_working_home/MANIFEST-000194
2026/04/19-19:54:43.323948 1284 [DEBUG] Syncing metadata for: /db_working_home/MANIFEST-000194
2026/04/19-19:54:43.325351 1284 [DEBUG] Syncing metadata for: /db_working_home/MANIFEST-000194
2026/04/19-19:54:43.326749 1284 [DEBUG] Syncing metadata for: /db_working_home/MANIFEST-000194
2026/04/19-19:54:43.413249 1283 Total Garbage Bytes this interval: 716026934 bytes
2026/04/19-19:54:43.413262 1283 Cumulative Average Garbage Bytes (over 73 intervals): 311476183 bytes
2026/04/19-19:54:43.413278 1283 Zone Garbage Stats: [98 8 0 2 1 4 3 0 1 2 2 0 ]
2026/04/19-19:54:43.413282 1283 Total Garbage Bytes: 716026934 bytes
2026/04/19-19:54:43.439331 1285 [DEBUG] Allocating zone(new=0) start: 0xc0000000 wp: 0xc29eec00 lt: 5 file lt: 3
2026/04/19-19:54:43.439345 1285 [Zonestats:time(s),used_cap(MB),reclaimable_cap(MB), avg_reclaimable(%), active(#), active_zones(#), open_zones(#)] 74 1338 2117 61 8 8 4
2026/04/19-19:54:43.439354 1285 [DEBUG] Syncing metadata for: /db_working_home/000225.sst
2026/04/19-19:54:43.593253 1285 [DEBUG] Syncing metadata for: /db_working_home/000225.sst
2026/04/19-19:54:43.593838 1285 [DEBUG] Syncing metadata for: /db_working_home/000225.sst
2026/04/19-19:54:43.594490 1285 [DEBUG] New random access file: /db_working_home/000225.sst direct: 1
2026/04/19-19:54:43.594682 1285 [DEBUG] GetFileSize: /db_working_home/000225.sst 
2026/04/19-19:54:43.597561 1285 [DEBUG] Syncing metadata for: /db_working_home/MANIFEST-000194
2026/04/19-19:54:43.598285 1285 [DEBUG] GetFileSize: /db_working_home/000225.sst 
2026/04/19-19:54:43.602606 1285 [DEBUG] Syncing metadata for: /db_working_home/000221.log
2026/04/19-19:54:43.606282 1285 [DEBUG] DeleteFile: ./db_working_home/000199.sst 
2026/04/19-19:54:43.608256 1285 [Zonestats:time(s),used_cap(MB),reclaimable_cap(MB), avg_reclaimable(%), active(#), active_zones(#), open_zones(#)] 74 1307 2148 62 8 8 2
2026/04/19-19:54:43.608325 1285 [DEBUG] DeleteFile: ./db_working_home/000218.sst 
2026/04/19-19:54:43.610790 1285 [Zonestats:time(s),used_cap(MB),reclaimable_cap(MB), avg_reclaimable(%), active(#), active_zones(#), open_zones(#)] 74 1215 2240 64 8 8 2
2026/04/19-19:54:43.610841 1285 [DEBUG] DeleteFile: ./db_working_home/000221.log 
2026/04/19-19:54:43.613511 1284 [DEBUG] New writable file: /db_working_home/000227.sst direct: 1
2026/04/19-19:54:43.613892 1285 [Zonestats:time(s),used_cap(MB),reclaimable_cap(MB), avg_reclaimable(%), active(#), active_zones(#), open_zones(#)] 74 1200 2255 65 8 8 2
2026/04/19-19:54:43.614130 1285 [DEBUG] New writable file: /db_working_home/000228.sst direct: 1
2026/04/19-19:54:43.617734 1284 Entering Apply Finish Threshold Function
2026/04/19-19:54:43.617745 1284 Finishing zone: Entering Finish()
2026/04/19-19:54:43.622181 1285 Entering Apply Finish Threshold Function
2026/04/19-19:54:43.622206 1285 [DEBUG] Allocating zone(new=0) start: 0xc0000000 wp: 0xc3923a00 lt: 5 file lt: 3
2026/04/19-19:54:43.622213 1285 [Zonestats:time(s),used_cap(MB),reclaimable_cap(MB), avg_reclaimable(%), active(#), active_zones(#), open_zones(#)] 74 1200 2255 65 8 8 3
2026/04/19-19:54:43.622219 1285 [DEBUG] Syncing metadata for: /db_working_home/000228.sst
2026/04/19-19:54:43.623273 1282 [DEBUG] Allocating zone(new=0) start: 0x68000000 wp: 0x6aed8400 lt: 3 file lt: 2
2026/04/19-19:54:43.623285 1282 [DEBUG] Syncing metadata for: /db_working_home/000226.log
2026/04/19-19:54:43.804458 1285 [DEBUG] Syncing metadata for: /db_working_home/000228.sst
2026/04/19-19:54:43.807179 1285 [DEBUG] Syncing metadata for: /db_working_home/000228.sst
2026/04/19-19:54:43.808141 1285 [DEBUG] New random access file: /db_working_home/000228.sst direct: 1
2026/04/19-19:54:43.808349 1285 [DEBUG] GetFileSize: /db_working_home/000228.sst 
2026/04/19-19:54:43.810445 1285 [DEBUG] Syncing metadata for: /db_working_home/MANIFEST-000194
2026/04/19-19:54:43.811093 1285 [DEBUG] GetFileSize: /db_working_home/000228.sst 
2026/04/19-19:54:43.815541 1285 [DEBUG] Syncing metadata for: /db_working_home/000224.log
2026/04/19-19:54:43.821102 1285 [DEBUG] DeleteFile: ./db_working_home/000224.log 
2026/04/19-19:54:43.824146 1285 [Zonestats:time(s),used_cap(MB),reclaimable_cap(MB), avg_reclaimable(%), active(#), active_zones(#), open_zones(#)] 74 1209 2246 65 8 8 2
2026/04/19-19:54:43.905695 1282 [DEBUG] New writable file: /db_working_home/000229.log direct: 0
2026/04/19-19:54:43.906980 1285 [DEBUG] New writable file: /db_working_home/000230.sst direct: 1
2026/04/19-19:54:43.910794 1282 [DEBUG] Allocating zone(new=0) start: 0xb8000000 wp: 0xb9ebcc00 lt: 3 file lt: 2
2026/04/19-19:54:43.910800 1282 [DEBUG] Syncing metadata for: /db_working_home/000229.log
2026/04/19-19:54:43.910885 1285 Entering Apply Finish Threshold Function
2026/04/19-19:54:43.910910 1285 [DEBUG] Allocating zone(new=0) start: 0xc0000000 wp: 0xc485a600 lt: 5 file lt: 3
2026/04/19-19:54:43.910918 1285 [Zonestats:time(s),used_cap(MB),reclaimable_cap(MB), avg_reclaimable(%), active(#), active_zones(#), open_zones(#)] 74 1215 2240 64 8 8 4
2026/04/19-19:54:43.910925 1285 [DEBUG] Syncing metadata for: /db_working_home/000230.sst
2026/04/19-19:54:44.146254 1285 [DEBUG] Syncing metadata for: /db_working_home/000230.sst
2026/04/19-19:54:44.146849 1285 [DEBUG] Syncing metadata for: /db_working_home/000230.sst
2026/04/19-19:54:44.147333 1282 [DEBUG] New writable file: /db_working_home/000231.log direct: 0
2026/04/19-19:54:44.148673 1285 [DEBUG] New random access file: /db_working_home/000230.sst direct: 1
2026/04/19-19:54:44.148858 1285 [DEBUG] GetFileSize: /db_working_home/000230.sst 
2026/04/19-19:54:44.151020 1285 [DEBUG] Syncing metadata for: /db_working_home/MANIFEST-000194
2026/04/19-19:54:44.151675 1285 [DEBUG] GetFileSize: /db_working_home/000230.sst 
2026/04/19-19:54:44.156168 1285 [DEBUG] Syncing metadata for: /db_working_home/000226.log
2026/04/19-19:54:44.157078 1285 [DEBUG] DeleteFile: ./db_working_home/000226.log 
2026/04/19-19:54:44.157877 1285 [Zonestats:time(s),used_cap(MB),reclaimable_cap(MB), avg_reclaimable(%), active(#), active_zones(#), open_zones(#)] 75 1230 2225 64 8 8 2
2026/04/19-19:54:44.158077 1285 [DEBUG] New writable file: /db_working_home/000232.sst direct: 1
2026/04/19-19:54:44.161309 1285 Entering Apply Finish Threshold Function
2026/04/19-19:54:44.161319 1285 Finishing zone: Entering Finish()
2026/04/19-19:54:44.163955 1282 [DEBUG] Allocating zone(new=0) start: 0x68000000 wp: 0x6be63400 lt: 3 file lt: 2
2026/04/19-19:54:44.163963 1282 [DEBUG] Syncing metadata for: /db_working_home/000231.log
2026/04/19-19:54:44.387738 1282 [DEBUG] New writable file: /db_working_home/000233.log direct: 0
2026/04/19-19:54:44.413447 1283 Total Garbage Bytes this interval: 893568375 bytes
2026/04/19-19:54:44.413528 1283 Cumulative Average Garbage Bytes (over 74 intervals): 319342294 bytes
2026/04/19-19:54:44.413564 1283 Zone Garbage Stats: [98 6 0 1 0 5 3 0 1 3 3 0 ]
2026/04/19-19:54:44.413569 1283 Total Garbage Bytes: 893568375 bytes
2026/04/19-19:54:44.821142 1284 [DEBUG] Allocating zone(new=1) start: 0xe0000000 wp: 0xe0000000 lt: 3 file lt: 3
2026/04/19-19:54:44.821162 1284 [Zonestats:time(s),used_cap(MB),reclaimable_cap(MB), avg_reclaimable(%), active(#), active_zones(#), open_zones(#)] 75 1245 2210 63 7 8 4
2026/04/19-19:54:44.821171 1284 [DEBUG] Syncing metadata for: /db_working_home/000227.sst
2026/04/19-19:54:44.885767 1285 [DEBUG] Allocating zone(new=1) start: 0xf8000000 wp: 0xf8000000 lt: 3 file lt: 3
2026/04/19-19:54:44.885785 1285 [Zonestats:time(s),used_cap(MB),reclaimable_cap(MB), avg_reclaimable(%), active(#), active_zones(#), open_zones(#)] 75 1245 2210 63 7 8 5
2026/04/19-19:54:44.885795 1285 [DEBUG] Syncing metadata for: /db_working_home/000232.sst
2026/04/19-19:54:45.089174 1285 [DEBUG] Syncing metadata for: /db_working_home/000232.sst
2026/04/19-19:54:45.091860 1285 [DEBUG] Syncing metadata for: /db_working_home/000232.sst
2026/04/19-19:54:45.094770 1285 [DEBUG] New random access file: /db_working_home/000232.sst direct: 1
2026/04/19-19:54:45.094981 1285 [DEBUG] GetFileSize: /db_working_home/000232.sst 
2026/04/19-19:54:45.102842 1285 [DEBUG] Syncing metadata for: /db_working_home/MANIFEST-000194
2026/04/19-19:54:45.103575 1285 [DEBUG] GetFileSize: /db_working_home/000232.sst 
2026/04/19-19:54:45.107892 1285 [DEBUG] Syncing metadata for: /db_working_home/000229.log
2026/04/19-19:54:45.115667 1285 [DEBUG] DeleteFile: ./db_working_home/000229.log 
2026/04/19-19:54:45.116254 1285 [Zonestats:time(s),used_cap(MB),reclaimable_cap(MB), avg_reclaimable(%), active(#), active_zones(#), open_zones(#)] 76 1245 2338 65 8 8 3
2026/04/19-19:54:45.116446 1285 [DEBUG] New writable file: /db_working_home/000234.sst direct: 1
2026/04/19-19:54:45.119755 1285 Entering Apply Finish Threshold Function
2026/04/19-19:54:45.119781 1285 [DEBUG] Allocating zone(new=1) start: 0x100000000 wp: 0x100000000 lt: 3 file lt: 3
2026/04/19-19:54:45.119788 1285 [Zonestats:time(s),used_cap(MB),reclaimable_cap(MB), avg_reclaimable(%), active(#), active_zones(#), open_zones(#)] 76 1245 2338 65 8 9 4
2026/04/19-19:54:45.119794 1285 [DEBUG] Syncing metadata for: /db_working_home/000234.sst
2026/04/19-19:54:45.125457 1282 [DEBUG] Allocating zone(new=0) start: 0xf8000000 wp: 0xf8f35200 lt: 3 file lt: 2
2026/04/19-19:54:45.125469 1282 [DEBUG] Syncing metadata for: /db_working_home/000233.log
2026/04/19-19:54:45.375021 1285 [DEBUG] Syncing metadata for: /db_working_home/000234.sst
2026/04/19-19:54:45.380889 1285 [DEBUG] Syncing metadata for: /db_working_home/000234.sst
2026/04/19-19:54:45.390497 1285 [DEBUG] New random access file: /db_working_home/000234.sst direct: 1
2026/04/19-19:54:45.390689 1285 [DEBUG] GetFileSize: /db_working_home/000234.sst 
2026/04/19-19:54:45.398780 1285 [DEBUG] Syncing metadata for: /db_working_home/MANIFEST-000194
2026/04/19-19:54:45.404338 1285 [DEBUG] GetFileSize: /db_working_home/000234.sst 
2026/04/19-19:54:45.410870 1285 [DEBUG] Syncing metadata for: /db_working_home/000231.log
2026/04/19-19:54:45.413737 1283 Total Garbage Bytes this interval: 991458375 bytes
2026/04/19-19:54:45.413749 1283 Cumulative Average Garbage Bytes (over 75 intervals): 328303842 bytes
2026/04/19-19:54:45.413765 1283 Zone Garbage Stats: [95 7 0 2 1 5 3 0 1 4 3 0 ]
2026/04/19-19:54:45.413769 1283 Total Garbage Bytes: 991458375 bytes
2026/04/19-19:54:45.419684 1285 [DEBUG] DeleteFile: ./db_working_home/000231.log 
2026/04/19-19:54:45.425398 1285 [Zonestats:time(s),used_cap(MB),reclaimable_cap(MB), avg_reclaimable(%), active(#), active_zones(#), open_zones(#)] 76 1255 2456 66 9 9 3
2026/04/19-19:54:45.537007 1284 [DEBUG] Syncing metadata for: /db_working_home/000227.sst
2026/04/19-19:54:45.538819 1284 [DEBUG] Syncing metadata for: /db_working_home/000227.sst
2026/04/19-19:54:45.539565 1284 [DEBUG] GetFileSize: /db_working_home/000227.sst 
2026/04/19-19:54:45.539609 1284 [DEBUG] New writable file: /db_working_home/000235.sst direct: 1
2026/04/19-19:54:45.541024 1282 [DEBUG] New writable file: /db_working_home/000236.log direct: 0
2026/04/19-19:54:45.543549 1285 [DEBUG] New writable file: /db_working_home/000237.sst direct: 1
2026/04/19-19:54:45.547004 1285 Entering Apply Finish Threshold Function
2026/04/19-19:54:45.547014 1285 Finishing zone: Entering Finish()
2026/04/19-19:54:45.548520 1282 [DEBUG] Allocating zone(new=0) start: 0x100000000 wp: 0x100f35c00 lt: 3 file lt: 2
2026/04/19-19:54:45.548526 1282 [DEBUG] Syncing metadata for: /db_working_home/000236.log
2026/04/19-19:54:45.554522 1284 Entering Apply Finish Threshold Function
2026/04/19-19:54:45.554549 1284 [DEBUG] Allocating zone(new=1) start: 0x108000000 wp: 0x108000000 lt: 3 file lt: 3
2026/04/19-19:54:45.554557 1284 [Zonestats:time(s),used_cap(MB),reclaimable_cap(MB), avg_reclaimable(%), active(#), active_zones(#), open_zones(#)] 76 1302 2537 66 9 10 4
2026/04/19-19:54:45.554563 1284 [DEBUG] Syncing metadata for: /db_working_home/000235.sst
2026/04/19-19:54:45.784450 1284 [DEBUG] Syncing metadata for: /db_working_home/000235.sst
2026/04/19-19:54:45.785379 1284 [DEBUG] Syncing metadata for: /db_working_home/000235.sst
2026/04/19-19:54:45.786457 1284 [DEBUG] GetFileSize: /db_working_home/000235.sst 
2026/04/19-19:54:45.787613 1284 [DEBUG] New random access file: /db_working_home/000227.sst direct: 1
2026/04/19-19:54:45.787887 1284 [DEBUG] GetFileSize: /db_working_home/000227.sst 
2026/04/19-19:54:45.788055 1284 [DEBUG] New random access file: /db_working_home/000235.sst direct: 1
2026/04/19-19:54:45.788474 1284 [DEBUG] GetFileSize: /db_working_home/000235.sst 
2026/04/19-19:54:45.789388 1284 [DEBUG] Syncing metadata for: /db_working_home/MANIFEST-000194
2026/04/19-19:54:45.812297 1284 [DEBUG] New writable file: /db_working_home/000238.sst direct: 1
2026/04/19-19:54:45.816275 1284 Entering Apply Finish Threshold Function
2026/04/19-19:54:45.816303 1284 [DEBUG] Allocating zone(new=1) start: 0x110000000 wp: 0x110000000 lt: 3 file lt: 3
2026/04/19-19:54:45.816310 1284 [Zonestats:time(s),used_cap(MB),reclaimable_cap(MB), avg_reclaimable(%), active(#), active_zones(#), open_zones(#)] 76 1329 2638 66 10 11 4
2026/04/19-19:54:45.816317 1284 [DEBUG] Syncing metadata for: /db_working_home/000238.sst
2026/04/19-19:54:46.010312 1282 [DEBUG] New writable file: /db_working_home/000239.log direct: 0
2026/04/19-19:54:46.413950 1283 Total Garbage Bytes this interval: 991458166 bytes
2026/04/19-19:54:46.413966 1283 Cumulative Average Garbage Bytes (over 76 intervals): 337029557 bytes
2026/04/19-19:54:46.413986 1283 Zone Garbage Stats: [93 8 0 2 1 5 3 0 1 4 3 0 ]
2026/04/19-19:54:46.413991 1283 Total Garbage Bytes: 991458166 bytes
2026/04/19-19:54:46.762459 1284 [DEBUG] Syncing metadata for: /db_working_home/000238.sst
2026/04/19-19:54:46.763342 1284 [DEBUG] Syncing metadata for: /db_working_home/000238.sst
2026/04/19-19:54:46.764036 1284 [DEBUG] GetFileSize: /db_working_home/000238.sst 
2026/04/19-19:54:46.764068 1284 [DEBUG] New writable file: /db_working_home/000240.sst direct: 1
2026/04/19-19:54:46.779677 1284 Entering Apply Finish Threshold Function
2026/04/19-19:54:46.779692 1284 Finishing zone: Entering Finish()
2026/04/19-19:54:46.967215 1285 [DEBUG] Allocating zone(new=1) start: 0x118000000 wp: 0x118000000 lt: 3 file lt: 3
2026/04/19-19:54:46.967230 1285 [Zonestats:time(s),used_cap(MB),reclaimable_cap(MB), avg_reclaimable(%), active(#), active_zones(#), open_zones(#)] 77 1415 2680 65 10 11 4
2026/04/19-19:54:46.967239 1285 [DEBUG] Syncing metadata for: /db_working_home/000237.sst
2026/04/19-19:54:47.127096 1285 [DEBUG] Syncing metadata for: /db_working_home/000237.sst
2026/04/19-19:54:47.127884 1285 [DEBUG] Syncing metadata for: /db_working_home/000237.sst
2026/04/19-19:54:47.128867 1285 [DEBUG] New random access file: /db_working_home/000237.sst direct: 1
2026/04/19-19:54:47.129326 1285 [DEBUG] GetFileSize: /db_working_home/000237.sst 
2026/04/19-19:54:47.131746 1285 [DEBUG] Syncing metadata for: /db_working_home/MANIFEST-000194
2026/04/19-19:54:47.132389 1285 [DEBUG] GetFileSize: /db_working_home/000237.sst 
2026/04/19-19:54:47.136880 1285 [DEBUG] Syncing metadata for: /db_working_home/000233.log
2026/04/19-19:54:47.137852 1285 [DEBUG] DeleteFile: ./db_working_home/000215.sst 
2026/04/19-19:54:47.138850 1285 [Zonestats:time(s),used_cap(MB),reclaimable_cap(MB), avg_reclaimable(%), active(#), active_zones(#), open_zones(#)] 78 1416 2679 65 10 10 2
2026/04/19-19:54:47.138893 1285 [DEBUG] DeleteFile: ./db_working_home/000219.sst 
2026/04/19-19:54:47.139546 1285 [Zonestats:time(s),used_cap(MB),reclaimable_cap(MB), avg_reclaimable(%), active(#), active_zones(#), open_zones(#)] 78 1401 2566 64 9 9 2
2026/04/19-19:54:47.139580 1285 [DEBUG] DeleteFile: ./db_working_home/000223.sst 
2026/04/19-19:54:47.140441 1285 [Zonestats:time(s),used_cap(MB),reclaimable_cap(MB), avg_reclaimable(%), active(#), active_zones(#), open_zones(#)] 78 1385 2454 63 8 8 2
2026/04/19-19:54:47.140474 1285 [DEBUG] DeleteFile: ./db_working_home/000225.sst 
2026/04/19-19:54:47.141256 1285 [Zonestats:time(s),used_cap(MB),reclaimable_cap(MB), avg_reclaimable(%), active(#), active_zones(#), open_zones(#)] 78 1370 2469 64 8 8 2
2026/04/19-19:54:47.141288 1285 [DEBUG] DeleteFile: ./db_working_home/000233.log 
2026/04/19-19:54:47.142159 1285 [Zonestats:time(s),used_cap(MB),reclaimable_cap(MB), avg_reclaimable(%), active(#), active_zones(#), open_zones(#)] 78 1355 2484 64 8 8 2
2026/04/19-19:54:47.142337 1285 [DEBUG] New writable file: /db_working_home/000241.sst direct: 1
2026/04/19-19:54:47.145750 1285 Entering Apply Finish Threshold Function
2026/04/19-19:54:47.145774 1285 [DEBUG] Allocating zone(new=1) start: 0x38000000 wp: 0x38000000 lt: 3 file lt: 3
2026/04/19-19:54:47.145781 1285 [Zonestats:time(s),used_cap(MB),reclaimable_cap(MB), avg_reclaimable(%), active(#), active_zones(#), open_zones(#)] 78 1355 2484 64 8 9 3
2026/04/19-19:54:47.145787 1285 [DEBUG] Syncing metadata for: /db_working_home/000241.sst
2026/04/19-19:54:47.150790 1282 [DEBUG] Allocating zone(new=0) start: 0x118000000 wp: 0x118f37000 lt: 3 file lt: 2
2026/04/19-19:54:47.150801 1282 [DEBUG] Syncing metadata for: /db_working_home/000239.log
2026/04/19-19:54:47.354046 1285 [DEBUG] Syncing metadata for: /db_working_home/000241.sst
2026/04/19-19:54:47.354645 1285 [DEBUG] Syncing metadata for: /db_working_home/000241.sst
2026/04/19-19:54:47.355405 1285 [DEBUG] New random access file: /db_working_home/000241.sst direct: 1
2026/04/19-19:54:47.355679 1285 [DEBUG] GetFileSize: /db_working_home/000241.sst 
2026/04/19-19:54:47.358193 1285 [DEBUG] Syncing metadata for: /db_working_home/MANIFEST-000194
2026/04/19-19:54:47.358851 1285 [DEBUG] GetFileSize: /db_working_home/000241.sst 
2026/04/19-19:54:47.367392 1285 [DEBUG] Syncing metadata for: /db_working_home/000236.log
2026/04/19-19:54:47.372005 1285 [DEBUG] DeleteFile: ./db_working_home/000236.log 
2026/04/19-19:54:47.372702 1285 [Zonestats:time(s),used_cap(MB),reclaimable_cap(MB), avg_reclaimable(%), active(#), active_zones(#), open_zones(#)] 78 1364 2603 65 9 9 2
2026/04/19-19:54:47.414172 1283 Total Garbage Bytes this interval: 1089115606 bytes
2026/04/19-19:54:47.414188 1283 Cumulative Average Garbage Bytes (over 77 intervals): 346796908 bytes
2026/04/19-19:54:47.414206 1283 Zone Garbage Stats: [94 7 2 1 0 6 3 0 1 4 4 0 ]
2026/04/19-19:54:47.414210 1283 Total Garbage Bytes: 1089115606 bytes
2026/04/19-19:54:47.460844 1282 [DEBUG] New writable file: /db_working_home/000242.log direct: 0
2026/04/19-19:54:47.461916 1285 [DEBUG] New writable file: /db_working_home/000243.sst direct: 1
2026/04/19-19:54:47.464999 1285 Entering Apply Finish Threshold Function
2026/04/19-19:54:47.465025 1285 [DEBUG] Allocating zone(new=1) start: 0x60000000 wp: 0x60000000 lt: 3 file lt: 3
2026/04/19-19:54:47.465033 1285 [Zonestats:time(s),used_cap(MB),reclaimable_cap(MB), avg_reclaimable(%), active(#), active_zones(#), open_zones(#)] 78 1370 2597 65 9 10 3
2026/04/19-19:54:47.465039 1285 [DEBUG] Syncing metadata for: /db_working_home/000243.sst
2026/04/19-19:54:47.466980 1282 [DEBUG] Allocating zone(new=0) start: 0x108000000 wp: 0x10925bc00 lt: 3 file lt: 2
2026/04/19-19:54:47.466984 1282 [DEBUG] Syncing metadata for: /db_working_home/000242.log
2026/04/19-19:54:47.702745 1285 [DEBUG] Syncing metadata for: /db_working_home/000243.sst
2026/04/19-19:54:47.703326 1285 [DEBUG] Syncing metadata for: /db_working_home/000243.sst
2026/04/19-19:54:47.704310 1285 [DEBUG] New random access file: /db_working_home/000243.sst direct: 1
2026/04/19-19:54:47.704493 1285 [DEBUG] GetFileSize: /db_working_home/000243.sst 
2026/04/19-19:54:47.706616 1285 [DEBUG] Syncing metadata for: /db_working_home/MANIFEST-000194
2026/04/19-19:54:47.711781 1285 [DEBUG] GetFileSize: /db_working_home/000243.sst 
2026/04/19-19:54:47.719674 1285 [DEBUG] Syncing metadata for: /db_working_home/000239.log
2026/04/19-19:54:47.720670 1285 [DEBUG] DeleteFile: ./db_working_home/000239.log 
2026/04/19-19:54:47.725600 1285 [Zonestats:time(s),used_cap(MB),reclaimable_cap(MB), avg_reclaimable(%), active(#), active_zones(#), open_zones(#)] 78 1384 2711 66 10 10 2
2026/04/19-19:54:47.732582 1282 [DEBUG] New writable file: /db_working_home/000244.log direct: 0
2026/04/19-19:54:47.733723 1285 [DEBUG] New writable file: /db_working_home/000245.sst direct: 1
2026/04/19-19:54:47.737143 1285 Entering Apply Finish Threshold Function
2026/04/19-19:54:47.737170 1285 [DEBUG] Allocating zone(new=1) start: 0xb8000000 wp: 0xb8000000 lt: 3 file lt: 3
2026/04/19-19:54:47.737177 1285 [Zonestats:time(s),used_cap(MB),reclaimable_cap(MB), avg_reclaimable(%), active(#), active_zones(#), open_zones(#)] 78 1385 2710 66 10 11 3
2026/04/19-19:54:47.737183 1285 [DEBUG] Syncing metadata for: /db_working_home/000245.sst
2026/04/19-19:54:47.738423 1282 [DEBUG] Allocating zone(new=0) start: 0x118000000 wp: 0x119ec1a00 lt: 3 file lt: 2
2026/04/19-19:54:47.738429 1282 [DEBUG] Syncing metadata for: /db_working_home/000244.log
2026/04/19-19:54:48.008025 1285 [DEBUG] Syncing metadata for: /db_working_home/000245.sst
2026/04/19-19:54:48.008294 1282 [DEBUG] New writable file: /db_working_home/000246.log direct: 0
2026/04/19-19:54:48.008619 1285 [DEBUG] Syncing metadata for: /db_working_home/000245.sst
2026/04/19-19:54:48.010440 1285 [DEBUG] New random access file: /db_working_home/000245.sst direct: 1
2026/04/19-19:54:48.010624 1285 [DEBUG] GetFileSize: /db_working_home/000245.sst 
2026/04/19-19:54:48.012783 1285 [DEBUG] Syncing metadata for: /db_working_home/MANIFEST-000194
2026/04/19-19:54:48.013444 1285 [DEBUG] GetFileSize: /db_working_home/000245.sst 
2026/04/19-19:54:48.017873 1285 [DEBUG] Syncing metadata for: /db_working_home/000242.log
2026/04/19-19:54:48.018568 1285 [DEBUG] DeleteFile: ./db_working_home/000242.log 
2026/04/19-19:54:48.019362 1285 [Zonestats:time(s),used_cap(MB),reclaimable_cap(MB), avg_reclaimable(%), active(#), active_zones(#), open_zones(#)] 79 1400 2823 66 11 11 2
2026/04/19-19:54:48.019542 1285 [DEBUG] New writable file: /db_working_home/000247.sst direct: 1
2026/04/19-19:54:48.022700 1285 Entering Apply Finish Threshold Function
2026/04/19-19:54:48.022727 1285 [DEBUG] Allocating zone(new=1) start: 0x120000000 wp: 0x120000000 lt: 3 file lt: 3
2026/04/19-19:54:48.022734 1285 [Zonestats:time(s),used_cap(MB),reclaimable_cap(MB), avg_reclaimable(%), active(#), active_zones(#), open_zones(#)] 79 1400 2823 66 11 12 3
2026/04/19-19:54:48.022740 1285 [DEBUG] Syncing metadata for: /db_working_home/000247.sst
2026/04/19-19:54:48.025355 1282 [DEBUG] Allocating zone(new=0) start: 0x108000000 wp: 0x10a1e6600 lt: 3 file lt: 2
2026/04/19-19:54:48.025364 1282 [DEBUG] Syncing metadata for: /db_working_home/000246.log
2026/04/19-19:54:48.279455 1284 [DEBUG] Allocating zone(new=1) start: 0x128000000 wp: 0x128000000 lt: 3 file lt: 3
2026/04/19-19:54:48.279473 1284 [Zonestats:time(s),used_cap(MB),reclaimable_cap(MB), avg_reclaimable(%), active(#), active_zones(#), open_zones(#)] 79 1414 2809 66 11 12 5
2026/04/19-19:54:48.279482 1284 [DEBUG] Syncing metadata for: /db_working_home/000240.sst
2026/04/19-19:54:48.281742 1285 [DEBUG] Syncing metadata for: /db_working_home/000247.sst
2026/04/19-19:54:48.289194 1285 [DEBUG] Syncing metadata for: /db_working_home/000247.sst
2026/04/19-19:54:48.296862 1285 [DEBUG] New random access file: /db_working_home/000247.sst direct: 1
2026/04/19-19:54:48.303514 1285 [DEBUG] GetFileSize: /db_working_home/000247.sst 
2026/04/19-19:54:48.305727 1285 [DEBUG] Syncing metadata for: /db_working_home/MANIFEST-000194
2026/04/19-19:54:48.306436 1285 [DEBUG] GetFileSize: /db_working_home/000247.sst 
2026/04/19-19:54:48.308297 1282 [DEBUG] New writable file: /db_working_home/000248.log direct: 0
2026/04/19-19:54:48.310742 1285 [DEBUG] Syncing metadata for: /db_working_home/000244.log
2026/04/19-19:54:48.319194 1285 [DEBUG] DeleteFile: ./db_working_home/000244.log 
2026/04/19-19:54:48.319791 1285 [Zonestats:time(s),used_cap(MB),reclaimable_cap(MB), avg_reclaimable(%), active(#), active_zones(#), open_zones(#)] 79 1415 2936 67 12 12 3
2026/04/19-19:54:48.319994 1285 [DEBUG] New writable file: /db_working_home/000249.sst direct: 1
2026/04/19-19:54:48.323133 1285 Entering Apply Finish Threshold Function
2026/04/19-19:54:48.323157 1285 [DEBUG] Allocator: avoided a finish by relaxing lifetime diff requirement
2026/04/19-19:54:48.323160 1285 [DEBUG] Allocating zone(new=0) start: 0x120000000 wp: 0x120f32000 lt: 3 file lt: 3
2026/04/19-19:54:48.323167 1285 [Zonestats:time(s),used_cap(MB),reclaimable_cap(MB), avg_reclaimable(%), active(#), active_zones(#), open_zones(#)] 79 1415 2936 67 12 12 4
2026/04/19-19:54:48.323172 1285 [DEBUG] Syncing metadata for: /db_working_home/000249.sst
2026/04/19-19:54:48.326061 1282 [DEBUG] Allocating zone(new=0) start: 0x118000000 wp: 0x11ae4ce00 lt: 3 file lt: 2
2026/04/19-19:54:48.326067 1282 [DEBUG] Syncing metadata for: /db_working_home/000248.log
2026/04/19-19:54:48.414407 1283 Total Garbage Bytes this interval: 1089116042 bytes
2026/04/19-19:54:48.414421 1283 Cumulative Average Garbage Bytes (over 78 intervals): 356313820 bytes
2026/04/19-19:54:48.414439 1283 Zone Garbage Stats: [90 8 2 1 1 6 3 0 1 4 4 0 ]
2026/04/19-19:54:48.414443 1283 Total Garbage Bytes: 1089116042 bytes
2026/04/19-19:54:48.672663 1285 [DEBUG] Syncing metadata for: /db_working_home/000249.sst
2026/04/19-19:54:48.678500 1285 [DEBUG] Syncing metadata for: /db_working_home/000249.sst
2026/04/19-19:54:48.688031 1285 [DEBUG] New random access file: /db_working_home/000249.sst direct: 1
2026/04/19-19:54:48.688240 1285 [DEBUG] GetFileSize: /db_working_home/000249.sst 
2026/04/19-19:54:48.696179 1285 [DEBUG] Syncing metadata for: /db_working_home/MANIFEST-000194
2026/04/19-19:54:48.696842 1285 [DEBUG] GetFileSize: /db_working_home/000249.sst 
2026/04/19-19:54:48.701165 1285 [DEBUG] Syncing metadata for: /db_working_home/000246.log
2026/04/19-19:54:48.714305 1285 [DEBUG] DeleteFile: ./db_working_home/000246.log 
2026/04/19-19:54:48.715967 1285 [Zonestats:time(s),used_cap(MB),reclaimable_cap(MB), avg_reclaimable(%), active(#), active_zones(#), open_zones(#)] 79 1429 2922 67 12 12 3
2026/04/19-19:54:48.768397 1282 [DEBUG] New writable file: /db_working_home/000250.log direct: 0
2026/04/19-19:54:48.769223 1285 [DEBUG] New writable file: /db_working_home/000251.sst direct: 1
2026/04/19-19:54:48.774866 1282 [DEBUG] Allocating zone(new=0) start: 0x120000000 wp: 0x121e66a00 lt: 3 file lt: 2
2026/04/19-19:54:48.774872 1282 [DEBUG] Syncing metadata for: /db_working_home/000250.log
2026/04/19-19:54:48.779225 1285 Entering Apply Finish Threshold Function
2026/04/19-19:54:48.779251 1285 [DEBUG] Allocator: avoided a finish by relaxing lifetime diff requirement
2026/04/19-19:54:48.779254 1285 [DEBUG] Allocating zone(new=0) start: 0x108000000 wp: 0x10b171200 lt: 3 file lt: 3
2026/04/19-19:54:48.779262 1285 [Zonestats:time(s),used_cap(MB),reclaimable_cap(MB), avg_reclaimable(%), active(#), active_zones(#), open_zones(#)] 79 1431 2920 67 12 12 5
2026/04/19-19:54:48.779268 1285 [DEBUG] Syncing metadata for: /db_working_home/000251.sst
2026/04/19-19:54:48.911257 1284 [DEBUG] Syncing metadata for: /db_working_home/000240.sst
2026/04/19-19:54:48.917614 1284 [DEBUG] Syncing metadata for: /db_working_home/000240.sst
2026/04/19-19:54:48.921857 1284 [DEBUG] GetFileSize: /db_working_home/000240.sst 
2026/04/19-19:54:48.921890 1284 [DEBUG] New writable file: /db_working_home/000252.sst direct: 1
2026/04/19-19:54:48.922716 1284 Entering Apply Finish Threshold Function
2026/04/19-19:54:48.922738 1284 [DEBUG] Allocator: avoided a finish by relaxing lifetime diff requirement
2026/04/19-19:54:48.922741 1284 [DEBUG] Allocating zone(new=0) start: 0x128000000 wp: 0x12a3ad400 lt: 3 file lt: 3
2026/04/19-19:54:48.922748 1284 [Zonestats:time(s),used_cap(MB),reclaimable_cap(MB), avg_reclaimable(%), active(#), active_zones(#), open_zones(#)] 79 1471 3008 67 12 12 5
2026/04/19-19:54:48.922753 1284 [DEBUG] Syncing metadata for: /db_working_home/000252.sst
2026/04/19-19:54:48.933917 1284 [DEBUG] Syncing metadata for: /db_working_home/000252.sst
2026/04/19-19:54:48.938440 1284 [DEBUG] Syncing metadata for: /db_working_home/000252.sst
2026/04/19-19:54:48.949381 1284 [DEBUG] GetFileSize: /db_working_home/000252.sst 
2026/04/19-19:54:48.950611 1284 [DEBUG] New random access file: /db_working_home/000238.sst direct: 1
2026/04/19-19:54:48.950902 1284 [DEBUG] GetFileSize: /db_working_home/000238.sst 
2026/04/19-19:54:48.951095 1284 [DEBUG] New random access file: /db_working_home/000240.sst direct: 1
2026/04/19-19:54:48.951307 1284 [DEBUG] GetFileSize: /db_working_home/000240.sst 
2026/04/19-19:54:48.951452 1284 [DEBUG] New random access file: /db_working_home/000252.sst direct: 1
2026/04/19-19:54:48.951616 1284 [DEBUG] GetFileSize: /db_working_home/000252.sst 
2026/04/19-19:54:48.959076 1284 [DEBUG] Syncing metadata for: /db_working_home/MANIFEST-000194
2026/04/19-19:54:49.020975 1284 [DEBUG] New writable file: /db_working_home/000253.sst direct: 1
2026/04/19-19:54:49.031352 1284 Entering Apply Finish Threshold Function
2026/04/19-19:54:49.031378 1284 [DEBUG] Allocator: avoided a finish by relaxing lifetime diff requirement
2026/04/19-19:54:49.031382 1284 [DEBUG] Allocating zone(new=0) start: 0x128000000 wp: 0x12a3ae800 lt: 3 file lt: 3
2026/04/19-19:54:49.031389 1284 [Zonestats:time(s),used_cap(MB),reclaimable_cap(MB), avg_reclaimable(%), active(#), active_zones(#), open_zones(#)] 80 1476 3003 67 12 12 5
2026/04/19-19:54:49.031395 1284 [DEBUG] Syncing metadata for: /db_working_home/000253.sst
2026/04/19-19:54:49.059882 1285 [DEBUG] Syncing metadata for: /db_working_home/000251.sst
2026/04/19-19:54:49.062999 1285 [DEBUG] Syncing metadata for: /db_working_home/000251.sst
2026/04/19-19:54:49.063699 1285 [DEBUG] New random access file: /db_working_home/000251.sst direct: 1
2026/04/19-19:54:49.067291 1285 [DEBUG] GetFileSize: /db_working_home/000251.sst 
2026/04/19-19:54:49.071756 1285 [DEBUG] Syncing metadata for: /db_working_home/MANIFEST-000194
2026/04/19-19:54:49.075572 1285 [DEBUG] GetFileSize: /db_working_home/000251.sst 
2026/04/19-19:54:49.083023 1285 [DEBUG] Syncing metadata for: /db_working_home/000248.log
2026/04/19-19:54:49.090851 1285 [DEBUG] DeleteFile: ./db_working_home/000227.sst 
2026/04/19-19:54:49.094879 1285 [Zonestats:time(s),used_cap(MB),reclaimable_cap(MB), avg_reclaimable(%), active(#), active_zones(#), open_zones(#)] 80 1455 2896 66 11 11 3
2026/04/19-19:54:49.094932 1285 [DEBUG] DeleteFile: ./db_working_home/000228.sst 
2026/04/19-19:54:49.097488 1285 [Zonestats:time(s),used_cap(MB),reclaimable_cap(MB), avg_reclaimable(%), active(#), active_zones(#), open_zones(#)] 80 1440 2911 66 11 11 3
2026/04/19-19:54:49.097542 1285 [DEBUG] DeleteFile: ./db_working_home/000230.sst 
2026/04/19-19:54:49.098139 1285 [Zonestats:time(s),used_cap(MB),reclaimable_cap(MB), avg_reclaimable(%), active(#), active_zones(#), open_zones(#)] 80 1425 2926 67 11 11 3
2026/04/19-19:54:49.098176 1285 [DEBUG] DeleteFile: ./db_working_home/000232.sst 
2026/04/19-19:54:49.098858 1285 [Zonestats:time(s),used_cap(MB),reclaimable_cap(MB), avg_reclaimable(%), active(#), active_zones(#), open_zones(#)] 80 1409 2814 66 10 10 3
2026/04/19-19:54:49.098893 1285 [DEBUG] DeleteFile: ./db_working_home/000234.sst 
2026/04/19-19:54:49.103027 1285 [Zonestats:time(s),used_cap(MB),reclaimable_cap(MB), avg_reclaimable(%), active(#), active_zones(#), open_zones(#)] 80 1394 2701 65 9 9 3
2026/04/19-19:54:49.103079 1285 [DEBUG] DeleteFile: ./db_working_home/000235.sst 
2026/04/19-19:54:49.110517 1285 [Zonestats:time(s),used_cap(MB),reclaimable_cap(MB), avg_reclaimable(%), active(#), active_zones(#), open_zones(#)] 80 1376 2719 66 9 9 3
2026/04/19-19:54:49.110567 1285 [DEBUG] DeleteFile: ./db_working_home/000248.log 
2026/04/19-19:54:49.113474 1285 [Zonestats:time(s),used_cap(MB),reclaimable_cap(MB), avg_reclaimable(%), active(#), active_zones(#), open_zones(#)] 80 1360 2735 66 9 9 3
2026/04/19-19:54:49.117338 1282 [DEBUG] New writable file: /db_working_home/000254.log direct: 0
2026/04/19-19:54:49.120833 1285 [DEBUG] New writable file: /db_working_home/000255.sst direct: 1
2026/04/19-19:54:49.124887 1282 [DEBUG] Allocating zone(new=0) start: 0x118000000 wp: 0x11bdd8400 lt: 3 file lt: 2
2026/04/19-19:54:49.124892 1282 [DEBUG] Syncing metadata for: /db_working_home/000254.log
2026/04/19-19:54:49.127212 1285 Entering Apply Finish Threshold Function
2026/04/19-19:54:49.127240 1285 [DEBUG] Allocating zone(new=1) start: 0xe0000000 wp: 0xe0000000 lt: 3 file lt: 3
2026/04/19-19:54:49.127248 1285 [Zonestats:time(s),used_cap(MB),reclaimable_cap(MB), avg_reclaimable(%), active(#), active_zones(#), open_zones(#)] 80 1361 2734 66 9 10 5
2026/04/19-19:54:49.127254 1285 [DEBUG] Syncing metadata for: /db_working_home/000255.sst
2026/04/19-19:54:49.414545 1283 Total Garbage Bytes this interval: 1140258436 bytes
2026/04/19-19:54:49.414695 1283 Cumulative Average Garbage Bytes (over 79 intervals): 366237169 bytes
2026/04/19-19:54:49.414716 1283 Zone Garbage Stats: [92 7 0 1 2 5 3 1 1 4 4 0 ]
2026/04/19-19:54:49.414720 1283 Total Garbage Bytes: 1140258436 bytes
2026/04/19-19:54:49.429177 1282 [DEBUG] New writable file: /db_working_home/000256.log direct: 0
2026/04/19-19:54:49.444388 1285 [DEBUG] Syncing metadata for: /db_working_home/000255.sst
2026/04/19-19:54:49.444965 1285 [DEBUG] Syncing metadata for: /db_working_home/000255.sst
2026/04/19-19:54:49.445594 1285 [DEBUG] New random access file: /db_working_home/000255.sst direct: 1
2026/04/19-19:54:49.445772 1285 [DEBUG] GetFileSize: /db_working_home/000255.sst 
2026/04/19-19:54:49.451311 1285 [DEBUG] Syncing metadata for: /db_working_home/MANIFEST-000194
2026/04/19-19:54:49.455202 1285 [DEBUG] GetFileSize: /db_working_home/000255.sst 
2026/04/19-19:54:49.463173 1285 [DEBUG] Syncing metadata for: /db_working_home/000250.log
2026/04/19-19:54:49.467351 1285 [DEBUG] DeleteFile: ./db_working_home/000250.log 
2026/04/19-19:54:49.467934 1285 [Zonestats:time(s),used_cap(MB),reclaimable_cap(MB), avg_reclaimable(%), active(#), active_zones(#), open_zones(#)] 80 1376 2847 67 10 10 3
2026/04/19-19:54:49.468080 1285 [DEBUG] New writable file: /db_working_home/000257.sst direct: 1
2026/04/19-19:54:49.471180 1285 Entering Apply Finish Threshold Function
2026/04/19-19:54:49.471206 1285 [DEBUG] Allocating zone(new=1) start: 0xf8000000 wp: 0xf8000000 lt: 3 file lt: 3
2026/04/19-19:54:49.471213 1285 [Zonestats:time(s),used_cap(MB),reclaimable_cap(MB), avg_reclaimable(%), active(#), active_zones(#), open_zones(#)] 80 1376 2847 67 10 11 4
2026/04/19-19:54:49.471219 1285 [DEBUG] Syncing metadata for: /db_working_home/000257.sst
2026/04/19-19:54:49.476463 1282 [DEBUG] Allocating zone(new=0) start: 0x120000000 wp: 0x122df2000 lt: 3 file lt: 2
2026/04/19-19:54:49.476469 1282 [DEBUG] Syncing metadata for: /db_working_home/000256.log
2026/04/19-19:54:49.769319 1285 [DEBUG] Syncing metadata for: /db_working_home/000257.sst
2026/04/19-19:54:49.769899 1285 [DEBUG] Syncing metadata for: /db_working_home/000257.sst
2026/04/19-19:54:49.771039 1285 [DEBUG] New random access file: /db_working_home/000257.sst direct: 1
2026/04/19-19:54:49.778341 1285 [DEBUG] GetFileSize: /db_working_home/000257.sst 
2026/04/19-19:54:49.782395 1285 [DEBUG] Syncing metadata for: /db_working_home/MANIFEST-000194
2026/04/19-19:54:49.785254 1285 [DEBUG] GetFileSize: /db_working_home/000257.sst 
2026/04/19-19:54:49.789565 1285 [DEBUG] Syncing metadata for: /db_working_home/000254.log
2026/04/19-19:54:49.792478 1285 [DEBUG] DeleteFile: ./db_working_home/000254.log 
2026/04/19-19:54:49.801772 1285 [Zonestats:time(s),used_cap(MB),reclaimable_cap(MB), avg_reclaimable(%), active(#), active_zones(#), open_zones(#)] 80 1391 2960 68 11 11 3
2026/04/19-19:54:49.808680 1282 [DEBUG] New writable file: /db_working_home/000258.log direct: 0
2026/04/19-19:54:49.809916 1285 [DEBUG] New writable file: /db_working_home/000259.sst direct: 1
2026/04/19-19:54:49.814461 1285 Entering Apply Finish Threshold Function
2026/04/19-19:54:49.814474 1285 Finishing zone: Entering Finish()
2026/04/19-19:54:49.815899 1282 [DEBUG] Allocating zone(new=0) start: 0x108000000 wp: 0x10c0a5200 lt: 3 file lt: 2
2026/04/19-19:54:49.815906 1282 [DEBUG] Syncing metadata for: /db_working_home/000258.log
2026/04/19-19:54:50.110647 1282 [DEBUG] New writable file: /db_working_home/000260.log direct: 0
2026/04/19-19:54:50.414889 1283 Total Garbage Bytes this interval: 1088415381 bytes
2026/04/19-19:54:50.414904 1283 Cumulative Average Garbage Bytes (over 80 intervals): 375264397 bytes
2026/04/19-19:54:50.414923 1283 Zone Garbage Stats: [91 9 0 1 1 5 3 1 1 4 4 0 ]
2026/04/19-19:54:50.414927 1283 Total Garbage Bytes: 1088415381 bytes
2026/04/19-19:54:50.757480 1284 Entering Apply Finish Threshold Function
2026/04/19-19:54:50.757512 1284 [DEBUG] Allocating zone(new=1) start: 0x100000000 wp: 0x100000000 lt: 3 file lt: 3
2026/04/19-19:54:50.757520 1284 [Zonestats:time(s),used_cap(MB),reclaimable_cap(MB), avg_reclaimable(%), active(#), active_zones(#), open_zones(#)] 81 1499 2852 65 10 11 4
2026/04/19-19:54:50.757526 1284 [DEBUG] Syncing metadata for: /db_working_home/000253.sst
2026/04/19-19:54:51.114418 1285 [DEBUG] Allocating zone(new=1) start: 0x130000000 wp: 0x130000000 lt: 3 file lt: 3
2026/04/19-19:54:51.114436 1285 [Zonestats:time(s),used_cap(MB),reclaimable_cap(MB), avg_reclaimable(%), active(#), active_zones(#), open_zones(#)] 82 1499 2852 65 10 11 5
2026/04/19-19:54:51.114445 1285 [DEBUG] Syncing metadata for: /db_working_home/000259.sst
2026/04/19-19:54:51.305869 1284 [DEBUG] Syncing metadata for: /db_working_home/000253.sst
2026/04/19-19:54:51.306440 1284 [DEBUG] Syncing metadata for: /db_working_home/000253.sst
2026/04/19-19:54:51.307145 1284 [DEBUG] GetFileSize: /db_working_home/000253.sst 
2026/04/19-19:54:51.307177 1284 [DEBUG] New writable file: /db_working_home/000261.sst direct: 1
2026/04/19-19:54:51.313285 1284 Entering Apply Finish Threshold Function
2026/04/19-19:54:51.313312 1284 [DEBUG] Allocating zone(new=1) start: 0x138000000 wp: 0x138000000 lt: 3 file lt: 3
2026/04/19-19:54:51.313320 1284 [Zonestats:time(s),used_cap(MB),reclaimable_cap(MB), avg_reclaimable(%), active(#), active_zones(#), open_zones(#)] 82 1535 2944 65 11 12 5
2026/04/19-19:54:51.313326 1284 [DEBUG] Syncing metadata for: /db_working_home/000261.sst
2026/04/19-19:54:51.327618 1285 [DEBUG] Syncing metadata for: /db_working_home/000259.sst
2026/04/19-19:54:51.328195 1285 [DEBUG] Syncing metadata for: /db_working_home/000259.sst
2026/04/19-19:54:51.329079 1285 [DEBUG] New random access file: /db_working_home/000259.sst direct: 1
2026/04/19-19:54:51.336141 1285 [DEBUG] GetFileSize: /db_working_home/000259.sst 
2026/04/19-19:54:51.338155 1285 [DEBUG] Syncing metadata for: /db_working_home/MANIFEST-000194
2026/04/19-19:54:51.338819 1285 [DEBUG] GetFileSize: /db_working_home/000259.sst 
2026/04/19-19:54:51.350236 1285 [DEBUG] Syncing metadata for: /db_working_home/000256.log
2026/04/19-19:54:51.352709 1285 [DEBUG] DeleteFile: ./db_working_home/000256.log 
2026/04/19-19:54:51.353296 1285 [Zonestats:time(s),used_cap(MB),reclaimable_cap(MB), avg_reclaimable(%), active(#), active_zones(#), open_zones(#)] 82 1535 3072 66 12 12 3
2026/04/19-19:54:51.353491 1285 [DEBUG] New writable file: /db_working_home/000262.sst direct: 1
2026/04/19-19:54:51.362413 1282 [DEBUG] Allocating zone(new=0) start: 0x130000000 wp: 0x130f36000 lt: 3 file lt: 2
2026/04/19-19:54:51.362424 1282 [DEBUG] Syncing metadata for: /db_working_home/000260.log
2026/04/19-19:54:51.363916 1285 Entering Apply Finish Threshold Function
2026/04/19-19:54:51.363943 1285 [DEBUG] Allocator: avoided a finish by relaxing lifetime diff requirement
2026/04/19-19:54:51.363947 1285 [DEBUG] Allocating zone(new=0) start: 0x120000000 wp: 0x123d7d600 lt: 3 file lt: 3
2026/04/19-19:54:51.363954 1285 [Zonestats:time(s),used_cap(MB),reclaimable_cap(MB), avg_reclaimable(%), active(#), active_zones(#), open_zones(#)] 82 1535 3072 66 12 12 5
2026/04/19-19:54:51.363960 1285 [DEBUG] Syncing metadata for: /db_working_home/000262.sst
2026/04/19-19:54:51.415028 1283 Total Garbage Bytes this interval: 1153609130 bytes
2026/04/19-19:54:51.415041 1283 Cumulative Average Garbage Bytes (over 81 intervals): 384873591 bytes
2026/04/19-19:54:51.415057 1283 Zone Garbage Stats: [88 11 0 1 1 5 3 1 1 5 4 0 ]
2026/04/19-19:54:51.415061 1283 Total Garbage Bytes: 1153609130 bytes
2026/04/19-19:54:51.715823 1285 [DEBUG] Syncing metadata for: /db_working_home/000262.sst
2026/04/19-19:54:51.723449 1285 [DEBUG] Syncing metadata for: /db_working_home/000262.sst
2026/04/19-19:54:51.727613 1285 [DEBUG] New random access file: /db_working_home/000262.sst direct: 1
2026/04/19-19:54:51.733479 1285 [DEBUG] GetFileSize: /db_working_home/000262.sst 
2026/04/19-19:54:51.740259 1285 [DEBUG] Syncing metadata for: /db_working_home/MANIFEST-000194
2026/04/19-19:54:51.741198 1285 [DEBUG] GetFileSize: /db_working_home/000262.sst 
2026/04/19-19:54:51.745515 1285 [DEBUG] Syncing metadata for: /db_working_home/000258.log
2026/04/19-19:54:51.752813 1285 [DEBUG] DeleteFile: ./db_working_home/000258.log 
2026/04/19-19:54:51.756783 1285 [Zonestats:time(s),used_cap(MB),reclaimable_cap(MB), avg_reclaimable(%), active(#), active_zones(#), open_zones(#)] 82 1545 3062 66 12 12 3
2026/04/19-19:54:51.880191 1282 [DEBUG] New writable file: /db_working_home/000263.log direct: 0
2026/04/19-19:54:51.886984 1285 [DEBUG] New writable file: /db_working_home/000264.sst direct: 1
2026/04/19-19:54:51.890135 1285 Entering Apply Finish Threshold Function
2026/04/19-19:54:51.890146 1285 Finishing zone: Entering Finish()
2026/04/19-19:54:51.893943 1282 [DEBUG] Allocating zone(new=0) start: 0x120000000 wp: 0x124cb7200 lt: 3 file lt: 2
2026/04/19-19:54:51.893951 1282 [DEBUG] Syncing metadata for: /db_working_home/000263.log
2026/04/19-19:54:52.236654 1282 [DEBUG] New writable file: /db_working_home/000265.log direct: 0
2026/04/19-19:54:52.297532 1284 [DEBUG] Syncing metadata for: /db_working_home/000261.sst
2026/04/19-19:54:52.298322 1284 [DEBUG] Syncing metadata for: /db_working_home/000261.sst
2026/04/19-19:54:52.299376 1284 [DEBUG] GetFileSize: /db_working_home/000261.sst 
2026/04/19-19:54:52.299409 1284 [DEBUG] New writable file: /db_working_home/000266.sst direct: 1
2026/04/19-19:54:52.300221 1284 Entering Apply Finish Threshold Function
2026/04/19-19:54:52.300243 1284 [DEBUG] Allocator: avoided a finish by relaxing lifetime diff requirement
2026/04/19-19:54:52.300247 1284 [DEBUG] Allocating zone(new=0) start: 0x138000000 wp: 0x13c25f200 lt: 3 file lt: 3
2026/04/19-19:54:52.300254 1284 [Zonestats:time(s),used_cap(MB),reclaimable_cap(MB), avg_reclaimable(%), active(#), active_zones(#), open_zones(#)] 83 1632 3103 65 12 12 4
2026/04/19-19:54:52.300259 1284 [DEBUG] Syncing metadata for: /db_working_home/000266.sst
2026/04/19-19:54:52.301387 1284 [DEBUG] Syncing metadata for: /db_working_home/000266.sst
2026/04/19-19:54:52.302234 1284 [DEBUG] Syncing metadata for: /db_working_home/000266.sst
2026/04/19-19:54:52.303261 1284 [DEBUG] GetFileSize: /db_working_home/000266.sst 
2026/04/19-19:54:52.304292 1284 [DEBUG] New random access file: /db_working_home/000253.sst direct: 1
2026/04/19-19:54:52.304879 1284 [DEBUG] GetFileSize: /db_working_home/000253.sst 
2026/04/19-19:54:52.305069 1284 [DEBUG] New random access file: /db_working_home/000261.sst direct: 1
2026/04/19-19:54:52.305533 1284 [DEBUG] GetFileSize: /db_working_home/000261.sst 
2026/04/19-19:54:52.305681 1284 [DEBUG] New random access file: /db_working_home/000266.sst direct: 1
2026/04/19-19:54:52.306030 1284 [DEBUG] GetFileSize: /db_working_home/000266.sst 
2026/04/19-19:54:52.306974 1284 [DEBUG] Syncing metadata for: /db_working_home/MANIFEST-000194
2026/04/19-19:54:52.308375 1284 [DEBUG] Syncing metadata for: /db_working_home/MANIFEST-000194
2026/04/19-19:54:52.309774 1284 [DEBUG] Syncing metadata for: /db_working_home/MANIFEST-000194
2026/04/19-19:54:52.326906 1284 [DEBUG] New writable file: /db_working_home/000267.sst direct: 1
2026/04/19-19:54:52.330512 1284 Entering Apply Finish Threshold Function
2026/04/19-19:54:52.330536 1284 [DEBUG] Allocator: avoided a finish by relaxing lifetime diff requirement
2026/04/19-19:54:52.330540 1284 [DEBUG] Allocating zone(new=0) start: 0x138000000 wp: 0x13c260600 lt: 3 file lt: 3
2026/04/19-19:54:52.330547 1284 [Zonestats:time(s),used_cap(MB),reclaimable_cap(MB), avg_reclaimable(%), active(#), active_zones(#), open_zones(#)] 83 1632 3103 65 12 12 4
2026/04/19-19:54:52.330553 1284 [DEBUG] Syncing metadata for: /db_working_home/000267.sst
2026/04/19-19:54:52.415241 1283 Total Garbage Bytes this interval: 1153609130 bytes
2026/04/19-19:54:52.415254 1283 Cumulative Average Garbage Bytes (over 82 intervals): 394248415 bytes
2026/04/19-19:54:52.415271 1283 Zone Garbage Stats: [88 11 0 1 1 5 3 1 1 5 4 0 ]
2026/04/19-19:54:52.415275 1283 Total Garbage Bytes: 1153609130 bytes
2026/04/19-19:54:52.891567 1284 [DEBUG] Syncing metadata for: /db_working_home/000267.sst
2026/04/19-19:54:52.892352 1284 [DEBUG] Syncing metadata for: /db_working_home/000267.sst
2026/04/19-19:54:52.893405 1284 [DEBUG] GetFileSize: /db_working_home/000267.sst 
2026/04/19-19:54:52.893437 1284 [DEBUG] New writable file: /db_working_home/000268.sst direct: 1
2026/04/19-19:54:52.897326 1284 Entering Apply Finish Threshold Function
2026/04/19-19:54:52.897338 1284 Finishing zone: Entering Finish()
2026/04/19-19:54:53.080858 1284 [DEBUG] Allocating zone(new=1) start: 0x140000000 wp: 0x140000000 lt: 3 file lt: 3
2026/04/19-19:54:53.080875 1284 [Zonestats:time(s),used_cap(MB),reclaimable_cap(MB), avg_reclaimable(%), active(#), active_zones(#), open_zones(#)] 84 1681 3054 64 11 12 4
2026/04/19-19:54:53.080883 1284 [DEBUG] Syncing metadata for: /db_working_home/000268.sst
2026/04/19-19:54:53.218383 1285 [DEBUG] Allocating zone(new=1) start: 0x148000000 wp: 0x148000000 lt: 3 file lt: 3
2026/04/19-19:54:53.218399 1285 [Zonestats:time(s),used_cap(MB),reclaimable_cap(MB), avg_reclaimable(%), active(#), active_zones(#), open_zones(#)] 84 1681 3054 64 11 12 5
2026/04/19-19:54:53.218407 1285 [DEBUG] Syncing metadata for: /db_working_home/000264.sst
2026/04/19-19:54:53.415452 1283 Total Garbage Bytes this interval: 1221750623 bytes
2026/04/19-19:54:53.415469 1283 Cumulative Average Garbage Bytes (over 83 intervals): 404218321 bytes
2026/04/19-19:54:53.415490 1283 Zone Garbage Stats: [86 12 0 1 1 5 3 1 1 6 4 0 ]
2026/04/19-19:54:53.415494 1283 Total Garbage Bytes: 1221750623 bytes
2026/04/19-19:54:53.415856 1284 [DEBUG] Syncing metadata for: /db_working_home/000268.sst
2026/04/19-19:54:53.416413 1284 [DEBUG] Syncing metadata for: /db_working_home/000268.sst
2026/04/19-19:54:53.417116 1284 [DEBUG] GetFileSize: /db_working_home/000268.sst 
2026/04/19-19:54:53.418381 1284 [DEBUG] New random access file: /db_working_home/000267.sst direct: 1
2026/04/19-19:54:53.425156 1284 [DEBUG] GetFileSize: /db_working_home/000267.sst 
2026/04/19-19:54:53.425346 1284 [DEBUG] New random access file: /db_working_home/000268.sst direct: 1
2026/04/19-19:54:53.426057 1284 [DEBUG] GetFileSize: /db_working_home/000268.sst 
2026/04/19-19:54:53.426939 1284 [DEBUG] Syncing metadata for: /db_working_home/MANIFEST-000194
2026/04/19-19:54:53.440382 1284 [DEBUG] New writable file: /db_working_home/000269.sst direct: 1
2026/04/19-19:54:53.444209 1284 Entering Apply Finish Threshold Function
2026/04/19-19:54:53.473482 1285 [DEBUG] Syncing metadata for: /db_working_home/000264.sst
2026/04/19-19:54:53.474059 1285 [DEBUG] Syncing metadata for: /db_working_home/000264.sst
2026/04/19-19:54:53.475037 1285 [DEBUG] New random access file: /db_working_home/000264.sst direct: 1
2026/04/19-19:54:53.475216 1285 [DEBUG] GetFileSize: /db_working_home/000264.sst 
2026/04/19-19:54:53.477354 1285 [DEBUG] Syncing metadata for: /db_working_home/MANIFEST-000194
2026/04/19-19:54:53.477996 1285 [DEBUG] GetFileSize: /db_working_home/000264.sst 
2026/04/19-19:54:53.482872 1285 [DEBUG] Syncing metadata for: /db_working_home/000260.log
2026/04/19-19:54:53.484028 1285 [DEBUG] DeleteFile: ./db_working_home/000216.sst 
2026/04/19-19:54:53.484662 1285 [Zonestats:time(s),used_cap(MB),reclaimable_cap(MB), avg_reclaimable(%), active(#), active_zones(#), open_zones(#)] 84 1721 3270 65 12 12 3
2026/04/19-19:54:53.484706 1285 [DEBUG] DeleteFile: ./db_working_home/000237.sst 
2026/04/19-19:54:53.485667 1285 [Zonestats:time(s),used_cap(MB),reclaimable_cap(MB), avg_reclaimable(%), active(#), active_zones(#), open_zones(#)] 84 1706 3157 64 12 12 3
2026/04/19-19:54:53.485704 1285 [DEBUG] DeleteFile: ./db_working_home/000238.sst 
2026/04/19-19:54:53.486350 1285 [Zonestats:time(s),used_cap(MB),reclaimable_cap(MB), avg_reclaimable(%), active(#), active_zones(#), open_zones(#)] 84 1626 3109 65 12 12 3
2026/04/19-19:54:53.486405 1285 [DEBUG] DeleteFile: ./db_working_home/000240.sst 
2026/04/19-19:54:53.487163 1285 [Zonestats:time(s),used_cap(MB),reclaimable_cap(MB), avg_reclaimable(%), active(#), active_zones(#), open_zones(#)] 84 1590 3145 66 12 12 3
2026/04/19-19:54:53.487197 1285 [DEBUG] DeleteFile: ./db_working_home/000241.sst 
2026/04/19-19:54:53.488171 1285 [Zonestats:time(s),used_cap(MB),reclaimable_cap(MB), avg_reclaimable(%), active(#), active_zones(#), open_zones(#)] 84 1575 3032 65 11 11 3
2026/04/19-19:54:53.488204 1285 [DEBUG] DeleteFile: ./db_working_home/000243.sst 
2026/04/19-19:54:53.489047 1285 [Zonestats:time(s),used_cap(MB),reclaimable_cap(MB), avg_reclaimable(%), active(#), active_zones(#), open_zones(#)] 84 1560 2919 65 10 10 3
2026/04/19-19:54:53.489079 1285 [DEBUG] DeleteFile: ./db_working_home/000245.sst 
2026/04/19-19:54:53.489946 1285 [Zonestats:time(s),used_cap(MB),reclaimable_cap(MB), avg_reclaimable(%), active(#), active_zones(#), open_zones(#)] 84 1545 2806 64 9 9 3
2026/04/19-19:54:53.489979 1285 [DEBUG] DeleteFile: ./db_working_home/000247.sst 
2026/04/19-19:54:53.490763 1285 [Zonestats:time(s),used_cap(MB),reclaimable_cap(MB), avg_reclaimable(%), active(#), active_zones(#), open_zones(#)] 84 1530 2821 64 9 9 3
2026/04/19-19:54:53.490795 1285 [DEBUG] DeleteFile: ./db_working_home/000249.sst 
2026/04/19-19:54:53.491661 1285 [Zonestats:time(s),used_cap(MB),reclaimable_cap(MB), avg_reclaimable(%), active(#), active_zones(#), open_zones(#)] 84 1514 2837 65 9 9 3
2026/04/19-19:54:53.491694 1285 [DEBUG] DeleteFile: ./db_working_home/000251.sst 
2026/04/19-19:54:53.492658 1285 [Zonestats:time(s),used_cap(MB),reclaimable_cap(MB), avg_reclaimable(%), active(#), active_zones(#), open_zones(#)] 84 1499 2724 64 9 9 3
2026/04/19-19:54:53.492691 1285 [DEBUG] DeleteFile: ./db_working_home/000252.sst 
2026/04/19-19:54:53.493245 1285 [Zonestats:time(s),used_cap(MB),reclaimable_cap(MB), avg_reclaimable(%), active(#), active_zones(#), open_zones(#)] 84 1499 2724 64 9 9 3
2026/04/19-19:54:53.493276 1285 [DEBUG] DeleteFile: ./db_working_home/000255.sst 
2026/04/19-19:54:53.494233 1285 [Zonestats:time(s),used_cap(MB),reclaimable_cap(MB), avg_reclaimable(%), active(#), active_zones(#), open_zones(#)] 84 1484 2611 63 8 8 3
2026/04/19-19:54:53.494265 1285 [DEBUG] DeleteFile: ./db_working_home/000257.sst 
2026/04/19-19:54:53.495137 1285 [Zonestats:time(s),used_cap(MB),reclaimable_cap(MB), avg_reclaimable(%), active(#), active_zones(#), open_zones(#)] 84 1469 2498 62 7 7 3
2026/04/19-19:54:53.495170 1285 [DEBUG] DeleteFile: ./db_working_home/000259.sst 
2026/04/19-19:54:53.495945 1285 [Zonestats:time(s),used_cap(MB),reclaimable_cap(MB), avg_reclaimable(%), active(#), active_zones(#), open_zones(#)] 84 1454 2513 63 7 7 3
2026/04/19-19:54:53.495976 1285 [DEBUG] DeleteFile: ./db_working_home/000260.log 
2026/04/19-19:54:53.496932 1285 [Zonestats:time(s),used_cap(MB),reclaimable_cap(MB), avg_reclaimable(%), active(#), active_zones(#), open_zones(#)] 84 1438 2401 62 6 6 3
2026/04/19-19:54:53.496952 1285 [DEBUG] DeleteFile: ./db_working_home/000262.sst 
2026/04/19-19:54:53.497744 1285 [Zonestats:time(s),used_cap(MB),reclaimable_cap(MB), avg_reclaimable(%), active(#), active_zones(#), open_zones(#)] 84 1423 2416 62 6 6 3
2026/04/19-19:54:53.497776 1285 [DEBUG] DeleteFile: ./db_working_home/000266.sst 
2026/04/19-19:54:53.498646 1285 [Zonestats:time(s),used_cap(MB),reclaimable_cap(MB), avg_reclaimable(%), active(#), active_zones(#), open_zones(#)] 84 1423 2416 62 6 6 3
2026/04/19-19:54:53.498870 1285 [DEBUG] New writable file: /db_working_home/000270.sst direct: 1
2026/04/19-19:54:53.502286 1285 Entering Apply Finish Threshold Function
2026/04/19-19:54:53.502310 1285 [DEBUG] Allocating zone(new=1) start: 0x38000000 wp: 0x38000000 lt: 3 file lt: 3
2026/04/19-19:54:53.502317 1285 [Zonestats:time(s),used_cap(MB),reclaimable_cap(MB), avg_reclaimable(%), active(#), active_zones(#), open_zones(#)] 84 1423 2416 62 6 7 4
2026/04/19-19:54:53.502323 1285 [DEBUG] Syncing metadata for: /db_working_home/000270.sst
2026/04/19-19:54:53.507670 1282 [DEBUG] Allocating zone(new=0) start: 0x148000000 wp: 0x148f31800 lt: 3 file lt: 2
2026/04/19-19:54:53.507682 1282 [DEBUG] Syncing metadata for: /db_working_home/000265.log
2026/04/19-19:54:53.691322 1285 [DEBUG] Syncing metadata for: /db_working_home/000270.sst
2026/04/19-19:54:53.694079 1285 [DEBUG] Syncing metadata for: /db_working_home/000270.sst
2026/04/19-19:54:53.694988 1285 [DEBUG] New random access file: /db_working_home/000270.sst direct: 1
2026/04/19-19:54:53.695444 1285 [DEBUG] GetFileSize: /db_working_home/000270.sst 
2026/04/19-19:54:53.697885 1285 [DEBUG] Syncing metadata for: /db_working_home/MANIFEST-000194
2026/04/19-19:54:53.698918 1285 [DEBUG] GetFileSize: /db_working_home/000270.sst 
2026/04/19-19:54:53.708771 1285 [DEBUG] Syncing metadata for: /db_working_home/000263.log
2026/04/19-19:54:53.711610 1285 [DEBUG] DeleteFile: ./db_working_home/000263.log 
2026/04/19-19:54:53.712423 1285 [Zonestats:time(s),used_cap(MB),reclaimable_cap(MB), avg_reclaimable(%), active(#), active_zones(#), open_zones(#)] 84 1432 2407 62 6 6 3
2026/04/19-19:54:53.796264 1282 [DEBUG] New writable file: /db_working_home/000271.log direct: 0
2026/04/19-19:54:53.797568 1285 [DEBUG] New writable file: /db_working_home/000272.sst direct: 1
2026/04/19-19:54:53.800679 1285 Entering Apply Finish Threshold Function
2026/04/19-19:54:53.800705 1285 [DEBUG] Allocating zone(new=1) start: 0x60000000 wp: 0x60000000 lt: 3 file lt: 3
2026/04/19-19:54:53.800713 1285 [Zonestats:time(s),used_cap(MB),reclaimable_cap(MB), avg_reclaimable(%), active(#), active_zones(#), open_zones(#)] 84 1438 2401 62 6 7 4
2026/04/19-19:54:53.800719 1285 [DEBUG] Syncing metadata for: /db_working_home/000272.sst
2026/04/19-19:54:53.801196 1282 [DEBUG] Allocating zone(new=0) start: 0x140000000 wp: 0x141902000 lt: 3 file lt: 2
2026/04/19-19:54:53.801201 1282 [DEBUG] Syncing metadata for: /db_working_home/000271.log
2026/04/19-19:54:54.039630 1285 [DEBUG] Syncing metadata for: /db_working_home/000272.sst
2026/04/19-19:54:54.040213 1285 [DEBUG] Syncing metadata for: /db_working_home/000272.sst
2026/04/19-19:54:54.040285 1282 [DEBUG] New writable file: /db_working_home/000273.log direct: 0
2026/04/19-19:54:54.042038 1285 [DEBUG] New random access file: /db_working_home/000272.sst direct: 1
2026/04/19-19:54:54.042221 1285 [DEBUG] GetFileSize: /db_working_home/000272.sst 
2026/04/19-19:54:54.044386 1285 [DEBUG] Syncing metadata for: /db_working_home/MANIFEST-000194
2026/04/19-19:54:54.045390 1285 [DEBUG] GetFileSize: /db_working_home/000272.sst 
2026/04/19-19:54:54.049870 1285 [DEBUG] Syncing metadata for: /db_working_home/000265.log
2026/04/19-19:54:54.050799 1285 [DEBUG] DeleteFile: ./db_working_home/000265.log 
2026/04/19-19:54:54.051378 1285 [Zonestats:time(s),used_cap(MB),reclaimable_cap(MB), avg_reclaimable(%), active(#), active_zones(#), open_zones(#)] 85 1453 2514 63 7 7 3
2026/04/19-19:54:54.051529 1285 [DEBUG] New writable file: /db_working_home/000274.sst direct: 1
2026/04/19-19:54:54.054700 1285 Entering Apply Finish Threshold Function
2026/04/19-19:54:54.054725 1285 [DEBUG] Allocating zone(new=1) start: 0xb8000000 wp: 0xb8000000 lt: 3 file lt: 3
2026/04/19-19:54:54.054732 1285 [Zonestats:time(s),used_cap(MB),reclaimable_cap(MB), avg_reclaimable(%), active(#), active_zones(#), open_zones(#)] 85 1453 2514 63 7 8 4
2026/04/19-19:54:54.054738 1285 [DEBUG] Syncing metadata for: /db_working_home/000274.sst
2026/04/19-19:54:54.057198 1282 [DEBUG] Allocating zone(new=0) start: 0x148000000 wp: 0x149ebdc00 lt: 3 file lt: 2
2026/04/19-19:54:54.057206 1282 [DEBUG] Syncing metadata for: /db_working_home/000273.log
2026/04/19-19:54:54.292881 1285 [DEBUG] Syncing metadata for: /db_working_home/000274.sst
2026/04/19-19:54:54.293354 1282 [DEBUG] New writable file: /db_working_home/000275.log direct: 0
2026/04/19-19:54:54.293475 1285 [DEBUG] Syncing metadata for: /db_working_home/000274.sst
2026/04/19-19:54:54.295286 1285 [DEBUG] New random access file: /db_working_home/000274.sst direct: 1
2026/04/19-19:54:54.295469 1285 [DEBUG] GetFileSize: /db_working_home/000274.sst 
2026/04/19-19:54:54.297664 1285 [DEBUG] Syncing metadata for: /db_working_home/MANIFEST-000194
2026/04/19-19:54:54.298315 1285 [DEBUG] GetFileSize: /db_working_home/000274.sst 
2026/04/19-19:54:54.302798 1285 [DEBUG] Syncing metadata for: /db_working_home/000271.log
2026/04/19-19:54:54.303490 1285 [DEBUG] DeleteFile: ./db_working_home/000271.log 
2026/04/19-19:54:54.304284 1285 [Zonestats:time(s),used_cap(MB),reclaimable_cap(MB), avg_reclaimable(%), active(#), active_zones(#), open_zones(#)] 85 1468 2627 64 8 8 3
2026/04/19-19:54:54.304431 1285 [DEBUG] New writable file: /db_working_home/000276.sst direct: 1
2026/04/19-19:54:54.307606 1285 Entering Apply Finish Threshold Function
2026/04/19-19:54:54.307630 1285 [DEBUG] Allocating zone(new=1) start: 0xe0000000 wp: 0xe0000000 lt: 3 file lt: 3
2026/04/19-19:54:54.307637 1285 [Zonestats:time(s),used_cap(MB),reclaimable_cap(MB), avg_reclaimable(%), active(#), active_zones(#), open_zones(#)] 85 1468 2627 64 8 9 4
2026/04/19-19:54:54.307643 1285 [DEBUG] Syncing metadata for: /db_working_home/000276.sst
2026/04/19-19:54:54.310068 1282 [DEBUG] Allocating zone(new=0) start: 0x140000000 wp: 0x14288cc00 lt: 3 file lt: 2
2026/04/19-19:54:54.310075 1282 [DEBUG] Syncing metadata for: /db_working_home/000275.log
2026/04/19-19:54:54.415669 1283 Total Garbage Bytes this interval: 1125838778 bytes
2026/04/19-19:54:54.415823 1283 Cumulative Average Garbage Bytes (over 84 intervals): 412809041 bytes
2026/04/19-19:54:54.415845 1283 Zone Garbage Stats: [92 8 0 2 0 5 3 1 1 4 4 0 ]
2026/04/19-19:54:54.415849 1283 Total Garbage Bytes: 1125838778 bytes
2026/04/19-19:54:54.504305 1285 [DEBUG] Syncing metadata for: /db_working_home/000276.sst
2026/04/19-19:54:54.505084 1285 [DEBUG] Syncing metadata for: /db_working_home/000276.sst
2026/04/19-19:54:54.506083 1285 [DEBUG] New random access file: /db_working_home/000276.sst direct: 1
2026/04/19-19:54:54.506525 1285 [DEBUG] GetFileSize: /db_working_home/000276.sst 
2026/04/19-19:54:54.508950 1285 [DEBUG] Syncing metadata for: /db_working_home/MANIFEST-000194
2026/04/19-19:54:54.509614 1285 [DEBUG] GetFileSize: /db_working_home/000276.sst 
2026/04/19-19:54:54.514098 1285 [DEBUG] Syncing metadata for: /db_working_home/000273.log
2026/04/19-19:54:54.522246 1285 [DEBUG] DeleteFile: ./db_working_home/000273.log 
2026/04/19-19:54:54.522938 1285 [Zonestats:time(s),used_cap(MB),reclaimable_cap(MB), avg_reclaimable(%), active(#), active_zones(#), open_zones(#)] 85 1478 2745 65 9 9 3
2026/04/19-19:54:54.602921 1282 [DEBUG] New writable file: /db_working_home/000277.log direct: 0
2026/04/19-19:54:54.603724 1285 [DEBUG] New writable file: /db_working_home/000278.sst direct: 1
2026/04/19-19:54:54.606858 1282 [DEBUG] Allocating zone(new=0) start: 0x148000000 wp: 0x14ae49200 lt: 3 file lt: 2
2026/04/19-19:54:54.606863 1282 [DEBUG] Syncing metadata for: /db_working_home/000277.log
2026/04/19-19:54:54.606920 1285 Entering Apply Finish Threshold Function
2026/04/19-19:54:54.606946 1285 [DEBUG] Allocating zone(new=1) start: 0xf8000000 wp: 0xf8000000 lt: 3 file lt: 3
2026/04/19-19:54:54.606954 1285 [Zonestats:time(s),used_cap(MB),reclaimable_cap(MB), avg_reclaimable(%), active(#), active_zones(#), open_zones(#)] 85 1484 2739 64 9 10 5
2026/04/19-19:54:54.606960 1285 [DEBUG] Syncing metadata for: /db_working_home/000278.sst
2026/04/19-19:54:54.795518 1285 [DEBUG] Syncing metadata for: /db_working_home/000278.sst
2026/04/19-19:54:54.800002 1285 [DEBUG] Syncing metadata for: /db_working_home/000278.sst
2026/04/19-19:54:54.804177 1285 [DEBUG] New random access file: /db_working_home/000278.sst direct: 1
2026/04/19-19:54:54.804510 1285 [DEBUG] GetFileSize: /db_working_home/000278.sst 
2026/04/19-19:54:54.806459 1285 [DEBUG] Syncing metadata for: /db_working_home/MANIFEST-000194
2026/04/19-19:54:54.807124 1285 [DEBUG] GetFileSize: /db_working_home/000278.sst 
2026/04/19-19:54:54.811607 1285 [DEBUG] Syncing metadata for: /db_working_home/000275.log
2026/04/19-19:54:54.816673 1285 [DEBUG] DeleteFile: ./db_working_home/000275.log 
2026/04/19-19:54:54.820607 1285 [Zonestats:time(s),used_cap(MB),reclaimable_cap(MB), avg_reclaimable(%), active(#), active_zones(#), open_zones(#)] 85 1494 2857 65 10 10 3
2026/04/19-19:54:54.892603 1282 [DEBUG] New writable file: /db_working_home/000279.log direct: 0
2026/04/19-19:54:54.893695 1285 [DEBUG] New writable file: /db_working_home/000280.sst direct: 1
2026/04/19-19:54:54.896926 1285 Entering Apply Finish Threshold Function
2026/04/19-19:54:54.896953 1285 [DEBUG] Allocating zone(new=1) start: 0x108000000 wp: 0x108000000 lt: 3 file lt: 3
2026/04/19-19:54:54.896961 1285 [Zonestats:time(s),used_cap(MB),reclaimable_cap(MB), avg_reclaimable(%), active(#), active_zones(#), open_zones(#)] 85 1499 2852 65 10 11 4
2026/04/19-19:54:54.896967 1285 [DEBUG] Syncing metadata for: /db_working_home/000280.sst
2026/04/19-19:54:54.897489 1282 [DEBUG] Allocating zone(new=0) start: 0x140000000 wp: 0x143817e00 lt: 3 file lt: 2
2026/04/19-19:54:54.897493 1282 [DEBUG] Syncing metadata for: /db_working_home/000279.log
2026/04/19-19:54:55.106526 1285 [DEBUG] Syncing metadata for: /db_working_home/000280.sst
2026/04/19-19:54:55.107104 1285 [DEBUG] Syncing metadata for: /db_working_home/000280.sst
2026/04/19-19:54:55.107980 1285 [DEBUG] New random access file: /db_working_home/000280.sst direct: 1
2026/04/19-19:54:55.108434 1285 [DEBUG] GetFileSize: /db_working_home/000280.sst 
2026/04/19-19:54:55.110853 1285 [DEBUG] Syncing metadata for: /db_working_home/MANIFEST-000194
2026/04/19-19:54:55.111511 1285 [DEBUG] GetFileSize: /db_working_home/000280.sst 
2026/04/19-19:54:55.116002 1285 [DEBUG] Syncing metadata for: /db_working_home/000277.log
2026/04/19-19:54:55.120668 1285 [DEBUG] DeleteFile: ./db_working_home/000277.log 
2026/04/19-19:54:55.124993 1285 [Zonestats:time(s),used_cap(MB),reclaimable_cap(MB), avg_reclaimable(%), active(#), active_zones(#), open_zones(#)] 86 1507 2972 66 11 11 3
2026/04/19-19:54:55.212050 1282 [DEBUG] New writable file: /db_working_home/000281.log direct: 0
2026/04/19-19:54:55.213057 1285 [DEBUG] New writable file: /db_working_home/000282.sst direct: 1
2026/04/19-19:54:55.216194 1285 Entering Apply Finish Threshold Function
2026/04/19-19:54:55.216221 1285 [DEBUG] Allocating zone(new=1) start: 0x110000000 wp: 0x110000000 lt: 3 file lt: 3
2026/04/19-19:54:55.216229 1285 [Zonestats:time(s),used_cap(MB),reclaimable_cap(MB), avg_reclaimable(%), active(#), active_zones(#), open_zones(#)] 86 1514 2965 66 11 12 4
2026/04/19-19:54:55.216235 1285 [DEBUG] Syncing metadata for: /db_working_home/000282.sst
2026/04/19-19:54:55.217199 1282 [DEBUG] Allocating zone(new=0) start: 0x148000000 wp: 0x14bdd4800 lt: 3 file lt: 2
2026/04/19-19:54:55.217204 1282 [DEBUG] Syncing metadata for: /db_working_home/000281.log
2026/04/19-19:54:55.416024 1283 Total Garbage Bytes this interval: 1125839427 bytes
2026/04/19-19:54:55.416042 1283 Cumulative Average Garbage Bytes (over 85 intervals): 421197634 bytes
2026/04/19-19:54:55.416080 1283 Zone Garbage Stats: [89 11 0 2 0 5 3 1 1 4 4 0 ]
2026/04/19-19:54:55.416084 1283 Total Garbage Bytes: 1125839427 bytes
2026/04/19-19:54:55.486445 1282 [DEBUG] New writable file: /db_working_home/000283.log direct: 0
2026/04/19-19:54:55.486735 1285 [DEBUG] Syncing metadata for: /db_working_home/000282.sst
2026/04/19-19:54:55.488422 1285 [DEBUG] Syncing metadata for: /db_working_home/000282.sst
2026/04/19-19:54:55.489398 1285 [DEBUG] New random access file: /db_working_home/000282.sst direct: 1
2026/04/19-19:54:55.489863 1285 [DEBUG] GetFileSize: /db_working_home/000282.sst 
2026/04/19-19:54:55.492283 1285 [DEBUG] Syncing metadata for: /db_working_home/MANIFEST-000194
2026/04/19-19:54:55.492945 1285 [DEBUG] GetFileSize: /db_working_home/000282.sst 
2026/04/19-19:54:55.497805 1285 [DEBUG] Syncing metadata for: /db_working_home/000279.log
2026/04/19-19:54:55.498795 1285 [DEBUG] DeleteFile: ./db_working_home/000279.log 
2026/04/19-19:54:55.499595 1285 [Zonestats:time(s),used_cap(MB),reclaimable_cap(MB), avg_reclaimable(%), active(#), active_zones(#), open_zones(#)] 86 1529 3078 66 12 12 3
2026/04/19-19:54:55.499778 1285 [DEBUG] New writable file: /db_working_home/000284.sst direct: 1
2026/04/19-19:54:55.502939 1285 Entering Apply Finish Threshold Function
2026/04/19-19:54:55.502963 1285 [DEBUG] Allocator: avoided a finish by relaxing lifetime diff requirement
2026/04/19-19:54:55.502967 1285 [DEBUG] Allocating zone(new=0) start: 0x140000000 wp: 0x1447a2c00 lt: 3 file lt: 3
2026/04/19-19:54:55.502974 1285 [Zonestats:time(s),used_cap(MB),reclaimable_cap(MB), avg_reclaimable(%), active(#), active_zones(#), open_zones(#)] 86 1529 3078 66 12 12 4
2026/04/19-19:54:55.502980 1285 [DEBUG] Syncing metadata for: /db_working_home/000284.sst
2026/04/19-19:54:55.505915 1282 [DEBUG] Allocating zone(new=0) start: 0x110000000 wp: 0x110f33600 lt: 3 file lt: 2
2026/04/19-19:54:55.505924 1282 [DEBUG] Syncing metadata for: /db_working_home/000283.log
2026/04/19-19:54:55.756923 1285 [DEBUG] Syncing metadata for: /db_working_home/000284.sst
2026/04/19-19:54:55.757713 1285 [DEBUG] Syncing metadata for: /db_working_home/000284.sst
2026/04/19-19:54:55.758719 1285 [DEBUG] New random access file: /db_working_home/000284.sst direct: 1
2026/04/19-19:54:55.759171 1285 [DEBUG] GetFileSize: /db_working_home/000284.sst 
2026/04/19-19:54:55.768308 1285 [DEBUG] Syncing metadata for: /db_working_home/MANIFEST-000194
2026/04/19-19:54:55.769022 1285 [DEBUG] GetFileSize: /db_working_home/000284.sst 
2026/04/19-19:54:55.770625 1282 [DEBUG] New writable file: /db_working_home/000285.log direct: 0
2026/04/19-19:54:55.773320 1285 [DEBUG] Syncing metadata for: /db_working_home/000281.log
2026/04/19-19:54:55.774841 1285 [DEBUG] DeleteFile: ./db_working_home/000281.log 
2026/04/19-19:54:55.775636 1285 [Zonestats:time(s),used_cap(MB),reclaimable_cap(MB), avg_reclaimable(%), active(#), active_zones(#), open_zones(#)] 86 1544 3063 66 12 12 3
2026/04/19-19:54:55.775832 1285 [DEBUG] New writable file: /db_working_home/000286.sst direct: 1
2026/04/19-19:54:55.777728 1282 [DEBUG] Allocating zone(new=0) start: 0x148000000 wp: 0x14cd5f400 lt: 3 file lt: 2
2026/04/19-19:54:55.777732 1282 [DEBUG] Syncing metadata for: /db_working_home/000285.log
2026/04/19-19:54:55.779012 1285 Entering Apply Finish Threshold Function
2026/04/19-19:54:55.779023 1285 Finishing zone: Entering Finish()
2026/04/19-19:54:56.416267 1283 Total Garbage Bytes this interval: 1125839427 bytes
2026/04/19-19:54:56.416285 1283 Cumulative Average Garbage Bytes (over 86 intervals): 429391143 bytes
2026/04/19-19:54:56.416306 1283 Zone Garbage Stats: [89 11 0 2 0 5 3 1 1 4 4 0 ]
2026/04/19-19:54:56.416310 1283 Total Garbage Bytes: 1125839427 bytes
2026/04/19-19:54:56.464532 1284 [DEBUG] Allocating zone(new=1) start: 0x118000000 wp: 0x118000000 lt: 4 file lt: 4
2026/04/19-19:54:56.464547 1284 [Zonestats:time(s),used_cap(MB),reclaimable_cap(MB), avg_reclaimable(%), active(#), active_zones(#), open_zones(#)] 87 1559 3048 66 11 12 4
2026/04/19-19:54:56.464556 1284 [DEBUG] Syncing metadata for: /db_working_home/000269.sst
2026/04/19-19:54:56.523729 1282 [DEBUG] New writable file: /db_working_home/000287.log direct: 0
2026/04/19-19:54:56.677742 1285 [DEBUG] Allocating zone(new=1) start: 0x120000000 wp: 0x120000000 lt: 3 file lt: 3
2026/04/19-19:54:56.677757 1285 [Zonestats:time(s),used_cap(MB),reclaimable_cap(MB), avg_reclaimable(%), active(#), active_zones(#), open_zones(#)] 87 1559 3048 66 11 12 5
2026/04/19-19:54:56.677766 1285 [DEBUG] Syncing metadata for: /db_working_home/000286.sst
2026/04/19-19:54:56.985093 1285 [DEBUG] Syncing metadata for: /db_working_home/000286.sst
2026/04/19-19:54:56.987395 1285 [DEBUG] Syncing metadata for: /db_working_home/000286.sst
2026/04/19-19:54:56.988705 1285 [DEBUG] New random access file: /db_working_home/000286.sst direct: 1
2026/04/19-19:54:56.995308 1285 [DEBUG] GetFileSize: /db_working_home/000286.sst 
2026/04/19-19:54:56.997233 1285 [DEBUG] Syncing metadata for: /db_working_home/MANIFEST-000194
2026/04/19-19:54:56.998127 1285 [DEBUG] GetFileSize: /db_working_home/000286.sst 
2026/04/19-19:54:57.009168 1285 [DEBUG] Syncing metadata for: /db_working_home/000283.log
2026/04/19-19:54:57.016937 1285 [DEBUG] DeleteFile: ./db_working_home/000283.log 
2026/04/19-19:54:57.017520 1285 [Zonestats:time(s),used_cap(MB),reclaimable_cap(MB), avg_reclaimable(%), active(#), active_zones(#), open_zones(#)] 88 1560 3175 67 12 12 3
2026/04/19-19:54:57.017678 1285 [DEBUG] New writable file: /db_working_home/000288.sst direct: 1
2026/04/19-19:54:57.021714 1285 Entering Apply Finish Threshold Function
2026/04/19-19:54:57.021740 1285 [DEBUG] Allocator: avoided a finish by relaxing lifetime diff requirement
2026/04/19-19:54:57.021743 1285 [DEBUG] Allocating zone(new=0) start: 0x120000000 wp: 0x120f30e00 lt: 3 file lt: 3
2026/04/19-19:54:57.021750 1285 [Zonestats:time(s),used_cap(MB),reclaimable_cap(MB), avg_reclaimable(%), active(#), active_zones(#), open_zones(#)] 88 1560 3175 67 12 12 4
2026/04/19-19:54:57.021756 1285 [DEBUG] Syncing metadata for: /db_working_home/000288.sst
2026/04/19-19:54:57.324023 1285 [DEBUG] Syncing metadata for: /db_working_home/000288.sst
2026/04/19-19:54:57.331817 1285 [DEBUG] Syncing metadata for: /db_working_home/000288.sst
2026/04/19-19:54:57.333469 1285 [DEBUG] New random access file: /db_working_home/000288.sst direct: 1
2026/04/19-19:54:57.334856 1285 [DEBUG] GetFileSize: /db_working_home/000288.sst 
2026/04/19-19:54:57.337082 1285 [DEBUG] Syncing metadata for: /db_working_home/MANIFEST-000194
2026/04/19-19:54:57.345150 1285 [DEBUG] GetFileSize: /db_working_home/000288.sst 
2026/04/19-19:54:57.349468 1285 [DEBUG] Syncing metadata for: /db_working_home/000285.log
2026/04/19-19:54:57.357451 1285 [DEBUG] DeleteFile: ./db_working_home/000285.log 
2026/04/19-19:54:57.358035 1285 [Zonestats:time(s),used_cap(MB),reclaimable_cap(MB), avg_reclaimable(%), active(#), active_zones(#), open_zones(#)] 88 1560 3175 67 12 12 2
2026/04/19-19:54:57.416405 1283 Total Garbage Bytes this interval: 1272537107 bytes
2026/04/19-19:54:57.416420 1283 Cumulative Average Garbage Bytes (over 87 intervals): 439082476 bytes
2026/04/19-19:54:57.416439 1283 Zone Garbage Stats: [87 12 1 2 0 5 3 3 2 4 4 0 ]
2026/04/19-19:54:57.416443 1283 Total Garbage Bytes: 1272537107 bytes
2026/04/19-19:54:57.448612 1282 [DEBUG] Allocating zone(new=0) start: 0x148000000 wp: 0x14dcece00 lt: 3 file lt: 2
2026/04/19-19:54:57.448626 1282 [DEBUG] Syncing metadata for: /db_working_home/000287.log
2026/04/19-19:54:58.111751 1284 Entering Apply Finish Threshold Function
2026/04/19-19:54:58.111782 1284 [DEBUG] Allocating zone(new=1) start: 0x130000000 wp: 0x130000000 lt: 4 file lt: 4
2026/04/19-19:54:58.111790 1284 [Zonestats:time(s),used_cap(MB),reclaimable_cap(MB), avg_reclaimable(%), active(#), active_zones(#), open_zones(#)] 89 1691 3172 65 11 12 3
2026/04/19-19:54:58.111796 1284 [DEBUG] Syncing metadata for: /db_working_home/000269.sst
2026/04/19-19:54:58.121289 1284 [DEBUG] Syncing metadata for: /db_working_home/000269.sst
2026/04/19-19:54:58.121848 1284 [DEBUG] Syncing metadata for: /db_working_home/000269.sst
2026/04/19-19:54:58.122618 1284 [DEBUG] GetFileSize: /db_working_home/000269.sst 
2026/04/19-19:54:58.122647 1284 [DEBUG] New writable file: /db_working_home/000289.sst direct: 1
2026/04/19-19:54:58.126118 1284 Entering Apply Finish Threshold Function
2026/04/19-19:54:58.126139 1284 [DEBUG] Allocator: avoided a finish by relaxing lifetime diff requirement
2026/04/19-19:54:58.126142 1284 [DEBUG] Allocating zone(new=0) start: 0x130000000 wp: 0x130051000 lt: 4 file lt: 4
2026/04/19-19:54:58.126148 1284 [Zonestats:time(s),used_cap(MB),reclaimable_cap(MB), avg_reclaimable(%), active(#), active_zones(#), open_zones(#)] 89 1691 3300 66 12 12 3
2026/04/19-19:54:58.126153 1284 [DEBUG] Syncing metadata for: /db_working_home/000289.sst
2026/04/19-19:54:58.416633 1283 Total Garbage Bytes this interval: 1191029245 bytes
2026/04/19-19:54:58.416649 1283 Cumulative Average Garbage Bytes (over 88 intervals): 447627325 bytes
2026/04/19-19:54:58.416669 1283 Zone Garbage Stats: [86 13 1 2 0 5 3 2 2 4 4 0 ]
2026/04/19-19:54:58.416674 1283 Total Garbage Bytes: 1191029245 bytes
2026/04/19-19:54:58.588878 1284 [DEBUG] Syncing metadata for: /db_working_home/000289.sst
2026/04/19-19:54:58.589455 1284 [DEBUG] Syncing metadata for: /db_working_home/000289.sst
2026/04/19-19:54:58.590273 1284 [DEBUG] GetFileSize: /db_working_home/000289.sst 
2026/04/19-19:54:58.591425 1284 [DEBUG] New random access file: /db_working_home/000269.sst direct: 1
2026/04/19-19:54:58.591812 1284 [DEBUG] GetFileSize: /db_working_home/000269.sst 
2026/04/19-19:54:58.592025 1284 [DEBUG] New random access file: /db_working_home/000289.sst direct: 1
2026/04/19-19:54:58.592268 1284 [DEBUG] GetFileSize: /db_working_home/000289.sst 
2026/04/19-19:54:58.593176 1284 [DEBUG] Syncing metadata for: /db_working_home/MANIFEST-000194
2026/04/19-19:54:58.641788 1284 [DEBUG] New writable file: /db_working_home/000290.sst direct: 1
2026/04/19-19:54:58.647512 1284 Entering Apply Finish Threshold Function
2026/04/19-19:54:58.647537 1284 [DEBUG] Allocating zone(new=0) start: 0x130000000 wp: 0x132884800 lt: 4 file lt: 3
2026/04/19-19:54:58.647545 1284 [Zonestats:time(s),used_cap(MB),reclaimable_cap(MB), avg_reclaimable(%), active(#), active_zones(#), open_zones(#)] 89 1733 3258 65 12 12 3
2026/04/19-19:54:58.647551 1284 [DEBUG] Syncing metadata for: /db_working_home/000290.sst
2026/04/19-19:54:59.416878 1283 Total Garbage Bytes this interval: 1191029245 bytes
2026/04/19-19:54:59.417098 1283 Cumulative Average Garbage Bytes (over 89 intervals): 455980156 bytes
2026/04/19-19:54:59.417140 1283 Zone Garbage Stats: [86 13 1 2 0 5 3 2 2 4 4 0 ]
2026/04/19-19:54:59.417144 1283 Total Garbage Bytes: 1191029245 bytes
2026/04/19-19:54:59.646275 1284 [DEBUG] Syncing metadata for: /db_working_home/000290.sst
2026/04/19-19:54:59.646920 1284 [DEBUG] Syncing metadata for: /db_working_home/000290.sst
2026/04/19-19:54:59.647672 1284 [DEBUG] GetFileSize: /db_working_home/000290.sst 
2026/04/19-19:54:59.647698 1284 [DEBUG] New writable file: /db_working_home/000291.sst direct: 1
2026/04/19-19:54:59.650827 1284 Entering Apply Finish Threshold Function
2026/04/19-19:54:59.650837 1284 Finishing zone: Entering Finish()
2026/04/19-19:54:59.759178 1284 [DEBUG] Allocating zone(new=1) start: 0x150000000 wp: 0x150000000 lt: 3 file lt: 3
2026/04/19-19:54:59.759195 1284 [Zonestats:time(s),used_cap(MB),reclaimable_cap(MB), avg_reclaimable(%), active(#), active_zones(#), open_zones(#)] 90 1818 3173 63 11 12 3
2026/04/19-19:54:59.759204 1284 [DEBUG] Syncing metadata for: /db_working_home/000291.sst
2026/04/19-19:55:00.417349 1283 Total Garbage Bytes this interval: 1191030361 bytes
2026/04/19-19:55:00.417448 1283 Cumulative Average Garbage Bytes (over 90 intervals): 464147380 bytes
2026/04/19-19:55:00.417518 1283 Zone Garbage Stats: [85 14 1 2 0 5 3 2 2 4 4 0 ]
2026/04/19-19:55:00.417528 1283 Total Garbage Bytes: 1191030361 bytes
2026/04/19-19:55:00.429970 1282 [DEBUG] New writable file: /db_working_home/000292.log direct: 0
2026/04/19-19:55:00.431190 1285 [DEBUG] New writable file: /db_working_home/000293.sst direct: 1
2026/04/19-19:55:00.442580 1285 Entering Apply Finish Threshold Function
2026/04/19-19:55:00.442607 1285 [DEBUG] Allocator: avoided a finish by relaxing lifetime diff requirement
2026/04/19-19:55:00.442611 1285 [DEBUG] Allocating zone(new=0) start: 0x120000000 wp: 0x121e6c000 lt: 3 file lt: 3
2026/04/19-19:55:00.442628 1285 [Zonestats:time(s),used_cap(MB),reclaimable_cap(MB), avg_reclaimable(%), active(#), active_zones(#), open_zones(#)] 91 1821 3170 63 12 12 4
2026/04/19-19:55:00.442635 1285 [DEBUG] Syncing metadata for: /db_working_home/000293.sst
2026/04/19-19:55:00.688292 1285 [DEBUG] Syncing metadata for: /db_working_home/000293.sst
2026/04/19-19:55:00.695998 1285 [DEBUG] Syncing metadata for: /db_working_home/000293.sst
2026/04/19-19:55:00.696673 1285 [DEBUG] New random access file: /db_working_home/000293.sst direct: 1
2026/04/19-19:55:00.696886 1285 [DEBUG] GetFileSize: /db_working_home/000293.sst 
2026/04/19-19:55:00.706499 1285 [DEBUG] Syncing metadata for: /db_working_home/MANIFEST-000194
2026/04/19-19:55:00.707222 1285 [DEBUG] GetFileSize: /db_working_home/000293.sst 
2026/04/19-19:55:00.712009 1285 [DEBUG] Syncing metadata for: /db_working_home/000287.log
2026/04/19-19:55:00.720009 1285 [DEBUG] DeleteFile: ./db_working_home/000253.sst 
2026/04/19-19:55:00.720894 1285 [Zonestats:time(s),used_cap(MB),reclaimable_cap(MB), avg_reclaimable(%), active(#), active_zones(#), open_zones(#)] 91 1709 3026 63 12 12 2
2026/04/19-19:55:00.720939 1285 [DEBUG] DeleteFile: ./db_working_home/000267.sst 
2026/04/19-19:55:00.721609 1285 [Zonestats:time(s),used_cap(MB),reclaimable_cap(MB), avg_reclaimable(%), active(#), active_zones(#), open_zones(#)] 91 1660 3075 64 12 12 2
2026/04/19-19:55:00.721642 1285 [DEBUG] DeleteFile: ./db_working_home/000287.log 
2026/04/19-19:55:00.722201 1285 [Zonestats:time(s),used_cap(MB),reclaimable_cap(MB), avg_reclaimable(%), active(#), active_zones(#), open_zones(#)] 91 1645 3090 65 12 12 2
2026/04/19-19:55:00.808480 1282 [DEBUG] Allocating zone(new=0) start: 0x148000000 wp: 0x14ec85200 lt: 3 file lt: 2
2026/04/19-19:55:00.808493 1282 [DEBUG] Syncing metadata for: /db_working_home/000292.log
2026/04/19-19:55:01.033012 1284 [DEBUG] Syncing metadata for: /db_working_home/000291.sst
2026/04/19-19:55:01.033594 1284 [DEBUG] Syncing metadata for: /db_working_home/000291.sst
2026/04/19-19:55:01.034442 1284 [DEBUG] GetFileSize: /db_working_home/000291.sst 
2026/04/19-19:55:01.034478 1284 [DEBUG] New writable file: /db_working_home/000294.sst direct: 1
2026/04/19-19:55:01.035333 1284 Entering Apply Finish Threshold Function
2026/04/19-19:55:01.035343 1284 Finishing zone: Entering Finish()
2026/04/19-19:55:01.357462 1284 [DEBUG] Allocating zone(new=1) start: 0x100000000 wp: 0x100000000 lt: 3 file lt: 3
2026/04/19-19:55:01.357479 1284 [Zonestats:time(s),used_cap(MB),reclaimable_cap(MB), avg_reclaimable(%), active(#), active_zones(#), open_zones(#)] 92 1748 3115 64 11 12 3
2026/04/19-19:55:01.357488 1284 [DEBUG] Syncing metadata for: /db_working_home/000294.sst
2026/04/19-19:55:01.364671 1284 [DEBUG] Syncing metadata for: /db_working_home/000294.sst
2026/04/19-19:55:01.365244 1284 [DEBUG] Syncing metadata for: /db_working_home/000294.sst
2026/04/19-19:55:01.366036 1284 [DEBUG] GetFileSize: /db_working_home/000294.sst 
2026/04/19-19:55:01.367265 1284 [DEBUG] New random access file: /db_working_home/000290.sst direct: 1
2026/04/19-19:55:01.367649 1284 [DEBUG] GetFileSize: /db_working_home/000290.sst 
2026/04/19-19:55:01.367852 1284 [DEBUG] New random access file: /db_working_home/000291.sst direct: 1
2026/04/19-19:55:01.368164 1284 [DEBUG] GetFileSize: /db_working_home/000291.sst 
2026/04/19-19:55:01.368349 1284 [DEBUG] New random access file: /db_working_home/000294.sst direct: 1
2026/04/19-19:55:01.368514 1284 [DEBUG] GetFileSize: /db_working_home/000294.sst 
2026/04/19-19:55:01.369515 1284 [DEBUG] Syncing metadata for: /db_working_home/MANIFEST-000194
2026/04/19-19:55:01.378072 1284 [DEBUG] New writable file: /db_working_home/000295.sst direct: 1
2026/04/19-19:55:01.378934 1284 Entering Apply Finish Threshold Function
2026/04/19-19:55:01.417709 1283 Total Garbage Bytes this interval: 1204908946 bytes
2026/04/19-19:55:01.417726 1283 Cumulative Average Garbage Bytes (over 91 intervals): 472287617 bytes
2026/04/19-19:55:01.417745 1283 Zone Garbage Stats: [86 13 1 2 0 6 3 2 1 4 4 0 ]
2026/04/19-19:55:01.417750 1283 Total Garbage Bytes: 1204908946 bytes
2026/04/19-19:55:01.842354 1282 [DEBUG] New writable file: /db_working_home/000296.log direct: 0
2026/04/19-19:55:01.843491 1285 [DEBUG] New writable file: /db_working_home/000297.sst direct: 1
2026/04/19-19:55:01.847089 1285 Entering Apply Finish Threshold Function
2026/04/19-19:55:01.847124 1285 [DEBUG] Allocator: avoided a finish by relaxing lifetime diff requirement
2026/04/19-19:55:01.847128 1285 [DEBUG] Allocating zone(new=0) start: 0x110000000 wp: 0x111ebdc00 lt: 3 file lt: 3
2026/04/19-19:55:01.847135 1285 [Zonestats:time(s),used_cap(MB),reclaimable_cap(MB), avg_reclaimable(%), active(#), active_zones(#), open_zones(#)] 92 1759 3232 64 12 12 4
2026/04/19-19:55:01.847142 1285 [DEBUG] Syncing metadata for: /db_working_home/000297.sst
2026/04/19-19:55:01.975527 1282 [DEBUG] Allocating zone(new=0) start: 0x108000000 wp: 0x108f33600 lt: 3 file lt: 2
2026/04/19-19:55:01.975540 1282 [DEBUG] Syncing metadata for: /db_working_home/000296.log
2026/04/19-19:55:02.014521 1285 [DEBUG] Syncing metadata for: /db_working_home/000297.sst
2026/04/19-19:55:02.015537 1285 [DEBUG] Syncing metadata for: /db_working_home/000297.sst
2026/04/19-19:55:02.016725 1285 [DEBUG] New random access file: /db_working_home/000297.sst direct: 1
2026/04/19-19:55:02.017388 1285 [DEBUG] GetFileSize: /db_working_home/000297.sst 
2026/04/19-19:55:02.019642 1285 [DEBUG] Syncing metadata for: /db_working_home/MANIFEST-000194
2026/04/19-19:55:02.020624 1285 [DEBUG] GetFileSize: /db_working_home/000297.sst 
2026/04/19-19:55:02.025767 1285 [DEBUG] Syncing metadata for: /db_working_home/000292.log
2026/04/19-19:55:02.026997 1285 [DEBUG] DeleteFile: ./db_working_home/000264.sst 
2026/04/19-19:55:02.027874 1285 [Zonestats:time(s),used_cap(MB),reclaimable_cap(MB), avg_reclaimable(%), active(#), active_zones(#), open_zones(#)] 93 1761 3230 64 12 12 3
2026/04/19-19:55:02.027918 1285 [DEBUG] DeleteFile: ./db_working_home/000268.sst 
2026/04/19-19:55:02.028975 1285 [Zonestats:time(s),used_cap(MB),reclaimable_cap(MB), avg_reclaimable(%), active(#), active_zones(#), open_zones(#)] 93 1736 3255 65 12 12 3
2026/04/19-19:55:02.029011 1285 [DEBUG] DeleteFile: ./db_working_home/000270.sst 
2026/04/19-19:55:02.030200 1285 [Zonestats:time(s),used_cap(MB),reclaimable_cap(MB), avg_reclaimable(%), active(#), active_zones(#), open_zones(#)] 93 1720 3143 64 11 11 3
2026/04/19-19:55:02.030236 1285 [DEBUG] DeleteFile: ./db_working_home/000272.sst 
2026/04/19-19:55:02.031289 1285 [Zonestats:time(s),used_cap(MB),reclaimable_cap(MB), avg_reclaimable(%), active(#), active_zones(#), open_zones(#)] 93 1705 3030 63 10 10 3
2026/04/19-19:55:02.031321 1285 [DEBUG] DeleteFile: ./db_working_home/000274.sst 
2026/04/19-19:55:02.032372 1285 [Zonestats:time(s),used_cap(MB),reclaimable_cap(MB), avg_reclaimable(%), active(#), active_zones(#), open_zones(#)] 93 1690 2917 63 9 9 3
2026/04/19-19:55:02.032407 1285 [DEBUG] DeleteFile: ./db_working_home/000276.sst 
2026/04/19-19:55:02.033432 1285 [Zonestats:time(s),used_cap(MB),reclaimable_cap(MB), avg_reclaimable(%), active(#), active_zones(#), open_zones(#)] 93 1675 2804 62 8 8 3
2026/04/19-19:55:02.033466 1285 [DEBUG] DeleteFile: ./db_working_home/000278.sst 
2026/04/19-19:55:02.034113 1285 [Zonestats:time(s),used_cap(MB),reclaimable_cap(MB), avg_reclaimable(%), active(#), active_zones(#), open_zones(#)] 93 1660 2691 61 7 7 3
2026/04/19-19:55:02.034146 1285 [DEBUG] DeleteFile: ./db_working_home/000280.sst 
2026/04/19-19:55:02.034922 1285 [Zonestats:time(s),used_cap(MB),reclaimable_cap(MB), avg_reclaimable(%), active(#), active_zones(#), open_zones(#)] 93 1644 2707 62 7 7 3
2026/04/19-19:55:02.034955 1285 [DEBUG] DeleteFile: ./db_working_home/000282.sst 
2026/04/19-19:55:02.036001 1285 [Zonestats:time(s),used_cap(MB),reclaimable_cap(MB), avg_reclaimable(%), active(#), active_zones(#), open_zones(#)] 93 1629 2722 62 7 7 3
2026/04/19-19:55:02.036033 1285 [DEBUG] DeleteFile: ./db_working_home/000284.sst 
2026/04/19-19:55:02.036998 1285 [Zonestats:time(s),used_cap(MB),reclaimable_cap(MB), avg_reclaimable(%), active(#), active_zones(#), open_zones(#)] 93 1614 2609 61 7 7 3
2026/04/19-19:55:02.037030 1285 [DEBUG] DeleteFile: ./db_working_home/000286.sst 
2026/04/19-19:55:02.038030 1285 [Zonestats:time(s),used_cap(MB),reclaimable_cap(MB), avg_reclaimable(%), active(#), active_zones(#), open_zones(#)] 93 1599 2624 62 7 7 3
2026/04/19-19:55:02.038063 1285 [DEBUG] DeleteFile: ./db_working_home/000288.sst 
2026/04/19-19:55:02.039144 1285 [Zonestats:time(s),used_cap(MB),reclaimable_cap(MB), avg_reclaimable(%), active(#), active_zones(#), open_zones(#)] 93 1584 2639 62 7 7 3
2026/04/19-19:55:02.039175 1285 [DEBUG] DeleteFile: ./db_working_home/000292.log 
2026/04/19-19:55:02.040314 1285 [Zonestats:time(s),used_cap(MB),reclaimable_cap(MB), avg_reclaimable(%), active(#), active_zones(#), open_zones(#)] 93 1568 2527 61 6 6 3
2026/04/19-19:55:02.417925 1283 Total Garbage Bytes this interval: 1171953339 bytes
2026/04/19-19:55:02.417941 1283 Cumulative Average Garbage Bytes (over 92 intervals): 479892680 bytes
2026/04/19-19:55:02.417961 1283 Zone Garbage Stats: [93 7 0 3 0 6 3 1 1 4 4 0 ]
2026/04/19-19:55:02.417966 1283 Total Garbage Bytes: 1171953339 bytes
2026/04/19-19:55:02.510788 1284 [DEBUG] Allocating zone(new=1) start: 0x38000000 wp: 0x38000000 lt: 4 file lt: 4
2026/04/19-19:55:02.510804 1284 [Zonestats:time(s),used_cap(MB),reclaimable_cap(MB), avg_reclaimable(%), active(#), active_zones(#), open_zones(#)] 93 1577 2518 61 5 6 3
2026/04/19-19:55:02.510813 1284 [DEBUG] Syncing metadata for: /db_working_home/000295.sst
2026/04/19-19:55:02.518001 1284 [DEBUG] Syncing metadata for: /db_working_home/000295.sst
2026/04/19-19:55:02.518574 1284 [DEBUG] Syncing metadata for: /db_working_home/000295.sst
2026/04/19-19:55:02.519360 1284 [DEBUG] GetFileSize: /db_working_home/000295.sst 
2026/04/19-19:55:02.520546 1284 [DEBUG] New random access file: /db_working_home/000295.sst direct: 1
2026/04/19-19:55:02.520783 1284 [DEBUG] GetFileSize: /db_working_home/000295.sst 
2026/04/19-19:55:02.521699 1284 [DEBUG] Syncing metadata for: /db_working_home/MANIFEST-000194
2026/04/19-19:55:02.527663 1284 [DEBUG] New writable file: /db_working_home/000298.sst direct: 1
2026/04/19-19:55:02.531388 1284 Entering Apply Finish Threshold Function
2026/04/19-19:55:02.531413 1284 [DEBUG] Allocating zone(new=1) start: 0x60000000 wp: 0x60000000 lt: 4 file lt: 4
2026/04/19-19:55:02.531421 1284 [Zonestats:time(s),used_cap(MB),reclaimable_cap(MB), avg_reclaimable(%), active(#), active_zones(#), open_zones(#)] 93 1577 2646 62 6 7 3
2026/04/19-19:55:02.531428 1284 [DEBUG] Syncing metadata for: /db_working_home/000298.sst
2026/04/19-19:55:03.180872 1282 [DEBUG] New writable file: /db_working_home/000299.log direct: 0
2026/04/19-19:55:03.181811 1285 [DEBUG] New writable file: /db_working_home/000300.sst direct: 1
2026/04/19-19:55:03.184626 1285 Entering Apply Finish Threshold Function
2026/04/19-19:55:03.184652 1285 [DEBUG] Allocating zone(new=0) start: 0x38000000 wp: 0x38001000 lt: 4 file lt: 3
2026/04/19-19:55:03.184659 1285 [Zonestats:time(s),used_cap(MB),reclaimable_cap(MB), avg_reclaimable(%), active(#), active_zones(#), open_zones(#)] 94 1582 2641 62 7 7 4
2026/04/19-19:55:03.184666 1285 [DEBUG] Syncing metadata for: /db_working_home/000300.sst
2026/04/19-19:55:03.384719 1285 [DEBUG] Syncing metadata for: /db_working_home/000300.sst
2026/04/19-19:55:03.392383 1285 [DEBUG] Syncing metadata for: /db_working_home/000300.sst
2026/04/19-19:55:03.393062 1285 [DEBUG] New random access file: /db_working_home/000300.sst direct: 1
2026/04/19-19:55:03.393254 1285 [DEBUG] GetFileSize: /db_working_home/000300.sst 
2026/04/19-19:55:03.395566 1285 [DEBUG] Syncing metadata for: /db_working_home/MANIFEST-000194
2026/04/19-19:55:03.403416 1285 [DEBUG] GetFileSize: /db_working_home/000300.sst 
2026/04/19-19:55:03.408185 1285 [DEBUG] Syncing metadata for: /db_working_home/000296.log
2026/04/19-19:55:03.411461 1285 [DEBUG] DeleteFile: ./db_working_home/000294.sst 
2026/04/19-19:55:03.418170 1283 Total Garbage Bytes this interval: 1219793571 bytes
2026/04/19-19:55:03.418183 1283 Cumulative Average Garbage Bytes (over 93 intervals): 487848603 bytes
2026/04/19-19:55:03.418199 1283 Zone Garbage Stats: [91 8 1 3 0 6 3 1 1 5 4 0 ]
2026/04/19-19:55:03.418203 1283 Total Garbage Bytes: 1219793571 bytes
2026/04/19-19:55:03.418991 1285 [Zonestats:time(s),used_cap(MB),reclaimable_cap(MB), avg_reclaimable(%), active(#), active_zones(#), open_zones(#)] 94 1598 2497 60 6 6 2
2026/04/19-19:55:03.419045 1285 [DEBUG] DeleteFile: ./db_working_home/000296.log 
2026/04/19-19:55:03.419727 1285 [Zonestats:time(s),used_cap(MB),reclaimable_cap(MB), avg_reclaimable(%), active(#), active_zones(#), open_zones(#)] 94 1582 2385 60 5 5 2
2026/04/19-19:55:03.451587 1282 [DEBUG] Allocating zone(new=0) start: 0x110000000 wp: 0x112e16600 lt: 3 file lt: 2
2026/04/19-19:55:03.451599 1282 [DEBUG] Syncing metadata for: /db_working_home/000299.log
2026/04/19-19:55:03.475396 1284 [DEBUG] Syncing metadata for: /db_working_home/000298.sst
2026/04/19-19:55:03.475972 1284 [DEBUG] Syncing metadata for: /db_working_home/000298.sst
2026/04/19-19:55:03.476715 1284 [DEBUG] GetFileSize: /db_working_home/000298.sst 
2026/04/19-19:55:03.476749 1284 [DEBUG] New writable file: /db_working_home/000301.sst direct: 1
2026/04/19-19:55:03.483023 1284 Entering Apply Finish Threshold Function
2026/04/19-19:55:03.483050 1284 [DEBUG] Allocating zone(new=1) start: 0xb8000000 wp: 0xb8000000 lt: 4 file lt: 4
2026/04/19-19:55:03.483059 1284 [Zonestats:time(s),used_cap(MB),reclaimable_cap(MB), avg_reclaimable(%), active(#), active_zones(#), open_zones(#)] 94 1655 2440 59 5 6 3
2026/04/19-19:55:03.483065 1284 [DEBUG] Syncing metadata for: /db_working_home/000301.sst
2026/04/19-19:55:04.418398 1283 Total Garbage Bytes this interval: 1171618963 bytes
2026/04/19-19:55:04.418513 1283 Cumulative Average Garbage Bytes (over 94 intervals): 495122756 bytes
2026/04/19-19:55:04.418534 1283 Zone Garbage Stats: [92 8 0 2 0 6 3 1 1 5 4 0 ]
2026/04/19-19:55:04.418538 1283 Total Garbage Bytes: 1171618963 bytes
2026/04/19-19:55:04.830813 1284 [DEBUG] Syncing metadata for: /db_working_home/000301.sst
2026/04/19-19:55:04.831391 1284 [DEBUG] Syncing metadata for: /db_working_home/000301.sst
2026/04/19-19:55:04.832203 1284 [DEBUG] GetFileSize: /db_working_home/000301.sst 
2026/04/19-19:55:04.832234 1284 [DEBUG] New writable file: /db_working_home/000302.sst direct: 1
2026/04/19-19:55:04.833041 1284 Entering Apply Finish Threshold Function
2026/04/19-19:55:04.833050 1284 Finishing zone: Entering Finish()
2026/04/19-19:55:04.984669 1284 [DEBUG] Allocating zone(new=1) start: 0xe0000000 wp: 0xe0000000 lt: 4 file lt: 4
2026/04/19-19:55:04.984687 1284 [Zonestats:time(s),used_cap(MB),reclaimable_cap(MB), avg_reclaimable(%), active(#), active_zones(#), open_zones(#)] 95 1782 2441 57 5 6 3
2026/04/19-19:55:04.984696 1284 [DEBUG] Syncing metadata for: /db_working_home/000302.sst
2026/04/19-19:55:04.988887 1284 [DEBUG] Syncing metadata for: /db_working_home/000302.sst
2026/04/19-19:55:04.989458 1284 [DEBUG] Syncing metadata for: /db_working_home/000302.sst
2026/04/19-19:55:04.990190 1284 [DEBUG] GetFileSize: /db_working_home/000302.sst 
2026/04/19-19:55:04.991485 1284 [DEBUG] New random access file: /db_working_home/000298.sst direct: 1
2026/04/19-19:55:04.992090 1284 [DEBUG] GetFileSize: /db_working_home/000298.sst 
2026/04/19-19:55:04.992302 1284 [DEBUG] New random access file: /db_working_home/000301.sst direct: 1
2026/04/19-19:55:04.992639 1284 [DEBUG] GetFileSize: /db_working_home/000301.sst 
2026/04/19-19:55:04.992837 1284 [DEBUG] New random access file: /db_working_home/000302.sst direct: 1
2026/04/19-19:55:04.993003 1284 [DEBUG] GetFileSize: /db_working_home/000302.sst 
2026/04/19-19:55:04.993868 1284 [DEBUG] Syncing metadata for: /db_working_home/MANIFEST-000194
2026/04/19-19:55:04.995379 1284 [DEBUG] Syncing metadata for: /db_working_home/MANIFEST-000194
2026/04/19-19:55:04.996156 1284 [DEBUG] DeleteFile: ./db_working_home/000261.sst 
2026/04/19-19:55:04.996887 1284 [Zonestats:time(s),used_cap(MB),reclaimable_cap(MB), avg_reclaimable(%), active(#), active_zones(#), open_zones(#)] 95 1716 2507 59 6 6 2
2026/04/19-19:55:04.996935 1284 [DEBUG] DeleteFile: ./db_working_home/000289.sst 
2026/04/19-19:55:04.997503 1284 [Zonestats:time(s),used_cap(MB),reclaimable_cap(MB), avg_reclaimable(%), active(#), active_zones(#), open_zones(#)] 95 1676 2547 60 6 6 2
2026/04/19-19:55:04.997536 1284 [DEBUG] DeleteFile: ./db_working_home/000291.sst 
2026/04/19-19:55:04.998244 1284 [Zonestats:time(s),used_cap(MB),reclaimable_cap(MB), avg_reclaimable(%), active(#), active_zones(#), open_zones(#)] 95 1576 2519 61 6 6 2
2026/04/19-19:55:05.009067 1284 [DEBUG] New writable file: /db_working_home/000303.sst direct: 1
2026/04/19-19:55:05.012556 1284 Entering Apply Finish Threshold Function
2026/04/19-19:55:05.012582 1284 [DEBUG] Allocating zone(new=0) start: 0xe0000000 wp: 0xe0002400 lt: 4 file lt: 3
2026/04/19-19:55:05.012589 1284 [Zonestats:time(s),used_cap(MB),reclaimable_cap(MB), avg_reclaimable(%), active(#), active_zones(#), open_zones(#)] 96 1576 2519 61 6 6 3
2026/04/19-19:55:05.012596 1284 [DEBUG] Syncing metadata for: /db_working_home/000303.sst
2026/04/19-19:55:05.300653 1282 [DEBUG] New writable file: /db_working_home/000304.log direct: 0
2026/04/19-19:55:05.302910 1285 [DEBUG] New writable file: /db_working_home/000305.sst direct: 1
2026/04/19-19:55:05.306256 1285 Entering Apply Finish Threshold Function
2026/04/19-19:55:05.306280 1285 [DEBUG] Allocating zone(new=0) start: 0x60000000 wp: 0x64765200 lt: 4 file lt: 3
2026/04/19-19:55:05.306288 1285 [Zonestats:time(s),used_cap(MB),reclaimable_cap(MB), avg_reclaimable(%), active(#), active_zones(#), open_zones(#)] 96 1578 2517 61 6 6 4
2026/04/19-19:55:05.306294 1285 [DEBUG] Syncing metadata for: /db_working_home/000305.sst
2026/04/19-19:55:05.418650 1283 Total Garbage Bytes this interval: 1162473204 bytes
2026/04/19-19:55:05.418665 1283 Cumulative Average Garbage Bytes (over 95 intervals): 502147497 bytes
2026/04/19-19:55:05.418684 1283 Zone Garbage Stats: [93 7 0 1 1 5 3 1 1 5 4 0 ]
2026/04/19-19:55:05.418688 1283 Total Garbage Bytes: 1162473204 bytes
2026/04/19-19:55:05.507045 1285 [DEBUG] Syncing metadata for: /db_working_home/000305.sst
2026/04/19-19:55:05.514775 1285 [DEBUG] Syncing metadata for: /db_working_home/000305.sst
2026/04/19-19:55:05.515443 1285 [DEBUG] New random access file: /db_working_home/000305.sst direct: 1
2026/04/19-19:55:05.515624 1285 [DEBUG] GetFileSize: /db_working_home/000305.sst 
2026/04/19-19:55:05.518565 1285 [DEBUG] Syncing metadata for: /db_working_home/MANIFEST-000194
2026/04/19-19:55:05.519346 1285 [DEBUG] GetFileSize: /db_working_home/000305.sst 
2026/04/19-19:55:05.531508 1285 [DEBUG] Syncing metadata for: /db_working_home/000299.log
2026/04/19-19:55:05.532209 1285 [DEBUG] DeleteFile: ./db_working_home/000299.log 
2026/04/19-19:55:05.532780 1285 [Zonestats:time(s),used_cap(MB),reclaimable_cap(MB), avg_reclaimable(%), active(#), active_zones(#), open_zones(#)] 96 1579 2516 61 6 6 2
2026/04/19-19:55:05.578693 1282 [DEBUG] Allocating zone(new=0) start: 0x110000000 wp: 0x113daee00 lt: 3 file lt: 2
2026/04/19-19:55:05.578705 1282 [DEBUG] Syncing metadata for: /db_working_home/000304.log
2026/04/19-19:55:06.333948 1284 [DEBUG] Syncing metadata for: /db_working_home/000303.sst
2026/04/19-19:55:06.334533 1284 [DEBUG] Syncing metadata for: /db_working_home/000303.sst
2026/04/19-19:55:06.335317 1284 [DEBUG] GetFileSize: /db_working_home/000303.sst 
2026/04/19-19:55:06.335352 1284 [DEBUG] New writable file: /db_working_home/000306.sst direct: 1
2026/04/19-19:55:06.343558 1284 Entering Apply Finish Threshold Function
2026/04/19-19:55:06.343571 1284 Finishing zone: Entering Finish()
2026/04/19-19:55:06.418871 1283 Total Garbage Bytes this interval: 1162473286 bytes
2026/04/19-19:55:06.418890 1283 Cumulative Average Garbage Bytes (over 96 intervals): 509025891 bytes
2026/04/19-19:55:06.418912 1283 Zone Garbage Stats: [93 8 0 1 1 5 3 1 1 5 4 0 ]
2026/04/19-19:55:06.418916 1283 Total Garbage Bytes: 1162473286 bytes
2026/04/19-19:55:06.837049 1284 Finishing zone: Entering Finish()
2026/04/19-19:55:06.920482 1282 [DEBUG] New writable file: /db_working_home/000307.log direct: 0
2026/04/19-19:55:06.921582 1285 [DEBUG] New writable file: /db_working_home/000308.sst direct: 1
2026/04/19-19:55:06.925034 1285 Entering Apply Finish Threshold Function
2026/04/19-19:55:06.925059 1285 [DEBUG] Allocating zone(new=0) start: 0x38000000 wp: 0x38f5ae00 lt: 4 file lt: 3
2026/04/19-19:55:06.925066 1285 [Zonestats:time(s),used_cap(MB),reclaimable_cap(MB), avg_reclaimable(%), active(#), active_zones(#), open_zones(#)] 97 1701 2394 58 5 5 3
2026/04/19-19:55:06.925074 1285 [DEBUG] Syncing metadata for: /db_working_home/000308.sst
2026/04/19-19:55:07.070295 1285 [DEBUG] Syncing metadata for: /db_working_home/000308.sst
2026/04/19-19:55:07.070953 1285 [DEBUG] Syncing metadata for: /db_working_home/000308.sst
2026/04/19-19:55:07.072052 1285 [DEBUG] New random access file: /db_working_home/000308.sst direct: 1
2026/04/19-19:55:07.072314 1285 [DEBUG] GetFileSize: /db_working_home/000308.sst 
2026/04/19-19:55:07.074383 1285 [DEBUG] Syncing metadata for: /db_working_home/MANIFEST-000194
2026/04/19-19:55:07.075214 1285 [DEBUG] GetFileSize: /db_working_home/000308.sst 
2026/04/19-19:55:07.080158 1285 [DEBUG] Syncing metadata for: /db_working_home/000304.log
2026/04/19-19:55:07.081299 1285 [DEBUG] DeleteFile: ./db_working_home/000304.log 
2026/04/19-19:55:07.082329 1285 [Zonestats:time(s),used_cap(MB),reclaimable_cap(MB), avg_reclaimable(%), active(#), active_zones(#), open_zones(#)] 98 1702 2393 58 5 5 1
2026/04/19-19:55:07.108924 1282 [DEBUG] Allocating zone(new=0) start: 0x110000000 wp: 0x114d47a00 lt: 3 file lt: 2
2026/04/19-19:55:07.108935 1282 [DEBUG] Syncing metadata for: /db_working_home/000307.log
2026/04/19-19:55:07.185513 1284 [DEBUG] Allocating zone(new=0) start: 0x38000000 wp: 0x39eb0200 lt: 4 file lt: 3
2026/04/19-19:55:07.185527 1284 [Zonestats:time(s),used_cap(MB),reclaimable_cap(MB), avg_reclaimable(%), active(#), active_zones(#), open_zones(#)] 98 1703 2392 58 4 4 3
2026/04/19-19:55:07.185534 1284 [DEBUG] Syncing metadata for: /db_working_home/000306.sst
2026/04/19-19:55:07.330160 1284 [DEBUG] Syncing metadata for: /db_working_home/000306.sst
2026/04/19-19:55:07.330718 1284 [DEBUG] Syncing metadata for: /db_working_home/000306.sst
2026/04/19-19:55:07.331537 1284 [DEBUG] GetFileSize: /db_working_home/000306.sst 
2026/04/19-19:55:07.332726 1284 [DEBUG] New random access file: /db_working_home/000303.sst direct: 1
2026/04/19-19:55:07.333048 1284 [DEBUG] GetFileSize: /db_working_home/000303.sst 
2026/04/19-19:55:07.333244 1284 [DEBUG] New random access file: /db_working_home/000306.sst direct: 1
2026/04/19-19:55:07.333430 1284 [DEBUG] GetFileSize: /db_working_home/000306.sst 
2026/04/19-19:55:07.334300 1284 [DEBUG] Syncing metadata for: /db_working_home/MANIFEST-000194
2026/04/19-19:55:07.335086 1284 [DEBUG] DeleteFile: ./db_working_home/000290.sst 
2026/04/19-19:55:07.335769 1284 [Zonestats:time(s),used_cap(MB),reclaimable_cap(MB), avg_reclaimable(%), active(#), active_zones(#), open_zones(#)] 98 1640 2455 59 4 4 2
2026/04/19-19:55:07.335809 1284 [DEBUG] DeleteFile: ./db_working_home/000293.sst 
2026/04/19-19:55:07.336499 1284 [Zonestats:time(s),used_cap(MB),reclaimable_cap(MB), avg_reclaimable(%), active(#), active_zones(#), open_zones(#)] 98 1624 2343 59 4 4 2
2026/04/19-19:55:07.336534 1284 [DEBUG] DeleteFile: ./db_working_home/000297.sst 
2026/04/19-19:55:07.337088 1284 [Zonestats:time(s),used_cap(MB),reclaimable_cap(MB), avg_reclaimable(%), active(#), active_zones(#), open_zones(#)] 98 1609 2358 59 4 4 2
2026/04/19-19:55:07.337130 1284 [DEBUG] DeleteFile: ./db_working_home/000300.sst 
2026/04/19-19:55:07.337689 1284 [Zonestats:time(s),used_cap(MB),reclaimable_cap(MB), avg_reclaimable(%), active(#), active_zones(#), open_zones(#)] 98 1594 2373 59 4 4 2
2026/04/19-19:55:07.341590 1284 [DEBUG] Syncing metadata for: /db_working_home/MANIFEST-000194
2026/04/19-19:55:07.346419 1284 [DEBUG] New writable file: /db_working_home/000309.sst direct: 1
2026/04/19-19:55:07.347602 1284 Entering Apply Finish Threshold Function
2026/04/19-19:55:07.347626 1284 [DEBUG] Allocating zone(new=1) start: 0xf8000000 wp: 0xf8000000 lt: 5 file lt: 5
2026/04/19-19:55:07.347632 1284 [Zonestats:time(s),used_cap(MB),reclaimable_cap(MB), avg_reclaimable(%), active(#), active_zones(#), open_zones(#)] 98 1595 2372 59 4 5 3
2026/04/19-19:55:07.347638 1284 [DEBUG] Syncing metadata for: /db_working_home/000309.sst
2026/04/19-19:55:07.351854 1284 [DEBUG] Syncing metadata for: /db_working_home/000309.sst
2026/04/19-19:55:07.352421 1284 [DEBUG] Syncing metadata for: /db_working_home/000309.sst
2026/04/19-19:55:07.353128 1284 [DEBUG] GetFileSize: /db_working_home/000309.sst 
2026/04/19-19:55:07.354165 1284 [DEBUG] New random access file: /db_working_home/000309.sst direct: 1
2026/04/19-19:55:07.354340 1284 [DEBUG] GetFileSize: /db_working_home/000309.sst 
2026/04/19-19:55:07.355169 1284 [DEBUG] Syncing metadata for: /db_working_home/MANIFEST-000194
2026/04/19-19:55:07.355889 1284 [DEBUG] DeleteFile: ./db_working_home/000205.sst 
2026/04/19-19:55:07.356637 1284 [Zonestats:time(s),used_cap(MB),reclaimable_cap(MB), avg_reclaimable(%), active(#), active_zones(#), open_zones(#)] 98 1595 2500 61 5 5 2
2026/04/19-19:55:07.356672 1284 [DEBUG] DeleteFile: ./db_working_home/000295.sst 
2026/04/19-19:55:07.357291 1284 [Zonestats:time(s),used_cap(MB),reclaimable_cap(MB), avg_reclaimable(%), active(#), active_zones(#), open_zones(#)] 98 1595 2500 61 5 5 2
2026/04/19-19:55:07.357324 1284 [DEBUG] DeleteFile: ./db_working_home/000302.sst 
2026/04/19-19:55:07.357949 1284 [Zonestats:time(s),used_cap(MB),reclaimable_cap(MB), avg_reclaimable(%), active(#), active_zones(#), open_zones(#)] 98 1595 2500 61 5 5 2
2026/04/19-19:55:07.363480 1284 [DEBUG] New writable file: /db_working_home/000310.sst direct: 1
2026/04/19-19:55:07.366993 1284 Entering Apply Finish Threshold Function
2026/04/19-19:55:07.367018 1284 [DEBUG] Allocating zone(new=1) start: 0x100000000 wp: 0x100000000 lt: 5 file lt: 5
2026/04/19-19:55:07.367026 1284 [Zonestats:time(s),used_cap(MB),reclaimable_cap(MB), avg_reclaimable(%), active(#), active_zones(#), open_zones(#)] 98 1595 2500 61 5 6 3
2026/04/19-19:55:07.367032 1284 [DEBUG] Syncing metadata for: /db_working_home/000310.sst
2026/04/19-19:55:07.419095 1283 Total Garbage Bytes this interval: 1228497863 bytes
2026/04/19-19:55:07.419125 1283 Cumulative Average Garbage Bytes (over 97 intervals): 516443128 bytes
2026/04/19-19:55:07.419146 1283 Zone Garbage Stats: [92 7 2 1 1 5 3 1 1 4 5 0 ]
2026/04/19-19:55:07.419150 1283 Total Garbage Bytes: 1228497863 bytes
2026/04/19-19:55:08.419327 1283 Total Garbage Bytes this interval: 1228497863 bytes
2026/04/19-19:55:08.419343 1283 Cumulative Average Garbage Bytes (over 98 intervals): 523708993 bytes
2026/04/19-19:55:08.419364 1283 Zone Garbage Stats: [92 7 2 1 1 5 3 1 1 4 5 0 ]
2026/04/19-19:55:08.419368 1283 Total Garbage Bytes: 1228497863 bytes
2026/04/19-19:55:08.847671 1284 Entering Apply Finish Threshold Function
2026/04/19-19:55:08.847703 1284 [DEBUG] Allocating zone(new=1) start: 0x108000000 wp: 0x108000000 lt: 5 file lt: 5
2026/04/19-19:55:08.847711 1284 [Zonestats:time(s),used_cap(MB),reclaimable_cap(MB), avg_reclaimable(%), active(#), active_zones(#), open_zones(#)] 99 1734 2489 58 5 6 3
2026/04/19-19:55:08.847718 1284 [DEBUG] Syncing metadata for: /db_working_home/000310.sst
2026/04/19-19:55:08.856294 1284 [DEBUG] Syncing metadata for: /db_working_home/000310.sst
2026/04/19-19:55:08.856864 1284 [DEBUG] Syncing metadata for: /db_working_home/000310.sst
2026/04/19-19:55:08.857642 1284 [DEBUG] GetFileSize: /db_working_home/000310.sst 
2026/04/19-19:55:08.857675 1284 [DEBUG] New writable file: /db_working_home/000311.sst direct: 1
2026/04/19-19:55:08.860918 1284 Entering Apply Finish Threshold Function
2026/04/19-19:55:08.860941 1284 [DEBUG] Allocating zone(new=1) start: 0x120000000 wp: 0x120000000 lt: 5 file lt: 5
2026/04/19-19:55:08.860948 1284 [Zonestats:time(s),used_cap(MB),reclaimable_cap(MB), avg_reclaimable(%), active(#), active_zones(#), open_zones(#)] 99 1734 2617 60 6 7 3
2026/04/19-19:55:08.860954 1284 [DEBUG] Syncing metadata for: /db_working_home/000311.sst
2026/04/19-19:55:09.022269 1284 [DEBUG] Syncing metadata for: /db_working_home/000311.sst
2026/04/19-19:55:09.022930 1284 [DEBUG] Syncing metadata for: /db_working_home/000311.sst
2026/04/19-19:55:09.023741 1284 [DEBUG] GetFileSize: /db_working_home/000311.sst 
2026/04/19-19:55:09.025180 1284 [DEBUG] New random access file: /db_working_home/000310.sst direct: 1
2026/04/19-19:55:09.025632 1284 [DEBUG] GetFileSize: /db_working_home/000310.sst 
2026/04/19-19:55:09.025832 1284 [DEBUG] New random access file: /db_working_home/000311.sst direct: 1
2026/04/19-19:55:09.026010 1284 [DEBUG] GetFileSize: /db_working_home/000311.sst 
2026/04/19-19:55:09.026854 1284 [DEBUG] Syncing metadata for: /db_working_home/MANIFEST-000194
2026/04/19-19:55:09.028224 1284 [DEBUG] Syncing metadata for: /db_working_home/MANIFEST-000194
2026/04/19-19:55:09.029002 1284 [DEBUG] DeleteFile: ./db_working_home/000222.sst 
2026/04/19-19:55:09.029678 1284 [Zonestats:time(s),used_cap(MB),reclaimable_cap(MB), avg_reclaimable(%), active(#), active_zones(#), open_zones(#)] 100 1707 2644 60 7 7 2
2026/04/19-19:55:09.029718 1284 [DEBUG] DeleteFile: ./db_working_home/000301.sst 
2026/04/19-19:55:09.030393 1284 [Zonestats:time(s),used_cap(MB),reclaimable_cap(MB), avg_reclaimable(%), active(#), active_zones(#), open_zones(#)] 100 1591 2632 62 7 7 2
2026/04/19-19:55:09.035227 1282 [DEBUG] New writable file: /db_working_home/000312.log direct: 0
2026/04/19-19:55:09.035997 1284 [DEBUG] New writable file: /db_working_home/000313.sst direct: 1
2026/04/19-19:55:09.036593 1285 [DEBUG] New writable file: /db_working_home/000314.sst direct: 1
2026/04/19-19:55:09.039534 1284 Entering Apply Finish Threshold Function
2026/04/19-19:55:09.039560 1284 [DEBUG] Allocating zone(new=1) start: 0xb8000000 wp: 0xb8000000 lt: 5 file lt: 5
2026/04/19-19:55:09.039568 1284 [Zonestats:time(s),used_cap(MB),reclaimable_cap(MB), avg_reclaimable(%), active(#), active_zones(#), open_zones(#)] 100 1591 2632 62 7 8 3
2026/04/19-19:55:09.039574 1284 [DEBUG] Syncing metadata for: /db_working_home/000313.sst
2026/04/19-19:55:09.039802 1285 Entering Apply Finish Threshold Function
2026/04/19-19:55:09.039827 1285 [DEBUG] Allocating zone(new=0) start: 0x38000000 wp: 0x3acc1e00 lt: 4 file lt: 3
2026/04/19-19:55:09.039835 1285 [Zonestats:time(s),used_cap(MB),reclaimable_cap(MB), avg_reclaimable(%), active(#), active_zones(#), open_zones(#)] 100 1591 2632 62 7 8 4
2026/04/19-19:55:09.039842 1285 [DEBUG] Syncing metadata for: /db_working_home/000314.sst
2026/04/19-19:55:09.250866 1285 [DEBUG] Syncing metadata for: /db_working_home/000314.sst
2026/04/19-19:55:09.258302 1285 [DEBUG] Syncing metadata for: /db_working_home/000314.sst
2026/04/19-19:55:09.258961 1285 [DEBUG] New random access file: /db_working_home/000314.sst direct: 1
2026/04/19-19:55:09.259146 1285 [DEBUG] GetFileSize: /db_working_home/000314.sst 
2026/04/19-19:55:09.262689 1285 [DEBUG] Syncing metadata for: /db_working_home/MANIFEST-000194
2026/04/19-19:55:09.263528 1285 [DEBUG] GetFileSize: /db_working_home/000314.sst 
2026/04/19-19:55:09.282703 1285 [DEBUG] Syncing metadata for: /db_working_home/000307.log
2026/04/19-19:55:09.283385 1285 [DEBUG] DeleteFile: ./db_working_home/000307.log 
2026/04/19-19:55:09.284231 1285 [Zonestats:time(s),used_cap(MB),reclaimable_cap(MB), avg_reclaimable(%), active(#), active_zones(#), open_zones(#)] 100 1592 2503 61 7 7 2
2026/04/19-19:55:09.330807 1282 [DEBUG] Allocating zone(new=0) start: 0x38000000 wp: 0x3bc17400 lt: 4 file lt: 2
2026/04/19-19:55:09.330820 1282 [DEBUG] Syncing metadata for: /db_working_home/000312.log
2026/04/19-19:55:09.419482 1283 Total Garbage Bytes this interval: 1164555316 bytes
2026/04/19-19:55:09.419592 1283 Cumulative Average Garbage Bytes (over 99 intervals): 530182188 bytes
2026/04/19-19:55:09.419613 1283 Zone Garbage Stats: [92 9 1 1 1 5 3 0 1 4 5 0 ]
2026/04/19-19:55:09.419617 1283 Total Garbage Bytes: 1164555316 bytes
2026/04/19-19:55:10.246657 1284 [DEBUG] Syncing metadata for: /db_working_home/000313.sst
2026/04/19-19:55:10.247235 1284 [DEBUG] Syncing metadata for: /db_working_home/000313.sst
2026/04/19-19:55:10.248042 1284 [DEBUG] GetFileSize: /db_working_home/000313.sst 
2026/04/19-19:55:10.248076 1284 [DEBUG] New writable file: /db_working_home/000315.sst direct: 1
2026/04/19-19:55:10.251579 1284 Entering Apply Finish Threshold Function
2026/04/19-19:55:10.251589 1284 Finishing zone: Entering Finish()
2026/04/19-19:55:10.419732 1283 Total Garbage Bytes this interval: 1164555316 bytes
2026/04/19-19:55:10.419749 1283 Cumulative Average Garbage Bytes (over 100 intervals): 536525919 bytes
2026/04/19-19:55:10.419769 1283 Zone Garbage Stats: [92 9 1 1 1 5 3 0 1 4 5 0 ]
2026/04/19-19:55:10.419773 1283 Total Garbage Bytes: 1164555316 bytes
2026/04/19-19:55:10.601305 1284 [DEBUG] Allocating zone(new=1) start: 0xc0000000 wp: 0xc0000000 lt: 5 file lt: 5
2026/04/19-19:55:10.601323 1284 [Zonestats:time(s),used_cap(MB),reclaimable_cap(MB), avg_reclaimable(%), active(#), active_zones(#), open_zones(#)] 101 1704 2519 59 6 7 3
2026/04/19-19:55:10.601333 1284 [DEBUG] Syncing metadata for: /db_working_home/000315.sst
2026/04/19-19:55:10.858415 1282 [DEBUG] New writable file: /db_working_home/000316.log direct: 0
2026/04/19-19:55:10.866543 1285 [DEBUG] New writable file: /db_working_home/000317.sst direct: 1
2026/04/19-19:55:10.871296 1285 Entering Apply Finish Threshold Function
2026/04/19-19:55:10.871322 1285 [DEBUG] Allocating zone(new=0) start: 0x120000000 wp: 0x120e0b400 lt: 5 file lt: 3
2026/04/19-19:55:10.871330 1285 [Zonestats:time(s),used_cap(MB),reclaimable_cap(MB), avg_reclaimable(%), active(#), active_zones(#), open_zones(#)] 101 1706 2517 59 7 7 4
2026/04/19-19:55:10.871337 1285 [DEBUG] Syncing metadata for: /db_working_home/000317.sst
2026/04/19-19:55:11.078629 1285 [DEBUG] Syncing metadata for: /db_working_home/000317.sst
2026/04/19-19:55:11.081320 1285 [DEBUG] Syncing metadata for: /db_working_home/000317.sst
2026/04/19-19:55:11.082150 1285 [DEBUG] New random access file: /db_working_home/000317.sst direct: 1
2026/04/19-19:55:11.089408 1285 [DEBUG] GetFileSize: /db_working_home/000317.sst 
2026/04/19-19:55:11.091551 1285 [DEBUG] Syncing metadata for: /db_working_home/MANIFEST-000194
2026/04/19-19:55:11.092316 1285 [DEBUG] GetFileSize: /db_working_home/000317.sst 
2026/04/19-19:55:11.104001 1285 [DEBUG] Syncing metadata for: /db_working_home/000312.log
2026/04/19-19:55:11.106576 1285 [DEBUG] DeleteFile: ./db_working_home/000312.log 
2026/04/19-19:55:11.114431 1285 [Zonestats:time(s),used_cap(MB),reclaimable_cap(MB), avg_reclaimable(%), active(#), active_zones(#), open_zones(#)] 102 1706 2517 59 7 7 2
2026/04/19-19:55:11.147094 1282 [DEBUG] Allocating zone(new=0) start: 0x38000000 wp: 0x3cbb0600 lt: 4 file lt: 2
2026/04/19-19:55:11.147116 1282 [DEBUG] Syncing metadata for: /db_working_home/000316.log
2026/04/19-19:55:11.419952 1283 Total Garbage Bytes this interval: 1164555885 bytes
2026/04/19-19:55:11.419969 1283 Cumulative Average Garbage Bytes (over 101 intervals): 542744037 bytes
2026/04/19-19:55:11.420014 1283 Zone Garbage Stats: [91 9 1 2 1 5 3 0 1 4 5 0 ]
2026/04/19-19:55:11.420019 1283 Total Garbage Bytes: 1164555885 bytes
2026/04/19-19:55:11.581149 1284 [DEBUG] Syncing metadata for: /db_working_home/000315.sst
2026/04/19-19:55:11.581728 1284 [DEBUG] Syncing metadata for: /db_working_home/000315.sst
2026/04/19-19:55:11.582538 1284 [DEBUG] GetFileSize: /db_working_home/000315.sst 
2026/04/19-19:55:11.582573 1284 [DEBUG] New writable file: /db_working_home/000318.sst direct: 1
2026/04/19-19:55:11.583452 1284 Entering Apply Finish Threshold Function
2026/04/19-19:55:11.583461 1284 Finishing zone: Entering Finish()
2026/04/19-19:55:12.166456 1284 [DEBUG] Allocating zone(new=1) start: 0x110000000 wp: 0x110000000 lt: 5 file lt: 5
2026/04/19-19:55:12.166475 1284 [Zonestats:time(s),used_cap(MB),reclaimable_cap(MB), avg_reclaimable(%), active(#), active_zones(#), open_zones(#)] 103 1796 2555 58 6 7 3
2026/04/19-19:55:12.166484 1284 [DEBUG] Syncing metadata for: /db_working_home/000318.sst
2026/04/19-19:55:12.170669 1284 [DEBUG] Syncing metadata for: /db_working_home/000318.sst
2026/04/19-19:55:12.171235 1284 [DEBUG] Syncing metadata for: /db_working_home/000318.sst
2026/04/19-19:55:12.171980 1284 [DEBUG] GetFileSize: /db_working_home/000318.sst 
2026/04/19-19:55:12.173235 1284 [DEBUG] New random access file: /db_working_home/000313.sst direct: 1
2026/04/19-19:55:12.173556 1284 [DEBUG] GetFileSize: /db_working_home/000313.sst 
2026/04/19-19:55:12.173755 1284 [DEBUG] New random access file: /db_working_home/000315.sst direct: 1
2026/04/19-19:55:12.174030 1284 [DEBUG] GetFileSize: /db_working_home/000315.sst 
2026/04/19-19:55:12.174203 1284 [DEBUG] New random access file: /db_working_home/000318.sst direct: 1
2026/04/19-19:55:12.177802 1284 [DEBUG] GetFileSize: /db_working_home/000318.sst 
2026/04/19-19:55:12.181846 1284 [DEBUG] Syncing metadata for: /db_working_home/MANIFEST-000194
2026/04/19-19:55:12.182762 1284 [DEBUG] DeleteFile: ./db_working_home/000298.sst 
2026/04/19-19:55:12.183472 1284 [Zonestats:time(s),used_cap(MB),reclaimable_cap(MB), avg_reclaimable(%), active(#), active_zones(#), open_zones(#)] 103 1726 2753 61 7 7 2
2026/04/19-19:55:12.183513 1284 [DEBUG] DeleteFile: ./db_working_home/000303.sst 
2026/04/19-19:55:12.184239 1284 [Zonestats:time(s),used_cap(MB),reclaimable_cap(MB), avg_reclaimable(%), active(#), active_zones(#), open_zones(#)] 103 1618 2733 62 7 7 2
2026/04/19-19:55:12.185033 1284 [DEBUG] Syncing metadata for: /db_working_home/MANIFEST-000194
2026/04/19-19:55:12.199011 1284 [DEBUG] New writable file: /db_working_home/000319.sst direct: 1
2026/04/19-19:55:12.202514 1284 Entering Apply Finish Threshold Function
2026/04/19-19:55:12.202541 1284 [DEBUG] Allocating zone(new=0) start: 0x120000000 wp: 0x121d66a00 lt: 5 file lt: 3
2026/04/19-19:55:12.202549 1284 [Zonestats:time(s),used_cap(MB),reclaimable_cap(MB), avg_reclaimable(%), active(#), active_zones(#), open_zones(#)] 103 1618 2733 62 7 7 3
2026/04/19-19:55:12.202555 1284 [DEBUG] Syncing metadata for: /db_working_home/000319.sst
2026/04/19-19:55:12.420193 1283 Total Garbage Bytes this interval: 1239410088 bytes
2026/04/19-19:55:12.420211 1283 Cumulative Average Garbage Bytes (over 102 intervals): 549574097 bytes
2026/04/19-19:55:12.420250 1283 Zone Garbage Stats: [91 9 0 2 1 5 3 0 1 5 5 0 ]
2026/04/19-19:55:12.420254 1283 Total Garbage Bytes: 1239410088 bytes
2026/04/19-19:55:12.660510 1284 [DEBUG] Syncing metadata for: /db_working_home/000319.sst
2026/04/19-19:55:12.661089 1284 [DEBUG] Syncing metadata for: /db_working_home/000319.sst
2026/04/19-19:55:12.662008 1284 [DEBUG] GetFileSize: /db_working_home/000319.sst 
2026/04/19-19:55:12.662041 1284 [DEBUG] New writable file: /db_working_home/000320.sst direct: 1
2026/04/19-19:55:12.668010 1284 Entering Apply Finish Threshold Function
2026/04/19-19:55:12.668038 1284 [DEBUG] Allocating zone(new=0) start: 0x120000000 wp: 0x12475a600 lt: 5 file lt: 3
2026/04/19-19:55:12.668046 1284 [Zonestats:time(s),used_cap(MB),reclaimable_cap(MB), avg_reclaimable(%), active(#), active_zones(#), open_zones(#)] 103 1662 2689 61 7 7 3
2026/04/19-19:55:12.668052 1284 [DEBUG] Syncing metadata for: /db_working_home/000320.sst
2026/04/19-19:55:12.669135 1282 [DEBUG] New writable file: /db_working_home/000321.log direct: 0
2026/04/19-19:55:12.674282 1285 [DEBUG] New writable file: /db_working_home/000322.sst direct: 1
2026/04/19-19:55:12.679632 1285 Entering Apply Finish Threshold Function
2026/04/19-19:55:12.679658 1285 [DEBUG] Allocating zone(new=0) start: 0x110000000 wp: 0x110002200 lt: 5 file lt: 3
2026/04/19-19:55:12.679665 1285 [Zonestats:time(s),used_cap(MB),reclaimable_cap(MB), avg_reclaimable(%), active(#), active_zones(#), open_zones(#)] 103 1662 2689 61 7 7 4
2026/04/19-19:55:12.679672 1285 [DEBUG] Syncing metadata for: /db_working_home/000322.sst
2026/04/19-19:55:12.858418 1285 [DEBUG] Syncing metadata for: /db_working_home/000322.sst
2026/04/19-19:55:12.861208 1285 [DEBUG] Syncing metadata for: /db_working_home/000322.sst
2026/04/19-19:55:12.861887 1285 [DEBUG] New random access file: /db_working_home/000322.sst direct: 1
2026/04/19-19:55:12.862069 1285 [DEBUG] GetFileSize: /db_working_home/000322.sst 
2026/04/19-19:55:12.867350 1285 [DEBUG] Syncing metadata for: /db_working_home/MANIFEST-000194
2026/04/19-19:55:12.870806 1285 [DEBUG] GetFileSize: /db_working_home/000322.sst 
2026/04/19-19:55:12.880249 1285 [DEBUG] Syncing metadata for: /db_working_home/000316.log
2026/04/19-19:55:12.883381 1285 [DEBUG] DeleteFile: ./db_working_home/000316.log 
2026/04/19-19:55:12.883960 1285 [Zonestats:time(s),used_cap(MB),reclaimable_cap(MB), avg_reclaimable(%), active(#), active_zones(#), open_zones(#)] 103 1663 2688 61 7 7 2
2026/04/19-19:55:12.959842 1282 [DEBUG] Allocating zone(new=0) start: 0x38000000 wp: 0x3db49600 lt: 4 file lt: 2
2026/04/19-19:55:12.959854 1282 [DEBUG] Syncing metadata for: /db_working_home/000321.log
2026/04/19-19:55:13.136123 1284 [DEBUG] Syncing metadata for: /db_working_home/000320.sst
2026/04/19-19:55:13.136700 1284 [DEBUG] Syncing metadata for: /db_working_home/000320.sst
2026/04/19-19:55:13.137407 1284 [DEBUG] GetFileSize: /db_working_home/000320.sst 
2026/04/19-19:55:13.138588 1284 [DEBUG] New random access file: /db_working_home/000319.sst direct: 1
2026/04/19-19:55:13.138793 1284 [DEBUG] GetFileSize: /db_working_home/000319.sst 
2026/04/19-19:55:13.138954 1284 [DEBUG] New random access file: /db_working_home/000320.sst direct: 1
2026/04/19-19:55:13.139146 1284 [DEBUG] GetFileSize: /db_working_home/000320.sst 
2026/04/19-19:55:13.140002 1284 [DEBUG] Syncing metadata for: /db_working_home/MANIFEST-000194
2026/04/19-19:55:13.140789 1284 [DEBUG] DeleteFile: ./db_working_home/000305.sst 
2026/04/19-19:55:13.141623 1284 [Zonestats:time(s),used_cap(MB),reclaimable_cap(MB), avg_reclaimable(%), active(#), active_zones(#), open_zones(#)] 104 1681 2542 60 7 7 2
2026/04/19-19:55:13.141664 1284 [DEBUG] DeleteFile: ./db_working_home/000306.sst 
2026/04/19-19:55:13.142218 1284 [Zonestats:time(s),used_cap(MB),reclaimable_cap(MB), avg_reclaimable(%), active(#), active_zones(#), open_zones(#)] 104 1667 2556 60 7 7 2
2026/04/19-19:55:13.142251 1284 [DEBUG] DeleteFile: ./db_working_home/000308.sst 
2026/04/19-19:55:13.142846 1284 [Zonestats:time(s),used_cap(MB),reclaimable_cap(MB), avg_reclaimable(%), active(#), active_zones(#), open_zones(#)] 104 1652 2571 60 7 7 2
2026/04/19-19:55:13.142877 1284 [DEBUG] DeleteFile: ./db_working_home/000314.sst 
2026/04/19-19:55:13.143426 1284 [Zonestats:time(s),used_cap(MB),reclaimable_cap(MB), avg_reclaimable(%), active(#), active_zones(#), open_zones(#)] 104 1637 2586 61 7 7 2
2026/04/19-19:55:13.143458 1284 [DEBUG] DeleteFile: ./db_working_home/000317.sst 
2026/04/19-19:55:13.144005 1284 [Zonestats:time(s),used_cap(MB),reclaimable_cap(MB), avg_reclaimable(%), active(#), active_zones(#), open_zones(#)] 104 1621 2602 61 7 7 2
2026/04/19-19:55:13.147182 1284 [DEBUG] New writable file: /db_working_home/000323.sst direct: 1
2026/04/19-19:55:13.153326 1284 Entering Apply Finish Threshold Function
2026/04/19-19:55:13.153338 1284 Finishing zone: Entering Finish()
2026/04/19-19:55:13.420429 1283 Total Garbage Bytes this interval: 1164546885 bytes
2026/04/19-19:55:13.420446 1283 Cumulative Average Garbage Bytes (over 103 intervals): 555544706 bytes
2026/04/19-19:55:13.420468 1283 Zone Garbage Stats: [92 9 0 2 1 5 3 0 1 4 5 0 ]
2026/04/19-19:55:13.420472 1283 Total Garbage Bytes: 1164546885 bytes
2026/04/19-19:55:13.451287 1284 [DEBUG] Allocating zone(new=1) start: 0x60000000 wp: 0x60000000 lt: 5 file lt: 5
2026/04/19-19:55:13.451303 1284 [Zonestats:time(s),used_cap(MB),reclaimable_cap(MB), avg_reclaimable(%), active(#), active_zones(#), open_zones(#)] 104 1627 2596 61 6 7 3
2026/04/19-19:55:13.451312 1284 [DEBUG] Syncing metadata for: /db_working_home/000323.sst
2026/04/19-19:55:14.330040 1282 [DEBUG] New writable file: /db_working_home/000324.log direct: 0
2026/04/19-19:55:14.331065 1285 [DEBUG] New writable file: /db_working_home/000325.sst direct: 1
2026/04/19-19:55:14.340831 1285 Entering Apply Finish Threshold Function
2026/04/19-19:55:14.340858 1285 [DEBUG] Allocating zone(new=0) start: 0x110000000 wp: 0x110f5b000 lt: 5 file lt: 3
2026/04/19-19:55:14.340866 1285 [Zonestats:time(s),used_cap(MB),reclaimable_cap(MB), avg_reclaimable(%), active(#), active_zones(#), open_zones(#)] 105 1634 2589 61 7 7 4
2026/04/19-19:55:14.340872 1285 [DEBUG] Syncing metadata for: /db_working_home/000325.sst
2026/04/19-19:55:14.420643 1283 Total Garbage Bytes this interval: 1180649570 bytes
2026/04/19-19:55:14.420759 1283 Cumulative Average Garbage Bytes (over 104 intervals): 561555330 bytes
2026/04/19-19:55:14.420780 1283 Zone Garbage Stats: [91 8 0 2 2 5 3 0 1 4 5 0 ]
2026/04/19-19:55:14.420785 1283 Total Garbage Bytes: 1180649570 bytes
2026/04/19-19:55:14.542613 1285 [DEBUG] Syncing metadata for: /db_working_home/000325.sst
2026/04/19-19:55:14.550403 1285 [DEBUG] Syncing metadata for: /db_working_home/000325.sst
2026/04/19-19:55:14.551085 1285 [DEBUG] New random access file: /db_working_home/000325.sst direct: 1
2026/04/19-19:55:14.551455 1285 [DEBUG] GetFileSize: /db_working_home/000325.sst 
2026/04/19-19:55:14.554085 1285 [DEBUG] Syncing metadata for: /db_working_home/MANIFEST-000194
2026/04/19-19:55:14.554737 1285 [DEBUG] GetFileSize: /db_working_home/000325.sst 
2026/04/19-19:55:14.559578 1285 [DEBUG] Syncing metadata for: /db_working_home/000321.log
2026/04/19-19:55:14.567527 1285 [DEBUG] DeleteFile: ./db_working_home/000321.log 
2026/04/19-19:55:14.568358 1285 [Zonestats:time(s),used_cap(MB),reclaimable_cap(MB), avg_reclaimable(%), active(#), active_zones(#), open_zones(#)] 105 1635 2460 60 6 6 2
2026/04/19-19:55:14.613724 1282 [DEBUG] Allocating zone(new=0) start: 0x110000000 wp: 0x111eb2400 lt: 5 file lt: 2
2026/04/19-19:55:14.613738 1282 [DEBUG] Syncing metadata for: /db_working_home/000324.log
2026/04/19-19:55:15.054388 1284 Entering Apply Finish Threshold Function
2026/04/19-19:55:15.054419 1284 [DEBUG] Allocating zone(new=1) start: 0x38000000 wp: 0x38000000 lt: 5 file lt: 5
2026/04/19-19:55:15.054427 1284 [Zonestats:time(s),used_cap(MB),reclaimable_cap(MB), avg_reclaimable(%), active(#), active_zones(#), open_zones(#)] 106 1766 2457 58 5 6 3
2026/04/19-19:55:15.054434 1284 [DEBUG] Syncing metadata for: /db_working_home/000323.sst
2026/04/19-19:55:15.064713 1284 [DEBUG] Syncing metadata for: /db_working_home/000323.sst
2026/04/19-19:55:15.065279 1284 [DEBUG] Syncing metadata for: /db_working_home/000323.sst
2026/04/19-19:55:15.065988 1284 [DEBUG] GetFileSize: /db_working_home/000323.sst 
2026/04/19-19:55:15.066023 1284 [DEBUG] New writable file: /db_working_home/000326.sst direct: 1
2026/04/19-19:55:15.069377 1284 Entering Apply Finish Threshold Function
2026/04/19-19:55:15.069402 1284 [DEBUG] Allocating zone(new=1) start: 0xe0000000 wp: 0xe0000000 lt: 5 file lt: 5
2026/04/19-19:55:15.069409 1284 [Zonestats:time(s),used_cap(MB),reclaimable_cap(MB), avg_reclaimable(%), active(#), active_zones(#), open_zones(#)] 106 1767 2584 59 6 7 3
2026/04/19-19:55:15.069415 1284 [DEBUG] Syncing metadata for: /db_working_home/000326.sst
2026/04/19-19:55:15.421000 1283 Total Garbage Bytes this interval: 1180649842 bytes
2026/04/19-19:55:15.421017 1283 Cumulative Average Garbage Bytes (over 105 intervals): 567451468 bytes
2026/04/19-19:55:15.421043 1283 Zone Garbage Stats: [90 10 0 2 2 5 3 0 1 4 5 0 ]
2026/04/19-19:55:15.421047 1283 Total Garbage Bytes: 1180649842 bytes
2026/04/19-19:55:15.751233 1284 [DEBUG] Syncing metadata for: /db_working_home/000326.sst
2026/04/19-19:55:15.751810 1284 [DEBUG] Syncing metadata for: /db_working_home/000326.sst
2026/04/19-19:55:15.752600 1284 [DEBUG] GetFileSize: /db_working_home/000326.sst 
2026/04/19-19:55:15.752646 1284 [DEBUG] New writable file: /db_working_home/000327.sst direct: 1
2026/04/19-19:55:15.758725 1284 Entering Apply Finish Threshold Function
2026/04/19-19:55:15.758754 1284 [DEBUG] Allocating zone(new=1) start: 0x128000000 wp: 0x128000000 lt: 5 file lt: 5
2026/04/19-19:55:15.758762 1284 [Zonestats:time(s),used_cap(MB),reclaimable_cap(MB), avg_reclaimable(%), active(#), active_zones(#), open_zones(#)] 106 1830 2649 59 7 8 3
2026/04/19-19:55:15.758768 1284 [DEBUG] Syncing metadata for: /db_working_home/000327.sst
2026/04/19-19:55:16.075954 1284 [DEBUG] Syncing metadata for: /db_working_home/000327.sst
2026/04/19-19:55:16.079976 1284 [DEBUG] Syncing metadata for: /db_working_home/000327.sst
2026/04/19-19:55:16.080713 1284 [DEBUG] GetFileSize: /db_working_home/000327.sst 
2026/04/19-19:55:16.083463 1284 [DEBUG] New random access file: /db_working_home/000323.sst direct: 1
2026/04/19-19:55:16.083842 1284 [DEBUG] GetFileSize: /db_working_home/000323.sst 
2026/04/19-19:55:16.084058 1284 [DEBUG] New random access file: /db_working_home/000326.sst direct: 1
2026/04/19-19:55:16.084329 1284 [DEBUG] GetFileSize: /db_working_home/000326.sst 
2026/04/19-19:55:16.084472 1284 [DEBUG] New random access file: /db_working_home/000327.sst direct: 1
2026/04/19-19:55:16.084684 1284 [DEBUG] GetFileSize: /db_working_home/000327.sst 
2026/04/19-19:55:16.085577 1284 [DEBUG] Syncing metadata for: /db_working_home/MANIFEST-000194
2026/04/19-19:55:16.087130 1284 [DEBUG] Syncing metadata for: /db_working_home/MANIFEST-000194
2026/04/19-19:55:16.087918 1284 [DEBUG] DeleteFile: ./db_working_home/000310.sst 
2026/04/19-19:55:16.088815 1284 [Zonestats:time(s),used_cap(MB),reclaimable_cap(MB), avg_reclaimable(%), active(#), active_zones(#), open_zones(#)] 107 1732 2619 60 7 7 2
2026/04/19-19:55:16.088859 1284 [DEBUG] DeleteFile: ./db_working_home/000311.sst 
2026/04/19-19:55:16.089577 1284 [Zonestats:time(s),used_cap(MB),reclaimable_cap(MB), avg_reclaimable(%), active(#), active_zones(#), open_zones(#)] 107 1718 2633 60 7 7 2
2026/04/19-19:55:16.089610 1284 [DEBUG] DeleteFile: ./db_working_home/000318.sst 
2026/04/19-19:55:16.090160 1284 [Zonestats:time(s),used_cap(MB),reclaimable_cap(MB), avg_reclaimable(%), active(#), active_zones(#), open_zones(#)] 107 1718 2633 60 7 7 2
2026/04/19-19:55:16.095538 1284 [DEBUG] New writable file: /db_working_home/000328.sst direct: 1
2026/04/19-19:55:16.098857 1284 Entering Apply Finish Threshold Function
2026/04/19-19:55:16.098883 1284 [DEBUG] Allocating zone(new=1) start: 0x100000000 wp: 0x100000000 lt: 5 file lt: 5
2026/04/19-19:55:16.098890 1284 [Zonestats:time(s),used_cap(MB),reclaimable_cap(MB), avg_reclaimable(%), active(#), active_zones(#), open_zones(#)] 107 1718 2633 60 7 8 3
2026/04/19-19:55:16.098897 1284 [DEBUG] Syncing metadata for: /db_working_home/000328.sst
2026/04/19-19:55:16.421279 1283 Total Garbage Bytes this interval: 1195376426 bytes
2026/04/19-19:55:16.421381 1283 Cumulative Average Garbage Bytes (over 106 intervals): 573375289 bytes
2026/04/19-19:55:16.421473 1283 Zone Garbage Stats: [90 10 0 2 1 6 3 0 1 4 5 0 ]
2026/04/19-19:55:16.421483 1283 Total Garbage Bytes: 1195376426 bytes
2026/04/19-19:55:16.534245 1284 [DEBUG] Syncing metadata for: /db_working_home/000328.sst
2026/04/19-19:55:16.534850 1284 [DEBUG] Syncing metadata for: /db_working_home/000328.sst
2026/04/19-19:55:16.535672 1284 [DEBUG] GetFileSize: /db_working_home/000328.sst 
2026/04/19-19:55:16.535725 1284 [DEBUG] New writable file: /db_working_home/000329.sst direct: 1
2026/04/19-19:55:16.536604 1284 Entering Apply Finish Threshold Function
2026/04/19-19:55:16.536628 1284 [DEBUG] Allocating zone(new=1) start: 0x108000000 wp: 0x108000000 lt: 5 file lt: 5
2026/04/19-19:55:16.536644 1284 [Zonestats:time(s),used_cap(MB),reclaimable_cap(MB), avg_reclaimable(%), active(#), active_zones(#), open_zones(#)] 107 1759 2720 60 8 9 3
2026/04/19-19:55:16.536650 1284 [DEBUG] Syncing metadata for: /db_working_home/000329.sst
2026/04/19-19:55:16.540878 1284 [DEBUG] Syncing metadata for: /db_working_home/000329.sst
2026/04/19-19:55:16.541446 1284 [DEBUG] Syncing metadata for: /db_working_home/000329.sst
2026/04/19-19:55:16.542153 1284 [DEBUG] GetFileSize: /db_working_home/000329.sst 
2026/04/19-19:55:16.543484 1284 [DEBUG] New random access file: /db_working_home/000328.sst direct: 1
2026/04/19-19:55:16.543707 1284 [DEBUG] GetFileSize: /db_working_home/000328.sst 
2026/04/19-19:55:16.543902 1284 [DEBUG] New random access file: /db_working_home/000329.sst direct: 1
2026/04/19-19:55:16.544068 1284 [DEBUG] GetFileSize: /db_working_home/000329.sst 
2026/04/19-19:55:16.545020 1284 [DEBUG] Syncing metadata for: /db_working_home/MANIFEST-000194
2026/04/19-19:55:16.548738 1284 [DEBUG] DeleteFile: ./db_working_home/000327.sst 
2026/04/19-19:55:16.553059 1284 [Zonestats:time(s),used_cap(MB),reclaimable_cap(MB), avg_reclaimable(%), active(#), active_zones(#), open_zones(#)] 107 1733 2746 61 8 8 2
2026/04/19-19:55:16.558725 1284 [DEBUG] New writable file: /db_working_home/000330.sst direct: 1
2026/04/19-19:55:16.562082 1284 Entering Apply Finish Threshold Function
2026/04/19-19:55:16.562117 1284 [DEBUG] Allocating zone(new=1) start: 0x128000000 wp: 0x128000000 lt: 5 file lt: 5
2026/04/19-19:55:16.562125 1284 [Zonestats:time(s),used_cap(MB),reclaimable_cap(MB), avg_reclaimable(%), active(#), active_zones(#), open_zones(#)] 107 1733 2746 61 8 9 3
2026/04/19-19:55:16.562131 1284 [DEBUG] Syncing metadata for: /db_working_home/000330.sst
2026/04/19-19:55:16.784016 1282 [DEBUG] New writable file: /db_working_home/000331.log direct: 0
2026/04/19-19:55:16.786794 1285 [DEBUG] New writable file: /db_working_home/000332.sst direct: 1
2026/04/19-19:55:16.797290 1285 Entering Apply Finish Threshold Function
2026/04/19-19:55:16.797310 1285 [DEBUG] Allocating zone(new=0) start: 0x108000000 wp: 0x108001000 lt: 5 file lt: 3
2026/04/19-19:55:16.797315 1285 [Zonestats:time(s),used_cap(MB),reclaimable_cap(MB), avg_reclaimable(%), active(#), active_zones(#), open_zones(#)] 107 1734 2745 61 9 9 4
2026/04/19-19:55:16.797319 1285 [DEBUG] Syncing metadata for: /db_working_home/000332.sst
2026/04/19-19:55:17.004020 1285 [DEBUG] Syncing metadata for: /db_working_home/000332.sst
2026/04/19-19:55:17.006774 1285 [DEBUG] Syncing metadata for: /db_working_home/000332.sst
2026/04/19-19:55:17.007443 1285 [DEBUG] New random access file: /db_working_home/000332.sst direct: 1
2026/04/19-19:55:17.014872 1285 [DEBUG] GetFileSize: /db_working_home/000332.sst 
2026/04/19-19:55:17.018173 1285 [DEBUG] Syncing metadata for: /db_working_home/MANIFEST-000194
2026/04/19-19:55:17.018859 1285 [DEBUG] GetFileSize: /db_working_home/000332.sst 
2026/04/19-19:55:17.031294 1285 [DEBUG] Syncing metadata for: /db_working_home/000324.log
2026/04/19-19:55:17.031995 1285 [DEBUG] DeleteFile: ./db_working_home/000324.log 
2026/04/19-19:55:17.032761 1285 [Zonestats:time(s),used_cap(MB),reclaimable_cap(MB), avg_reclaimable(%), active(#), active_zones(#), open_zones(#)] 108 1734 2745 61 9 9 2
2026/04/19-19:55:17.087710 1282 [DEBUG] Allocating zone(new=0) start: 0x110000000 wp: 0x112e4b000 lt: 5 file lt: 2
2026/04/19-19:55:17.087723 1282 [DEBUG] Syncing metadata for: /db_working_home/000331.log
2026/04/19-19:55:17.193169 1284 [DEBUG] Syncing metadata for: /db_working_home/000330.sst
2026/04/19-19:55:17.193808 1284 [DEBUG] Syncing metadata for: /db_working_home/000330.sst
2026/04/19-19:55:17.194534 1284 [DEBUG] GetFileSize: /db_working_home/000330.sst 
2026/04/19-19:55:17.194569 1284 [DEBUG] New writable file: /db_working_home/000333.sst direct: 1
2026/04/19-19:55:17.198032 1284 Entering Apply Finish Threshold Function
2026/04/19-19:55:17.198060 1284 [DEBUG] Allocating zone(new=1) start: 0x138000000 wp: 0x138000000 lt: 5 file lt: 5
2026/04/19-19:55:17.198068 1284 [Zonestats:time(s),used_cap(MB),reclaimable_cap(MB), avg_reclaimable(%), active(#), active_zones(#), open_zones(#)] 108 1783 2824 61 9 10 3
2026/04/19-19:55:17.198074 1284 [DEBUG] Syncing metadata for: /db_working_home/000333.sst
2026/04/19-19:55:17.421659 1283 Total Garbage Bytes this interval: 1195377776 bytes
2026/04/19-19:55:17.421677 1283 Cumulative Average Garbage Bytes (over 107 intervals): 579188396 bytes
2026/04/19-19:55:17.421697 1283 Zone Garbage Stats: [88 12 0 2 1 6 3 0 1 4 5 0 ]
2026/04/19-19:55:17.421701 1283 Total Garbage Bytes: 1195377776 bytes
2026/04/19-19:55:17.760139 1284 [DEBUG] Syncing metadata for: /db_working_home/000333.sst
2026/04/19-19:55:17.760721 1284 [DEBUG] Syncing metadata for: /db_working_home/000333.sst
2026/04/19-19:55:17.761436 1284 [DEBUG] GetFileSize: /db_working_home/000333.sst 
2026/04/19-19:55:17.761469 1284 [DEBUG] New writable file: /db_working_home/000334.sst direct: 1
2026/04/19-19:55:17.764859 1284 Entering Apply Finish Threshold Function
2026/04/19-19:55:17.764887 1284 [DEBUG] Allocating zone(new=1) start: 0x140000000 wp: 0x140000000 lt: 5 file lt: 5
2026/04/19-19:55:17.764894 1284 [Zonestats:time(s),used_cap(MB),reclaimable_cap(MB), avg_reclaimable(%), active(#), active_zones(#), open_zones(#)] 108 1836 2899 61 10 11 3
2026/04/19-19:55:17.764913 1284 [DEBUG] Syncing metadata for: /db_working_home/000334.sst
2026/04/19-19:55:18.421878 1283 Total Garbage Bytes this interval: 1195378069 bytes
2026/04/19-19:55:18.421895 1283 Cumulative Average Garbage Bytes (over 108 intervals): 584893856 bytes
2026/04/19-19:55:18.421917 1283 Zone Garbage Stats: [87 13 0 2 1 6 3 0 1 4 5 0 ]
2026/04/19-19:55:18.421921 1283 Total Garbage Bytes: 1195378069 bytes
2026/04/19-19:55:18.595743 1284 [DEBUG] Syncing metadata for: /db_working_home/000334.sst
2026/04/19-19:55:18.596315 1284 [DEBUG] Syncing metadata for: /db_working_home/000334.sst
2026/04/19-19:55:18.597142 1284 [DEBUG] GetFileSize: /db_working_home/000334.sst 
2026/04/19-19:55:18.597176 1284 [DEBUG] New writable file: /db_working_home/000335.sst direct: 1
2026/04/19-19:55:18.600526 1284 Entering Apply Finish Threshold Function
2026/04/19-19:55:18.600553 1284 [DEBUG] Allocating zone(new=1) start: 0x148000000 wp: 0x148000000 lt: 5 file lt: 5
2026/04/19-19:55:18.600560 1284 [Zonestats:time(s),used_cap(MB),reclaimable_cap(MB), avg_reclaimable(%), active(#), active_zones(#), open_zones(#)] 109 1913 2950 60 11 12 3
2026/04/19-19:55:18.600566 1284 [DEBUG] Syncing metadata for: /db_working_home/000335.sst
2026/04/19-19:55:19.096457 1282 [DEBUG] New writable file: /db_working_home/000336.log direct: 0
2026/04/19-19:55:19.097470 1285 [DEBUG] New writable file: /db_working_home/000337.sst direct: 1
2026/04/19-19:55:19.107169 1285 Entering Apply Finish Threshold Function
2026/04/19-19:55:19.107197 1285 [DEBUG] Allocating zone(new=0) start: 0x140000000 wp: 0x1447fd000 lt: 5 file lt: 3
2026/04/19-19:55:19.107205 1285 [Zonestats:time(s),used_cap(MB),reclaimable_cap(MB), avg_reclaimable(%), active(#), active_zones(#), open_zones(#)] 110 1917 2946 60 12 12 4
2026/04/19-19:55:19.107211 1285 [DEBUG] Syncing metadata for: /db_working_home/000337.sst
2026/04/19-19:55:19.314501 1285 [DEBUG] Syncing metadata for: /db_working_home/000337.sst
2026/04/19-19:55:19.317328 1285 [DEBUG] Syncing metadata for: /db_working_home/000337.sst
2026/04/19-19:55:19.317980 1285 [DEBUG] New random access file: /db_working_home/000337.sst direct: 1
2026/04/19-19:55:19.318158 1285 [DEBUG] GetFileSize: /db_working_home/000337.sst 
2026/04/19-19:55:19.326468 1285 [DEBUG] Syncing metadata for: /db_working_home/MANIFEST-000194
2026/04/19-19:55:19.327477 1285 [DEBUG] GetFileSize: /db_working_home/000337.sst 
2026/04/19-19:55:19.334115 1285 [DEBUG] Syncing metadata for: /db_working_home/000331.log
2026/04/19-19:55:19.342052 1285 [DEBUG] DeleteFile: ./db_working_home/000331.log 
2026/04/19-19:55:19.342646 1285 [Zonestats:time(s),used_cap(MB),reclaimable_cap(MB), avg_reclaimable(%), active(#), active_zones(#), open_zones(#)] 110 1917 2946 60 12 12 2
2026/04/19-19:55:19.399763 1282 [DEBUG] Allocating zone(new=0) start: 0x140000000 wp: 0x145757c00 lt: 5 file lt: 2
2026/04/19-19:55:19.399777 1282 [DEBUG] Syncing metadata for: /db_working_home/000336.log
2026/04/19-19:55:19.406787 1284 [DEBUG] Syncing metadata for: /db_working_home/000335.sst
2026/04/19-19:55:19.410573 1284 [DEBUG] Syncing metadata for: /db_working_home/000335.sst
2026/04/19-19:55:19.414931 1284 [DEBUG] GetFileSize: /db_working_home/000335.sst 
2026/04/19-19:55:19.414966 1284 [DEBUG] New writable file: /db_working_home/000338.sst direct: 1
2026/04/19-19:55:19.420916 1284 Entering Apply Finish Threshold Function
2026/04/19-19:55:19.421035 1284 [DEBUG] Allocator: avoided a finish by relaxing lifetime diff requirement
2026/04/19-19:55:19.421039 1284 [DEBUG] Allocating zone(new=0) start: 0x148000000 wp: 0x14bdf2800 lt: 5 file lt: 5
2026/04/19-19:55:19.421046 1284 [Zonestats:time(s),used_cap(MB),reclaimable_cap(MB), avg_reclaimable(%), active(#), active_zones(#), open_zones(#)] 110 1980 3011 60 12 12 3
2026/04/19-19:55:19.421053 1284 [DEBUG] Syncing metadata for: /db_working_home/000338.sst
2026/04/19-19:55:19.422109 1283 Total Garbage Bytes this interval: 1228098052 bytes
2026/04/19-19:55:19.422122 1283 Cumulative Average Garbage Bytes (over 109 intervals): 590794812 bytes
2026/04/19-19:55:19.422140 1283 Zone Garbage Stats: [86 13 0 3 1 6 3 0 1 4 5 0 ]
2026/04/19-19:55:19.422144 1283 Total Garbage Bytes: 1228098052 bytes
2026/04/19-19:55:19.923283 1284 [DEBUG] Syncing metadata for: /db_working_home/000338.sst
2026/04/19-19:55:19.923861 1284 [DEBUG] Syncing metadata for: /db_working_home/000338.sst
2026/04/19-19:55:19.924650 1284 [DEBUG] GetFileSize: /db_working_home/000338.sst 
2026/04/19-19:55:19.925811 1284 [DEBUG] New random access file: /db_working_home/000330.sst direct: 1
2026/04/19-19:55:19.926147 1284 [DEBUG] GetFileSize: /db_working_home/000330.sst 
2026/04/19-19:55:19.926304 1284 [DEBUG] New random access file: /db_working_home/000333.sst direct: 1
2026/04/19-19:55:19.926537 1284 [DEBUG] GetFileSize: /db_working_home/000333.sst 
2026/04/19-19:55:19.926688 1284 [DEBUG] New random access file: /db_working_home/000334.sst direct: 1
2026/04/19-19:55:19.926948 1284 [DEBUG] GetFileSize: /db_working_home/000334.sst 
2026/04/19-19:55:19.927089 1284 [DEBUG] New random access file: /db_working_home/000335.sst direct: 1
2026/04/19-19:55:19.927335 1284 [DEBUG] GetFileSize: /db_working_home/000335.sst 
2026/04/19-19:55:19.927465 1284 [DEBUG] New random access file: /db_working_home/000338.sst direct: 1
2026/04/19-19:55:19.927694 1284 [DEBUG] GetFileSize: /db_working_home/000338.sst 
2026/04/19-19:55:19.928558 1284 [DEBUG] Syncing metadata for: /db_working_home/MANIFEST-000194
2026/04/19-19:55:19.929343 1284 [DEBUG] DeleteFile: ./db_working_home/000220.sst 
2026/04/19-19:55:19.930019 1284 [Zonestats:time(s),used_cap(MB),reclaimable_cap(MB), avg_reclaimable(%), active(#), active_zones(#), open_zones(#)] 110 1933 2930 60 12 12 2
2026/04/19-19:55:19.930060 1284 [DEBUG] DeleteFile: ./db_working_home/000269.sst 
2026/04/19-19:55:19.931319 1284 [Zonestats:time(s),used_cap(MB),reclaimable_cap(MB), avg_reclaimable(%), active(#), active_zones(#), open_zones(#)] 110 1805 2802 60 12 12 2
2026/04/19-19:55:19.931354 1284 [DEBUG] DeleteFile: ./db_working_home/000315.sst 
2026/04/19-19:55:19.931995 1284 [Zonestats:time(s),used_cap(MB),reclaimable_cap(MB), avg_reclaimable(%), active(#), active_zones(#), open_zones(#)] 110 1726 2753 61 12 12 2
2026/04/19-19:55:19.945180 1284 [DEBUG] New writable file: /db_working_home/000339.sst direct: 1
2026/04/19-19:55:19.948505 1284 Entering Apply Finish Threshold Function
2026/04/19-19:55:19.948517 1284 Finishing zone: Entering Finish()
2026/04/19-19:55:20.211881 1284 [DEBUG] Allocating zone(new=0) start: 0x138000000 wp: 0x13afbb800 lt: 5 file lt: 3
2026/04/19-19:55:20.211900 1284 [Zonestats:time(s),used_cap(MB),reclaimable_cap(MB), avg_reclaimable(%), active(#), active_zones(#), open_zones(#)] 111 1731 2748 61 11 11 3
2026/04/19-19:55:20.211909 1284 [DEBUG] Syncing metadata for: /db_working_home/000339.sst
2026/04/19-19:55:20.422320 1283 Total Garbage Bytes this interval: 1104132153 bytes
2026/04/19-19:55:20.422337 1283 Cumulative Average Garbage Bytes (over 110 intervals): 595461515 bytes
2026/04/19-19:55:20.422356 1283 Zone Garbage Stats: [90 11 1 2 0 6 3 0 1 4 4 0 ]
2026/04/19-19:55:20.422360 1283 Total Garbage Bytes: 1104132153 bytes
2026/04/19-19:55:20.863878 1284 [DEBUG] Syncing metadata for: /db_working_home/000339.sst
2026/04/19-19:55:20.864456 1284 [DEBUG] Syncing metadata for: /db_working_home/000339.sst
2026/04/19-19:55:20.865257 1284 [DEBUG] GetFileSize: /db_working_home/000339.sst 
2026/04/19-19:55:20.865290 1284 [DEBUG] New writable file: /db_working_home/000340.sst direct: 1
2026/04/19-19:55:20.868615 1284 Entering Apply Finish Threshold Function
2026/04/19-19:55:20.868627 1284 Finishing zone: Entering Finish()
2026/04/19-19:55:21.014155 1282 [DEBUG] New writable file: /db_working_home/000341.log direct: 0
2026/04/19-19:55:21.015130 1285 [DEBUG] New writable file: /db_working_home/000342.sst direct: 1
2026/04/19-19:55:21.018044 1285 Entering Apply Finish Threshold Function
2026/04/19-19:55:21.018069 1285 [DEBUG] Allocating zone(new=0) start: 0x128000000 wp: 0x12b00d600 lt: 5 file lt: 3
2026/04/19-19:55:21.018076 1285 [Zonestats:time(s),used_cap(MB),reclaimable_cap(MB), avg_reclaimable(%), active(#), active_zones(#), open_zones(#)] 112 1797 2682 59 11 11 3
2026/04/19-19:55:21.018083 1285 [DEBUG] Syncing metadata for: /db_working_home/000342.sst
2026/04/19-19:55:21.162030 1285 [DEBUG] Syncing metadata for: /db_working_home/000342.sst
2026/04/19-19:55:21.163022 1285 [DEBUG] Syncing metadata for: /db_working_home/000342.sst
2026/04/19-19:55:21.164203 1285 [DEBUG] New random access file: /db_working_home/000342.sst direct: 1
2026/04/19-19:55:21.164382 1285 [DEBUG] GetFileSize: /db_working_home/000342.sst 
2026/04/19-19:55:21.166564 1285 [DEBUG] Syncing metadata for: /db_working_home/MANIFEST-000194
2026/04/19-19:55:21.167520 1285 [DEBUG] GetFileSize: /db_working_home/000342.sst 
2026/04/19-19:55:21.173137 1285 [DEBUG] Syncing metadata for: /db_working_home/000336.log
2026/04/19-19:55:21.174224 1285 [DEBUG] DeleteFile: ./db_working_home/000336.log 
2026/04/19-19:55:21.175223 1285 [Zonestats:time(s),used_cap(MB),reclaimable_cap(MB), avg_reclaimable(%), active(#), active_zones(#), open_zones(#)] 112 1797 2682 59 11 11 1
2026/04/19-19:55:21.178843 1282 [DEBUG] Allocating zone(new=0) start: 0x140000000 wp: 0x1466f1200 lt: 5 file lt: 2
2026/04/19-19:55:21.178853 1282 [DEBUG] Syncing metadata for: /db_working_home/000341.log
2026/04/19-19:55:21.228418 1284 [DEBUG] Allocating zone(new=0) start: 0x128000000 wp: 0x12bf66e00 lt: 5 file lt: 3
2026/04/19-19:55:21.228433 1284 [Zonestats:time(s),used_cap(MB),reclaimable_cap(MB), avg_reclaimable(%), active(#), active_zones(#), open_zones(#)] 112 1798 2681 59 10 10 3
2026/04/19-19:55:21.228442 1284 [DEBUG] Syncing metadata for: /db_working_home/000340.sst
2026/04/19-19:55:21.422557 1283 Total Garbage Bytes this interval: 1104132464 bytes
2026/04/19-19:55:21.422574 1283 Cumulative Average Garbage Bytes (over 111 intervals): 600044136 bytes
2026/04/19-19:55:21.422594 1283 Zone Garbage Stats: [90 10 2 2 0 6 3 0 1 4 4 0 ]
2026/04/19-19:55:21.422598 1283 Total Garbage Bytes: 1104132464 bytes
2026/04/19-19:55:21.945693 1284 Entering Apply Finish Threshold Function
2026/04/19-19:55:21.945725 1284 [DEBUG] Allocating zone(new=0) start: 0x110000000 wp: 0x113de4400 lt: 5 file lt: 3
2026/04/19-19:55:21.945732 1284 [Zonestats:time(s),used_cap(MB),reclaimable_cap(MB), avg_reclaimable(%), active(#), active_zones(#), open_zones(#)] 112 1867 2612 58 9 9 3
2026/04/19-19:55:21.945739 1284 [DEBUG] Syncing metadata for: /db_working_home/000340.sst
2026/04/19-19:55:22.035214 1284 [DEBUG] Syncing metadata for: /db_working_home/000340.sst
2026/04/19-19:55:22.035789 1284 [DEBUG] Syncing metadata for: /db_working_home/000340.sst
2026/04/19-19:55:22.036604 1284 [DEBUG] GetFileSize: /db_working_home/000340.sst 
2026/04/19-19:55:22.036638 1284 [DEBUG] New writable file: /db_working_home/000343.sst direct: 1
2026/04/19-19:55:22.037569 1284 Entering Apply Finish Threshold Function
2026/04/19-19:55:22.037590 1284 [DEBUG] Allocating zone(new=0) start: 0x110000000 wp: 0x11456b400 lt: 5 file lt: 3
2026/04/19-19:55:22.037597 1284 [Zonestats:time(s),used_cap(MB),reclaimable_cap(MB), avg_reclaimable(%), active(#), active_zones(#), open_zones(#)] 113 1876 2603 58 9 9 3
2026/04/19-19:55:22.037603 1284 [DEBUG] Syncing metadata for: /db_working_home/000343.sst
2026/04/19-19:55:22.038816 1284 [DEBUG] Syncing metadata for: /db_working_home/000343.sst
2026/04/19-19:55:22.039353 1284 [DEBUG] Syncing metadata for: /db_working_home/000343.sst
2026/04/19-19:55:22.040019 1284 [DEBUG] GetFileSize: /db_working_home/000343.sst 
2026/04/19-19:55:22.041181 1284 [DEBUG] New random access file: /db_working_home/000339.sst direct: 1
2026/04/19-19:55:22.041426 1284 [DEBUG] GetFileSize: /db_working_home/000339.sst 
2026/04/19-19:55:22.041584 1284 [DEBUG] New random access file: /db_working_home/000340.sst direct: 1
2026/04/19-19:55:22.041834 1284 [DEBUG] GetFileSize: /db_working_home/000340.sst 
2026/04/19-19:55:22.041971 1284 [DEBUG] New random access file: /db_working_home/000343.sst direct: 1
2026/04/19-19:55:22.042140 1284 [DEBUG] GetFileSize: /db_working_home/000343.sst 
2026/04/19-19:55:22.043002 1284 [DEBUG] Syncing metadata for: /db_working_home/MANIFEST-000194
2026/04/19-19:55:22.044411 1284 [DEBUG] Syncing metadata for: /db_working_home/MANIFEST-000194
2026/04/19-19:55:22.045287 1284 [DEBUG] DeleteFile: ./db_working_home/000319.sst 
2026/04/19-19:55:22.045864 1284 [Zonestats:time(s),used_cap(MB),reclaimable_cap(MB), avg_reclaimable(%), active(#), active_zones(#), open_zones(#)] 113 1834 2645 59 9 9 2
2026/04/19-19:55:22.045902 1284 [DEBUG] DeleteFile: ./db_working_home/000320.sst 
2026/04/19-19:55:22.046597 1284 [Zonestats:time(s),used_cap(MB),reclaimable_cap(MB), avg_reclaimable(%), active(#), active_zones(#), open_zones(#)] 113 1802 2549 58 9 9 2
2026/04/19-19:55:22.046631 1284 [DEBUG] DeleteFile: ./db_working_home/000322.sst 
2026/04/19-19:55:22.047186 1284 [Zonestats:time(s),used_cap(MB),reclaimable_cap(MB), avg_reclaimable(%), active(#), active_zones(#), open_zones(#)] 113 1786 2565 58 9 9 2
2026/04/19-19:55:22.047219 1284 [DEBUG] DeleteFile: ./db_working_home/000325.sst 
2026/04/19-19:55:22.047815 1284 [Zonestats:time(s),used_cap(MB),reclaimable_cap(MB), avg_reclaimable(%), active(#), active_zones(#), open_zones(#)] 113 1771 2580 59 9 9 2
2026/04/19-19:55:22.047847 1284 [DEBUG] DeleteFile: ./db_working_home/000332.sst 
2026/04/19-19:55:22.048444 1284 [Zonestats:time(s),used_cap(MB),reclaimable_cap(MB), avg_reclaimable(%), active(#), active_zones(#), open_zones(#)] 113 1755 2596 59 9 9 2
2026/04/19-19:55:22.048475 1284 [DEBUG] DeleteFile: ./db_working_home/000337.sst 
2026/04/19-19:55:22.049023 1284 [Zonestats:time(s),used_cap(MB),reclaimable_cap(MB), avg_reclaimable(%), active(#), active_zones(#), open_zones(#)] 113 1740 2611 60 9 9 2
2026/04/19-19:55:22.049790 1284 [DEBUG] Syncing metadata for: /db_working_home/MANIFEST-000194
2026/04/19-19:55:22.058074 1284 [DEBUG] Syncing metadata for: /db_working_home/MANIFEST-000194
2026/04/19-19:55:22.064180 1284 [DEBUG] New writable file: /db_working_home/000344.sst direct: 1
2026/04/19-19:55:22.067513 1284 Entering Apply Finish Threshold Function
2026/04/19-19:55:22.067538 1284 [DEBUG] Allocating zone(new=1) start: 0x40000000 wp: 0x40000000 lt: 5 file lt: 5
2026/04/19-19:55:22.067546 1284 [Zonestats:time(s),used_cap(MB),reclaimable_cap(MB), avg_reclaimable(%), active(#), active_zones(#), open_zones(#)] 113 1741 2610 59 9 10 3
2026/04/19-19:55:22.067553 1284 [DEBUG] Syncing metadata for: /db_working_home/000344.sst
2026/04/19-19:55:22.422713 1283 Total Garbage Bytes this interval: 1121568114 bytes
2026/04/19-19:55:22.422730 1283 Cumulative Average Garbage Bytes (over 112 intervals): 604700600 bytes
2026/04/19-19:55:22.422750 1283 Zone Garbage Stats: [90 10 3 1 0 6 3 0 1 4 4 0 ]
2026/04/19-19:55:22.422754 1283 Total Garbage Bytes: 1121568114 bytes
2026/04/19-19:55:23.009303 1282 [DEBUG] New writable file: /db_working_home/000345.log direct: 0
2026/04/19-19:55:23.010269 1285 [DEBUG] New writable file: /db_working_home/000346.sst direct: 1
2026/04/19-19:55:23.013071 1285 Entering Apply Finish Threshold Function
2026/04/19-19:55:23.013105 1285 [DEBUG] Allocating zone(new=0) start: 0x110000000 wp: 0x11456c400 lt: 5 file lt: 3
2026/04/19-19:55:23.013113 1285 [Zonestats:time(s),used_cap(MB),reclaimable_cap(MB), avg_reclaimable(%), active(#), active_zones(#), open_zones(#)] 114 1749 2602 59 10 10 4
2026/04/19-19:55:23.013119 1285 [DEBUG] Syncing metadata for: /db_working_home/000346.sst
2026/04/19-19:55:23.213727 1285 [DEBUG] Syncing metadata for: /db_working_home/000346.sst
2026/04/19-19:55:23.221599 1285 [DEBUG] Syncing metadata for: /db_working_home/000346.sst
2026/04/19-19:55:23.222504 1285 [DEBUG] New random access file: /db_working_home/000346.sst direct: 1
2026/04/19-19:55:23.224555 1285 [DEBUG] GetFileSize: /db_working_home/000346.sst 
2026/04/19-19:55:23.233936 1285 [DEBUG] Syncing metadata for: /db_working_home/MANIFEST-000194
2026/04/19-19:55:23.234628 1285 [DEBUG] GetFileSize: /db_working_home/000346.sst 
2026/04/19-19:55:23.239379 1285 [DEBUG] Syncing metadata for: /db_working_home/000341.log
2026/04/19-19:55:23.247378 1285 [DEBUG] DeleteFile: ./db_working_home/000341.log 
2026/04/19-19:55:23.247960 1285 [Zonestats:time(s),used_cap(MB),reclaimable_cap(MB), avg_reclaimable(%), active(#), active_zones(#), open_zones(#)] 114 1749 2602 59 10 10 2
2026/04/19-19:55:23.263685 1282 [DEBUG] Allocating zone(new=0) start: 0x140000000 wp: 0x147689c00 lt: 5 file lt: 2
2026/04/19-19:55:23.263696 1282 [DEBUG] Syncing metadata for: /db_working_home/000345.log
2026/04/19-19:55:23.422868 1283 Total Garbage Bytes this interval: 1121568579 bytes
2026/04/19-19:55:23.422885 1283 Cumulative Average Garbage Bytes (over 113 intervals): 609274653 bytes
2026/04/19-19:55:23.422905 1283 Zone Garbage Stats: [90 10 3 1 0 6 3 0 1 4 4 0 ]
2026/04/19-19:55:23.422910 1283 Total Garbage Bytes: 1121568579 bytes
2026/04/19-19:55:23.636529 1284 Entering Apply Finish Threshold Function
2026/04/19-19:55:23.636545 1284 Finishing zone: Entering Finish()
2026/04/19-19:55:23.930361 1282 [DEBUG] Allocating zone(new=0) start: 0x108000000 wp: 0x108f58400 lt: 5 file lt: 2
2026/04/19-19:55:23.930391 1282 [DEBUG] Syncing metadata for: /db_working_home/000345.log
2026/04/19-19:55:24.164894 1284 [DEBUG] Allocating zone(new=1) start: 0xc0000000 wp: 0xc0000000 lt: 5 file lt: 5
2026/04/19-19:55:24.164912 1284 [Zonestats:time(s),used_cap(MB),reclaimable_cap(MB), avg_reclaimable(%), active(#), active_zones(#), open_zones(#)] 115 1891 2588 57 7 8 3
2026/04/19-19:55:24.164922 1284 [DEBUG] Syncing metadata for: /db_working_home/000344.sst
2026/04/19-19:55:24.170540 1284 [DEBUG] Syncing metadata for: /db_working_home/000344.sst
2026/04/19-19:55:24.171130 1284 [DEBUG] Syncing metadata for: /db_working_home/000344.sst
2026/04/19-19:55:24.171853 1284 [DEBUG] GetFileSize: /db_working_home/000344.sst 
2026/04/19-19:55:24.171894 1284 [DEBUG] New writable file: /db_working_home/000347.sst direct: 1
2026/04/19-19:55:24.184128 1284 Entering Apply Finish Threshold Function
2026/04/19-19:55:24.184157 1284 [DEBUG] Allocating zone(new=1) start: 0x118000000 wp: 0x118000000 lt: 5 file lt: 5
2026/04/19-19:55:24.184165 1284 [Zonestats:time(s),used_cap(MB),reclaimable_cap(MB), avg_reclaimable(%), active(#), active_zones(#), open_zones(#)] 115 1893 2714 58 8 9 3
2026/04/19-19:55:24.184171 1284 [DEBUG] Syncing metadata for: /db_working_home/000347.sst
2026/04/19-19:55:24.252674 1282 [DEBUG] New writable file: /db_working_home/000348.log direct: 0
2026/04/19-19:55:24.254232 1285 [DEBUG] New writable file: /db_working_home/000349.sst direct: 1
2026/04/19-19:55:24.258553 1285 Entering Apply Finish Threshold Function
2026/04/19-19:55:24.258580 1285 [DEBUG] Allocating zone(new=0) start: 0x100000000 wp: 0x1026c3e00 lt: 5 file lt: 3
2026/04/19-19:55:24.258588 1285 [Zonestats:time(s),used_cap(MB),reclaimable_cap(MB), avg_reclaimable(%), active(#), active_zones(#), open_zones(#)] 115 1893 2714 58 9 9 4
2026/04/19-19:55:24.258594 1285 [DEBUG] Syncing metadata for: /db_working_home/000349.sst
2026/04/19-19:55:24.423089 1283 Total Garbage Bytes this interval: 1154292831 bytes
2026/04/19-19:55:24.423207 1283 Cumulative Average Garbage Bytes (over 114 intervals): 614055514 bytes
2026/04/19-19:55:24.423229 1283 Zone Garbage Stats: [88 11 2 1 1 5 3 0 1 5 4 0 ]
2026/04/19-19:55:24.423233 1283 Total Garbage Bytes: 1154292831 bytes
2026/04/19-19:55:24.463583 1285 [DEBUG] Syncing metadata for: /db_working_home/000349.sst
2026/04/19-19:55:24.466313 1285 [DEBUG] Syncing metadata for: /db_working_home/000349.sst
2026/04/19-19:55:24.474188 1285 [DEBUG] New random access file: /db_working_home/000349.sst direct: 1
2026/04/19-19:55:24.474390 1285 [DEBUG] GetFileSize: /db_working_home/000349.sst 
2026/04/19-19:55:24.476367 1285 [DEBUG] Syncing metadata for: /db_working_home/MANIFEST-000194
2026/04/19-19:55:24.484083 1285 [DEBUG] GetFileSize: /db_working_home/000349.sst 
2026/04/19-19:55:24.496295 1285 [DEBUG] Syncing metadata for: /db_working_home/000345.log
2026/04/19-19:55:24.499280 1285 [DEBUG] DeleteFile: ./db_working_home/000345.log 
2026/04/19-19:55:24.499859 1285 [Zonestats:time(s),used_cap(MB),reclaimable_cap(MB), avg_reclaimable(%), active(#), active_zones(#), open_zones(#)] 115 1893 2714 58 9 9 2
2026/04/19-19:55:24.531739 1282 [DEBUG] Allocating zone(new=0) start: 0x108000000 wp: 0x10957a600 lt: 5 file lt: 2
2026/04/19-19:55:24.531752 1282 [DEBUG] Syncing metadata for: /db_working_home/000348.log
2026/04/19-19:55:25.423411 1283 Total Garbage Bytes this interval: 1164214927 bytes
2026/04/19-19:55:25.423428 1283 Cumulative Average Garbage Bytes (over 115 intervals): 618839509 bytes
2026/04/19-19:55:25.423449 1283 Zone Garbage Stats: [88 12 2 1 0 6 3 0 1 5 4 0 ]
2026/04/19-19:55:25.423453 1283 Total Garbage Bytes: 1164214927 bytes
2026/04/19-19:55:25.749736 1284 Entering Apply Finish Threshold Function
2026/04/19-19:55:25.749768 1284 [DEBUG] Allocating zone(new=1) start: 0x120000000 wp: 0x120000000 lt: 5 file lt: 5
2026/04/19-19:55:25.749776 1284 [Zonestats:time(s),used_cap(MB),reclaimable_cap(MB), avg_reclaimable(%), active(#), active_zones(#), open_zones(#)] 116 2030 2705 57 8 9 3
2026/04/19-19:55:25.749783 1284 [DEBUG] Syncing metadata for: /db_working_home/000347.sst
2026/04/19-19:55:25.754922 1284 [DEBUG] Syncing metadata for: /db_working_home/000347.sst
2026/04/19-19:55:25.755489 1284 [DEBUG] Syncing metadata for: /db_working_home/000347.sst
2026/04/19-19:55:25.756307 1284 [DEBUG] GetFileSize: /db_working_home/000347.sst 
2026/04/19-19:55:25.756341 1284 [DEBUG] New writable file: /db_working_home/000350.sst direct: 1
2026/04/19-19:55:25.761969 1284 Entering Apply Finish Threshold Function
2026/04/19-19:55:25.761995 1284 [DEBUG] Allocating zone(new=1) start: 0x130000000 wp: 0x130000000 lt: 5 file lt: 5
2026/04/19-19:55:25.762003 1284 [Zonestats:time(s),used_cap(MB),reclaimable_cap(MB), avg_reclaimable(%), active(#), active_zones(#), open_zones(#)] 116 2030 2833 58 9 10 3
2026/04/19-19:55:25.762009 1284 [DEBUG] Syncing metadata for: /db_working_home/000350.sst
2026/04/19-19:55:25.849424 1284 [DEBUG] Syncing metadata for: /db_working_home/000350.sst
2026/04/19-19:55:25.850003 1284 [DEBUG] Syncing metadata for: /db_working_home/000350.sst
2026/04/19-19:55:25.850817 1284 [DEBUG] GetFileSize: /db_working_home/000350.sst 
2026/04/19-19:55:25.851966 1284 [DEBUG] New random access file: /db_working_home/000344.sst direct: 1
2026/04/19-19:55:25.852309 1284 [DEBUG] GetFileSize: /db_working_home/000344.sst 
2026/04/19-19:55:25.852503 1284 [DEBUG] New random access file: /db_working_home/000347.sst direct: 1
2026/04/19-19:55:25.852834 1284 [DEBUG] GetFileSize: /db_working_home/000347.sst 
2026/04/19-19:55:25.852999 1284 [DEBUG] New random access file: /db_working_home/000350.sst direct: 1
2026/04/19-19:55:25.853164 1284 [DEBUG] GetFileSize: /db_working_home/000350.sst 
2026/04/19-19:55:25.854012 1284 [DEBUG] Syncing metadata for: /db_working_home/MANIFEST-000194
2026/04/19-19:55:25.862922 1284 [DEBUG] New writable file: /db_working_home/000351.sst direct: 1
2026/04/19-19:55:25.865937 1284 Entering Apply Finish Threshold Function
2026/04/19-19:55:25.865962 1284 [DEBUG] Allocating zone(new=0) start: 0x130000000 wp: 0x13077d000 lt: 5 file lt: 3
2026/04/19-19:55:25.865970 1284 [Zonestats:time(s),used_cap(MB),reclaimable_cap(MB), avg_reclaimable(%), active(#), active_zones(#), open_zones(#)] 116 2039 2952 59 10 10 3
2026/04/19-19:55:25.865976 1284 [DEBUG] Syncing metadata for: /db_working_home/000351.sst
2026/04/19-19:55:26.366089 1284 [DEBUG] Syncing metadata for: /db_working_home/000351.sst
2026/04/19-19:55:26.366684 1284 [DEBUG] Syncing metadata for: /db_working_home/000351.sst
2026/04/19-19:55:26.367571 1284 [DEBUG] GetFileSize: /db_working_home/000351.sst 
2026/04/19-19:55:26.368732 1284 [DEBUG] New random access file: /db_working_home/000351.sst direct: 1
2026/04/19-19:55:26.368974 1284 [DEBUG] GetFileSize: /db_working_home/000351.sst 
2026/04/19-19:55:26.369853 1284 [DEBUG] Syncing metadata for: /db_working_home/MANIFEST-000194
2026/04/19-19:55:26.370569 1284 [DEBUG] DeleteFile: ./db_working_home/000323.sst 
2026/04/19-19:55:26.371364 1284 [Zonestats:time(s),used_cap(MB),reclaimable_cap(MB), avg_reclaimable(%), active(#), active_zones(#), open_zones(#)] 117 1960 2775 58 9 9 2
2026/04/19-19:55:26.371404 1284 [DEBUG] DeleteFile: ./db_working_home/000326.sst 
2026/04/19-19:55:26.372050 1284 [Zonestats:time(s),used_cap(MB),reclaimable_cap(MB), avg_reclaimable(%), active(#), active_zones(#), open_zones(#)] 117 1901 2706 58 8 8 2
2026/04/19-19:55:26.372856 1284 [DEBUG] Syncing metadata for: /db_working_home/MANIFEST-000194
2026/04/19-19:55:26.373519 1284 [DEBUG] DeleteFile: ./db_working_home/000342.sst 
2026/04/19-19:55:26.374078 1284 [Zonestats:time(s),used_cap(MB),reclaimable_cap(MB), avg_reclaimable(%), active(#), active_zones(#), open_zones(#)] 117 1885 2722 59 8 8 2
2026/04/19-19:55:26.374125 1284 [DEBUG] DeleteFile: ./db_working_home/000346.sst 
2026/04/19-19:55:26.374733 1284 [Zonestats:time(s),used_cap(MB),reclaimable_cap(MB), avg_reclaimable(%), active(#), active_zones(#), open_zones(#)] 117 1870 2737 59 8 8 2
2026/04/19-19:55:26.374765 1284 [DEBUG] DeleteFile: ./db_working_home/000349.sst 
2026/04/19-19:55:26.375418 1284 [Zonestats:time(s),used_cap(MB),reclaimable_cap(MB), avg_reclaimable(%), active(#), active_zones(#), open_zones(#)] 117 1855 2752 59 8 8 2
2026/04/19-19:55:26.380774 1284 [DEBUG] New writable file: /db_working_home/000352.sst direct: 1
2026/04/19-19:55:26.383639 1284 Entering Apply Finish Threshold Function
2026/04/19-19:55:26.383664 1284 [DEBUG] Allocating zone(new=1) start: 0x38000000 wp: 0x38000000 lt: 5 file lt: 5
2026/04/19-19:55:26.383671 1284 [Zonestats:time(s),used_cap(MB),reclaimable_cap(MB), avg_reclaimable(%), active(#), active_zones(#), open_zones(#)] 117 1855 2752 59 8 9 3
2026/04/19-19:55:26.383677 1284 [DEBUG] Syncing metadata for: /db_working_home/000352.sst
2026/04/19-19:55:26.423625 1283 Total Garbage Bytes this interval: 1212477829 bytes
2026/04/19-19:55:26.423639 1283 Cumulative Average Garbage Bytes (over 116 intervals): 623957081 bytes
2026/04/19-19:55:26.423655 1283 Zone Garbage Stats: [88 10 4 1 0 6 3 0 1 4 5 0 ]
2026/04/19-19:55:26.423659 1283 Total Garbage Bytes: 1212477829 bytes
2026/04/19-19:55:26.508711 1282 [DEBUG] New writable file: /db_working_home/000353.log direct: 0
2026/04/19-19:55:26.509791 1285 [DEBUG] New writable file: /db_working_home/000354.sst direct: 1
2026/04/19-19:55:26.519282 1285 Entering Apply Finish Threshold Function
2026/04/19-19:55:26.519309 1285 [DEBUG] Allocating zone(new=0) start: 0x130000000 wp: 0x133520000 lt: 5 file lt: 3
2026/04/19-19:55:26.519318 1285 [Zonestats:time(s),used_cap(MB),reclaimable_cap(MB), avg_reclaimable(%), active(#), active_zones(#), open_zones(#)] 117 1856 2751 59 9 9 4
2026/04/19-19:55:26.519324 1285 [DEBUG] Syncing metadata for: /db_working_home/000354.sst
2026/04/19-19:55:26.721600 1285 [DEBUG] Syncing metadata for: /db_working_home/000354.sst
2026/04/19-19:55:26.729294 1285 [DEBUG] Syncing metadata for: /db_working_home/000354.sst
2026/04/19-19:55:26.729960 1285 [DEBUG] New random access file: /db_working_home/000354.sst direct: 1
2026/04/19-19:55:26.730141 1285 [DEBUG] GetFileSize: /db_working_home/000354.sst 
2026/04/19-19:55:26.738916 1285 [DEBUG] Syncing metadata for: /db_working_home/MANIFEST-000194
2026/04/19-19:55:26.739601 1285 [DEBUG] GetFileSize: /db_working_home/000354.sst 
2026/04/19-19:55:26.744353 1285 [DEBUG] Syncing metadata for: /db_working_home/000348.log
2026/04/19-19:55:26.747385 1285 [DEBUG] DeleteFile: ./db_working_home/000348.log 
2026/04/19-19:55:26.755051 1285 [Zonestats:time(s),used_cap(MB),reclaimable_cap(MB), avg_reclaimable(%), active(#), active_zones(#), open_zones(#)] 117 1856 2751 59 9 9 2
2026/04/19-19:55:26.765513 1282 [DEBUG] Allocating zone(new=0) start: 0x130000000 wp: 0x134476000 lt: 5 file lt: 2
2026/04/19-19:55:26.765525 1282 [DEBUG] Syncing metadata for: /db_working_home/000353.log
2026/04/19-19:55:27.181008 1284 [DEBUG] Syncing metadata for: /db_working_home/000352.sst
2026/04/19-19:55:27.181634 1284 [DEBUG] Syncing metadata for: /db_working_home/000352.sst
2026/04/19-19:55:27.182436 1284 [DEBUG] GetFileSize: /db_working_home/000352.sst 
2026/04/19-19:55:27.182467 1284 [DEBUG] New writable file: /db_working_home/000355.sst direct: 1
2026/04/19-19:55:27.188113 1284 Entering Apply Finish Threshold Function
2026/04/19-19:55:27.188145 1284 [DEBUG] Allocating zone(new=1) start: 0x60000000 wp: 0x60000000 lt: 5 file lt: 5
2026/04/19-19:55:27.188152 1284 [Zonestats:time(s),used_cap(MB),reclaimable_cap(MB), avg_reclaimable(%), active(#), active_zones(#), open_zones(#)] 118 1923 2812 59 9 10 3
2026/04/19-19:55:27.188159 1284 [DEBUG] Syncing metadata for: /db_working_home/000355.sst
2026/04/19-19:55:27.423834 1283 Total Garbage Bytes this interval: 1251348400 bytes
2026/04/19-19:55:27.423850 1283 Cumulative Average Garbage Bytes (over 117 intervals): 629319400 bytes
2026/04/19-19:55:27.423871 1283 Zone Garbage Stats: [87 10 4 2 0 6 3 0 1 4 5 0 ]
2026/04/19-19:55:27.423875 1283 Total Garbage Bytes: 1251348400 bytes
2026/04/19-19:55:27.897002 1284 [DEBUG] Syncing metadata for: /db_working_home/000355.sst
2026/04/19-19:55:27.897617 1284 [DEBUG] Syncing metadata for: /db_working_home/000355.sst
2026/04/19-19:55:27.899345 1284 [DEBUG] GetFileSize: /db_working_home/000355.sst 
2026/04/19-19:55:27.899378 1284 [DEBUG] New writable file: /db_working_home/000356.sst direct: 1
2026/04/19-19:55:27.908580 1284 Entering Apply Finish Threshold Function
2026/04/19-19:55:27.908608 1284 [DEBUG] Allocating zone(new=1) start: 0xe0000000 wp: 0xe0000000 lt: 5 file lt: 5
2026/04/19-19:55:27.908615 1284 [Zonestats:time(s),used_cap(MB),reclaimable_cap(MB), avg_reclaimable(%), active(#), active_zones(#), open_zones(#)] 118 1992 2871 59 10 11 3
2026/04/19-19:55:27.908622 1284 [DEBUG] Syncing metadata for: /db_working_home/000356.sst
2026/04/19-19:55:28.424050 1283 Total Garbage Bytes this interval: 1251348734 bytes
2026/04/19-19:55:28.424067 1283 Cumulative Average Garbage Bytes (over 118 intervals): 634590835 bytes
2026/04/19-19:55:28.424088 1283 Zone Garbage Stats: [86 11 4 2 0 6 3 0 1 4 5 0 ]
2026/04/19-19:55:28.424092 1283 Total Garbage Bytes: 1251348734 bytes
2026/04/19-19:55:28.599509 1284 [DEBUG] Syncing metadata for: /db_working_home/000356.sst
2026/04/19-19:55:28.600087 1284 [DEBUG] Syncing metadata for: /db_working_home/000356.sst
2026/04/19-19:55:28.600813 1284 [DEBUG] GetFileSize: /db_working_home/000356.sst 
2026/04/19-19:55:28.602187 1284 [DEBUG] New random access file: /db_working_home/000352.sst direct: 1
2026/04/19-19:55:28.602467 1284 [DEBUG] GetFileSize: /db_working_home/000352.sst 
2026/04/19-19:55:28.602669 1284 [DEBUG] New random access file: /db_working_home/000355.sst direct: 1
2026/04/19-19:55:28.602906 1284 [DEBUG] GetFileSize: /db_working_home/000355.sst 
2026/04/19-19:55:28.603048 1284 [DEBUG] New random access file: /db_working_home/000356.sst direct: 1
2026/04/19-19:55:28.603276 1284 [DEBUG] GetFileSize: /db_working_home/000356.sst 
2026/04/19-19:55:28.604183 1284 [DEBUG] Syncing metadata for: /db_working_home/MANIFEST-000194
2026/04/19-19:55:28.613559 1284 [DEBUG] New writable file: /db_working_home/000357.sst direct: 1
2026/04/19-19:55:28.620029 1284 Entering Apply Finish Threshold Function
2026/04/19-19:55:28.620056 1284 [DEBUG] Allocating zone(new=0) start: 0x120000000 wp: 0x12002e600 lt: 5 file lt: 4
2026/04/19-19:55:28.620064 1284 [Zonestats:time(s),used_cap(MB),reclaimable_cap(MB), avg_reclaimable(%), active(#), active_zones(#), open_zones(#)] 119 2061 2930 58 11 11 3
2026/04/19-19:55:28.620070 1284 [DEBUG] Syncing metadata for: /db_working_home/000357.sst
2026/04/19-19:55:28.821854 1282 [DEBUG] New writable file: /db_working_home/000358.log direct: 0
2026/04/19-19:55:28.822784 1285 [DEBUG] New writable file: /db_working_home/000359.sst direct: 1
2026/04/19-19:55:28.825903 1285 Entering Apply Finish Threshold Function
2026/04/19-19:55:28.825930 1285 [DEBUG] Allocating zone(new=0) start: 0x108000000 wp: 0x10a512e00 lt: 5 file lt: 3
2026/04/19-19:55:28.825938 1285 [Zonestats:time(s),used_cap(MB),reclaimable_cap(MB), avg_reclaimable(%), active(#), active_zones(#), open_zones(#)] 119 2062 2929 58 11 11 4
2026/04/19-19:55:28.825946 1285 [DEBUG] Syncing metadata for: /db_working_home/000359.sst
2026/04/19-19:55:29.032977 1285 [DEBUG] Syncing metadata for: /db_working_home/000359.sst
2026/04/19-19:55:29.040805 1285 [DEBUG] Syncing metadata for: /db_working_home/000359.sst
2026/04/19-19:55:29.042340 1285 [DEBUG] New random access file: /db_working_home/000359.sst direct: 1
2026/04/19-19:55:29.044124 1285 [DEBUG] GetFileSize: /db_working_home/000359.sst 
2026/04/19-19:55:29.052860 1285 [DEBUG] Syncing metadata for: /db_working_home/MANIFEST-000194
2026/04/19-19:55:29.053838 1285 [DEBUG] GetFileSize: /db_working_home/000359.sst 
2026/04/19-19:55:29.066255 1285 [DEBUG] Syncing metadata for: /db_working_home/000353.log
2026/04/19-19:55:29.066685 1282 [DEBUG] Allocating zone(new=0) start: 0x108000000 wp: 0x10b469e00 lt: 5 file lt: 2
2026/04/19-19:55:29.066698 1282 [DEBUG] Syncing metadata for: /db_working_home/000358.log
2026/04/19-19:55:29.067059 1285 [DEBUG] DeleteFile: ./db_working_home/000328.sst 
2026/04/19-19:55:29.082271 1285 [Zonestats:time(s),used_cap(MB),reclaimable_cap(MB), avg_reclaimable(%), active(#), active_zones(#), open_zones(#)] 120 2040 2823 58 10 10 3
2026/04/19-19:55:29.082330 1285 [DEBUG] DeleteFile: ./db_working_home/000347.sst 
2026/04/19-19:55:29.085009 1285 [Zonestats:time(s),used_cap(MB),reclaimable_cap(MB), avg_reclaimable(%), active(#), active_zones(#), open_zones(#)] 120 1912 2695 58 10 10 3
2026/04/19-19:55:29.085063 1285 [DEBUG] DeleteFile: ./db_working_home/000350.sst 
2026/04/19-19:55:29.085788 1285 [Zonestats:time(s),used_cap(MB),reclaimable_cap(MB), avg_reclaimable(%), active(#), active_zones(#), open_zones(#)] 120 1904 2703 58 10 10 3
2026/04/19-19:55:29.085822 1285 [DEBUG] DeleteFile: ./db_working_home/000353.log 
2026/04/19-19:55:29.093561 1285 [Zonestats:time(s),used_cap(MB),reclaimable_cap(MB), avg_reclaimable(%), active(#), active_zones(#), open_zones(#)] 120 1889 2718 59 10 10 3
2026/04/19-19:55:29.424278 1283 Total Garbage Bytes this interval: 1220598817 bytes
2026/04/19-19:55:29.424391 1283 Cumulative Average Garbage Bytes (over 119 intervals): 639515272 bytes
2026/04/19-19:55:29.424411 1283 Zone Garbage Stats: [88 10 4 1 0 6 3 0 1 4 5 0 ]
2026/04/19-19:55:29.424415 1283 Total Garbage Bytes: 1220598817 bytes
2026/04/19-19:55:29.600635 1284 [DEBUG] Syncing metadata for: /db_working_home/000357.sst
2026/04/19-19:55:29.601215 1284 [DEBUG] Syncing metadata for: /db_working_home/000357.sst
2026/04/19-19:55:29.601928 1284 [DEBUG] GetFileSize: /db_working_home/000357.sst 
2026/04/19-19:55:29.601962 1284 [DEBUG] New writable file: /db_working_home/000360.sst direct: 1
2026/04/19-19:55:29.607326 1284 Entering Apply Finish Threshold Function
2026/04/19-19:55:29.607340 1284 Finishing zone: Entering Finish()
2026/04/19-19:55:30.153997 1282 [DEBUG] New writable file: /db_working_home/000361.log direct: 0
2026/04/19-19:55:30.154923 1285 [DEBUG] New writable file: /db_working_home/000362.sst direct: 1
2026/04/19-19:55:30.157798 1285 Entering Apply Finish Threshold Function
2026/04/19-19:55:30.157809 1285 Finishing zone: Entering Finish()
2026/04/19-19:55:30.191394 1284 [DEBUG] Allocating zone(new=0) start: 0xf8000000 wp: 0xf8003600 lt: 5 file lt: 4
2026/04/19-19:55:30.191409 1284 [Zonestats:time(s),used_cap(MB),reclaimable_cap(MB), avg_reclaimable(%), active(#), active_zones(#), open_zones(#)] 121 1984 2751 58 9 9 3
2026/04/19-19:55:30.191418 1284 [DEBUG] Syncing metadata for: /db_working_home/000360.sst
2026/04/19-19:55:30.281549 1282 [DEBUG] Allocating zone(new=0) start: 0xe0000000 wp: 0xe3e92a00 lt: 5 file lt: 2
2026/04/19-19:55:30.281562 1282 [DEBUG] Syncing metadata for: /db_working_home/000361.log
2026/04/19-19:55:30.424588 1283 Total Garbage Bytes this interval: 1196583487 bytes
2026/04/19-19:55:30.424604 1283 Cumulative Average Garbage Bytes (over 120 intervals): 644157507 bytes
2026/04/19-19:55:30.424623 1283 Zone Garbage Stats: [88 8 3 1 1 6 3 0 1 4 5 0 ]
2026/04/19-19:55:30.424627 1283 Total Garbage Bytes: 1196583487 bytes
2026/04/19-19:55:30.443296 1284 [DEBUG] Syncing metadata for: /db_working_home/000360.sst
2026/04/19-19:55:30.444310 1284 [DEBUG] Syncing metadata for: /db_working_home/000360.sst
2026/04/19-19:55:30.445362 1284 [DEBUG] GetFileSize: /db_working_home/000360.sst 
2026/04/19-19:55:30.446741 1284 [DEBUG] New random access file: /db_working_home/000357.sst direct: 1
2026/04/19-19:55:30.447294 1284 [DEBUG] GetFileSize: /db_working_home/000357.sst 
2026/04/19-19:55:30.447460 1284 [DEBUG] New random access file: /db_working_home/000360.sst direct: 1
2026/04/19-19:55:30.447990 1284 [DEBUG] GetFileSize: /db_working_home/000360.sst 
2026/04/19-19:55:30.448873 1284 [DEBUG] Syncing metadata for: /db_working_home/MANIFEST-000194
2026/04/19-19:55:30.450631 1284 [DEBUG] Syncing metadata for: /db_working_home/MANIFEST-000194
2026/04/19-19:55:30.452389 1284 [DEBUG] Syncing metadata for: /db_working_home/MANIFEST-000194
2026/04/19-19:55:30.885966 1285 [DEBUG] Allocating zone(new=0) start: 0xf8000000 wp: 0xf96df200 lt: 5 file lt: 3
2026/04/19-19:55:30.885985 1285 [Zonestats:time(s),used_cap(MB),reclaimable_cap(MB), avg_reclaimable(%), active(#), active_zones(#), open_zones(#)] 121 2017 2718 57 8 8 4
2026/04/19-19:55:30.885994 1285 [DEBUG] Syncing metadata for: /db_working_home/000362.sst
2026/04/19-19:55:31.029464 1285 [DEBUG] Syncing metadata for: /db_working_home/000362.sst
2026/04/19-19:55:31.030042 1285 [DEBUG] Syncing metadata for: /db_working_home/000362.sst
2026/04/19-19:55:31.030779 1285 [DEBUG] New random access file: /db_working_home/000362.sst direct: 1
2026/04/19-19:55:31.030955 1285 [DEBUG] GetFileSize: /db_working_home/000362.sst 
2026/04/19-19:55:31.033414 1285 [DEBUG] Syncing metadata for: /db_working_home/MANIFEST-000194
2026/04/19-19:55:31.034071 1285 [DEBUG] GetFileSize: /db_working_home/000362.sst 
2026/04/19-19:55:31.038846 1285 [DEBUG] Syncing metadata for: /db_working_home/000358.log
2026/04/19-19:55:31.041976 1285 [DEBUG] DeleteFile: ./db_working_home/000339.sst 
2026/04/19-19:55:31.044843 1285 [Zonestats:time(s),used_cap(MB),reclaimable_cap(MB), avg_reclaimable(%), active(#), active_zones(#), open_zones(#)] 122 1974 2761 58 8 8 2
2026/04/19-19:55:31.044898 1285 [DEBUG] DeleteFile: ./db_working_home/000351.sst 
2026/04/19-19:55:31.046979 1284 [DEBUG] New writable file: /db_working_home/000363.sst direct: 1
2026/04/19-19:55:31.047428 1285 [Zonestats:time(s),used_cap(MB),reclaimable_cap(MB), avg_reclaimable(%), active(#), active_zones(#), open_zones(#)] 122 1928 2807 59 8 8 2
2026/04/19-19:55:31.047480 1285 [DEBUG] DeleteFile: ./db_working_home/000358.log 
2026/04/19-19:55:31.048913 1285 [Zonestats:time(s),used_cap(MB),reclaimable_cap(MB), avg_reclaimable(%), active(#), active_zones(#), open_zones(#)] 122 1912 2823 59 8 8 2
2026/04/19-19:55:31.050569 1284 Entering Apply Finish Threshold Function
2026/04/19-19:55:31.050593 1284 [DEBUG] Allocating zone(new=0) start: 0x108000000 wp: 0x10c402400 lt: 5 file lt: 3
2026/04/19-19:55:31.050600 1284 [Zonestats:time(s),used_cap(MB),reclaimable_cap(MB), avg_reclaimable(%), active(#), active_zones(#), open_zones(#)] 122 1912 2823 59 8 8 3
2026/04/19-19:55:31.050607 1284 [DEBUG] Syncing metadata for: /db_working_home/000363.sst
2026/04/19-19:55:31.424810 1283 Total Garbage Bytes this interval: 1331408789 bytes
2026/04/19-19:55:31.424828 1283 Cumulative Average Garbage Bytes (over 121 intervals): 649837269 bytes
2026/04/19-19:55:31.424848 1283 Zone Garbage Stats: [88 9 2 1 1 6 3 1 1 5 5 0 ]
2026/04/19-19:55:31.424852 1283 Total Garbage Bytes: 1331408789 bytes
2026/04/19-19:55:31.542135 1284 [DEBUG] Syncing metadata for: /db_working_home/000363.sst
2026/04/19-19:55:31.542720 1284 [DEBUG] Syncing metadata for: /db_working_home/000363.sst
2026/04/19-19:55:31.543528 1284 [DEBUG] GetFileSize: /db_working_home/000363.sst 
2026/04/19-19:55:31.543561 1284 [DEBUG] New writable file: /db_working_home/000364.sst direct: 1
2026/04/19-19:55:31.544343 1284 Entering Apply Finish Threshold Function
2026/04/19-19:55:31.544352 1284 Finishing zone: Entering Finish()
2026/04/19-19:55:31.572914 1282 [DEBUG] New writable file: /db_working_home/000365.log direct: 0
2026/04/19-19:55:31.574121 1285 [DEBUG] New writable file: /db_working_home/000366.sst direct: 1
2026/04/19-19:55:31.576243 1285 Entering Apply Finish Threshold Function
2026/04/19-19:55:31.576256 1285 [DEBUG] Allocating zone(new=0) start: 0xf8000000 wp: 0xfa635400 lt: 5 file lt: 3
2026/04/19-19:55:31.576261 1285 [Zonestats:time(s),used_cap(MB),reclaimable_cap(MB), avg_reclaimable(%), active(#), active_zones(#), open_zones(#)] 122 1962 2773 58 8 8 3
2026/04/19-19:55:31.576264 1285 [DEBUG] Syncing metadata for: /db_working_home/000366.sst
2026/04/19-19:55:31.721016 1285 [DEBUG] Syncing metadata for: /db_working_home/000366.sst
2026/04/19-19:55:31.721979 1285 [DEBUG] Syncing metadata for: /db_working_home/000366.sst
2026/04/19-19:55:31.723150 1285 [DEBUG] New random access file: /db_working_home/000366.sst direct: 1
2026/04/19-19:55:31.723729 1285 [DEBUG] GetFileSize: /db_working_home/000366.sst 
2026/04/19-19:55:31.726012 1285 [DEBUG] Syncing metadata for: /db_working_home/MANIFEST-000194
2026/04/19-19:55:31.726938 1285 [DEBUG] GetFileSize: /db_working_home/000366.sst 
2026/04/19-19:55:31.732781 1285 [DEBUG] Syncing metadata for: /db_working_home/000361.log
2026/04/19-19:55:31.733639 1285 [DEBUG] DeleteFile: ./db_working_home/000361.log 
2026/04/19-19:55:31.734646 1285 [Zonestats:time(s),used_cap(MB),reclaimable_cap(MB), avg_reclaimable(%), active(#), active_zones(#), open_zones(#)] 122 1962 2773 58 8 8 1
2026/04/19-19:55:31.746869 1282 [DEBUG] Allocating zone(new=0) start: 0xf8000000 wp: 0xfb58aa00 lt: 5 file lt: 2
2026/04/19-19:55:31.746880 1282 [DEBUG] Syncing metadata for: /db_working_home/000365.log
2026/04/19-19:55:31.827989 1284 [DEBUG] Allocating zone(new=0) start: 0xe0000000 wp: 0xe4e2ae00 lt: 5 file lt: 3
2026/04/19-19:55:31.828004 1284 [Zonestats:time(s),used_cap(MB),reclaimable_cap(MB), avg_reclaimable(%), active(#), active_zones(#), open_zones(#)] 122 1964 2771 58 7 7 3
2026/04/19-19:55:31.828013 1284 [DEBUG] Syncing metadata for: /db_working_home/000364.sst
2026/04/19-19:55:31.829135 1284 [DEBUG] Syncing metadata for: /db_working_home/000364.sst
2026/04/19-19:55:31.829690 1284 [DEBUG] Syncing metadata for: /db_working_home/000364.sst
2026/04/19-19:55:31.830577 1284 [DEBUG] GetFileSize: /db_working_home/000364.sst 
2026/04/19-19:55:31.831673 1284 [DEBUG] New random access file: /db_working_home/000363.sst direct: 1
2026/04/19-19:55:31.831880 1284 [DEBUG] GetFileSize: /db_working_home/000363.sst 
2026/04/19-19:55:31.832041 1284 [DEBUG] New random access file: /db_working_home/000364.sst direct: 1
2026/04/19-19:55:31.832205 1284 [DEBUG] GetFileSize: /db_working_home/000364.sst 
2026/04/19-19:55:31.833062 1284 [DEBUG] Syncing metadata for: /db_working_home/MANIFEST-000194
2026/04/19-19:55:31.839281 1284 [DEBUG] New writable file: /db_working_home/000367.sst direct: 1
2026/04/19-19:55:31.843160 1284 Entering Apply Finish Threshold Function
2026/04/19-19:55:31.843171 1284 Finishing zone: Entering Finish()
2026/04/19-19:55:32.425026 1283 Total Garbage Bytes this interval: 1386632125 bytes
2026/04/19-19:55:32.425043 1283 Cumulative Average Garbage Bytes (over 122 intervals): 655876572 bytes
2026/04/19-19:55:32.425080 1283 Zone Garbage Stats: [88 8 2 1 1 6 4 1 1 5 5 0 ]
2026/04/19-19:55:32.425085 1283 Total Garbage Bytes: 1386632125 bytes
2026/04/19-19:55:32.458426 1284 [DEBUG] Allocating zone(new=0) start: 0xc0000000 wp: 0xc0031200 lt: 5 file lt: 4
2026/04/19-19:55:32.458442 1284 [Zonestats:time(s),used_cap(MB),reclaimable_cap(MB), avg_reclaimable(%), active(#), active_zones(#), open_zones(#)] 123 1977 2758 58 6 6 3
2026/04/19-19:55:32.458451 1284 [DEBUG] Syncing metadata for: /db_working_home/000367.sst
2026/04/19-19:55:32.511215 1282 [DEBUG] New writable file: /db_working_home/000368.log direct: 0
2026/04/19-19:55:32.512182 1285 [DEBUG] New writable file: /db_working_home/000369.sst direct: 1
2026/04/19-19:55:32.521766 1285 Entering Apply Finish Threshold Function
2026/04/19-19:55:32.521793 1285 [DEBUG] Allocating zone(new=0) start: 0x60000000 wp: 0x6401a600 lt: 5 file lt: 3
2026/04/19-19:55:32.521801 1285 [Zonestats:time(s),used_cap(MB),reclaimable_cap(MB), avg_reclaimable(%), active(#), active_zones(#), open_zones(#)] 123 1977 2758 58 6 6 4
2026/04/19-19:55:32.521808 1285 [DEBUG] Syncing metadata for: /db_working_home/000369.sst
2026/04/19-19:55:32.722457 1285 [DEBUG] Syncing metadata for: /db_working_home/000369.sst
2026/04/19-19:55:32.730270 1285 [DEBUG] Syncing metadata for: /db_working_home/000369.sst
2026/04/19-19:55:32.730929 1285 [DEBUG] New random access file: /db_working_home/000369.sst direct: 1
2026/04/19-19:55:32.731202 1285 [DEBUG] GetFileSize: /db_working_home/000369.sst 
2026/04/19-19:55:32.739568 1285 [DEBUG] Syncing metadata for: /db_working_home/MANIFEST-000194
2026/04/19-19:55:32.740246 1285 [DEBUG] GetFileSize: /db_working_home/000369.sst 
2026/04/19-19:55:32.745019 1285 [DEBUG] Syncing metadata for: /db_working_home/000365.log
2026/04/19-19:55:32.748014 1285 [DEBUG] DeleteFile: ./db_working_home/000354.sst 
2026/04/19-19:55:32.755844 1285 [Zonestats:time(s),used_cap(MB),reclaimable_cap(MB), avg_reclaimable(%), active(#), active_zones(#), open_zones(#)] 123 1978 2629 57 6 6 2
2026/04/19-19:55:32.755900 1285 [DEBUG] DeleteFile: ./db_working_home/000359.sst 
2026/04/19-19:55:32.756478 1285 [Zonestats:time(s),used_cap(MB),reclaimable_cap(MB), avg_reclaimable(%), active(#), active_zones(#), open_zones(#)] 123 1963 2644 57 6 6 2
2026/04/19-19:55:32.756513 1285 [DEBUG] DeleteFile: ./db_working_home/000362.sst 
2026/04/19-19:55:32.757139 1285 [Zonestats:time(s),used_cap(MB),reclaimable_cap(MB), avg_reclaimable(%), active(#), active_zones(#), open_zones(#)] 123 1947 2660 57 6 6 2
2026/04/19-19:55:32.757170 1285 [DEBUG] DeleteFile: ./db_working_home/000365.log 
2026/04/19-19:55:32.765112 1285 [Zonestats:time(s),used_cap(MB),reclaimable_cap(MB), avg_reclaimable(%), active(#), active_zones(#), open_zones(#)] 123 1932 2675 58 6 6 2
2026/04/19-19:55:32.774612 1282 [DEBUG] Allocating zone(new=0) start: 0xf8000000 wp: 0xfc523200 lt: 5 file lt: 2
2026/04/19-19:55:32.774624 1282 [DEBUG] Syncing metadata for: /db_working_home/000368.log
2026/04/19-19:55:33.295730 1284 [DEBUG] Syncing metadata for: /db_working_home/000367.sst
2026/04/19-19:55:33.296310 1284 [DEBUG] Syncing metadata for: /db_working_home/000367.sst
2026/04/19-19:55:33.297181 1284 [DEBUG] GetFileSize: /db_working_home/000367.sst 
2026/04/19-19:55:33.298253 1284 [DEBUG] New random access file: /db_working_home/000367.sst direct: 1
2026/04/19-19:55:33.298635 1284 [DEBUG] GetFileSize: /db_working_home/000367.sst 
2026/04/19-19:55:33.299699 1284 [DEBUG] Syncing metadata for: /db_working_home/MANIFEST-000194
2026/04/19-19:55:33.301071 1284 [DEBUG] Syncing metadata for: /db_working_home/MANIFEST-000194
2026/04/19-19:55:33.301746 1284 [DEBUG] DeleteFile: ./db_working_home/000360.sst 
2026/04/19-19:55:33.302318 1284 [Zonestats:time(s),used_cap(MB),reclaimable_cap(MB), avg_reclaimable(%), active(#), active_zones(#), open_zones(#)] 124 1981 2626 57 6 6 2
2026/04/19-19:55:33.302355 1284 [DEBUG] DeleteFile: ./db_working_home/000363.sst 
2026/04/19-19:55:33.302962 1284 [Zonestats:time(s),used_cap(MB),reclaimable_cap(MB), avg_reclaimable(%), active(#), active_zones(#), open_zones(#)] 124 1935 2672 57 6 6 2
2026/04/19-19:55:33.308422 1284 [DEBUG] New writable file: /db_working_home/000370.sst direct: 1
2026/04/19-19:55:33.311437 1284 Entering Apply Finish Threshold Function
2026/04/19-19:55:33.311447 1284 Finishing zone: Entering Finish()
2026/04/19-19:55:33.425259 1283 Total Garbage Bytes this interval: 1394813521 bytes
2026/04/19-19:55:33.425275 1283 Cumulative Average Garbage Bytes (over 123 intervals): 661884189 bytes
2026/04/19-19:55:33.425295 1283 Zone Garbage Stats: [89 7 2 1 1 6 4 1 1 4 6 0 ]
2026/04/19-19:55:33.425299 1283 Total Garbage Bytes: 1394813521 bytes
2026/04/19-19:55:33.838537 1282 [DEBUG] New writable file: /db_working_home/000371.log direct: 0
2026/04/19-19:55:33.839815 1285 [DEBUG] New writable file: /db_working_home/000372.sst direct: 1
2026/04/19-19:55:33.841807 1285 Entering Apply Finish Threshold Function
2026/04/19-19:55:33.841820 1285 [DEBUG] Allocating zone(new=0) start: 0xc0000000 wp: 0xc4404800 lt: 5 file lt: 3
2026/04/19-19:55:33.841824 1285 [Zonestats:time(s),used_cap(MB),reclaimable_cap(MB), avg_reclaimable(%), active(#), active_zones(#), open_zones(#)] 124 1946 2661 57 6 6 3
2026/04/19-19:55:33.841828 1285 [DEBUG] Syncing metadata for: /db_working_home/000372.sst
2026/04/19-19:55:33.985860 1285 [DEBUG] Syncing metadata for: /db_working_home/000372.sst
2026/04/19-19:55:33.986840 1285 [DEBUG] Syncing metadata for: /db_working_home/000372.sst
2026/04/19-19:55:33.988001 1285 [DEBUG] New random access file: /db_working_home/000372.sst direct: 1
2026/04/19-19:55:33.988589 1285 [DEBUG] GetFileSize: /db_working_home/000372.sst 
2026/04/19-19:55:33.990870 1285 [DEBUG] Syncing metadata for: /db_working_home/MANIFEST-000194
2026/04/19-19:55:33.992072 1285 [DEBUG] GetFileSize: /db_working_home/000372.sst 
2026/04/19-19:55:33.997223 1285 [DEBUG] Syncing metadata for: /db_working_home/000368.log
2026/04/19-19:55:33.998336 1285 [DEBUG] DeleteFile: ./db_working_home/000368.log 
2026/04/19-19:55:33.999299 1285 [Zonestats:time(s),used_cap(MB),reclaimable_cap(MB), avg_reclaimable(%), active(#), active_zones(#), open_zones(#)] 124 1946 2661 57 6 6 1
2026/04/19-19:55:34.002769 1282 [DEBUG] Allocating zone(new=0) start: 0xf8000000 wp: 0xfd4bc200 lt: 5 file lt: 2
2026/04/19-19:55:34.002780 1282 [DEBUG] Syncing metadata for: /db_working_home/000371.log
2026/04/19-19:55:34.018920 1284 Finishing zone: Entering Finish()
2026/04/19-19:55:34.425473 1283 Total Garbage Bytes this interval: 1394813681 bytes
2026/04/19-19:55:34.425589 1283 Cumulative Average Garbage Bytes (over 124 intervals): 667794911 bytes
2026/04/19-19:55:34.425609 1283 Zone Garbage Stats: [89 6 2 1 2 6 4 1 1 4 6 0 ]
2026/04/19-19:55:34.425613 1283 Total Garbage Bytes: 1394813681 bytes
2026/04/19-19:55:34.552496 1284 [DEBUG] Allocating zone(new=1) start: 0x100000000 wp: 0x100000000 lt: 5 file lt: 5
2026/04/19-19:55:34.552514 1284 [Zonestats:time(s),used_cap(MB),reclaimable_cap(MB), avg_reclaimable(%), active(#), active_zones(#), open_zones(#)] 125 1956 2651 57 4 5 3
2026/04/19-19:55:34.552523 1284 [DEBUG] Syncing metadata for: /db_working_home/000370.sst
2026/04/19-19:55:35.393966 1282 [DEBUG] New writable file: /db_working_home/000373.log direct: 0
2026/04/19-19:55:35.395502 1285 [DEBUG] New writable file: /db_working_home/000374.sst direct: 1
2026/04/19-19:55:35.400302 1285 Entering Apply Finish Threshold Function
2026/04/19-19:55:35.400330 1285 [DEBUG] Allocating zone(new=0) start: 0x38000000 wp: 0x3c01c400 lt: 5 file lt: 3
2026/04/19-19:55:35.400338 1285 [Zonestats:time(s),used_cap(MB),reclaimable_cap(MB), avg_reclaimable(%), active(#), active_zones(#), open_zones(#)] 126 1961 2646 57 5 5 4
2026/04/19-19:55:35.400345 1285 [DEBUG] Syncing metadata for: /db_working_home/000374.sst
2026/04/19-19:55:35.425787 1283 Total Garbage Bytes this interval: 1394813884 bytes
2026/04/19-19:55:35.425801 1283 Cumulative Average Garbage Bytes (over 125 intervals): 673611063 bytes
2026/04/19-19:55:35.425820 1283 Zone Garbage Stats: [88 5 2 1 3 6 4 1 1 4 6 0 ]
2026/04/19-19:55:35.425824 1283 Total Garbage Bytes: 1394813884 bytes
2026/04/19-19:55:35.606566 1285 [DEBUG] Syncing metadata for: /db_working_home/000374.sst
2026/04/19-19:55:35.614317 1285 [DEBUG] Syncing metadata for: /db_working_home/000374.sst
2026/04/19-19:55:35.614990 1285 [DEBUG] New random access file: /db_working_home/000374.sst direct: 1
2026/04/19-19:55:35.615169 1285 [DEBUG] GetFileSize: /db_working_home/000374.sst 
2026/04/19-19:55:35.623916 1285 [DEBUG] Syncing metadata for: /db_working_home/MANIFEST-000194
2026/04/19-19:55:35.624696 1285 [DEBUG] GetFileSize: /db_working_home/000374.sst 
2026/04/19-19:55:35.631461 1285 [DEBUG] Syncing metadata for: /db_working_home/000371.log
2026/04/19-19:55:35.639466 1285 [DEBUG] DeleteFile: ./db_working_home/000371.log 
2026/04/19-19:55:35.640045 1285 [Zonestats:time(s),used_cap(MB),reclaimable_cap(MB), avg_reclaimable(%), active(#), active_zones(#), open_zones(#)] 126 1962 2645 57 5 5 2
2026/04/19-19:55:35.682710 1282 [DEBUG] Allocating zone(new=0) start: 0xf8000000 wp: 0xfe455200 lt: 5 file lt: 2
2026/04/19-19:55:35.682723 1282 [DEBUG] Syncing metadata for: /db_working_home/000373.log
2026/04/19-19:55:35.759802 1284 [DEBUG] Syncing metadata for: /db_working_home/000370.sst
2026/04/19-19:55:35.760382 1284 [DEBUG] Syncing metadata for: /db_working_home/000370.sst
2026/04/19-19:55:35.761087 1284 [DEBUG] GetFileSize: /db_working_home/000370.sst 
2026/04/19-19:55:35.761134 1284 [DEBUG] New writable file: /db_working_home/000375.sst direct: 1
2026/04/19-19:55:35.766682 1284 Entering Apply Finish Threshold Function
2026/04/19-19:55:35.766694 1284 Finishing zone: Entering Finish()
2026/04/19-19:55:36.346748 1284 Finishing zone: Entering Finish()
2026/04/19-19:55:36.426013 1283 Total Garbage Bytes this interval: 1394814376 bytes
2026/04/19-19:55:36.426030 1283 Cumulative Average Garbage Bytes (over 126 intervals): 679334898 bytes
2026/04/19-19:55:36.426051 1283 Zone Garbage Stats: [88 5 2 1 4 6 4 1 1 4 6 0 ]
2026/04/19-19:55:36.426055 1283 Total Garbage Bytes: 1394814376 bytes
2026/04/19-19:55:36.630564 1282 [DEBUG] New writable file: /db_working_home/000376.log direct: 0
2026/04/19-19:55:36.631643 1285 [DEBUG] New writable file: /db_working_home/000377.sst direct: 1
2026/04/19-19:55:36.634666 1285 Entering Apply Finish Threshold Function
2026/04/19-19:55:36.634692 1285 [DEBUG] Allocating zone(new=1) start: 0x118000000 wp: 0x118000000 lt: 3 file lt: 3
2026/04/19-19:55:36.634699 1285 [Zonestats:time(s),used_cap(MB),reclaimable_cap(MB), avg_reclaimable(%), active(#), active_zones(#), open_zones(#)] 127 2078 2657 56 4 5 3
2026/04/19-19:55:36.634706 1285 [DEBUG] Syncing metadata for: /db_working_home/000377.sst
2026/04/19-19:55:36.705034 1284 [DEBUG] Allocating zone(new=1) start: 0x130000000 wp: 0x130000000 lt: 5 file lt: 5
2026/04/19-19:55:36.705050 1284 [Zonestats:time(s),used_cap(MB),reclaimable_cap(MB), avg_reclaimable(%), active(#), active_zones(#), open_zones(#)] 127 2078 2657 56 4 5 4
2026/04/19-19:55:36.705059 1284 [DEBUG] Syncing metadata for: /db_working_home/000375.sst
2026/04/19-19:55:36.819828 1285 [DEBUG] Syncing metadata for: /db_working_home/000377.sst
2026/04/19-19:55:36.822570 1285 [DEBUG] Syncing metadata for: /db_working_home/000377.sst
2026/04/19-19:55:36.823225 1285 [DEBUG] New random access file: /db_working_home/000377.sst direct: 1
2026/04/19-19:55:36.830283 1285 [DEBUG] GetFileSize: /db_working_home/000377.sst 
2026/04/19-19:55:36.832601 1285 [DEBUG] Syncing metadata for: /db_working_home/MANIFEST-000194
2026/04/19-19:55:36.840348 1285 [DEBUG] GetFileSize: /db_working_home/000377.sst 
2026/04/19-19:55:36.845146 1285 [DEBUG] Syncing metadata for: /db_working_home/000373.log
2026/04/19-19:55:36.848122 1285 [DEBUG] DeleteFile: ./db_working_home/000373.log 
2026/04/19-19:55:36.855759 1285 [Zonestats:time(s),used_cap(MB),reclaimable_cap(MB), avg_reclaimable(%), active(#), active_zones(#), open_zones(#)] 127 2079 2784 57 5 5 2
2026/04/19-19:55:36.886673 1282 [DEBUG] Allocating zone(new=0) start: 0x118000000 wp: 0x118f57a00 lt: 3 file lt: 2
2026/04/19-19:55:36.886686 1282 [DEBUG] Syncing metadata for: /db_working_home/000376.log
2026/04/19-19:55:37.245361 1284 [DEBUG] Syncing metadata for: /db_working_home/000375.sst
2026/04/19-19:55:37.245941 1284 [DEBUG] Syncing metadata for: /db_working_home/000375.sst
2026/04/19-19:55:37.246651 1284 [DEBUG] GetFileSize: /db_working_home/000375.sst 
2026/04/19-19:55:37.248058 1284 [DEBUG] New random access file: /db_working_home/000370.sst direct: 1
2026/04/19-19:55:37.248380 1284 [DEBUG] GetFileSize: /db_working_home/000370.sst 
2026/04/19-19:55:37.248555 1284 [DEBUG] New random access file: /db_working_home/000375.sst direct: 1
2026/04/19-19:55:37.248785 1284 [DEBUG] GetFileSize: /db_working_home/000375.sst 
2026/04/19-19:55:37.249692 1284 [DEBUG] Syncing metadata for: /db_working_home/MANIFEST-000194
2026/04/19-19:55:37.251284 1284 [DEBUG] Syncing metadata for: /db_working_home/MANIFEST-000194
2026/04/19-19:55:37.252152 1284 [DEBUG] DeleteFile: ./db_working_home/000357.sst 
2026/04/19-19:55:37.259750 1284 [Zonestats:time(s),used_cap(MB),reclaimable_cap(MB), avg_reclaimable(%), active(#), active_zones(#), open_zones(#)] 128 2046 2817 57 5 5 2
2026/04/19-19:55:37.259804 1284 [DEBUG] DeleteFile: ./db_working_home/000367.sst 
2026/04/19-19:55:37.260519 1284 [Zonestats:time(s),used_cap(MB),reclaimable_cap(MB), avg_reclaimable(%), active(#), active_zones(#), open_zones(#)] 128 1978 2885 59 5 5 2
2026/04/19-19:55:37.271528 1284 [DEBUG] New writable file: /db_working_home/000378.sst direct: 1
2026/04/19-19:55:37.277585 1284 Entering Apply Finish Threshold Function
2026/04/19-19:55:37.277598 1284 Finishing zone: Entering Finish()
2026/04/19-19:55:37.419717 1284 [DEBUG] Allocating zone(new=0) start: 0x130000000 wp: 0x132ce9800 lt: 5 file lt: 3
2026/04/19-19:55:37.419731 1284 [Zonestats:time(s),used_cap(MB),reclaimable_cap(MB), avg_reclaimable(%), active(#), active_zones(#), open_zones(#)] 128 1980 2883 59 4 4 3
2026/04/19-19:55:37.419738 1284 [DEBUG] Syncing metadata for: /db_working_home/000378.sst
2026/04/19-19:55:37.426224 1283 Total Garbage Bytes this interval: 1571212565 bytes
2026/04/19-19:55:37.426237 1283 Cumulative Average Garbage Bytes (over 127 intervals): 686357557 bytes
2026/04/19-19:55:37.426256 1283 Zone Garbage Stats: [87 5 2 2 2 6 4 1 1 6 6 0 ]
2026/04/19-19:55:37.426259 1283 Total Garbage Bytes: 1571212565 bytes
2026/04/19-19:55:38.274848 1284 [DEBUG] Syncing metadata for: /db_working_home/000378.sst
2026/04/19-19:55:38.275438 1284 [DEBUG] Syncing metadata for: /db_working_home/000378.sst
2026/04/19-19:55:38.276162 1284 [DEBUG] GetFileSize: /db_working_home/000378.sst 
2026/04/19-19:55:38.276197 1284 [DEBUG] New writable file: /db_working_home/000379.sst direct: 1
2026/04/19-19:55:38.276957 1284 Entering Apply Finish Threshold Function
2026/04/19-19:55:38.276966 1284 Finishing zone: Entering Finish()
2026/04/19-19:55:38.367570 1284 [DEBUG] Allocating zone(new=1) start: 0x120000000 wp: 0x120000000 lt: 3 file lt: 3
2026/04/19-19:55:38.367588 1284 [Zonestats:time(s),used_cap(MB),reclaimable_cap(MB), avg_reclaimable(%), active(#), active_zones(#), open_zones(#)] 129 2061 2802 57 3 4 3
2026/04/19-19:55:38.367597 1284 [DEBUG] Syncing metadata for: /db_working_home/000379.sst
2026/04/19-19:55:38.371774 1284 [DEBUG] Syncing metadata for: /db_working_home/000379.sst
2026/04/19-19:55:38.372344 1284 [DEBUG] Syncing metadata for: /db_working_home/000379.sst
2026/04/19-19:55:38.373171 1284 [DEBUG] GetFileSize: /db_working_home/000379.sst 
2026/04/19-19:55:38.374405 1284 [DEBUG] New random access file: /db_working_home/000378.sst direct: 1
2026/04/19-19:55:38.374782 1284 [DEBUG] GetFileSize: /db_working_home/000378.sst 
2026/04/19-19:55:38.374955 1284 [DEBUG] New random access file: /db_working_home/000379.sst direct: 1
2026/04/19-19:55:38.375127 1284 [DEBUG] GetFileSize: /db_working_home/000379.sst 
2026/04/19-19:55:38.376002 1284 [DEBUG] Syncing metadata for: /db_working_home/MANIFEST-000194
2026/04/19-19:55:38.377396 1284 [DEBUG] Syncing metadata for: /db_working_home/MANIFEST-000194
2026/04/19-19:55:38.384959 1284 [DEBUG] DeleteFile: ./db_working_home/000366.sst 
2026/04/19-19:55:38.385576 1284 [Zonestats:time(s),used_cap(MB),reclaimable_cap(MB), avg_reclaimable(%), active(#), active_zones(#), open_zones(#)] 129 2047 2944 58 4 4 2
2026/04/19-19:55:38.385616 1284 [DEBUG] DeleteFile: ./db_working_home/000369.sst 
2026/04/19-19:55:38.386202 1284 [Zonestats:time(s),used_cap(MB),reclaimable_cap(MB), avg_reclaimable(%), active(#), active_zones(#), open_zones(#)] 129 2031 2960 59 4 4 2
2026/04/19-19:55:38.386235 1284 [DEBUG] DeleteFile: ./db_working_home/000372.sst 
2026/04/19-19:55:38.386925 1284 [Zonestats:time(s),used_cap(MB),reclaimable_cap(MB), avg_reclaimable(%), active(#), active_zones(#), open_zones(#)] 129 2016 2975 59 4 4 2
2026/04/19-19:55:38.386956 1284 [DEBUG] DeleteFile: ./db_working_home/000374.sst 
2026/04/19-19:55:38.387578 1284 [Zonestats:time(s),used_cap(MB),reclaimable_cap(MB), avg_reclaimable(%), active(#), active_zones(#), open_zones(#)] 129 2001 2990 59 4 4 2
2026/04/19-19:55:38.387608 1284 [DEBUG] DeleteFile: ./db_working_home/000377.sst 
2026/04/19-19:55:38.388156 1284 [Zonestats:time(s),used_cap(MB),reclaimable_cap(MB), avg_reclaimable(%), active(#), active_zones(#), open_zones(#)] 129 1985 3006 60 4 4 2
2026/04/19-19:55:38.389021 1284 [DEBUG] Syncing metadata for: /db_working_home/MANIFEST-000194
2026/04/19-19:55:38.390418 1284 [DEBUG] New writable file: /db_working_home/000380.sst direct: 1
2026/04/19-19:55:38.391222 1284 Entering Apply Finish Threshold Function
2026/04/19-19:55:38.391246 1284 [DEBUG] Allocating zone(new=1) start: 0x150000000 wp: 0x150000000 lt: 5 file lt: 5
2026/04/19-19:55:38.391252 1284 [Zonestats:time(s),used_cap(MB),reclaimable_cap(MB), avg_reclaimable(%), active(#), active_zones(#), open_zones(#)] 129 1985 3006 60 4 5 3
2026/04/19-19:55:38.391257 1284 [DEBUG] Syncing metadata for: /db_working_home/000380.sst
2026/04/19-19:55:38.395400 1284 [DEBUG] Syncing metadata for: /db_working_home/000380.sst
2026/04/19-19:55:38.395967 1284 [DEBUG] Syncing metadata for: /db_working_home/000380.sst
2026/04/19-19:55:38.396661 1284 [DEBUG] GetFileSize: /db_working_home/000380.sst 
2026/04/19-19:55:38.397940 1284 [DEBUG] New random access file: /db_working_home/000380.sst direct: 1
2026/04/19-19:55:38.398127 1284 [DEBUG] GetFileSize: /db_working_home/000380.sst 
2026/04/19-19:55:38.398920 1284 [DEBUG] Syncing metadata for: /db_working_home/MANIFEST-000194
2026/04/19-19:55:38.399774 1284 [DEBUG] DeleteFile: ./db_working_home/000343.sst 
2026/04/19-19:55:38.400320 1284 [Zonestats:time(s),used_cap(MB),reclaimable_cap(MB), avg_reclaimable(%), active(#), active_zones(#), open_zones(#)] 129 1985 3134 61 5 5 2
2026/04/19-19:55:38.400350 1284 [DEBUG] DeleteFile: ./db_working_home/000364.sst 
2026/04/19-19:55:38.400947 1284 [Zonestats:time(s),used_cap(MB),reclaimable_cap(MB), avg_reclaimable(%), active(#), active_zones(#), open_zones(#)] 129 1985 3134 61 5 5 2
2026/04/19-19:55:38.406279 1284 [DEBUG] New writable file: /db_working_home/000381.sst direct: 1
2026/04/19-19:55:38.409339 1284 Entering Apply Finish Threshold Function
2026/04/19-19:55:38.409364 1284 [DEBUG] Allocating zone(new=1) start: 0x158000000 wp: 0x158000000 lt: 5 file lt: 5
2026/04/19-19:55:38.409371 1284 [Zonestats:time(s),used_cap(MB),reclaimable_cap(MB), avg_reclaimable(%), active(#), active_zones(#), open_zones(#)] 129 1985 3134 61 5 6 3
2026/04/19-19:55:38.409377 1284 [DEBUG] Syncing metadata for: /db_working_home/000381.sst
2026/04/19-19:55:38.426429 1283 Total Garbage Bytes this interval: 1635548991 bytes
2026/04/19-19:55:38.426442 1283 Cumulative Average Garbage Bytes (over 128 intervals): 693773115 bytes
2026/04/19-19:55:38.426458 1283 Zone Garbage Stats: [84 8 2 2 0 8 4 1 1 4 8 0 ]
2026/04/19-19:55:38.426462 1283 Total Garbage Bytes: 1635548991 bytes
2026/04/19-19:55:38.769818 1282 [DEBUG] New writable file: /db_working_home/000382.log direct: 0
2026/04/19-19:55:38.770716 1285 [DEBUG] New writable file: /db_working_home/000383.sst direct: 1
2026/04/19-19:55:38.774398 1285 Entering Apply Finish Threshold Function
2026/04/19-19:55:38.774415 1285 [DEBUG] Allocating zone(new=0) start: 0x150000000 wp: 0x150001400 lt: 5 file lt: 3
2026/04/19-19:55:38.774419 1285 [Zonestats:time(s),used_cap(MB),reclaimable_cap(MB), avg_reclaimable(%), active(#), active_zones(#), open_zones(#)] 129 1988 3131 61 6 6 4
2026/04/19-19:55:38.774422 1285 [DEBUG] Syncing metadata for: /db_working_home/000383.sst
2026/04/19-19:55:38.979451 1285 [DEBUG] Syncing metadata for: /db_working_home/000383.sst
2026/04/19-19:55:38.987039 1285 [DEBUG] Syncing metadata for: /db_working_home/000383.sst
2026/04/19-19:55:38.987708 1285 [DEBUG] New random access file: /db_working_home/000383.sst direct: 1
2026/04/19-19:55:38.987887 1285 [DEBUG] GetFileSize: /db_working_home/000383.sst 
2026/04/19-19:55:38.991243 1285 [DEBUG] Syncing metadata for: /db_working_home/MANIFEST-000194
2026/04/19-19:55:38.991927 1285 [DEBUG] GetFileSize: /db_working_home/000383.sst 
2026/04/19-19:55:39.003802 1285 [DEBUG] Syncing metadata for: /db_working_home/000376.log
2026/04/19-19:55:39.006723 1285 [DEBUG] DeleteFile: ./db_working_home/000376.log 
2026/04/19-19:55:39.007440 1285 [Zonestats:time(s),used_cap(MB),reclaimable_cap(MB), avg_reclaimable(%), active(#), active_zones(#), open_zones(#)] 130 1989 3002 60 5 5 2
2026/04/19-19:55:39.024519 1282 [DEBUG] Allocating zone(new=0) start: 0x120000000 wp: 0x120000a00 lt: 3 file lt: 2
2026/04/19-19:55:39.024530 1282 [DEBUG] Syncing metadata for: /db_working_home/000382.log
2026/04/19-19:55:39.426589 1283 Total Garbage Bytes this interval: 1635549364 bytes
2026/04/19-19:55:39.426788 1283 Cumulative Average Garbage Bytes (over 129 intervals): 701073706 bytes
2026/04/19-19:55:39.426815 1283 Zone Garbage Stats: [85 7 2 2 0 8 4 1 1 4 8 0 ]
2026/04/19-19:55:39.426818 1283 Total Garbage Bytes: 1635549364 bytes
2026/04/19-19:55:39.945740 1284 Entering Apply Finish Threshold Function
2026/04/19-19:55:39.945772 1284 [DEBUG] Allocating zone(new=1) start: 0x118000000 wp: 0x118000000 lt: 5 file lt: 5
2026/04/19-19:55:39.945781 1284 [Zonestats:time(s),used_cap(MB),reclaimable_cap(MB), avg_reclaimable(%), active(#), active_zones(#), open_zones(#)] 130 2125 2994 58 4 5 3
2026/04/19-19:55:39.945787 1284 [DEBUG] Syncing metadata for: /db_working_home/000381.sst
2026/04/19-19:55:39.950997 1284 [DEBUG] Syncing metadata for: /db_working_home/000381.sst
2026/04/19-19:55:39.951577 1284 [DEBUG] Syncing metadata for: /db_working_home/000381.sst
2026/04/19-19:55:39.952367 1284 [DEBUG] GetFileSize: /db_working_home/000381.sst 
2026/04/19-19:55:39.952422 1284 [DEBUG] New writable file: /db_working_home/000384.sst direct: 1
2026/04/19-19:55:39.960504 1284 Entering Apply Finish Threshold Function
2026/04/19-19:55:39.960532 1284 [DEBUG] Allocating zone(new=1) start: 0x160000000 wp: 0x160000000 lt: 5 file lt: 5
2026/04/19-19:55:39.960540 1284 [Zonestats:time(s),used_cap(MB),reclaimable_cap(MB), avg_reclaimable(%), active(#), active_zones(#), open_zones(#)] 130 2125 3122 59 5 6 3
2026/04/19-19:55:39.960547 1284 [DEBUG] Syncing metadata for: /db_working_home/000384.sst
2026/04/19-19:55:40.427009 1283 Total Garbage Bytes this interval: 1635549573 bytes
2026/04/19-19:55:40.427025 1283 Cumulative Average Garbage Bytes (over 130 intervals): 708261982 bytes
2026/04/19-19:55:40.427044 1283 Zone Garbage Stats: [83 9 2 2 0 8 4 1 1 4 8 0 ]
2026/04/19-19:55:40.427048 1283 Total Garbage Bytes: 1635549573 bytes
2026/04/19-19:55:40.923850 1284 [DEBUG] Syncing metadata for: /db_working_home/000384.sst
2026/04/19-19:55:40.924441 1284 [DEBUG] Syncing metadata for: /db_working_home/000384.sst
2026/04/19-19:55:40.925160 1284 [DEBUG] GetFileSize: /db_working_home/000384.sst 
2026/04/19-19:55:40.926577 1284 [DEBUG] New random access file: /db_working_home/000381.sst direct: 1
2026/04/19-19:55:40.927114 1284 [DEBUG] GetFileSize: /db_working_home/000381.sst 
2026/04/19-19:55:40.927306 1284 [DEBUG] New random access file: /db_working_home/000384.sst direct: 1
2026/04/19-19:55:40.927577 1284 [DEBUG] GetFileSize: /db_working_home/000384.sst 
2026/04/19-19:55:40.928514 1284 [DEBUG] Syncing metadata for: /db_working_home/MANIFEST-000194
2026/04/19-19:55:40.934500 1284 [DEBUG] New writable file: /db_working_home/000385.sst direct: 1
2026/04/19-19:55:40.937370 1282 [DEBUG] New writable file: /db_working_home/000386.log direct: 0
2026/04/19-19:55:40.937639 1284 Entering Apply Finish Threshold Function
2026/04/19-19:55:40.937652 1284 Finishing zone: Entering Finish()
2026/04/19-19:55:40.938235 1285 [DEBUG] New writable file: /db_working_home/000387.sst direct: 1
2026/04/19-19:55:40.943872 1285 Entering Apply Finish Threshold Function
2026/04/19-19:55:40.943898 1285 [DEBUG] Allocating zone(new=0) start: 0x150000000 wp: 0x150f5aa00 lt: 5 file lt: 3
2026/04/19-19:55:40.943905 1285 [Zonestats:time(s),used_cap(MB),reclaimable_cap(MB), avg_reclaimable(%), active(#), active_zones(#), open_zones(#)] 131 2219 3156 58 6 6 3
2026/04/19-19:55:40.943912 1285 [DEBUG] Syncing metadata for: /db_working_home/000387.sst
2026/04/19-19:55:41.088149 1285 [DEBUG] Syncing metadata for: /db_working_home/000387.sst
2026/04/19-19:55:41.089146 1285 [DEBUG] Syncing metadata for: /db_working_home/000387.sst
2026/04/19-19:55:41.094351 1285 [DEBUG] New random access file: /db_working_home/000387.sst direct: 1
2026/04/19-19:55:41.094853 1285 [DEBUG] GetFileSize: /db_working_home/000387.sst 
2026/04/19-19:55:41.097763 1285 [DEBUG] Syncing metadata for: /db_working_home/MANIFEST-000194
2026/04/19-19:55:41.099002 1285 [DEBUG] GetFileSize: /db_working_home/000387.sst 
2026/04/19-19:55:41.104141 1285 [DEBUG] Syncing metadata for: /db_working_home/000382.log
2026/04/19-19:55:41.105330 1285 [DEBUG] DeleteFile: ./db_working_home/000370.sst 
2026/04/19-19:55:41.106244 1285 [Zonestats:time(s),used_cap(MB),reclaimable_cap(MB), avg_reclaimable(%), active(#), active_zones(#), open_zones(#)] 132 2133 3114 59 6 6 1
2026/04/19-19:55:41.106283 1285 [DEBUG] DeleteFile: ./db_working_home/000375.sst 
2026/04/19-19:55:41.106832 1285 [Zonestats:time(s),used_cap(MB),reclaimable_cap(MB), avg_reclaimable(%), active(#), active_zones(#), open_zones(#)] 132 2088 3159 60 6 6 1
2026/04/19-19:55:41.106862 1285 [DEBUG] DeleteFile: ./db_working_home/000378.sst 
2026/04/19-19:55:41.108013 1285 [Zonestats:time(s),used_cap(MB),reclaimable_cap(MB), avg_reclaimable(%), active(#), active_zones(#), open_zones(#)] 132 2013 3106 60 6 6 1
2026/04/19-19:55:41.108042 1285 [DEBUG] DeleteFile: ./db_working_home/000382.log 
2026/04/19-19:55:41.109021 1285 [Zonestats:time(s),used_cap(MB),reclaimable_cap(MB), avg_reclaimable(%), active(#), active_zones(#), open_zones(#)] 132 1997 3122 60 6 6 1
2026/04/19-19:55:41.111544 1282 [DEBUG] Allocating zone(new=0) start: 0x120000000 wp: 0x120f99e00 lt: 3 file lt: 2
2026/04/19-19:55:41.111555 1282 [DEBUG] Syncing metadata for: /db_working_home/000386.log
2026/04/19-19:55:41.427164 1283 Total Garbage Bytes this interval: 1635549164 bytes
2026/04/19-19:55:41.427193 1283 Cumulative Average Garbage Bytes (over 131 intervals): 715340510 bytes
2026/04/19-19:55:41.427212 1283 Zone Garbage Stats: [85 8 2 1 0 8 4 1 1 4 8 0 ]
2026/04/19-19:55:41.427216 1283 Total Garbage Bytes: 1635549164 bytes
2026/04/19-19:55:41.556291 1284 [DEBUG] Allocating zone(new=1) start: 0x100000000 wp: 0x100000000 lt: 5 file lt: 5
2026/04/19-19:55:41.556307 1284 [Zonestats:time(s),used_cap(MB),reclaimable_cap(MB), avg_reclaimable(%), active(#), active_zones(#), open_zones(#)] 132 2007 3112 60 5 6 3
2026/04/19-19:55:41.556316 1284 [DEBUG] Syncing metadata for: /db_working_home/000385.sst
2026/04/19-19:55:42.186104 1282 [DEBUG] New writable file: /db_working_home/000388.log direct: 0
2026/04/19-19:55:42.188281 1285 [DEBUG] New writable file: /db_working_home/000389.sst direct: 1
2026/04/19-19:55:42.191787 1285 Entering Apply Finish Threshold Function
2026/04/19-19:55:42.191814 1285 [DEBUG] Allocating zone(new=0) start: 0x150000000 wp: 0x151eb1600 lt: 5 file lt: 3
2026/04/19-19:55:42.191822 1285 [Zonestats:time(s),used_cap(MB),reclaimable_cap(MB), avg_reclaimable(%), active(#), active_zones(#), open_zones(#)] 133 2012 3107 60 6 6 4
2026/04/19-19:55:42.191828 1285 [DEBUG] Syncing metadata for: /db_working_home/000389.sst
2026/04/19-19:55:42.240888 1284 [DEBUG] Syncing metadata for: /db_working_home/000385.sst
2026/04/19-19:55:42.248563 1284 [DEBUG] Syncing metadata for: /db_working_home/000385.sst
2026/04/19-19:55:42.249293 1284 [DEBUG] GetFileSize: /db_working_home/000385.sst 
2026/04/19-19:55:42.249337 1284 [DEBUG] New writable file: /db_working_home/000390.sst direct: 1
2026/04/19-19:55:42.261599 1284 Entering Apply Finish Threshold Function
2026/04/19-19:55:42.261627 1284 [DEBUG] Allocating zone(new=1) start: 0x130000000 wp: 0x130000000 lt: 5 file lt: 5
2026/04/19-19:55:42.261634 1284 [Zonestats:time(s),used_cap(MB),reclaimable_cap(MB), avg_reclaimable(%), active(#), active_zones(#), open_zones(#)] 133 2071 3176 60 6 7 4
2026/04/19-19:55:42.261641 1284 [DEBUG] Syncing metadata for: /db_working_home/000390.sst
2026/04/19-19:55:42.376728 1285 [DEBUG] Syncing metadata for: /db_working_home/000389.sst
2026/04/19-19:55:42.381340 1285 [DEBUG] Syncing metadata for: /db_working_home/000389.sst
2026/04/19-19:55:42.381991 1285 [DEBUG] New random access file: /db_working_home/000389.sst direct: 1
2026/04/19-19:55:42.385341 1285 [DEBUG] GetFileSize: /db_working_home/000389.sst 
2026/04/19-19:55:42.392335 1285 [DEBUG] Syncing metadata for: /db_working_home/MANIFEST-000194
2026/04/19-19:55:42.396014 1285 [DEBUG] GetFileSize: /db_working_home/000389.sst 
2026/04/19-19:55:42.400796 1285 [DEBUG] Syncing metadata for: /db_working_home/000386.log
2026/04/19-19:55:42.405635 1285 [DEBUG] DeleteFile: ./db_working_home/000386.log 
2026/04/19-19:55:42.409275 1285 [Zonestats:time(s),used_cap(MB),reclaimable_cap(MB), avg_reclaimable(%), active(#), active_zones(#), open_zones(#)] 133 2071 3176 60 7 7 2
2026/04/19-19:55:42.421718 1282 [DEBUG] Allocating zone(new=0) start: 0x120000000 wp: 0x121f32600 lt: 3 file lt: 2
2026/04/19-19:55:42.421730 1282 [DEBUG] Syncing metadata for: /db_working_home/000388.log
2026/04/19-19:55:42.427385 1283 Total Garbage Bytes this interval: 1635549878 bytes
2026/04/19-19:55:42.427397 1283 Cumulative Average Garbage Bytes (over 132 intervals): 722311793 bytes
2026/04/19-19:55:42.427414 1283 Zone Garbage Stats: [83 9 2 1 1 8 4 1 1 4 8 0 ]
2026/04/19-19:55:42.427418 1283 Total Garbage Bytes: 1635549878 bytes
2026/04/19-19:55:43.037013 1284 [DEBUG] Syncing metadata for: /db_working_home/000390.sst
2026/04/19-19:55:43.037589 1284 [DEBUG] Syncing metadata for: /db_working_home/000390.sst
2026/04/19-19:55:43.038423 1284 [DEBUG] GetFileSize: /db_working_home/000390.sst 
2026/04/19-19:55:43.038459 1284 [DEBUG] New writable file: /db_working_home/000391.sst direct: 1
2026/04/19-19:55:43.044212 1284 Entering Apply Finish Threshold Function
2026/04/19-19:55:43.044242 1284 [DEBUG] Allocating zone(new=1) start: 0x168000000 wp: 0x168000000 lt: 5 file lt: 5
2026/04/19-19:55:43.044250 1284 [Zonestats:time(s),used_cap(MB),reclaimable_cap(MB), avg_reclaimable(%), active(#), active_zones(#), open_zones(#)] 134 2135 3240 60 7 8 3
2026/04/19-19:55:43.044257 1284 [DEBUG] Syncing metadata for: /db_working_home/000391.sst
2026/04/19-19:55:43.427590 1283 Total Garbage Bytes this interval: 1635550171 bytes
2026/04/19-19:55:43.427607 1283 Cumulative Average Garbage Bytes (over 133 intervals): 729178247 bytes
2026/04/19-19:55:43.427627 1283 Zone Garbage Stats: [82 10 2 1 1 8 4 1 1 4 8 0 ]
2026/04/19-19:55:43.427631 1283 Total Garbage Bytes: 1635550171 bytes
2026/04/19-19:55:44.118306 1284 [DEBUG] Syncing metadata for: /db_working_home/000391.sst
2026/04/19-19:55:44.118899 1284 [DEBUG] Syncing metadata for: /db_working_home/000391.sst
2026/04/19-19:55:44.119739 1284 [DEBUG] GetFileSize: /db_working_home/000391.sst 
2026/04/19-19:55:44.119774 1284 [DEBUG] New writable file: /db_working_home/000392.sst direct: 1
2026/04/19-19:55:44.122887 1284 Entering Apply Finish Threshold Function
2026/04/19-19:55:44.122899 1284 Finishing zone: Entering Finish()
2026/04/19-19:55:44.127144 1282 [DEBUG] New writable file: /db_working_home/000393.log direct: 0
2026/04/19-19:55:44.128220 1285 [DEBUG] New writable file: /db_working_home/000394.sst direct: 1
2026/04/19-19:55:44.131273 1285 Entering Apply Finish Threshold Function
2026/04/19-19:55:44.131298 1285 [DEBUG] Allocating zone(new=0) start: 0x150000000 wp: 0x152e05c00 lt: 5 file lt: 3
2026/04/19-19:55:44.131305 1285 [Zonestats:time(s),used_cap(MB),reclaimable_cap(MB), avg_reclaimable(%), active(#), active_zones(#), open_zones(#)] 135 2232 3271 59 8 8 3
2026/04/19-19:55:44.131311 1285 [DEBUG] Syncing metadata for: /db_working_home/000394.sst
2026/04/19-19:55:44.275458 1285 [DEBUG] Syncing metadata for: /db_working_home/000394.sst
2026/04/19-19:55:44.276472 1285 [DEBUG] Syncing metadata for: /db_working_home/000394.sst
2026/04/19-19:55:44.277636 1285 [DEBUG] New random access file: /db_working_home/000394.sst direct: 1
2026/04/19-19:55:44.278222 1285 [DEBUG] GetFileSize: /db_working_home/000394.sst 
2026/04/19-19:55:44.280551 1285 [DEBUG] Syncing metadata for: /db_working_home/MANIFEST-000194
2026/04/19-19:55:44.281395 1285 [DEBUG] GetFileSize: /db_working_home/000394.sst 
2026/04/19-19:55:44.286547 1285 [DEBUG] Syncing metadata for: /db_working_home/000388.log
2026/04/19-19:55:44.287647 1285 [DEBUG] DeleteFile: ./db_working_home/000388.log 
2026/04/19-19:55:44.288215 1285 [Zonestats:time(s),used_cap(MB),reclaimable_cap(MB), avg_reclaimable(%), active(#), active_zones(#), open_zones(#)] 135 2232 3271 59 8 8 1
2026/04/19-19:55:44.290735 1282 [DEBUG] Allocating zone(new=0) start: 0x120000000 wp: 0x122ecae00 lt: 3 file lt: 2
2026/04/19-19:55:44.290747 1282 [DEBUG] Syncing metadata for: /db_working_home/000393.log
2026/04/19-19:55:44.427817 1283 Total Garbage Bytes this interval: 1635550315 bytes
2026/04/19-19:55:44.427920 1283 Cumulative Average Garbage Bytes (over 134 intervals): 735942218 bytes
2026/04/19-19:55:44.427939 1283 Zone Garbage Stats: [82 10 2 1 1 8 4 1 1 4 8 0 ]
2026/04/19-19:55:44.427944 1283 Total Garbage Bytes: 1635550315 bytes
2026/04/19-19:55:44.718476 1284 [DEBUG] Allocating zone(new=1) start: 0x170000000 wp: 0x170000000 lt: 5 file lt: 5
2026/04/19-19:55:44.718493 1284 [Zonestats:time(s),used_cap(MB),reclaimable_cap(MB), avg_reclaimable(%), active(#), active_zones(#), open_zones(#)] 135 2240 3263 59 7 8 3
2026/04/19-19:55:44.718502 1284 [DEBUG] Syncing metadata for: /db_working_home/000392.sst
2026/04/19-19:55:44.822242 1284 [DEBUG] Syncing metadata for: /db_working_home/000392.sst
2026/04/19-19:55:44.822821 1284 [DEBUG] Syncing metadata for: /db_working_home/000392.sst
2026/04/19-19:55:44.823607 1284 [DEBUG] GetFileSize: /db_working_home/000392.sst 
2026/04/19-19:55:44.824812 1284 [DEBUG] New random access file: /db_working_home/000385.sst direct: 1
2026/04/19-19:55:44.825059 1284 [DEBUG] GetFileSize: /db_working_home/000385.sst 
2026/04/19-19:55:44.825240 1284 [DEBUG] New random access file: /db_working_home/000390.sst direct: 1
2026/04/19-19:55:44.825476 1284 [DEBUG] GetFileSize: /db_working_home/000390.sst 
2026/04/19-19:55:44.825609 1284 [DEBUG] New random access file: /db_working_home/000391.sst direct: 1
2026/04/19-19:55:44.825869 1284 [DEBUG] GetFileSize: /db_working_home/000391.sst 
2026/04/19-19:55:44.826008 1284 [DEBUG] New random access file: /db_working_home/000392.sst direct: 1
2026/04/19-19:55:44.826173 1284 [DEBUG] GetFileSize: /db_working_home/000392.sst 
2026/04/19-19:55:44.827082 1284 [DEBUG] Syncing metadata for: /db_working_home/MANIFEST-000194
2026/04/19-19:55:44.838627 1284 [DEBUG] New writable file: /db_working_home/000395.sst direct: 1
2026/04/19-19:55:44.841720 1284 Entering Apply Finish Threshold Function
2026/04/19-19:55:44.841745 1284 [DEBUG] Allocating zone(new=0) start: 0x170000000 wp: 0x1708bac00 lt: 5 file lt: 3
2026/04/19-19:55:44.841753 1284 [Zonestats:time(s),used_cap(MB),reclaimable_cap(MB), avg_reclaimable(%), active(#), active_zones(#), open_zones(#)] 135 2250 3381 60 8 8 3
2026/04/19-19:55:44.841759 1284 [DEBUG] Syncing metadata for: /db_working_home/000395.sst
2026/04/19-19:55:45.428144 1283 Total Garbage Bytes this interval: 1635550817 bytes
2026/04/19-19:55:45.428161 1283 Cumulative Average Garbage Bytes (over 135 intervals): 742605985 bytes
2026/04/19-19:55:45.428180 1283 Zone Garbage Stats: [81 10 2 1 2 8 4 1 1 4 8 0 ]
2026/04/19-19:55:45.428185 1283 Total Garbage Bytes: 1635550817 bytes
2026/04/19-19:55:45.509277 1284 [DEBUG] Syncing metadata for: /db_working_home/000395.sst
2026/04/19-19:55:45.509857 1284 [DEBUG] Syncing metadata for: /db_working_home/000395.sst
2026/04/19-19:55:45.510563 1284 [DEBUG] GetFileSize: /db_working_home/000395.sst 
2026/04/19-19:55:45.510596 1284 [DEBUG] New writable file: /db_working_home/000396.sst direct: 1
2026/04/19-19:55:45.511395 1284 Entering Apply Finish Threshold Function
2026/04/19-19:55:45.511417 1284 [DEBUG] Allocating zone(new=0) start: 0x170000000 wp: 0x174532000 lt: 5 file lt: 3
2026/04/19-19:55:45.511425 1284 [Zonestats:time(s),used_cap(MB),reclaimable_cap(MB), avg_reclaimable(%), active(#), active_zones(#), open_zones(#)] 136 2315 3316 58 8 8 3
2026/04/19-19:55:45.511431 1284 [DEBUG] Syncing metadata for: /db_working_home/000396.sst
2026/04/19-19:55:45.512514 1284 [DEBUG] Syncing metadata for: /db_working_home/000396.sst
2026/04/19-19:55:45.513052 1284 [DEBUG] Syncing metadata for: /db_working_home/000396.sst
2026/04/19-19:55:45.513881 1284 [DEBUG] GetFileSize: /db_working_home/000396.sst 
2026/04/19-19:55:45.514963 1284 [DEBUG] New random access file: /db_working_home/000395.sst direct: 1
2026/04/19-19:55:45.515207 1284 [DEBUG] GetFileSize: /db_working_home/000395.sst 
2026/04/19-19:55:45.515363 1284 [DEBUG] New random access file: /db_working_home/000396.sst direct: 1
2026/04/19-19:55:45.515533 1284 [DEBUG] GetFileSize: /db_working_home/000396.sst 
2026/04/19-19:55:45.516506 1284 [DEBUG] Syncing metadata for: /db_working_home/MANIFEST-000194
2026/04/19-19:55:45.517233 1284 [DEBUG] DeleteFile: ./db_working_home/000313.sst 
2026/04/19-19:55:45.517906 1284 [Zonestats:time(s),used_cap(MB),reclaimable_cap(MB), avg_reclaimable(%), active(#), active_zones(#), open_zones(#)] 136 2216 3287 59 8 8 2
2026/04/19-19:55:45.517946 1284 [DEBUG] DeleteFile: ./db_working_home/000381.sst 
2026/04/19-19:55:45.518683 1284 [Zonestats:time(s),used_cap(MB),reclaimable_cap(MB), avg_reclaimable(%), active(#), active_zones(#), open_zones(#)] 136 2088 3159 60 7 7 2
2026/04/19-19:55:45.519464 1284 [DEBUG] Syncing metadata for: /db_working_home/MANIFEST-000194
2026/04/19-19:55:45.520151 1284 [DEBUG] DeleteFile: ./db_working_home/000383.sst 
2026/04/19-19:55:45.520900 1284 [Zonestats:time(s),used_cap(MB),reclaimable_cap(MB), avg_reclaimable(%), active(#), active_zones(#), open_zones(#)] 136 2073 3174 60 7 7 2
2026/04/19-19:55:45.520934 1284 [DEBUG] DeleteFile: ./db_working_home/000387.sst 
2026/04/19-19:55:45.521480 1284 [Zonestats:time(s),used_cap(MB),reclaimable_cap(MB), avg_reclaimable(%), active(#), active_zones(#), open_zones(#)] 136 2058 3189 60 7 7 2
2026/04/19-19:55:45.521511 1284 [DEBUG] DeleteFile: ./db_working_home/000389.sst 
2026/04/19-19:55:45.522115 1284 [Zonestats:time(s),used_cap(MB),reclaimable_cap(MB), avg_reclaimable(%), active(#), active_zones(#), open_zones(#)] 136 2042 3205 61 7 7 2
2026/04/19-19:55:45.522146 1284 [DEBUG] DeleteFile: ./db_working_home/000394.sst 
2026/04/19-19:55:45.522762 1284 [Zonestats:time(s),used_cap(MB),reclaimable_cap(MB), avg_reclaimable(%), active(#), active_zones(#), open_zones(#)] 136 2027 3220 61 7 7 2
2026/04/19-19:55:45.523485 1284 [DEBUG] Syncing metadata for: /db_working_home/MANIFEST-000194
2026/04/19-19:55:45.529367 1284 [DEBUG] New writable file: /db_working_home/000397.sst direct: 1
2026/04/19-19:55:45.532722 1284 Entering Apply Finish Threshold Function
2026/04/19-19:55:45.532748 1284 [DEBUG] Allocating zone(new=1) start: 0xb8000000 wp: 0xb8000000 lt: 5 file lt: 5
2026/04/19-19:55:45.532755 1284 [Zonestats:time(s),used_cap(MB),reclaimable_cap(MB), avg_reclaimable(%), active(#), active_zones(#), open_zones(#)] 136 2027 3220 61 7 8 3
2026/04/19-19:55:45.532761 1284 [DEBUG] Syncing metadata for: /db_working_home/000397.sst
2026/04/19-19:55:45.639702 1282 [DEBUG] New writable file: /db_working_home/000398.log direct: 0
2026/04/19-19:55:45.641941 1285 [DEBUG] New writable file: /db_working_home/000399.sst direct: 1
2026/04/19-19:55:45.645238 1285 Entering Apply Finish Threshold Function
2026/04/19-19:55:45.645263 1285 [DEBUG] Allocating zone(new=0) start: 0x170000000 wp: 0x174533000 lt: 5 file lt: 3
2026/04/19-19:55:45.645270 1285 [Zonestats:time(s),used_cap(MB),reclaimable_cap(MB), avg_reclaimable(%), active(#), active_zones(#), open_zones(#)] 136 2028 3219 61 8 8 4
2026/04/19-19:55:45.645277 1285 [DEBUG] Syncing metadata for: /db_working_home/000399.sst
2026/04/19-19:55:45.850730 1285 [DEBUG] Syncing metadata for: /db_working_home/000399.sst
2026/04/19-19:55:45.853423 1285 [DEBUG] Syncing metadata for: /db_working_home/000399.sst
2026/04/19-19:55:45.854089 1285 [DEBUG] New random access file: /db_working_home/000399.sst direct: 1
2026/04/19-19:55:45.854280 1285 [DEBUG] GetFileSize: /db_working_home/000399.sst 
2026/04/19-19:55:45.862957 1285 [DEBUG] Syncing metadata for: /db_working_home/MANIFEST-000194
2026/04/19-19:55:45.863638 1285 [DEBUG] GetFileSize: /db_working_home/000399.sst 
2026/04/19-19:55:45.868423 1285 [DEBUG] Syncing metadata for: /db_working_home/000393.log
2026/04/19-19:55:45.876344 1285 [DEBUG] DeleteFile: ./db_working_home/000393.log 
2026/04/19-19:55:45.876924 1285 [Zonestats:time(s),used_cap(MB),reclaimable_cap(MB), avg_reclaimable(%), active(#), active_zones(#), open_zones(#)] 136 2028 3219 61 8 8 2
2026/04/19-19:55:45.898973 1282 [DEBUG] Allocating zone(new=0) start: 0x120000000 wp: 0x123e64600 lt: 3 file lt: 2
2026/04/19-19:55:45.898986 1282 [DEBUG] Syncing metadata for: /db_working_home/000398.log
2026/04/19-19:55:46.163896 1284 [DEBUG] Syncing metadata for: /db_working_home/000397.sst
2026/04/19-19:55:46.164511 1284 [DEBUG] Syncing metadata for: /db_working_home/000397.sst
2026/04/19-19:55:46.165295 1284 [DEBUG] GetFileSize: /db_working_home/000397.sst 
2026/04/19-19:55:46.165328 1284 [DEBUG] New writable file: /db_working_home/000400.sst direct: 1
2026/04/19-19:55:46.171351 1284 Entering Apply Finish Threshold Function
2026/04/19-19:55:46.171365 1284 Finishing zone: Entering Finish()
2026/04/19-19:55:46.428362 1283 Total Garbage Bytes this interval: 1699891349 bytes
2026/04/19-19:55:46.428379 1283 Cumulative Average Garbage Bytes (over 136 intervals): 749644848 bytes
2026/04/19-19:55:46.428401 1283 Zone Garbage Stats: [83 8 2 0 2 9 4 1 1 4 8 0 ]
2026/04/19-19:55:46.428405 1283 Total Garbage Bytes: 1699891349 bytes
2026/04/19-19:55:46.703903 1282 [DEBUG] New writable file: /db_working_home/000401.log direct: 0
2026/04/19-19:55:46.704907 1285 [DEBUG] New writable file: /db_working_home/000402.sst direct: 1
2026/04/19-19:55:46.707877 1285 Entering Apply Finish Threshold Function
2026/04/19-19:55:46.707902 1285 [DEBUG] Allocating zone(new=0) start: 0x150000000 wp: 0x153d5dc00 lt: 5 file lt: 3
2026/04/19-19:55:46.707910 1285 [Zonestats:time(s),used_cap(MB),reclaimable_cap(MB), avg_reclaimable(%), active(#), active_zones(#), open_zones(#)] 137 2089 3286 61 8 8 3
2026/04/19-19:55:46.707917 1285 [DEBUG] Syncing metadata for: /db_working_home/000402.sst
2026/04/19-19:55:46.717666 1284 [DEBUG] Allocating zone(new=1) start: 0x118000000 wp: 0x118000000 lt: 5 file lt: 5
2026/04/19-19:55:46.717681 1284 [Zonestats:time(s),used_cap(MB),reclaimable_cap(MB), avg_reclaimable(%), active(#), active_zones(#), open_zones(#)] 137 2089 3286 61 7 8 4
2026/04/19-19:55:46.717690 1284 [DEBUG] Syncing metadata for: /db_working_home/000400.sst
2026/04/19-19:55:46.911053 1285 [DEBUG] Syncing metadata for: /db_working_home/000402.sst
2026/04/19-19:55:46.913853 1285 [DEBUG] Syncing metadata for: /db_working_home/000402.sst
2026/04/19-19:55:46.914482 1285 [DEBUG] New random access file: /db_working_home/000402.sst direct: 1
2026/04/19-19:55:46.922086 1285 [DEBUG] GetFileSize: /db_working_home/000402.sst 
2026/04/19-19:55:46.925157 1285 [DEBUG] Syncing metadata for: /db_working_home/MANIFEST-000194
2026/04/19-19:55:46.925918 1285 [DEBUG] GetFileSize: /db_working_home/000402.sst 
2026/04/19-19:55:46.930672 1285 [DEBUG] Syncing metadata for: /db_working_home/000398.log
2026/04/19-19:55:46.938634 1285 [DEBUG] DeleteFile: ./db_working_home/000398.log 
2026/04/19-19:55:46.939214 1285 [Zonestats:time(s),used_cap(MB),reclaimable_cap(MB), avg_reclaimable(%), active(#), active_zones(#), open_zones(#)] 137 2090 3285 61 8 8 2
2026/04/19-19:55:46.940871 1282 [DEBUG] Allocating zone(new=0) start: 0x120000000 wp: 0x124dfd000 lt: 3 file lt: 2
2026/04/19-19:55:46.940883 1282 [DEBUG] Syncing metadata for: /db_working_home/000401.log
2026/04/19-19:55:47.338328 1284 [DEBUG] Syncing metadata for: /db_working_home/000400.sst
2026/04/19-19:55:47.338926 1284 [DEBUG] Syncing metadata for: /db_working_home/000400.sst
2026/04/19-19:55:47.339820 1284 [DEBUG] GetFileSize: /db_working_home/000400.sst 
2026/04/19-19:55:47.339855 1284 [DEBUG] New writable file: /db_working_home/000403.sst direct: 1
2026/04/19-19:55:47.343156 1284 Entering Apply Finish Threshold Function
2026/04/19-19:55:47.343182 1284 [DEBUG] Allocating zone(new=1) start: 0x158000000 wp: 0x158000000 lt: 5 file lt: 5
2026/04/19-19:55:47.343190 1284 [Zonestats:time(s),used_cap(MB),reclaimable_cap(MB), avg_reclaimable(%), active(#), active_zones(#), open_zones(#)] 138 2139 3364 61 8 9 3
2026/04/19-19:55:47.343196 1284 [DEBUG] Syncing metadata for: /db_working_home/000403.sst
2026/04/19-19:55:47.428503 1283 Total Garbage Bytes this interval: 1699893269 bytes
2026/04/19-19:55:47.428519 1283 Cumulative Average Garbage Bytes (over 137 intervals): 756580968 bytes
2026/04/19-19:55:47.428540 1283 Zone Garbage Stats: [81 9 2 0 3 9 4 1 1 4 8 0 ]
2026/04/19-19:55:47.428545 1283 Total Garbage Bytes: 1699893269 bytes
2026/04/19-19:55:47.881187 1284 [DEBUG] Syncing metadata for: /db_working_home/000403.sst
2026/04/19-19:55:47.881766 1284 [DEBUG] Syncing metadata for: /db_working_home/000403.sst
2026/04/19-19:55:47.882490 1284 [DEBUG] GetFileSize: /db_working_home/000403.sst 
2026/04/19-19:55:47.883683 1284 [DEBUG] New random access file: /db_working_home/000397.sst direct: 1
2026/04/19-19:55:47.883930 1284 [DEBUG] GetFileSize: /db_working_home/000397.sst 
2026/04/19-19:55:47.884088 1284 [DEBUG] New random access file: /db_working_home/000400.sst direct: 1
2026/04/19-19:55:47.884360 1284 [DEBUG] GetFileSize: /db_working_home/000400.sst 
2026/04/19-19:55:47.884490 1284 [DEBUG] New random access file: /db_working_home/000403.sst direct: 1
2026/04/19-19:55:47.884720 1284 [DEBUG] GetFileSize: /db_working_home/000403.sst 
2026/04/19-19:55:47.885613 1284 [DEBUG] Syncing metadata for: /db_working_home/MANIFEST-000194
2026/04/19-19:55:47.891724 1284 [DEBUG] New writable file: /db_working_home/000404.sst direct: 1
2026/04/19-19:55:47.894583 1284 Entering Apply Finish Threshold Function
2026/04/19-19:55:47.894610 1284 [DEBUG] Allocating zone(new=1) start: 0x178000000 wp: 0x178000000 lt: 5 file lt: 5
2026/04/19-19:55:47.894618 1284 [Zonestats:time(s),used_cap(MB),reclaimable_cap(MB), avg_reclaimable(%), active(#), active_zones(#), open_zones(#)] 138 2189 3442 61 9 10 3
2026/04/19-19:55:47.894624 1284 [DEBUG] Syncing metadata for: /db_working_home/000404.sst
2026/04/19-19:55:48.428725 1283 Total Garbage Bytes this interval: 1699893528 bytes
2026/04/19-19:55:48.428742 1283 Cumulative Average Garbage Bytes (over 138 intervals): 763416566 bytes
2026/04/19-19:55:48.428762 1283 Zone Garbage Stats: [80 10 2 0 3 9 4 1 1 4 8 0 ]
2026/04/19-19:55:48.428766 1283 Total Garbage Bytes: 1699893528 bytes
2026/04/19-19:55:48.643678 1284 [DEBUG] Syncing metadata for: /db_working_home/000404.sst
2026/04/19-19:55:48.644231 1284 [DEBUG] Syncing metadata for: /db_working_home/000404.sst
2026/04/19-19:55:48.645057 1284 [DEBUG] GetFileSize: /db_working_home/000404.sst 
2026/04/19-19:55:48.645101 1284 [DEBUG] New writable file: /db_working_home/000405.sst direct: 1
2026/04/19-19:55:48.650826 1284 Entering Apply Finish Threshold Function
2026/04/19-19:55:48.650855 1284 [DEBUG] Allocating zone(new=1) start: 0x180000000 wp: 0x180000000 lt: 5 file lt: 5
2026/04/19-19:55:48.650862 1284 [Zonestats:time(s),used_cap(MB),reclaimable_cap(MB), avg_reclaimable(%), active(#), active_zones(#), open_zones(#)] 139 2259 3500 60 10 11 3
2026/04/19-19:55:48.650869 1284 [DEBUG] Syncing metadata for: /db_working_home/000405.sst
2026/04/19-19:55:48.904624 1282 [DEBUG] New writable file: /db_working_home/000406.log direct: 0
2026/04/19-19:55:48.905584 1285 [DEBUG] New writable file: /db_working_home/000407.sst direct: 1
2026/04/19-19:55:48.908473 1285 Entering Apply Finish Threshold Function
2026/04/19-19:55:48.908501 1285 [DEBUG] Allocating zone(new=0) start: 0x178000000 wp: 0x17c01a600 lt: 5 file lt: 3
2026/04/19-19:55:48.908508 1285 [Zonestats:time(s),used_cap(MB),reclaimable_cap(MB), avg_reclaimable(%), active(#), active_zones(#), open_zones(#)] 139 2261 3498 60 11 11 4
2026/04/19-19:55:48.908515 1285 [DEBUG] Syncing metadata for: /db_working_home/000407.sst
2026/04/19-19:55:49.109232 1285 [DEBUG] Syncing metadata for: /db_working_home/000407.sst
2026/04/19-19:55:49.116961 1285 [DEBUG] Syncing metadata for: /db_working_home/000407.sst
2026/04/19-19:55:49.117619 1285 [DEBUG] New random access file: /db_working_home/000407.sst direct: 1
2026/04/19-19:55:49.117798 1285 [DEBUG] GetFileSize: /db_working_home/000407.sst 
2026/04/19-19:55:49.126567 1285 [DEBUG] Syncing metadata for: /db_working_home/MANIFEST-000194
2026/04/19-19:55:49.127803 1285 [DEBUG] GetFileSize: /db_working_home/000407.sst 
2026/04/19-19:55:49.134124 1285 [DEBUG] Syncing metadata for: /db_working_home/000401.log
2026/04/19-19:55:49.142142 1285 [DEBUG] DeleteFile: ./db_working_home/000334.sst 
2026/04/19-19:55:49.142834 1285 [Zonestats:time(s),used_cap(MB),reclaimable_cap(MB), avg_reclaimable(%), active(#), active_zones(#), open_zones(#)] 140 2205 3426 60 11 11 2
2026/04/19-19:55:49.142879 1285 [DEBUG] DeleteFile: ./db_working_home/000391.sst 
2026/04/19-19:55:49.143677 1285 [Zonestats:time(s),used_cap(MB),reclaimable_cap(MB), avg_reclaimable(%), active(#), active_zones(#), open_zones(#)] 140 2118 3385 61 11 11 2
2026/04/19-19:55:49.143711 1285 [DEBUG] DeleteFile: ./db_working_home/000401.log 
2026/04/19-19:55:49.151379 1285 [Zonestats:time(s),used_cap(MB),reclaimable_cap(MB), avg_reclaimable(%), active(#), active_zones(#), open_zones(#)] 140 2102 3401 61 11 11 2
2026/04/19-19:55:49.175422 1282 [DEBUG] Allocating zone(new=0) start: 0x120000000 wp: 0x125d94e00 lt: 3 file lt: 2
2026/04/19-19:55:49.175436 1282 [DEBUG] Syncing metadata for: /db_working_home/000406.log
2026/04/19-19:55:49.428942 1283 Total Garbage Bytes this interval: 1641160862 bytes
2026/04/19-19:55:49.429034 1283 Cumulative Average Garbage Bytes (over 139 intervals): 769731274 bytes
2026/04/19-19:55:49.429056 1283 Zone Garbage Stats: [81 11 2 0 2 8 4 1 1 4 8 0 ]
2026/04/19-19:55:49.429060 1283 Total Garbage Bytes: 1641160862 bytes
2026/04/19-19:55:49.453688 1284 [DEBUG] Syncing metadata for: /db_working_home/000405.sst
2026/04/19-19:55:49.454304 1284 [DEBUG] Syncing metadata for: /db_working_home/000405.sst
2026/04/19-19:55:49.454999 1284 [DEBUG] GetFileSize: /db_working_home/000405.sst 
2026/04/19-19:55:49.455032 1284 [DEBUG] New writable file: /db_working_home/000408.sst direct: 1
2026/04/19-19:55:49.457868 1284 Entering Apply Finish Threshold Function
2026/04/19-19:55:49.457880 1284 Finishing zone: Entering Finish()
2026/04/19-19:55:50.045806 1284 [DEBUG] Allocating zone(new=1) start: 0x140000000 wp: 0x140000000 lt: 5 file lt: 5
2026/04/19-19:55:50.045825 1284 [Zonestats:time(s),used_cap(MB),reclaimable_cap(MB), avg_reclaimable(%), active(#), active_zones(#), open_zones(#)] 141 2179 3452 61 10 11 3
2026/04/19-19:55:50.045834 1284 [DEBUG] Syncing metadata for: /db_working_home/000408.sst
2026/04/19-19:55:50.274113 1282 [DEBUG] New writable file: /db_working_home/000409.log direct: 0
2026/04/19-19:55:50.275051 1285 [DEBUG] New writable file: /db_working_home/000410.sst direct: 1
2026/04/19-19:55:50.284778 1285 Entering Apply Finish Threshold Function
2026/04/19-19:55:50.284805 1285 [DEBUG] Allocating zone(new=0) start: 0x180000000 wp: 0x18401a600 lt: 5 file lt: 3
2026/04/19-19:55:50.284814 1285 [Zonestats:time(s),used_cap(MB),reclaimable_cap(MB), avg_reclaimable(%), active(#), active_zones(#), open_zones(#)] 141 2181 3450 61 11 11 4
2026/04/19-19:55:50.284821 1285 [DEBUG] Syncing metadata for: /db_working_home/000410.sst
2026/04/19-19:55:50.429159 1283 Total Garbage Bytes this interval: 1641160862 bytes
2026/04/19-19:55:50.429175 1283 Cumulative Average Garbage Bytes (over 140 intervals): 775955771 bytes
2026/04/19-19:55:50.429195 1283 Zone Garbage Stats: [80 10 2 0 3 8 4 1 1 4 8 0 ]
2026/04/19-19:55:50.429199 1283 Total Garbage Bytes: 1641160862 bytes
2026/04/19-19:55:50.485009 1285 [DEBUG] Syncing metadata for: /db_working_home/000410.sst
2026/04/19-19:55:50.492753 1285 [DEBUG] Syncing metadata for: /db_working_home/000410.sst
2026/04/19-19:55:50.493412 1285 [DEBUG] New random access file: /db_working_home/000410.sst direct: 1
2026/04/19-19:55:50.493591 1285 [DEBUG] GetFileSize: /db_working_home/000410.sst 
2026/04/19-19:55:50.502155 1285 [DEBUG] Syncing metadata for: /db_working_home/MANIFEST-000194
2026/04/19-19:55:50.502953 1285 [DEBUG] GetFileSize: /db_working_home/000410.sst 
2026/04/19-19:55:50.509688 1285 [DEBUG] Syncing metadata for: /db_working_home/000406.log
2026/04/19-19:55:50.517642 1285 [DEBUG] DeleteFile: ./db_working_home/000406.log 
2026/04/19-19:55:50.518348 1285 [Zonestats:time(s),used_cap(MB),reclaimable_cap(MB), avg_reclaimable(%), active(#), active_zones(#), open_zones(#)] 141 2181 3450 61 11 11 2
2026/04/19-19:55:50.598460 1282 [DEBUG] Allocating zone(new=0) start: 0x120000000 wp: 0x126d2da00 lt: 3 file lt: 2
2026/04/19-19:55:50.598473 1282 [DEBUG] Syncing metadata for: /db_working_home/000409.log
2026/04/19-19:55:50.841275 1284 [DEBUG] Syncing metadata for: /db_working_home/000408.sst
2026/04/19-19:55:50.841877 1284 [DEBUG] Syncing metadata for: /db_working_home/000408.sst
2026/04/19-19:55:50.842706 1284 [DEBUG] GetFileSize: /db_working_home/000408.sst 
2026/04/19-19:55:50.842740 1284 [DEBUG] New writable file: /db_working_home/000411.sst direct: 1
2026/04/19-19:55:50.845513 1284 Entering Apply Finish Threshold Function
2026/04/19-19:55:50.845526 1284 Finishing zone: Entering Finish()
2026/04/19-19:55:51.429379 1283 Total Garbage Bytes this interval: 1641161131 bytes
2026/04/19-19:55:51.429396 1283 Cumulative Average Garbage Bytes (over 141 intervals): 782091979 bytes
2026/04/19-19:55:51.429416 1283 Zone Garbage Stats: [80 11 2 0 3 8 4 1 1 4 8 0 ]
2026/04/19-19:55:51.429420 1283 Total Garbage Bytes: 1641161131 bytes
2026/04/19-19:55:51.430424 1284 [DEBUG] Allocating zone(new=1) start: 0x168000000 wp: 0x168000000 lt: 5 file lt: 5
2026/04/19-19:55:51.430440 1284 [Zonestats:time(s),used_cap(MB),reclaimable_cap(MB), avg_reclaimable(%), active(#), active_zones(#), open_zones(#)] 142 2258 3501 60 10 11 3
2026/04/19-19:55:51.430449 1284 [DEBUG] Syncing metadata for: /db_working_home/000411.sst
2026/04/19-19:55:51.561156 1284 [DEBUG] Syncing metadata for: /db_working_home/000411.sst
2026/04/19-19:55:51.561742 1284 [DEBUG] Syncing metadata for: /db_working_home/000411.sst
2026/04/19-19:55:51.562546 1284 [DEBUG] GetFileSize: /db_working_home/000411.sst 
2026/04/19-19:55:51.563759 1284 [DEBUG] New random access file: /db_working_home/000404.sst direct: 1
2026/04/19-19:55:51.564005 1284 [DEBUG] GetFileSize: /db_working_home/000404.sst 
2026/04/19-19:55:51.564208 1284 [DEBUG] New random access file: /db_working_home/000405.sst direct: 1
2026/04/19-19:55:51.564489 1284 [DEBUG] GetFileSize: /db_working_home/000405.sst 
2026/04/19-19:55:51.564643 1284 [DEBUG] New random access file: /db_working_home/000408.sst direct: 1
2026/04/19-19:55:51.564874 1284 [DEBUG] GetFileSize: /db_working_home/000408.sst 
2026/04/19-19:55:51.565019 1284 [DEBUG] New random access file: /db_working_home/000411.sst direct: 1
2026/04/19-19:55:51.565182 1284 [DEBUG] GetFileSize: /db_working_home/000411.sst 
2026/04/19-19:55:51.566051 1284 [DEBUG] Syncing metadata for: /db_working_home/MANIFEST-000194
2026/04/19-19:55:51.566816 1284 [DEBUG] DeleteFile: ./db_working_home/000344.sst 
2026/04/19-19:55:51.567592 1284 [Zonestats:time(s),used_cap(MB),reclaimable_cap(MB), avg_reclaimable(%), active(#), active_zones(#), open_zones(#)] 142 2142 3489 61 11 11 2
2026/04/19-19:55:51.567633 1284 [DEBUG] DeleteFile: ./db_working_home/000352.sst 
2026/04/19-19:55:51.568465 1284 [Zonestats:time(s),used_cap(MB),reclaimable_cap(MB), avg_reclaimable(%), active(#), active_zones(#), open_zones(#)] 142 2078 3425 62 11 11 2
2026/04/19-19:55:51.585554 1284 [DEBUG] New writable file: /db_working_home/000412.sst direct: 1
2026/04/19-19:55:51.588658 1284 Entering Apply Finish Threshold Function
2026/04/19-19:55:51.588682 1284 [DEBUG] Allocating zone(new=0) start: 0x168000000 wp: 0x168c7ae00 lt: 5 file lt: 3
2026/04/19-19:55:51.588690 1284 [Zonestats:time(s),used_cap(MB),reclaimable_cap(MB), avg_reclaimable(%), active(#), active_zones(#), open_zones(#)] 142 2079 3424 62 11 11 3
2026/04/19-19:55:51.588696 1284 [DEBUG] Syncing metadata for: /db_working_home/000412.sst
2026/04/19-19:55:51.934070 1282 [DEBUG] New writable file: /db_working_home/000413.log direct: 0
2026/04/19-19:55:51.935014 1285 [DEBUG] New writable file: /db_working_home/000414.sst direct: 1
2026/04/19-19:55:51.938013 1285 Entering Apply Finish Threshold Function
2026/04/19-19:55:51.938037 1285 [DEBUG] Allocating zone(new=0) start: 0x158000000 wp: 0x15ae54000 lt: 5 file lt: 3
2026/04/19-19:55:51.938045 1285 [Zonestats:time(s),used_cap(MB),reclaimable_cap(MB), avg_reclaimable(%), active(#), active_zones(#), open_zones(#)] 142 2081 3422 62 11 11 4
2026/04/19-19:55:51.938052 1285 [DEBUG] Syncing metadata for: /db_working_home/000414.sst
2026/04/19-19:55:52.140746 1285 [DEBUG] Syncing metadata for: /db_working_home/000414.sst
2026/04/19-19:55:52.143480 1285 [DEBUG] Syncing metadata for: /db_working_home/000414.sst
2026/04/19-19:55:52.144150 1285 [DEBUG] New random access file: /db_working_home/000414.sst direct: 1
2026/04/19-19:55:52.144441 1285 [DEBUG] GetFileSize: /db_working_home/000414.sst 
2026/04/19-19:55:52.152282 1285 [DEBUG] Syncing metadata for: /db_working_home/MANIFEST-000194
2026/04/19-19:55:52.152967 1285 [DEBUG] GetFileSize: /db_working_home/000414.sst 
2026/04/19-19:55:52.157715 1285 [DEBUG] Syncing metadata for: /db_working_home/000409.log
2026/04/19-19:55:52.165696 1285 [DEBUG] DeleteFile: ./db_working_home/000409.log 
2026/04/19-19:55:52.166277 1285 [Zonestats:time(s),used_cap(MB),reclaimable_cap(MB), avg_reclaimable(%), active(#), active_zones(#), open_zones(#)] 143 2081 3422 62 11 11 2
2026/04/19-19:55:52.228596 1282 [DEBUG] Allocating zone(new=0) start: 0x120000000 wp: 0x127cc6200 lt: 3 file lt: 2
2026/04/19-19:55:52.228609 1282 [DEBUG] Syncing metadata for: /db_working_home/000413.log
2026/04/19-19:55:52.341700 1284 [DEBUG] Syncing metadata for: /db_working_home/000412.sst
2026/04/19-19:55:52.342282 1284 [DEBUG] Syncing metadata for: /db_working_home/000412.sst
2026/04/19-19:55:52.343105 1284 [DEBUG] GetFileSize: /db_working_home/000412.sst 
2026/04/19-19:55:52.343141 1284 [DEBUG] New writable file: /db_working_home/000415.sst direct: 1
2026/04/19-19:55:52.343902 1284 Entering Apply Finish Threshold Function
2026/04/19-19:55:52.343925 1284 [DEBUG] Allocating zone(new=0) start: 0x168000000 wp: 0x16c8ec600 lt: 5 file lt: 3
2026/04/19-19:55:52.343932 1284 [Zonestats:time(s),used_cap(MB),reclaimable_cap(MB), avg_reclaimable(%), active(#), active_zones(#), open_zones(#)] 143 2143 3360 61 11 11 3
2026/04/19-19:55:52.343938 1284 [DEBUG] Syncing metadata for: /db_working_home/000415.sst
2026/04/19-19:55:52.345011 1284 [DEBUG] Syncing metadata for: /db_working_home/000415.sst
2026/04/19-19:55:52.345548 1284 [DEBUG] Syncing metadata for: /db_working_home/000415.sst
2026/04/19-19:55:52.346393 1284 [DEBUG] GetFileSize: /db_working_home/000415.sst 
2026/04/19-19:55:52.347501 1284 [DEBUG] New random access file: /db_working_home/000412.sst direct: 1
2026/04/19-19:55:52.347746 1284 [DEBUG] GetFileSize: /db_working_home/000412.sst 
2026/04/19-19:55:52.347907 1284 [DEBUG] New random access file: /db_working_home/000415.sst direct: 1
2026/04/19-19:55:52.348070 1284 [DEBUG] GetFileSize: /db_working_home/000415.sst 
2026/04/19-19:55:52.348934 1284 [DEBUG] Syncing metadata for: /db_working_home/MANIFEST-000194
2026/04/19-19:55:52.354940 1284 [DEBUG] New writable file: /db_working_home/000416.sst direct: 1
2026/04/19-19:55:52.357898 1284 Entering Apply Finish Threshold Function
2026/04/19-19:55:52.357922 1284 [DEBUG] Allocating zone(new=0) start: 0x168000000 wp: 0x16c8ed000 lt: 5 file lt: 4
2026/04/19-19:55:52.357930 1284 [Zonestats:time(s),used_cap(MB),reclaimable_cap(MB), avg_reclaimable(%), active(#), active_zones(#), open_zones(#)] 143 2143 3360 61 11 11 3
2026/04/19-19:55:52.357936 1284 [DEBUG] Syncing metadata for: /db_working_home/000416.sst
2026/04/19-19:55:52.429592 1283 Total Garbage Bytes this interval: 1537873635 bytes
2026/04/19-19:55:52.429609 1283 Cumulative Average Garbage Bytes (over 142 intervals): 787414385 bytes
2026/04/19-19:55:52.429628 1283 Zone Garbage Stats: [82 10 2 0 4 7 4 1 1 4 7 0 ]
2026/04/19-19:55:52.429632 1283 Total Garbage Bytes: 1537873635 bytes
2026/04/19-19:55:52.639176 1282 [DEBUG] Allocating zone(new=0) start: 0x158000000 wp: 0x15bdaba00 lt: 5 file lt: 2
2026/04/19-19:55:52.639192 1282 [DEBUG] Syncing metadata for: /db_working_home/000413.log
2026/04/19-19:55:52.974953 1284 Entering Apply Finish Threshold Function
2026/04/19-19:55:52.974984 1284 [DEBUG] Allocating zone(new=0) start: 0x150000000 wp: 0x154cb3c00 lt: 5 file lt: 4
2026/04/19-19:55:52.974993 1284 [Zonestats:time(s),used_cap(MB),reclaimable_cap(MB), avg_reclaimable(%), active(#), active_zones(#), open_zones(#)] 143 2203 3300 59 9 9 3
2026/04/19-19:55:52.975000 1284 [DEBUG] Syncing metadata for: /db_working_home/000416.sst
2026/04/19-19:55:52.991510 1284 [DEBUG] Syncing metadata for: /db_working_home/000416.sst
2026/04/19-19:55:52.992086 1284 [DEBUG] Syncing metadata for: /db_working_home/000416.sst
2026/04/19-19:55:52.992875 1284 [DEBUG] GetFileSize: /db_working_home/000416.sst 
2026/04/19-19:55:52.992909 1284 [DEBUG] New writable file: /db_working_home/000417.sst direct: 1
2026/04/19-19:55:52.996046 1284 Entering Apply Finish Threshold Function
2026/04/19-19:55:52.996057 1284 Finishing zone: Entering Finish()
2026/04/19-19:55:53.429810 1283 Total Garbage Bytes this interval: 1604363543 bytes
2026/04/19-19:55:53.429827 1283 Cumulative Average Garbage Bytes (over 143 intervals): 793127316 bytes
2026/04/19-19:55:53.429847 1283 Zone Garbage Stats: [82 10 2 0 4 6 4 1 1 4 8 0 ]
2026/04/19-19:55:53.429851 1283 Total Garbage Bytes: 1604363543 bytes
2026/04/19-19:55:53.447765 1282 [DEBUG] New writable file: /db_working_home/000418.log direct: 0
2026/04/19-19:55:53.448655 1285 [DEBUG] New writable file: /db_working_home/000419.sst direct: 1
2026/04/19-19:55:53.451420 1285 Entering Apply Finish Threshold Function
2026/04/19-19:55:53.451444 1285 [DEBUG] Allocating zone(new=0) start: 0x140000000 wp: 0x14401a600 lt: 5 file lt: 3
2026/04/19-19:55:53.451452 1285 [Zonestats:time(s),used_cap(MB),reclaimable_cap(MB), avg_reclaimable(%), active(#), active_zones(#), open_zones(#)] 144 2213 3290 59 9 9 3
2026/04/19-19:55:53.451459 1285 [DEBUG] Syncing metadata for: /db_working_home/000419.sst
2026/04/19-19:55:53.595519 1285 [DEBUG] Syncing metadata for: /db_working_home/000419.sst
2026/04/19-19:55:53.596494 1285 [DEBUG] Syncing metadata for: /db_working_home/000419.sst
2026/04/19-19:55:53.597656 1285 [DEBUG] New random access file: /db_working_home/000419.sst direct: 1
2026/04/19-19:55:53.597831 1285 [DEBUG] GetFileSize: /db_working_home/000419.sst 
2026/04/19-19:55:53.600304 1285 [DEBUG] Syncing metadata for: /db_working_home/MANIFEST-000194
2026/04/19-19:55:53.601254 1285 [DEBUG] GetFileSize: /db_working_home/000419.sst 
2026/04/19-19:55:53.606403 1285 [DEBUG] Syncing metadata for: /db_working_home/000413.log
2026/04/19-19:55:53.607555 1285 [DEBUG] DeleteFile: ./db_working_home/000399.sst 
2026/04/19-19:55:53.608487 1285 [Zonestats:time(s),used_cap(MB),reclaimable_cap(MB), avg_reclaimable(%), active(#), active_zones(#), open_zones(#)] 144 2214 3289 59 9 9 1
2026/04/19-19:55:53.608531 1285 [DEBUG] DeleteFile: ./db_working_home/000402.sst 
2026/04/19-19:55:53.609562 1285 [Zonestats:time(s),used_cap(MB),reclaimable_cap(MB), avg_reclaimable(%), active(#), active_zones(#), open_zones(#)] 144 2199 3304 60 9 9 1
2026/04/19-19:55:53.609597 1285 [DEBUG] DeleteFile: ./db_working_home/000407.sst 
2026/04/19-19:55:53.610641 1285 [Zonestats:time(s),used_cap(MB),reclaimable_cap(MB), avg_reclaimable(%), active(#), active_zones(#), open_zones(#)] 144 2183 3320 60 9 9 1
2026/04/19-19:55:53.610674 1285 [DEBUG] DeleteFile: ./db_working_home/000410.sst 
2026/04/19-19:55:53.611221 1285 [Zonestats:time(s),used_cap(MB),reclaimable_cap(MB), avg_reclaimable(%), active(#), active_zones(#), open_zones(#)] 144 2168 3335 60 9 9 1
2026/04/19-19:55:53.611252 1285 [DEBUG] DeleteFile: ./db_working_home/000413.log 
2026/04/19-19:55:53.612130 1285 [Zonestats:time(s),used_cap(MB),reclaimable_cap(MB), avg_reclaimable(%), active(#), active_zones(#), open_zones(#)] 144 2152 3351 60 9 9 1
2026/04/19-19:55:53.613897 1282 [DEBUG] Allocating zone(new=0) start: 0x158000000 wp: 0x15ca0a800 lt: 5 file lt: 2
2026/04/19-19:55:53.613908 1282 [DEBUG] Syncing metadata for: /db_working_home/000418.log
2026/04/19-19:55:53.712873 1284 [DEBUG] Allocating zone(new=0) start: 0x140000000 wp: 0x144f71e00 lt: 5 file lt: 4
2026/04/19-19:55:53.712890 1284 [Zonestats:time(s),used_cap(MB),reclaimable_cap(MB), avg_reclaimable(%), active(#), active_zones(#), open_zones(#)] 144 2154 3349 60 8 8 3
2026/04/19-19:55:53.712899 1284 [DEBUG] Syncing metadata for: /db_working_home/000417.sst
2026/04/19-19:55:54.257453 1284 Entering Apply Finish Threshold Function
2026/04/19-19:55:54.257485 1284 [DEBUG] Allocating zone(new=0) start: 0x130000000 wp: 0x1339efc00 lt: 5 file lt: 4
2026/04/19-19:55:54.257493 1284 [Zonestats:time(s),used_cap(MB),reclaimable_cap(MB), avg_reclaimable(%), active(#), active_zones(#), open_zones(#)] 145 2207 3296 59 7 7 3
2026/04/19-19:55:54.257500 1284 [DEBUG] Syncing metadata for: /db_working_home/000417.sst
2026/04/19-19:55:54.402803 1284 [DEBUG] Syncing metadata for: /db_working_home/000417.sst
2026/04/19-19:55:54.403382 1284 [DEBUG] Syncing metadata for: /db_working_home/000417.sst
2026/04/19-19:55:54.404221 1284 [DEBUG] GetFileSize: /db_working_home/000417.sst 
2026/04/19-19:55:54.405356 1284 [DEBUG] New random access file: /db_working_home/000416.sst direct: 1
2026/04/19-19:55:54.405602 1284 [DEBUG] GetFileSize: /db_working_home/000416.sst 
2026/04/19-19:55:54.405764 1284 [DEBUG] New random access file: /db_working_home/000417.sst direct: 1
2026/04/19-19:55:54.406036 1284 [DEBUG] GetFileSize: /db_working_home/000417.sst 
2026/04/19-19:55:54.407130 1284 [DEBUG] Syncing metadata for: /db_working_home/MANIFEST-000194
2026/04/19-19:55:54.408516 1284 [DEBUG] Syncing metadata for: /db_working_home/MANIFEST-000194
2026/04/19-19:55:54.409188 1284 [DEBUG] DeleteFile: ./db_working_home/000395.sst 
2026/04/19-19:55:54.409754 1284 [Zonestats:time(s),used_cap(MB),reclaimable_cap(MB), avg_reclaimable(%), active(#), active_zones(#), open_zones(#)] 145 2161 3342 60 7 7 2
2026/04/19-19:55:54.409791 1284 [DEBUG] DeleteFile: ./db_working_home/000412.sst 
2026/04/19-19:55:54.410393 1284 [Zonestats:time(s),used_cap(MB),reclaimable_cap(MB), avg_reclaimable(%), active(#), active_zones(#), open_zones(#)] 145 2100 3403 61 7 7 2
2026/04/19-19:55:54.423147 1284 [DEBUG] New writable file: /db_working_home/000420.sst direct: 1
2026/04/19-19:55:54.426240 1284 Entering Apply Finish Threshold Function
2026/04/19-19:55:54.426266 1284 [DEBUG] Allocating zone(new=1) start: 0x38000000 wp: 0x38000000 lt: 5 file lt: 5
2026/04/19-19:55:54.426274 1284 [Zonestats:time(s),used_cap(MB),reclaimable_cap(MB), avg_reclaimable(%), active(#), active_zones(#), open_zones(#)] 145 2101 3402 61 7 8 3
2026/04/19-19:55:54.426280 1284 [DEBUG] Syncing metadata for: /db_working_home/000420.sst
2026/04/19-19:55:54.430038 1283 Total Garbage Bytes this interval: 1863223452 bytes
2026/04/19-19:55:54.430134 1283 Cumulative Average Garbage Bytes (over 144 intervals): 800558539 bytes
2026/04/19-19:55:54.430152 1283 Zone Garbage Stats: [81 9 2 0 1 9 4 1 1 4 10 0 ]
2026/04/19-19:55:54.430156 1283 Total Garbage Bytes: 1863223452 bytes
2026/04/19-19:55:55.211771 1284 [DEBUG] Syncing metadata for: /db_working_home/000420.sst
2026/04/19-19:55:55.212353 1284 [DEBUG] Syncing metadata for: /db_working_home/000420.sst
2026/04/19-19:55:55.213196 1284 [DEBUG] GetFileSize: /db_working_home/000420.sst 
2026/04/19-19:55:55.213230 1284 [DEBUG] New writable file: /db_working_home/000421.sst direct: 1
2026/04/19-19:55:55.216274 1284 Entering Apply Finish Threshold Function
2026/04/19-19:55:55.216300 1284 [DEBUG] Allocating zone(new=1) start: 0x40000000 wp: 0x40000000 lt: 5 file lt: 5
2026/04/19-19:55:55.216308 1284 [Zonestats:time(s),used_cap(MB),reclaimable_cap(MB), avg_reclaimable(%), active(#), active_zones(#), open_zones(#)] 146 2173 3458 61 8 9 3
2026/04/19-19:55:55.216314 1284 [DEBUG] Syncing metadata for: /db_working_home/000421.sst
2026/04/19-19:55:55.293717 1282 [DEBUG] New writable file: /db_working_home/000422.log direct: 0
2026/04/19-19:55:55.294670 1285 [DEBUG] New writable file: /db_working_home/000423.sst direct: 1
2026/04/19-19:55:55.304468 1285 Entering Apply Finish Threshold Function
2026/04/19-19:55:55.304495 1285 [DEBUG] Allocating zone(new=0) start: 0x130000000 wp: 0x13472bc00 lt: 5 file lt: 3
2026/04/19-19:55:55.304503 1285 [Zonestats:time(s),used_cap(MB),reclaimable_cap(MB), avg_reclaimable(%), active(#), active_zones(#), open_zones(#)] 146 2174 3457 61 9 9 4
2026/04/19-19:55:55.304509 1285 [DEBUG] Syncing metadata for: /db_working_home/000423.sst
2026/04/19-19:55:55.430331 1283 Total Garbage Bytes this interval: 1863223143 bytes
2026/04/19-19:55:55.430347 1283 Cumulative Average Garbage Bytes (over 145 intervals): 807887261 bytes
2026/04/19-19:55:55.430387 1283 Zone Garbage Stats: [80 9 2 0 1 9 4 1 1 4 10 0 ]
2026/04/19-19:55:55.430392 1283 Total Garbage Bytes: 1863223143 bytes
2026/04/19-19:55:55.506351 1285 [DEBUG] Syncing metadata for: /db_working_home/000423.sst
2026/04/19-19:55:55.514109 1285 [DEBUG] Syncing metadata for: /db_working_home/000423.sst
2026/04/19-19:55:55.514764 1285 [DEBUG] New random access file: /db_working_home/000423.sst direct: 1
2026/04/19-19:55:55.514940 1285 [DEBUG] GetFileSize: /db_working_home/000423.sst 
2026/04/19-19:55:55.523724 1285 [DEBUG] Syncing metadata for: /db_working_home/MANIFEST-000194
2026/04/19-19:55:55.524407 1285 [DEBUG] GetFileSize: /db_working_home/000423.sst 
2026/04/19-19:55:55.529170 1285 [DEBUG] Syncing metadata for: /db_working_home/000418.log
2026/04/19-19:55:55.537154 1285 [DEBUG] DeleteFile: ./db_working_home/000418.log 
2026/04/19-19:55:55.537735 1285 [Zonestats:time(s),used_cap(MB),reclaimable_cap(MB), avg_reclaimable(%), active(#), active_zones(#), open_zones(#)] 146 2174 3457 61 9 9 2
2026/04/19-19:55:55.589522 1282 [DEBUG] Allocating zone(new=0) start: 0x158000000 wp: 0x15d9a3600 lt: 5 file lt: 2
2026/04/19-19:55:55.589536 1282 [DEBUG] Syncing metadata for: /db_working_home/000422.log
2026/04/19-19:55:56.363228 1284 [DEBUG] Syncing metadata for: /db_working_home/000421.sst
2026/04/19-19:55:56.363810 1284 [DEBUG] Syncing metadata for: /db_working_home/000421.sst
2026/04/19-19:55:56.364600 1284 [DEBUG] GetFileSize: /db_working_home/000421.sst 
2026/04/19-19:55:56.365990 1284 [DEBUG] New random access file: /db_working_home/000420.sst direct: 1
2026/04/19-19:55:56.373180 1284 [DEBUG] GetFileSize: /db_working_home/000420.sst 
2026/04/19-19:55:56.373360 1284 [DEBUG] New random access file: /db_working_home/000421.sst direct: 1
2026/04/19-19:55:56.373651 1284 [DEBUG] GetFileSize: /db_working_home/000421.sst 
2026/04/19-19:55:56.374605 1284 [DEBUG] Syncing metadata for: /db_working_home/MANIFEST-000194
2026/04/19-19:55:56.380909 1284 [DEBUG] New writable file: /db_working_home/000424.sst direct: 1
2026/04/19-19:55:56.386659 1284 Entering Apply Finish Threshold Function
2026/04/19-19:55:56.386670 1284 Finishing zone: Entering Finish()
2026/04/19-19:55:56.430566 1283 Total Garbage Bytes this interval: 1863223847 bytes
2026/04/19-19:55:56.430582 1283 Cumulative Average Garbage Bytes (over 146 intervals): 815115593 bytes
2026/04/19-19:55:56.430601 1283 Zone Garbage Stats: [80 10 2 0 1 9 4 1 1 4 10 0 ]
2026/04/19-19:55:56.430605 1283 Total Garbage Bytes: 1863223847 bytes
2026/04/19-19:55:56.793327 1284 Finishing zone: Entering Finish()
2026/04/19-19:55:56.862935 1282 [DEBUG] New writable file: /db_working_home/000425.log direct: 0
2026/04/19-19:55:56.863962 1285 [DEBUG] New writable file: /db_working_home/000426.sst direct: 1
2026/04/19-19:55:56.866738 1285 Entering Apply Finish Threshold Function
2026/04/19-19:55:56.866763 1285 [DEBUG] Allocating zone(new=0) start: 0x118000000 wp: 0x11ae41400 lt: 5 file lt: 3
2026/04/19-19:55:56.866770 1285 [Zonestats:time(s),used_cap(MB),reclaimable_cap(MB), avg_reclaimable(%), active(#), active_zones(#), open_zones(#)] 147 2284 3475 60 8 8 3
2026/04/19-19:55:56.866777 1285 [DEBUG] Syncing metadata for: /db_working_home/000426.sst
2026/04/19-19:55:57.011268 1285 [DEBUG] Syncing metadata for: /db_working_home/000426.sst
2026/04/19-19:55:57.011874 1285 [DEBUG] Syncing metadata for: /db_working_home/000426.sst
2026/04/19-19:55:57.013101 1285 [DEBUG] New random access file: /db_working_home/000426.sst direct: 1
2026/04/19-19:55:57.013750 1285 [DEBUG] GetFileSize: /db_working_home/000426.sst 
2026/04/19-19:55:57.014284 1282 [DEBUG] Allocating zone(new=0) start: 0x118000000 wp: 0x11bd95800 lt: 5 file lt: 2
2026/04/19-19:55:57.014296 1282 [DEBUG] Syncing metadata for: /db_working_home/000425.log
2026/04/19-19:55:57.023151 1285 [DEBUG] Syncing metadata for: /db_working_home/MANIFEST-000194
2026/04/19-19:55:57.024180 1285 [DEBUG] GetFileSize: /db_working_home/000426.sst 
2026/04/19-19:55:57.029273 1285 [DEBUG] Syncing metadata for: /db_working_home/000422.log
2026/04/19-19:55:57.030478 1285 [DEBUG] DeleteFile: ./db_working_home/000340.sst 
2026/04/19-19:55:57.031521 1285 [Zonestats:time(s),used_cap(MB),reclaimable_cap(MB), avg_reclaimable(%), active(#), active_zones(#), open_zones(#)] 148 2229 3402 60 8 8 2
2026/04/19-19:55:57.031565 1285 [DEBUG] DeleteFile: ./db_working_home/000379.sst 
2026/04/19-19:55:57.032618 1285 [Zonestats:time(s),used_cap(MB),reclaimable_cap(MB), avg_reclaimable(%), active(#), active_zones(#), open_zones(#)] 148 2229 3274 59 8 8 2
2026/04/19-19:55:57.032654 1285 [DEBUG] DeleteFile: ./db_working_home/000384.sst 
2026/04/19-19:55:57.033316 1285 [Zonestats:time(s),used_cap(MB),reclaimable_cap(MB), avg_reclaimable(%), active(#), active_zones(#), open_zones(#)] 148 2142 3233 60 8 8 2
2026/04/19-19:55:57.033349 1285 [DEBUG] DeleteFile: ./db_working_home/000392.sst 
2026/04/19-19:55:57.034310 1285 [Zonestats:time(s),used_cap(MB),reclaimable_cap(MB), avg_reclaimable(%), active(#), active_zones(#), open_zones(#)] 148 2133 3242 60 8 8 2
2026/04/19-19:55:57.034341 1285 [DEBUG] DeleteFile: ./db_working_home/000422.log 
2026/04/19-19:55:57.035391 1285 [Zonestats:time(s),used_cap(MB),reclaimable_cap(MB), avg_reclaimable(%), active(#), active_zones(#), open_zones(#)] 148 2117 3258 60 8 8 2
2026/04/19-19:55:57.411637 1284 Finishing zone: Entering Finish()
2026/04/19-19:55:57.430779 1283 Total Garbage Bytes this interval: 1724910376 bytes
2026/04/19-19:55:57.430792 1283 Cumulative Average Garbage Bytes (over 147 intervals): 821304674 bytes
2026/04/19-19:55:57.430813 1283 Zone Garbage Stats: [83 8 1 1 1 9 4 2 1 4 8 0 ]
2026/04/19-19:55:57.430817 1283 Total Garbage Bytes: 1724910376 bytes
2026/04/19-19:55:57.685682 1284 [DEBUG] Allocating zone(new=0) start: 0x100000000 wp: 0x103a52a00 lt: 5 file lt: 3
2026/04/19-19:55:57.685700 1284 [Zonestats:time(s),used_cap(MB),reclaimable_cap(MB), avg_reclaimable(%), active(#), active_zones(#), open_zones(#)] 148 2129 3246 60 6 6 3
2026/04/19-19:55:57.685708 1284 [DEBUG] Syncing metadata for: /db_working_home/000424.sst
2026/04/19-19:55:58.057418 1282 [DEBUG] New writable file: /db_working_home/000427.log direct: 0
2026/04/19-19:55:58.058403 1285 [DEBUG] New writable file: /db_working_home/000428.sst direct: 1
2026/04/19-19:55:58.068079 1285 Entering Apply Finish Threshold Function
2026/04/19-19:55:58.068114 1285 [DEBUG] Allocating zone(new=0) start: 0xb8000000 wp: 0xbae1ac00 lt: 5 file lt: 3
2026/04/19-19:55:58.068122 1285 [Zonestats:time(s),used_cap(MB),reclaimable_cap(MB), avg_reclaimable(%), active(#), active_zones(#), open_zones(#)] 149 2131 3244 60 6 6 4
2026/04/19-19:55:58.068129 1285 [DEBUG] Syncing metadata for: /db_working_home/000428.sst
2026/04/19-19:55:58.258745 1284 [DEBUG] Syncing metadata for: /db_working_home/000424.sst
2026/04/19-19:55:58.266545 1284 [DEBUG] Syncing metadata for: /db_working_home/000424.sst
2026/04/19-19:55:58.267294 1284 [DEBUG] GetFileSize: /db_working_home/000424.sst 
2026/04/19-19:55:58.267330 1284 [DEBUG] New writable file: /db_working_home/000429.sst direct: 1
2026/04/19-19:55:58.270172 1285 [DEBUG] Syncing metadata for: /db_working_home/000428.sst
2026/04/19-19:55:58.270905 1284 Entering Apply Finish Threshold Function
2026/04/19-19:55:58.270919 1284 Finishing zone: Entering Finish()
2026/04/19-19:55:58.271215 1285 [DEBUG] Syncing metadata for: /db_working_home/000428.sst
2026/04/19-19:55:58.272197 1285 [DEBUG] New random access file: /db_working_home/000428.sst direct: 1
2026/04/19-19:55:58.272833 1285 [DEBUG] GetFileSize: /db_working_home/000428.sst 
2026/04/19-19:55:58.275370 1285 [DEBUG] Syncing metadata for: /db_working_home/MANIFEST-000194
2026/04/19-19:55:58.276227 1285 [DEBUG] GetFileSize: /db_working_home/000428.sst 
2026/04/19-19:55:58.281055 1285 [DEBUG] Syncing metadata for: /db_working_home/000425.log
2026/04/19-19:55:58.282058 1285 [DEBUG] DeleteFile: ./db_working_home/000425.log 
2026/04/19-19:55:58.283039 1285 [Zonestats:time(s),used_cap(MB),reclaimable_cap(MB), avg_reclaimable(%), active(#), active_zones(#), open_zones(#)] 149 2177 3198 59 6 6 1
2026/04/19-19:55:58.302570 1282 [DEBUG] Allocating zone(new=0) start: 0x118000000 wp: 0x11cd2dc00 lt: 5 file lt: 2
2026/04/19-19:55:58.302579 1282 [DEBUG] Syncing metadata for: /db_working_home/000427.log
2026/04/19-19:55:58.430992 1283 Total Garbage Bytes this interval: 1770591062 bytes
2026/04/19-19:55:58.431006 1283 Cumulative Average Garbage Bytes (over 148 intervals): 827718771 bytes
2026/04/19-19:55:58.431024 1283 Zone Garbage Stats: [83 7 1 1 1 9 5 2 1 4 8 0 ]
2026/04/19-19:55:58.431028 1283 Total Garbage Bytes: 1770591062 bytes
2026/04/19-19:55:58.566946 1284 [DEBUG] Allocating zone(new=0) start: 0xb8000000 wp: 0xbbd73e00 lt: 5 file lt: 3
2026/04/19-19:55:58.566963 1284 [Zonestats:time(s),used_cap(MB),reclaimable_cap(MB), avg_reclaimable(%), active(#), active_zones(#), open_zones(#)] 149 2182 3193 59 5 5 3
2026/04/19-19:55:58.566971 1284 [DEBUG] Syncing metadata for: /db_working_home/000429.sst
2026/04/19-19:55:58.568305 1284 [DEBUG] Syncing metadata for: /db_working_home/000429.sst
2026/04/19-19:55:58.568955 1284 [DEBUG] Syncing metadata for: /db_working_home/000429.sst
2026/04/19-19:55:58.569742 1284 [DEBUG] GetFileSize: /db_working_home/000429.sst 
2026/04/19-19:55:58.571014 1284 [DEBUG] New random access file: /db_working_home/000424.sst direct: 1
2026/04/19-19:55:58.571311 1284 [DEBUG] GetFileSize: /db_working_home/000424.sst 
2026/04/19-19:55:58.571476 1284 [DEBUG] New random access file: /db_working_home/000429.sst direct: 1
2026/04/19-19:55:58.571755 1284 [DEBUG] GetFileSize: /db_working_home/000429.sst 
2026/04/19-19:55:58.572632 1284 [DEBUG] Syncing metadata for: /db_working_home/MANIFEST-000194
2026/04/19-19:55:58.574128 1284 [DEBUG] Syncing metadata for: /db_working_home/MANIFEST-000194
2026/04/19-19:55:58.574899 1284 [DEBUG] DeleteFile: ./db_working_home/000414.sst 
2026/04/19-19:55:58.575467 1284 [Zonestats:time(s),used_cap(MB),reclaimable_cap(MB), avg_reclaimable(%), active(#), active_zones(#), open_zones(#)] 149 2167 3208 59 5 5 2
2026/04/19-19:55:58.575505 1284 [DEBUG] DeleteFile: ./db_working_home/000415.sst 
2026/04/19-19:55:58.576103 1284 [Zonestats:time(s),used_cap(MB),reclaimable_cap(MB), avg_reclaimable(%), active(#), active_zones(#), open_zones(#)] 149 2167 3208 59 5 5 2
2026/04/19-19:55:58.576135 1284 [DEBUG] DeleteFile: ./db_working_home/000419.sst 
2026/04/19-19:55:58.576748 1284 [Zonestats:time(s),used_cap(MB),reclaimable_cap(MB), avg_reclaimable(%), active(#), active_zones(#), open_zones(#)] 149 2152 3223 59 5 5 2
2026/04/19-19:55:58.576780 1284 [DEBUG] DeleteFile: ./db_working_home/000423.sst 
2026/04/19-19:55:58.577329 1284 [Zonestats:time(s),used_cap(MB),reclaimable_cap(MB), avg_reclaimable(%), active(#), active_zones(#), open_zones(#)] 149 2136 3239 60 5 5 2
2026/04/19-19:55:58.577849 1284 [DEBUG] New writable file: /db_working_home/000430.sst direct: 1
2026/04/19-19:55:58.578831 1284 Entering Apply Finish Threshold Function
2026/04/19-19:55:58.578852 1284 [DEBUG] Allocating zone(new=0) start: 0xb8000000 wp: 0xbbd75600 lt: 5 file lt: 4
2026/04/19-19:55:58.578859 1284 [Zonestats:time(s),used_cap(MB),reclaimable_cap(MB), avg_reclaimable(%), active(#), active_zones(#), open_zones(#)] 149 2136 3239 60 5 5 3
2026/04/19-19:55:58.578864 1284 [DEBUG] Syncing metadata for: /db_working_home/000430.sst
2026/04/19-19:55:58.580083 1284 [DEBUG] Syncing metadata for: /db_working_home/000430.sst
2026/04/19-19:55:58.580628 1284 [DEBUG] Syncing metadata for: /db_working_home/000430.sst
2026/04/19-19:55:58.581392 1284 [DEBUG] GetFileSize: /db_working_home/000430.sst 
2026/04/19-19:55:58.582273 1284 [DEBUG] New random access file: /db_working_home/000430.sst direct: 1
2026/04/19-19:55:58.582472 1284 [DEBUG] GetFileSize: /db_working_home/000430.sst 
2026/04/19-19:55:58.583269 1284 [DEBUG] Syncing metadata for: /db_working_home/MANIFEST-000194
2026/04/19-19:55:58.589340 1284 [DEBUG] New writable file: /db_working_home/000431.sst direct: 1
2026/04/19-19:55:58.592390 1284 Entering Apply Finish Threshold Function
2026/04/19-19:55:58.592414 1284 [DEBUG] Allocating zone(new=0) start: 0xb8000000 wp: 0xbbd77600 lt: 5 file lt: 4
2026/04/19-19:55:58.592421 1284 [Zonestats:time(s),used_cap(MB),reclaimable_cap(MB), avg_reclaimable(%), active(#), active_zones(#), open_zones(#)] 149 2136 3239 60 5 5 3
2026/04/19-19:55:58.592427 1284 [DEBUG] Syncing metadata for: /db_working_home/000431.sst
2026/04/19-19:55:59.373161 1284 Entering Apply Finish Threshold Function
2026/04/19-19:55:59.373192 1284 [DEBUG] Allocating zone(new=0) start: 0x38000000 wp: 0x3c1c5e00 lt: 5 file lt: 4
2026/04/19-19:55:59.373200 1284 [Zonestats:time(s),used_cap(MB),reclaimable_cap(MB), avg_reclaimable(%), active(#), active_zones(#), open_zones(#)] 150 2209 3166 58 4 4 3
2026/04/19-19:55:59.373207 1284 [DEBUG] Syncing metadata for: /db_working_home/000431.sst
2026/04/19-19:55:59.431203 1283 Total Garbage Bytes this interval: 1818850912 bytes
2026/04/19-19:55:59.431324 1283 Cumulative Average Garbage Bytes (over 149 intervals): 834370664 bytes
2026/04/19-19:55:59.431344 1283 Zone Garbage Stats: [83 5 3 1 0 10 4 3 1 4 8 0 ]
2026/04/19-19:55:59.431348 1283 Total Garbage Bytes: 1818850912 bytes
2026/04/19-19:55:59.828866 1282 [DEBUG] New writable file: /db_working_home/000432.log direct: 0
2026/04/19-19:55:59.833266 1285 [DEBUG] New writable file: /db_working_home/000433.sst direct: 1
2026/04/19-19:55:59.833470 1284 [DEBUG] Syncing metadata for: /db_working_home/000431.sst
2026/04/19-19:55:59.834727 1284 [DEBUG] Syncing metadata for: /db_working_home/000431.sst
2026/04/19-19:55:59.835534 1284 [DEBUG] GetFileSize: /db_working_home/000431.sst 
2026/04/19-19:55:59.836238 1285 Entering Apply Finish Threshold Function
2026/04/19-19:55:59.836248 1285 Finishing zone: Entering Finish()
2026/04/19-19:55:59.836668 1284 [DEBUG] New random access file: /db_working_home/000431.sst direct: 1
2026/04/19-19:55:59.837058 1284 [DEBUG] GetFileSize: /db_working_home/000431.sst 
2026/04/19-19:55:59.838101 1284 [DEBUG] Syncing metadata for: /db_working_home/MANIFEST-000194
2026/04/19-19:55:59.838936 1284 [DEBUG] DeleteFile: ./db_working_home/000396.sst 
2026/04/19-19:55:59.839982 1284 [Zonestats:time(s),used_cap(MB),reclaimable_cap(MB), avg_reclaimable(%), active(#), active_zones(#), open_zones(#)] 150 2252 2995 57 4 4 2
2026/04/19-19:55:59.840022 1284 [DEBUG] DeleteFile: ./db_working_home/000429.sst 
2026/04/19-19:55:59.840953 1284 [Zonestats:time(s),used_cap(MB),reclaimable_cap(MB), avg_reclaimable(%), active(#), active_zones(#), open_zones(#)] 150 2252 2995 57 4 4 2
2026/04/19-19:55:59.848032 1284 [DEBUG] New writable file: /db_working_home/000434.sst direct: 1
2026/04/19-19:55:59.851188 1284 Entering Apply Finish Threshold Function
2026/04/19-19:55:59.851212 1284 [DEBUG] Allocating zone(new=1) start: 0xc0000000 wp: 0xc0000000 lt: 5 file lt: 5
2026/04/19-19:55:59.851220 1284 [Zonestats:time(s),used_cap(MB),reclaimable_cap(MB), avg_reclaimable(%), active(#), active_zones(#), open_zones(#)] 150 2252 2995 57 4 5 3
2026/04/19-19:55:59.851226 1284 [DEBUG] Syncing metadata for: /db_working_home/000434.sst
2026/04/19-19:55:59.967036 1282 [DEBUG] Allocating zone(new=1) start: 0x110000000 wp: 0x110000000 lt: 2 file lt: 2
2026/04/19-19:55:59.967049 1282 [DEBUG] Syncing metadata for: /db_working_home/000432.log
2026/04/19-19:56:00.410109 1284 [DEBUG] Syncing metadata for: /db_working_home/000434.sst
2026/04/19-19:56:00.410690 1284 [DEBUG] Syncing metadata for: /db_working_home/000434.sst
2026/04/19-19:56:00.411749 1284 [DEBUG] GetFileSize: /db_working_home/000434.sst 
2026/04/19-19:56:00.411783 1284 [DEBUG] New writable file: /db_working_home/000435.sst direct: 1
2026/04/19-19:56:00.418024 1284 Entering Apply Finish Threshold Function
2026/04/19-19:56:00.418052 1284 [DEBUG] Allocating zone(new=1) start: 0x120000000 wp: 0x120000000 lt: 5 file lt: 5
2026/04/19-19:56:00.418060 1284 [Zonestats:time(s),used_cap(MB),reclaimable_cap(MB), avg_reclaimable(%), active(#), active_zones(#), open_zones(#)] 151 2298 3205 58 6 7 4
2026/04/19-19:56:00.418067 1284 [DEBUG] Syncing metadata for: /db_working_home/000435.sst
2026/04/19-19:56:00.431457 1283 Total Garbage Bytes this interval: 1730205374 bytes
2026/04/19-19:56:00.431469 1283 Cumulative Average Garbage Bytes (over 150 intervals): 840342896 bytes
2026/04/19-19:56:00.431487 1283 Zone Garbage Stats: [81 6 3 1 0 10 4 3 1 4 7 0 ]
2026/04/19-19:56:00.431491 1283 Total Garbage Bytes: 1730205374 bytes
2026/04/19-19:56:00.680495 1285 [DEBUG] Allocating zone(new=0) start: 0xc0000000 wp: 0xc2b13600 lt: 5 file lt: 3
2026/04/19-19:56:00.680513 1285 [Zonestats:time(s),used_cap(MB),reclaimable_cap(MB), avg_reclaimable(%), active(#), active_zones(#), open_zones(#)] 151 2300 3203 58 6 6 5
2026/04/19-19:56:00.680522 1285 [DEBUG] Syncing metadata for: /db_working_home/000433.sst
2026/04/19-19:56:00.890170 1285 [DEBUG] Syncing metadata for: /db_working_home/000433.sst
2026/04/19-19:56:00.897926 1285 [DEBUG] Syncing metadata for: /db_working_home/000433.sst
2026/04/19-19:56:00.898539 1285 [DEBUG] New random access file: /db_working_home/000433.sst direct: 1
2026/04/19-19:56:00.898702 1285 [DEBUG] GetFileSize: /db_working_home/000433.sst 
2026/04/19-19:56:00.907473 1285 [DEBUG] Syncing metadata for: /db_working_home/MANIFEST-000194
2026/04/19-19:56:00.908166 1285 [DEBUG] GetFileSize: /db_working_home/000433.sst 
2026/04/19-19:56:00.922435 1285 [DEBUG] Syncing metadata for: /db_working_home/000427.log
2026/04/19-19:56:00.923177 1285 [DEBUG] DeleteFile: ./db_working_home/000417.sst 
2026/04/19-19:56:00.923746 1285 [Zonestats:time(s),used_cap(MB),reclaimable_cap(MB), avg_reclaimable(%), active(#), active_zones(#), open_zones(#)] 151 2254 3249 59 6 6 3
2026/04/19-19:56:00.923791 1285 [DEBUG] DeleteFile: ./db_working_home/000424.sst 
2026/04/19-19:56:00.931654 1285 [Zonestats:time(s),used_cap(MB),reclaimable_cap(MB), avg_reclaimable(%), active(#), active_zones(#), open_zones(#)] 151 2208 3295 59 6 6 3
2026/04/19-19:56:00.931704 1285 [DEBUG] DeleteFile: ./db_working_home/000427.log 
2026/04/19-19:56:00.932407 1285 [Zonestats:time(s),used_cap(MB),reclaimable_cap(MB), avg_reclaimable(%), active(#), active_zones(#), open_zones(#)] 151 2193 3310 60 6 6 3
2026/04/19-19:56:01.278826 1284 [DEBUG] Syncing metadata for: /db_working_home/000435.sst
2026/04/19-19:56:01.279408 1284 [DEBUG] Syncing metadata for: /db_working_home/000435.sst
2026/04/19-19:56:01.280192 1284 [DEBUG] GetFileSize: /db_working_home/000435.sst 
2026/04/19-19:56:01.280228 1284 [DEBUG] New writable file: /db_working_home/000436.sst direct: 1
2026/04/19-19:56:01.285571 1284 Entering Apply Finish Threshold Function
2026/04/19-19:56:01.285583 1284 Finishing zone: Entering Finish()
2026/04/19-19:56:01.431665 1283 Total Garbage Bytes this interval: 1842765201 bytes
2026/04/19-19:56:01.431682 1283 Cumulative Average Garbage Bytes (over 151 intervals): 846981454 bytes
2026/04/19-19:56:01.431702 1283 Zone Garbage Stats: [81 7 2 1 0 10 6 3 1 4 7 0 ]
2026/04/19-19:56:01.431706 1283 Total Garbage Bytes: 1842765201 bytes
2026/04/19-19:56:01.651340 1282 [DEBUG] New writable file: /db_working_home/000437.log direct: 0
2026/04/19-19:56:01.652292 1285 [DEBUG] New writable file: /db_working_home/000438.sst direct: 1
2026/04/19-19:56:01.655293 1285 Entering Apply Finish Threshold Function
2026/04/19-19:56:01.655318 1285 [DEBUG] Allocating zone(new=0) start: 0x120000000 wp: 0x12444ea00 lt: 5 file lt: 3
2026/04/19-19:56:01.655325 1285 [Zonestats:time(s),used_cap(MB),reclaimable_cap(MB), avg_reclaimable(%), active(#), active_zones(#), open_zones(#)] 152 2271 3360 59 6 6 3
2026/04/19-19:56:01.655332 1285 [DEBUG] Syncing metadata for: /db_working_home/000438.sst
2026/04/19-19:56:01.799856 1285 [DEBUG] Syncing metadata for: /db_working_home/000438.sst
2026/04/19-19:56:01.800856 1285 [DEBUG] Syncing metadata for: /db_working_home/000438.sst
2026/04/19-19:56:01.802034 1285 [DEBUG] New random access file: /db_working_home/000438.sst direct: 1
2026/04/19-19:56:01.802208 1285 [DEBUG] GetFileSize: /db_working_home/000438.sst 
2026/04/19-19:56:01.804659 1285 [DEBUG] Syncing metadata for: /db_working_home/MANIFEST-000194
2026/04/19-19:56:01.805292 1282 [DEBUG] Allocating zone(new=0) start: 0x120000000 wp: 0x1253a5000 lt: 5 file lt: 2
2026/04/19-19:56:01.805305 1282 [DEBUG] Syncing metadata for: /db_working_home/000437.log
2026/04/19-19:56:01.805423 1285 [DEBUG] GetFileSize: /db_working_home/000438.sst 
2026/04/19-19:56:01.814972 1285 [DEBUG] Syncing metadata for: /db_working_home/000432.log
2026/04/19-19:56:01.819070 1285 [DEBUG] DeleteFile: ./db_working_home/000432.log 
2026/04/19-19:56:01.820067 1285 [Zonestats:time(s),used_cap(MB),reclaimable_cap(MB), avg_reclaimable(%), active(#), active_zones(#), open_zones(#)] 152 2273 3230 58 5 5 2
2026/04/19-19:56:01.828860 1284 [DEBUG] Allocating zone(new=1) start: 0x110000000 wp: 0x110000000 lt: 5 file lt: 5
2026/04/19-19:56:01.828874 1284 [Zonestats:time(s),used_cap(MB),reclaimable_cap(MB), avg_reclaimable(%), active(#), active_zones(#), open_zones(#)] 152 2273 3230 58 4 5 3
2026/04/19-19:56:01.828883 1284 [DEBUG] Syncing metadata for: /db_working_home/000436.sst
2026/04/19-19:56:02.357180 1284 [DEBUG] Syncing metadata for: /db_working_home/000436.sst
2026/04/19-19:56:02.357760 1284 [DEBUG] Syncing metadata for: /db_working_home/000436.sst
2026/04/19-19:56:02.358602 1284 [DEBUG] GetFileSize: /db_working_home/000436.sst 
2026/04/19-19:56:02.359708 1284 [DEBUG] New random access file: /db_working_home/000434.sst direct: 1
2026/04/19-19:56:02.359928 1284 [DEBUG] GetFileSize: /db_working_home/000434.sst 
2026/04/19-19:56:02.360099 1284 [DEBUG] New random access file: /db_working_home/000435.sst direct: 1
2026/04/19-19:56:02.360457 1284 [DEBUG] GetFileSize: /db_working_home/000435.sst 
2026/04/19-19:56:02.360598 1284 [DEBUG] New random access file: /db_working_home/000436.sst direct: 1
2026/04/19-19:56:02.360798 1284 [DEBUG] GetFileSize: /db_working_home/000436.sst 
2026/04/19-19:56:02.361848 1284 [DEBUG] Syncing metadata for: /db_working_home/MANIFEST-000194
2026/04/19-19:56:02.370256 1284 [DEBUG] New writable file: /db_working_home/000439.sst direct: 1
2026/04/19-19:56:02.376011 1284 Entering Apply Finish Threshold Function
2026/04/19-19:56:02.376037 1284 [DEBUG] Allocating zone(new=0) start: 0x110000000 wp: 0x113174000 lt: 5 file lt: 3
2026/04/19-19:56:02.376045 1284 [Zonestats:time(s),used_cap(MB),reclaimable_cap(MB), avg_reclaimable(%), active(#), active_zones(#), open_zones(#)] 153 2325 3306 58 5 5 3
2026/04/19-19:56:02.376052 1284 [DEBUG] Syncing metadata for: /db_working_home/000439.sst
2026/04/19-19:56:02.431879 1283 Total Garbage Bytes this interval: 1875471604 bytes
2026/04/19-19:56:02.431893 1283 Cumulative Average Garbage Bytes (over 152 intervals): 853747837 bytes
2026/04/19-19:56:02.431912 1283 Zone Garbage Stats: [81 6 2 1 0 10 7 3 1 4 7 0 ]
2026/04/19-19:56:02.431916 1283 Total Garbage Bytes: 1875471604 bytes
2026/04/19-19:56:03.024832 1284 [DEBUG] Syncing metadata for: /db_working_home/000439.sst
2026/04/19-19:56:03.025411 1284 [DEBUG] Syncing metadata for: /db_working_home/000439.sst
2026/04/19-19:56:03.026212 1284 [DEBUG] GetFileSize: /db_working_home/000439.sst 
2026/04/19-19:56:03.026246 1284 [DEBUG] New writable file: /db_working_home/000440.sst direct: 1
2026/04/19-19:56:03.027203 1284 Entering Apply Finish Threshold Function
2026/04/19-19:56:03.027211 1284 Finishing zone: Entering Finish()
2026/04/19-19:56:03.245048 1284 [DEBUG] Allocating zone(new=0) start: 0xc0000000 wp: 0xc3a69400 lt: 5 file lt: 3
2026/04/19-19:56:03.245066 1284 [Zonestats:time(s),used_cap(MB),reclaimable_cap(MB), avg_reclaimable(%), active(#), active_zones(#), open_zones(#)] 154 2393 3238 57 4 4 3
2026/04/19-19:56:03.245075 1284 [DEBUG] Syncing metadata for: /db_working_home/000440.sst
2026/04/19-19:56:03.246337 1284 [DEBUG] Syncing metadata for: /db_working_home/000440.sst
2026/04/19-19:56:03.246960 1284 [DEBUG] Syncing metadata for: /db_working_home/000440.sst
2026/04/19-19:56:03.247774 1284 [DEBUG] GetFileSize: /db_working_home/000440.sst 
2026/04/19-19:56:03.248895 1284 [DEBUG] New random access file: /db_working_home/000439.sst direct: 1
2026/04/19-19:56:03.249142 1284 [DEBUG] GetFileSize: /db_working_home/000439.sst 
2026/04/19-19:56:03.249318 1284 [DEBUG] New random access file: /db_working_home/000440.sst direct: 1
2026/04/19-19:56:03.249500 1284 [DEBUG] GetFileSize: /db_working_home/000440.sst 
2026/04/19-19:56:03.250384 1284 [DEBUG] Syncing metadata for: /db_working_home/MANIFEST-000194
2026/04/19-19:56:03.251117 1284 [DEBUG] DeleteFile: ./db_working_home/000416.sst 
2026/04/19-19:56:03.251702 1284 [Zonestats:time(s),used_cap(MB),reclaimable_cap(MB), avg_reclaimable(%), active(#), active_zones(#), open_zones(#)] 154 2337 3294 58 4 4 2
2026/04/19-19:56:03.251740 1284 [DEBUG] DeleteFile: ./db_working_home/000431.sst 
2026/04/19-19:56:03.252353 1284 [Zonestats:time(s),used_cap(MB),reclaimable_cap(MB), avg_reclaimable(%), active(#), active_zones(#), open_zones(#)] 154 2231 3400 60 4 4 2
2026/04/19-19:56:03.253231 1284 [DEBUG] Syncing metadata for: /db_working_home/MANIFEST-000194
2026/04/19-19:56:03.253886 1284 [DEBUG] DeleteFile: ./db_working_home/000426.sst 
2026/04/19-19:56:03.254446 1284 [Zonestats:time(s),used_cap(MB),reclaimable_cap(MB), avg_reclaimable(%), active(#), active_zones(#), open_zones(#)] 154 2216 3415 60 4 4 2
2026/04/19-19:56:03.254481 1284 [DEBUG] DeleteFile: ./db_working_home/000428.sst 
2026/04/19-19:56:03.255079 1284 [Zonestats:time(s),used_cap(MB),reclaimable_cap(MB), avg_reclaimable(%), active(#), active_zones(#), open_zones(#)] 154 2200 3431 60 4 4 2
2026/04/19-19:56:03.255123 1284 [DEBUG] DeleteFile: ./db_working_home/000433.sst 
2026/04/19-19:56:03.255701 1284 [Zonestats:time(s),used_cap(MB),reclaimable_cap(MB), avg_reclaimable(%), active(#), active_zones(#), open_zones(#)] 154 2185 3446 61 4 4 2
2026/04/19-19:56:03.255732 1284 [DEBUG] DeleteFile: ./db_working_home/000438.sst 
2026/04/19-19:56:03.256357 1284 [Zonestats:time(s),used_cap(MB),reclaimable_cap(MB), avg_reclaimable(%), active(#), active_zones(#), open_zones(#)] 154 2170 3461 61 4 4 2
2026/04/19-19:56:03.257121 1284 [DEBUG] Syncing metadata for: /db_working_home/MANIFEST-000194
2026/04/19-19:56:03.327173 1282 [DEBUG] New writable file: /db_working_home/000441.log direct: 0
2026/04/19-19:56:03.327989 1285 [DEBUG] New writable file: /db_working_home/000442.sst direct: 1
2026/04/19-19:56:03.330825 1285 Entering Apply Finish Threshold Function
2026/04/19-19:56:03.330850 1285 [DEBUG] Allocating zone(new=0) start: 0xc0000000 wp: 0xc3a6a800 lt: 5 file lt: 3
2026/04/19-19:56:03.330857 1285 [Zonestats:time(s),used_cap(MB),reclaimable_cap(MB), avg_reclaimable(%), active(#), active_zones(#), open_zones(#)] 154 2173 3458 61 4 4 3
2026/04/19-19:56:03.330863 1285 [DEBUG] Syncing metadata for: /db_working_home/000442.sst
2026/04/19-19:56:03.403045 1282 [DEBUG] Allocating zone(new=1) start: 0x160000000 wp: 0x160000000 lt: 2 file lt: 2
2026/04/19-19:56:03.403056 1282 [DEBUG] Syncing metadata for: /db_working_home/000441.log
2026/04/19-19:56:03.432020 1283 Total Garbage Bytes this interval: 2077977392 bytes
2026/04/19-19:56:03.432033 1283 Cumulative Average Garbage Bytes (over 153 intervals): 861749337 bytes
2026/04/19-19:56:03.432051 1283 Zone Garbage Stats: [80 4 2 1 0 10 6 5 1 4 8 0 ]
2026/04/19-19:56:03.432055 1283 Total Garbage Bytes: 2077977392 bytes
2026/04/19-19:56:03.479327 1285 [DEBUG] Syncing metadata for: /db_working_home/000442.sst
2026/04/19-19:56:03.479901 1285 [DEBUG] Syncing metadata for: /db_working_home/000442.sst
2026/04/19-19:56:03.480639 1285 [DEBUG] New random access file: /db_working_home/000442.sst direct: 1
2026/04/19-19:56:03.480815 1285 [DEBUG] GetFileSize: /db_working_home/000442.sst 
2026/04/19-19:56:03.483009 1285 [DEBUG] Syncing metadata for: /db_working_home/MANIFEST-000194
2026/04/19-19:56:03.483635 1285 [DEBUG] GetFileSize: /db_working_home/000442.sst 
2026/04/19-19:56:03.488950 1285 [DEBUG] Syncing metadata for: /db_working_home/000437.log
2026/04/19-19:56:03.489625 1285 [DEBUG] DeleteFile: ./db_working_home/000437.log 
2026/04/19-19:56:03.490191 1285 [Zonestats:time(s),used_cap(MB),reclaimable_cap(MB), avg_reclaimable(%), active(#), active_zones(#), open_zones(#)] 154 2174 3585 62 5 5 2
2026/04/19-19:56:03.834538 1282 [DEBUG] New writable file: /db_working_home/000443.log direct: 0
2026/04/19-19:56:03.835321 1285 [DEBUG] New writable file: /db_working_home/000444.sst direct: 1
2026/04/19-19:56:03.838033 1285 Entering Apply Finish Threshold Function
2026/04/19-19:56:03.838045 1285 Finishing zone: Entering Finish()
2026/04/19-19:56:03.867069 1282 [DEBUG] Allocating zone(new=0) start: 0xc0000000 wp: 0xc49bfe00 lt: 5 file lt: 2
2026/04/19-19:56:03.867076 1282 [DEBUG] Syncing metadata for: /db_working_home/000443.log
2026/04/19-19:56:04.184804 1285 [DEBUG] Allocating zone(new=1) start: 0x170000000 wp: 0x170000000 lt: 3 file lt: 3
2026/04/19-19:56:04.184822 1285 [Zonestats:time(s),used_cap(MB),reclaimable_cap(MB), avg_reclaimable(%), active(#), active_zones(#), open_zones(#)] 155 2195 3564 61 4 5 4
2026/04/19-19:56:04.184831 1285 [DEBUG] Syncing metadata for: /db_working_home/000444.sst
2026/04/19-19:56:04.330769 1285 [DEBUG] Syncing metadata for: /db_working_home/000444.sst
2026/04/19-19:56:04.331344 1285 [DEBUG] Syncing metadata for: /db_working_home/000444.sst
2026/04/19-19:56:04.332080 1285 [DEBUG] New random access file: /db_working_home/000444.sst direct: 1
2026/04/19-19:56:04.332267 1285 [DEBUG] GetFileSize: /db_working_home/000444.sst 
2026/04/19-19:56:04.334377 1285 [DEBUG] Syncing metadata for: /db_working_home/MANIFEST-000194
2026/04/19-19:56:04.335008 1285 [DEBUG] GetFileSize: /db_working_home/000444.sst 
2026/04/19-19:56:04.339750 1285 [DEBUG] Syncing metadata for: /db_working_home/000441.log
2026/04/19-19:56:04.340440 1285 [DEBUG] DeleteFile: ./db_working_home/000441.log 
2026/04/19-19:56:04.341132 1285 [Zonestats:time(s),used_cap(MB),reclaimable_cap(MB), avg_reclaimable(%), active(#), active_zones(#), open_zones(#)] 155 2196 3563 61 4 4 2
2026/04/19-19:56:04.432227 1283 Total Garbage Bytes this interval: 2110414396 bytes
2026/04/19-19:56:04.432317 1283 Cumulative Average Garbage Bytes (over 154 intervals): 869857552 bytes
2026/04/19-19:56:04.432337 1283 Zone Garbage Stats: [80 5 2 1 0 11 6 5 1 4 8 0 ]
2026/04/19-19:56:04.432341 1283 Total Garbage Bytes: 2110414396 bytes
2026/04/19-19:56:04.542588 1282 [DEBUG] New writable file: /db_working_home/000445.log direct: 0
2026/04/19-19:56:04.543397 1285 [DEBUG] New writable file: /db_working_home/000446.sst direct: 1
2026/04/19-19:56:04.546183 1285 Entering Apply Finish Threshold Function
2026/04/19-19:56:04.546210 1285 [DEBUG] Allocating zone(new=1) start: 0x160000000 wp: 0x160000000 lt: 3 file lt: 3
2026/04/19-19:56:04.546217 1285 [Zonestats:time(s),used_cap(MB),reclaimable_cap(MB), avg_reclaimable(%), active(#), active_zones(#), open_zones(#)] 155 2203 3556 61 4 5 3
2026/04/19-19:56:04.546224 1285 [DEBUG] Syncing metadata for: /db_working_home/000446.sst
2026/04/19-19:56:04.687861 1285 [DEBUG] Syncing metadata for: /db_working_home/000446.sst
2026/04/19-19:56:04.688436 1285 [DEBUG] Syncing metadata for: /db_working_home/000446.sst
2026/04/19-19:56:04.689062 1285 [DEBUG] New random access file: /db_working_home/000446.sst direct: 1
2026/04/19-19:56:04.689249 1285 [DEBUG] GetFileSize: /db_working_home/000446.sst 
2026/04/19-19:56:04.691259 1285 [DEBUG] Syncing metadata for: /db_working_home/MANIFEST-000194
2026/04/19-19:56:04.691255 1282 [DEBUG] Allocating zone(new=0) start: 0x170000000 wp: 0x170f54c00 lt: 3 file lt: 2
2026/04/19-19:56:04.691268 1282 [DEBUG] Syncing metadata for: /db_working_home/000445.log
2026/04/19-19:56:04.691928 1285 [DEBUG] GetFileSize: /db_working_home/000446.sst 
2026/04/19-19:56:04.703858 1284 [DEBUG] Syncing metadata for: /db_working_home/MANIFEST-000194
2026/04/19-19:56:04.704967 1285 [DEBUG] Syncing metadata for: /db_working_home/000443.log
2026/04/19-19:56:04.705674 1285 [DEBUG] DeleteFile: ./db_working_home/000443.log 
2026/04/19-19:56:04.706248 1285 [Zonestats:time(s),used_cap(MB),reclaimable_cap(MB), avg_reclaimable(%), active(#), active_zones(#), open_zones(#)] 155 2205 3682 62 5 5 2
2026/04/19-19:56:05.133850 1282 [DEBUG] New writable file: /db_working_home/000447.log direct: 0
2026/04/19-19:56:05.134675 1285 [DEBUG] New writable file: /db_working_home/000448.sst direct: 1
2026/04/19-19:56:05.137348 1285 Entering Apply Finish Threshold Function
2026/04/19-19:56:05.137358 1285 Finishing zone: Entering Finish()
2026/04/19-19:56:05.173438 1282 [DEBUG] Allocating zone(new=0) start: 0x160000000 wp: 0x160f56200 lt: 3 file lt: 2
2026/04/19-19:56:05.173449 1282 [DEBUG] Syncing metadata for: /db_working_home/000447.log
2026/04/19-19:56:05.432516 1283 Total Garbage Bytes this interval: 2110414272 bytes
2026/04/19-19:56:05.432531 1283 Cumulative Average Garbage Bytes (over 155 intervals): 877861143 bytes
2026/04/19-19:56:05.432552 1283 Zone Garbage Stats: [79 4 2 1 0 11 6 5 1 4 8 0 ]
2026/04/19-19:56:05.432556 1283 Total Garbage Bytes: 2110414272 bytes
2026/04/19-19:56:05.599230 1285 [DEBUG] Allocating zone(new=1) start: 0x188000000 wp: 0x188000000 lt: 3 file lt: 3
2026/04/19-19:56:05.599246 1285 [Zonestats:time(s),used_cap(MB),reclaimable_cap(MB), avg_reclaimable(%), active(#), active_zones(#), open_zones(#)] 156 2227 3660 62 4 5 4
2026/04/19-19:56:05.599255 1285 [DEBUG] Syncing metadata for: /db_working_home/000448.sst
2026/04/19-19:56:05.742441 1285 [DEBUG] Syncing metadata for: /db_working_home/000448.sst
2026/04/19-19:56:05.743017 1285 [DEBUG] Syncing metadata for: /db_working_home/000448.sst
2026/04/19-19:56:05.743798 1285 [DEBUG] New random access file: /db_working_home/000448.sst direct: 1
2026/04/19-19:56:05.743971 1285 [DEBUG] GetFileSize: /db_working_home/000448.sst 
2026/04/19-19:56:05.745992 1285 [DEBUG] Syncing metadata for: /db_working_home/MANIFEST-000194
2026/04/19-19:56:05.746848 1285 [DEBUG] GetFileSize: /db_working_home/000448.sst 
2026/04/19-19:56:05.751604 1285 [DEBUG] Syncing metadata for: /db_working_home/000445.log
2026/04/19-19:56:05.754713 1285 [DEBUG] DeleteFile: ./db_working_home/000445.log 
2026/04/19-19:56:05.757580 1285 [Zonestats:time(s),used_cap(MB),reclaimable_cap(MB), avg_reclaimable(%), active(#), active_zones(#), open_zones(#)] 156 2228 3787 62 5 5 2
2026/04/19-19:56:05.762266 1284 [DEBUG] New writable file: /db_working_home/000449.sst direct: 1
2026/04/19-19:56:05.765396 1284 Entering Apply Finish Threshold Function
2026/04/19-19:56:05.765423 1284 [DEBUG] Allocating zone(new=1) start: 0x190000000 wp: 0x190000000 lt: 3 file lt: 3
2026/04/19-19:56:05.765431 1284 [Zonestats:time(s),used_cap(MB),reclaimable_cap(MB), avg_reclaimable(%), active(#), active_zones(#), open_zones(#)] 156 2228 3787 62 5 6 3
2026/04/19-19:56:05.765437 1284 [DEBUG] Syncing metadata for: /db_working_home/000449.sst
2026/04/19-19:56:06.422053 1284 [DEBUG] Syncing metadata for: /db_working_home/000449.sst
2026/04/19-19:56:06.422650 1284 [DEBUG] Syncing metadata for: /db_working_home/000449.sst
2026/04/19-19:56:06.423357 1284 [DEBUG] GetFileSize: /db_working_home/000449.sst 
2026/04/19-19:56:06.423394 1284 [DEBUG] New writable file: /db_working_home/000450.sst direct: 1
2026/04/19-19:56:06.424206 1284 Entering Apply Finish Threshold Function
2026/04/19-19:56:06.424231 1284 [DEBUG] Allocating zone(new=1) start: 0x198000000 wp: 0x198000000 lt: 3 file lt: 3
2026/04/19-19:56:06.424238 1284 [Zonestats:time(s),used_cap(MB),reclaimable_cap(MB), avg_reclaimable(%), active(#), active_zones(#), open_zones(#)] 157 2292 3851 62 6 7 3
2026/04/19-19:56:06.424244 1284 [DEBUG] Syncing metadata for: /db_working_home/000450.sst
2026/04/19-19:56:06.425605 1284 [DEBUG] Syncing metadata for: /db_working_home/000450.sst
2026/04/19-19:56:06.426257 1284 [DEBUG] Syncing metadata for: /db_working_home/000450.sst
2026/04/19-19:56:06.427051 1284 [DEBUG] GetFileSize: /db_working_home/000450.sst 
2026/04/19-19:56:06.428257 1284 [DEBUG] New random access file: /db_working_home/000449.sst direct: 1
2026/04/19-19:56:06.428502 1284 [DEBUG] GetFileSize: /db_working_home/000449.sst 
2026/04/19-19:56:06.428660 1284 [DEBUG] New random access file: /db_working_home/000450.sst direct: 1
2026/04/19-19:56:06.428823 1284 [DEBUG] GetFileSize: /db_working_home/000450.sst 
2026/04/19-19:56:06.429840 1284 [DEBUG] Syncing metadata for: /db_working_home/MANIFEST-000194
2026/04/19-19:56:06.432731 1283 Total Garbage Bytes this interval: 2159203362 bytes
2026/04/19-19:56:06.432747 1283 Cumulative Average Garbage Bytes (over 156 intervals): 886074876 bytes
2026/04/19-19:56:06.432764 1283 Zone Garbage Stats: [76 7 3 1 0 11 7 5 1 4 8 0 ]
2026/04/19-19:56:06.432768 1283 Total Garbage Bytes: 2159203362 bytes
2026/04/19-19:56:06.435827 1284 [DEBUG] New writable file: /db_working_home/000451.sst direct: 1
2026/04/19-19:56:06.438854 1284 Entering Apply Finish Threshold Function
2026/04/19-19:56:06.438881 1284 [DEBUG] Allocating zone(new=1) start: 0x1a0000000 wp: 0x1a0000000 lt: 4 file lt: 4
2026/04/19-19:56:06.438888 1284 [Zonestats:time(s),used_cap(MB),reclaimable_cap(MB), avg_reclaimable(%), active(#), active_zones(#), open_zones(#)] 157 2292 3979 63 7 8 3
2026/04/19-19:56:06.438894 1284 [DEBUG] Syncing metadata for: /db_working_home/000451.sst
2026/04/19-19:56:06.714747 1282 [DEBUG] New writable file: /db_working_home/000452.log direct: 0
2026/04/19-19:56:06.717679 1285 [DEBUG] New writable file: /db_working_home/000453.sst direct: 1
2026/04/19-19:56:06.720567 1285 Entering Apply Finish Threshold Function
2026/04/19-19:56:06.720596 1285 [DEBUG] Allocating zone(new=1) start: 0x1a8000000 wp: 0x1a8000000 lt: 3 file lt: 3
2026/04/19-19:56:06.720603 1285 [Zonestats:time(s),used_cap(MB),reclaimable_cap(MB), avg_reclaimable(%), active(#), active_zones(#), open_zones(#)] 157 2294 3977 63 8 9 4
2026/04/19-19:56:06.720610 1285 [DEBUG] Syncing metadata for: /db_working_home/000453.sst
2026/04/19-19:56:06.937785 1285 [DEBUG] Syncing metadata for: /db_working_home/000453.sst
2026/04/19-19:56:06.940588 1285 [DEBUG] Syncing metadata for: /db_working_home/000453.sst
2026/04/19-19:56:06.941243 1285 [DEBUG] New random access file: /db_working_home/000453.sst direct: 1
2026/04/19-19:56:06.941623 1285 [DEBUG] GetFileSize: /db_working_home/000453.sst 
2026/04/19-19:56:06.944255 1285 [DEBUG] Syncing metadata for: /db_working_home/MANIFEST-000194
2026/04/19-19:56:06.944893 1285 [DEBUG] GetFileSize: /db_working_home/000453.sst 
2026/04/19-19:56:06.956767 1285 [DEBUG] Syncing metadata for: /db_working_home/000447.log
2026/04/19-19:56:06.964814 1285 [DEBUG] DeleteFile: ./db_working_home/000440.sst 
2026/04/19-19:56:06.965400 1285 [Zonestats:time(s),used_cap(MB),reclaimable_cap(MB), avg_reclaimable(%), active(#), active_zones(#), open_zones(#)] 157 2310 4089 63 9 9 2
2026/04/19-19:56:06.965443 1285 [DEBUG] DeleteFile: ./db_working_home/000442.sst 
2026/04/19-19:56:06.965999 1285 [Zonestats:time(s),used_cap(MB),reclaimable_cap(MB), avg_reclaimable(%), active(#), active_zones(#), open_zones(#)] 157 2295 4104 64 9 9 2
2026/04/19-19:56:06.966032 1285 [DEBUG] DeleteFile: ./db_working_home/000444.sst 
2026/04/19-19:56:06.966735 1285 [Zonestats:time(s),used_cap(MB),reclaimable_cap(MB), avg_reclaimable(%), active(#), active_zones(#), open_zones(#)] 157 2280 3991 63 8 8 2
2026/04/19-19:56:06.966769 1285 [DEBUG] DeleteFile: ./db_working_home/000446.sst 
2026/04/19-19:56:06.974546 1285 [Zonestats:time(s),used_cap(MB),reclaimable_cap(MB), avg_reclaimable(%), active(#), active_zones(#), open_zones(#)] 157 2264 4007 63 8 8 2
2026/04/19-19:56:06.974596 1285 [DEBUG] DeleteFile: ./db_working_home/000447.log 
2026/04/19-19:56:06.975285 1285 [Zonestats:time(s),used_cap(MB),reclaimable_cap(MB), avg_reclaimable(%), active(#), active_zones(#), open_zones(#)] 157 2249 3894 63 7 7 2
2026/04/19-19:56:06.975312 1285 [DEBUG] DeleteFile: ./db_working_home/000448.sst 
2026/04/19-19:56:06.976210 1285 [Zonestats:time(s),used_cap(MB),reclaimable_cap(MB), avg_reclaimable(%), active(#), active_zones(#), open_zones(#)] 157 2233 3782 62 6 6 2
2026/04/19-19:56:07.018737 1282 [DEBUG] Allocating zone(new=0) start: 0x1a8000000 wp: 0x1a8f56200 lt: 3 file lt: 2
2026/04/19-19:56:07.018750 1282 [DEBUG] Syncing metadata for: /db_working_home/000452.log
2026/04/19-19:56:07.432946 1283 Total Garbage Bytes this interval: 2158932249 bytes
2026/04/19-19:56:07.432962 1283 Cumulative Average Garbage Bytes (over 157 intervals): 894182247 bytes
2026/04/19-19:56:07.432982 1283 Zone Garbage Stats: [77 6 2 1 0 11 6 6 1 4 8 0 ]
2026/04/19-19:56:07.432986 1283 Total Garbage Bytes: 2158932249 bytes
2026/04/19-19:56:07.433272 1284 [DEBUG] Syncing metadata for: /db_working_home/000451.sst
2026/04/19-19:56:07.433863 1284 [DEBUG] Syncing metadata for: /db_working_home/000451.sst
2026/04/19-19:56:07.434665 1284 [DEBUG] GetFileSize: /db_working_home/000451.sst 
2026/04/19-19:56:07.434697 1284 [DEBUG] New writable file: /db_working_home/000454.sst direct: 1
2026/04/19-19:56:07.442349 1284 Entering Apply Finish Threshold Function
2026/04/19-19:56:07.442383 1284 Finishing zone: Entering Finish()
2026/04/19-19:56:07.998353 1284 [DEBUG] Allocating zone(new=1) start: 0x160000000 wp: 0x160000000 lt: 4 file lt: 4
2026/04/19-19:56:07.998419 1284 [Zonestats:time(s),used_cap(MB),reclaimable_cap(MB), avg_reclaimable(%), active(#), active_zones(#), open_zones(#)] 158 2329 3814 62 5 6 3
2026/04/19-19:56:07.998428 1284 [DEBUG] Syncing metadata for: /db_working_home/000454.sst
2026/04/19-19:56:08.193772 1282 [DEBUG] New writable file: /db_working_home/000455.log direct: 0
2026/04/19-19:56:08.194709 1285 [DEBUG] New writable file: /db_working_home/000456.sst direct: 1
2026/04/19-19:56:08.199593 1285 Entering Apply Finish Threshold Function
2026/04/19-19:56:08.199622 1285 [DEBUG] Allocating zone(new=1) start: 0x170000000 wp: 0x170000000 lt: 3 file lt: 3
2026/04/19-19:56:08.199630 1285 [Zonestats:time(s),used_cap(MB),reclaimable_cap(MB), avg_reclaimable(%), active(#), active_zones(#), open_zones(#)] 159 2330 3813 62 6 7 4
2026/04/19-19:56:08.199637 1285 [DEBUG] Syncing metadata for: /db_working_home/000456.sst
2026/04/19-19:56:08.376251 1285 [DEBUG] Syncing metadata for: /db_working_home/000456.sst
2026/04/19-19:56:08.381386 1285 [DEBUG] Syncing metadata for: /db_working_home/000456.sst
2026/04/19-19:56:08.385029 1285 [DEBUG] New random access file: /db_working_home/000456.sst direct: 1
2026/04/19-19:56:08.385223 1285 [DEBUG] GetFileSize: /db_working_home/000456.sst 
2026/04/19-19:56:08.391484 1285 [DEBUG] Syncing metadata for: /db_working_home/MANIFEST-000194
2026/04/19-19:56:08.394952 1285 [DEBUG] GetFileSize: /db_working_home/000456.sst 
2026/04/19-19:56:08.402271 1285 [DEBUG] Syncing metadata for: /db_working_home/000452.log
2026/04/19-19:56:08.405149 1285 [DEBUG] DeleteFile: ./db_working_home/000452.log 
2026/04/19-19:56:08.405741 1285 [Zonestats:time(s),used_cap(MB),reclaimable_cap(MB), avg_reclaimable(%), active(#), active_zones(#), open_zones(#)] 159 2331 3940 62 7 7 2
2026/04/19-19:56:08.433163 1283 Total Garbage Bytes this interval: 2175284217 bytes
2026/04/19-19:56:08.433177 1283 Cumulative Average Garbage Bytes (over 158 intervals): 902290488 bytes
2026/04/19-19:56:08.433193 1283 Zone Garbage Stats: [75 7 3 1 1 11 6 6 1 4 8 0 ]
2026/04/19-19:56:08.433197 1283 Total Garbage Bytes: 2175284217 bytes
2026/04/19-19:56:08.451286 1282 [DEBUG] Allocating zone(new=0) start: 0x1a8000000 wp: 0x1a9eee200 lt: 3 file lt: 2
2026/04/19-19:56:08.451299 1282 [DEBUG] Syncing metadata for: /db_working_home/000455.log
2026/04/19-19:56:08.522164 1284 [DEBUG] Syncing metadata for: /db_working_home/000454.sst
2026/04/19-19:56:08.522747 1284 [DEBUG] Syncing metadata for: /db_working_home/000454.sst
2026/04/19-19:56:08.523636 1284 [DEBUG] GetFileSize: /db_working_home/000454.sst 
2026/04/19-19:56:08.524689 1284 [DEBUG] New random access file: /db_working_home/000451.sst direct: 1
2026/04/19-19:56:08.524963 1284 [DEBUG] GetFileSize: /db_working_home/000451.sst 
2026/04/19-19:56:08.525142 1284 [DEBUG] New random access file: /db_working_home/000454.sst direct: 1
2026/04/19-19:56:08.525337 1284 [DEBUG] GetFileSize: /db_working_home/000454.sst 
2026/04/19-19:56:08.526223 1284 [DEBUG] Syncing metadata for: /db_working_home/MANIFEST-000194
2026/04/19-19:56:08.527633 1284 [DEBUG] Syncing metadata for: /db_working_home/MANIFEST-000194
2026/04/19-19:56:08.528308 1284 [DEBUG] DeleteFile: ./db_working_home/000439.sst 
2026/04/19-19:56:08.528872 1284 [Zonestats:time(s),used_cap(MB),reclaimable_cap(MB), avg_reclaimable(%), active(#), active_zones(#), open_zones(#)] 159 2308 4091 63 7 7 2
2026/04/19-19:56:08.528910 1284 [DEBUG] DeleteFile: ./db_working_home/000449.sst 
2026/04/19-19:56:08.529591 1284 [Zonestats:time(s),used_cap(MB),reclaimable_cap(MB), avg_reclaimable(%), active(#), active_zones(#), open_zones(#)] 159 2247 4024 64 6 6 2
2026/04/19-19:56:08.535028 1284 [DEBUG] New writable file: /db_working_home/000457.sst direct: 1
2026/04/19-19:56:08.537984 1284 Entering Apply Finish Threshold Function
2026/04/19-19:56:08.538011 1284 [DEBUG] Allocating zone(new=1) start: 0x188000000 wp: 0x188000000 lt: 5 file lt: 5
2026/04/19-19:56:08.538019 1284 [Zonestats:time(s),used_cap(MB),reclaimable_cap(MB), avg_reclaimable(%), active(#), active_zones(#), open_zones(#)] 159 2247 4024 64 6 7 3
2026/04/19-19:56:08.538025 1284 [DEBUG] Syncing metadata for: /db_working_home/000457.sst
2026/04/19-19:56:09.327417 1284 [DEBUG] Syncing metadata for: /db_working_home/000457.sst
2026/04/19-19:56:09.327996 1284 [DEBUG] Syncing metadata for: /db_working_home/000457.sst
2026/04/19-19:56:09.328703 1284 [DEBUG] GetFileSize: /db_working_home/000457.sst 
2026/04/19-19:56:09.328738 1284 [DEBUG] New writable file: /db_working_home/000458.sst direct: 1
2026/04/19-19:56:09.334501 1284 Entering Apply Finish Threshold Function
2026/04/19-19:56:09.334531 1284 [DEBUG] Allocating zone(new=1) start: 0x190000000 wp: 0x190000000 lt: 5 file lt: 5
2026/04/19-19:56:09.334538 1284 [Zonestats:time(s),used_cap(MB),reclaimable_cap(MB), avg_reclaimable(%), active(#), active_zones(#), open_zones(#)] 160 2324 4075 63 7 8 3
2026/04/19-19:56:09.334545 1284 [DEBUG] Syncing metadata for: /db_working_home/000458.sst
2026/04/19-19:56:09.433374 1283 Total Garbage Bytes this interval: 2222261298 bytes
2026/04/19-19:56:09.433473 1283 Cumulative Average Garbage Bytes (over 159 intervals): 910592191 bytes
2026/04/19-19:56:09.433493 1283 Zone Garbage Stats: [74 8 1 1 1 11 6 7 1 4 8 0 ]
2026/04/19-19:56:09.433497 1283 Total Garbage Bytes: 2222261298 bytes
2026/04/19-19:56:09.933215 1284 [DEBUG] Syncing metadata for: /db_working_home/000458.sst
2026/04/19-19:56:09.933796 1284 [DEBUG] Syncing metadata for: /db_working_home/000458.sst
2026/04/19-19:56:09.934532 1284 [DEBUG] GetFileSize: /db_working_home/000458.sst 
2026/04/19-19:56:09.934569 1284 [DEBUG] New writable file: /db_working_home/000459.sst direct: 1
2026/04/19-19:56:09.937712 1284 Entering Apply Finish Threshold Function
2026/04/19-19:56:09.937740 1284 [DEBUG] Allocating zone(new=1) start: 0x1b0000000 wp: 0x1b0000000 lt: 5 file lt: 5
2026/04/19-19:56:09.937748 1284 [Zonestats:time(s),used_cap(MB),reclaimable_cap(MB), avg_reclaimable(%), active(#), active_zones(#), open_zones(#)] 160 2382 4145 63 8 9 3
2026/04/19-19:56:09.937754 1284 [DEBUG] Syncing metadata for: /db_working_home/000459.sst
2026/04/19-19:56:10.433667 1283 Total Garbage Bytes this interval: 2222261669 bytes
2026/04/19-19:56:10.433683 1283 Cumulative Average Garbage Bytes (over 160 intervals): 918790125 bytes
2026/04/19-19:56:10.433702 1283 Zone Garbage Stats: [73 9 1 1 1 11 6 7 1 4 8 0 ]
2026/04/19-19:56:10.433706 1283 Total Garbage Bytes: 2222261669 bytes
2026/04/19-19:56:10.592900 1284 [DEBUG] Syncing metadata for: /db_working_home/000459.sst
2026/04/19-19:56:10.593481 1284 [DEBUG] Syncing metadata for: /db_working_home/000459.sst
2026/04/19-19:56:10.594316 1284 [DEBUG] GetFileSize: /db_working_home/000459.sst 
2026/04/19-19:56:10.595432 1284 [DEBUG] New random access file: /db_working_home/000457.sst direct: 1
2026/04/19-19:56:10.595678 1284 [DEBUG] GetFileSize: /db_working_home/000457.sst 
2026/04/19-19:56:10.595844 1284 [DEBUG] New random access file: /db_working_home/000458.sst direct: 1
2026/04/19-19:56:10.596079 1284 [DEBUG] GetFileSize: /db_working_home/000458.sst 
2026/04/19-19:56:10.596229 1284 [DEBUG] New random access file: /db_working_home/000459.sst direct: 1
2026/04/19-19:56:10.596528 1284 [DEBUG] GetFileSize: /db_working_home/000459.sst 
2026/04/19-19:56:10.597401 1284 [DEBUG] Syncing metadata for: /db_working_home/MANIFEST-000194
2026/04/19-19:56:10.598944 1284 [DEBUG] Syncing metadata for: /db_working_home/MANIFEST-000194
2026/04/19-19:56:10.599746 1284 [DEBUG] DeleteFile: ./db_working_home/000434.sst 
2026/04/19-19:56:10.600435 1284 [Zonestats:time(s),used_cap(MB),reclaimable_cap(MB), avg_reclaimable(%), active(#), active_zones(#), open_zones(#)] 161 2403 4124 63 9 9 2
2026/04/19-19:56:10.600475 1284 [DEBUG] DeleteFile: ./db_working_home/000435.sst 
2026/04/19-19:56:10.601131 1284 [Zonestats:time(s),used_cap(MB),reclaimable_cap(MB), avg_reclaimable(%), active(#), active_zones(#), open_zones(#)] 161 2335 4064 63 9 9 2
2026/04/19-19:56:10.601166 1284 [DEBUG] DeleteFile: ./db_working_home/000451.sst 
2026/04/19-19:56:10.601807 1284 [Zonestats:time(s),used_cap(MB),reclaimable_cap(MB), avg_reclaimable(%), active(#), active_zones(#), open_zones(#)] 161 2253 4018 64 9 9 2
2026/04/19-19:56:10.602347 1284 [DEBUG] New writable file: /db_working_home/000460.sst direct: 1
2026/04/19-19:56:10.603174 1284 Entering Apply Finish Threshold Function
2026/04/19-19:56:10.603198 1284 [DEBUG] Allocating zone(new=1) start: 0xc0000000 wp: 0xc0000000 lt: 5 file lt: 5
2026/04/19-19:56:10.603204 1284 [Zonestats:time(s),used_cap(MB),reclaimable_cap(MB), avg_reclaimable(%), active(#), active_zones(#), open_zones(#)] 161 2253 4018 64 9 10 3
2026/04/19-19:56:10.603210 1284 [DEBUG] Syncing metadata for: /db_working_home/000460.sst
2026/04/19-19:56:10.607356 1284 [DEBUG] Syncing metadata for: /db_working_home/000460.sst
2026/04/19-19:56:10.607815 1282 [DEBUG] New writable file: /db_working_home/000461.log direct: 0
2026/04/19-19:56:10.607935 1284 [DEBUG] Syncing metadata for: /db_working_home/000460.sst
2026/04/19-19:56:10.608637 1284 [DEBUG] GetFileSize: /db_working_home/000460.sst 
2026/04/19-19:56:10.609246 1285 [DEBUG] New writable file: /db_working_home/000462.sst direct: 1
2026/04/19-19:56:10.610177 1284 [DEBUG] New random access file: /db_working_home/000460.sst direct: 1
2026/04/19-19:56:10.610409 1284 [DEBUG] GetFileSize: /db_working_home/000460.sst 
2026/04/19-19:56:10.611275 1284 [DEBUG] Syncing metadata for: /db_working_home/MANIFEST-000194
2026/04/19-19:56:10.611957 1285 Entering Apply Finish Threshold Function
2026/04/19-19:56:10.611981 1285 [DEBUG] Allocating zone(new=0) start: 0x160000000 wp: 0x162477400 lt: 4 file lt: 3
2026/04/19-19:56:10.611988 1285 [Zonestats:time(s),used_cap(MB),reclaimable_cap(MB), avg_reclaimable(%), active(#), active_zones(#), open_zones(#)] 161 2253 4146 64 10 10 3
2026/04/19-19:56:10.611995 1285 [DEBUG] Syncing metadata for: /db_working_home/000462.sst
2026/04/19-19:56:10.624684 1284 [DEBUG] New writable file: /db_working_home/000463.sst direct: 1
2026/04/19-19:56:10.635098 1284 Entering Apply Finish Threshold Function
2026/04/19-19:56:10.635124 1284 [DEBUG] Allocating zone(new=1) start: 0x120000000 wp: 0x120000000 lt: 5 file lt: 5
2026/04/19-19:56:10.635132 1284 [Zonestats:time(s),used_cap(MB),reclaimable_cap(MB), avg_reclaimable(%), active(#), active_zones(#), open_zones(#)] 161 2253 4146 64 10 11 4
2026/04/19-19:56:10.635138 1284 [DEBUG] Syncing metadata for: /db_working_home/000463.sst
2026/04/19-19:56:10.784682 1285 [DEBUG] Syncing metadata for: /db_working_home/000462.sst
2026/04/19-19:56:10.788565 1285 [DEBUG] Syncing metadata for: /db_working_home/000462.sst
2026/04/19-19:56:10.791368 1285 [DEBUG] New random access file: /db_working_home/000462.sst direct: 1
2026/04/19-19:56:10.792562 1285 [DEBUG] GetFileSize: /db_working_home/000462.sst 
2026/04/19-19:56:10.797527 1285 [DEBUG] Syncing metadata for: /db_working_home/MANIFEST-000194
2026/04/19-19:56:10.801290 1285 [DEBUG] GetFileSize: /db_working_home/000462.sst 
2026/04/19-19:56:10.810702 1285 [DEBUG] Syncing metadata for: /db_working_home/000455.log
2026/04/19-19:56:10.814713 1285 [DEBUG] DeleteFile: ./db_working_home/000380.sst 
2026/04/19-19:56:10.815400 1285 [Zonestats:time(s),used_cap(MB),reclaimable_cap(MB), avg_reclaimable(%), active(#), active_zones(#), open_zones(#)] 161 2269 4002 63 11 11 2
2026/04/19-19:56:10.815458 1285 [DEBUG] DeleteFile: ./db_working_home/000430.sst 
2026/04/19-19:56:10.816018 1285 [Zonestats:time(s),used_cap(MB),reclaimable_cap(MB), avg_reclaimable(%), active(#), active_zones(#), open_zones(#)] 161 2269 4002 63 11 11 2
2026/04/19-19:56:10.816050 1285 [DEBUG] DeleteFile: ./db_working_home/000455.log 
2026/04/19-19:56:10.816657 1285 [Zonestats:time(s),used_cap(MB),reclaimable_cap(MB), avg_reclaimable(%), active(#), active_zones(#), open_zones(#)] 161 2253 4018 64 11 11 2
2026/04/19-19:56:10.828563 1282 [DEBUG] Allocating zone(new=0) start: 0x1a8000000 wp: 0x1aae87200 lt: 3 file lt: 2
2026/04/19-19:56:10.828569 1282 [DEBUG] Syncing metadata for: /db_working_home/000461.log
2026/04/19-19:56:11.433913 1283 Total Garbage Bytes this interval: 2059076747 bytes
2026/04/19-19:56:11.433935 1283 Cumulative Average Garbage Bytes (over 161 intervals): 925872651 bytes
2026/04/19-19:56:11.433969 1283 Zone Garbage Stats: [75 11 1 1 0 10 6 6 1 4 7 0 ]
2026/04/19-19:56:11.433985 1283 Total Garbage Bytes: 2059076747 bytes
2026/04/19-19:56:11.567158 1284 [DEBUG] Syncing metadata for: /db_working_home/000463.sst
2026/04/19-19:56:11.567761 1284 [DEBUG] Syncing metadata for: /db_working_home/000463.sst
2026/04/19-19:56:11.568576 1284 [DEBUG] GetFileSize: /db_working_home/000463.sst 
2026/04/19-19:56:11.568613 1284 [DEBUG] New writable file: /db_working_home/000464.sst direct: 1
2026/04/19-19:56:11.574245 1284 Entering Apply Finish Threshold Function
2026/04/19-19:56:11.574274 1284 [DEBUG] Allocating zone(new=1) start: 0x150000000 wp: 0x150000000 lt: 5 file lt: 5
2026/04/19-19:56:11.574282 1284 [Zonestats:time(s),used_cap(MB),reclaimable_cap(MB), avg_reclaimable(%), active(#), active_zones(#), open_zones(#)] 162 2330 4069 63 11 12 3
2026/04/19-19:56:11.574289 1284 [DEBUG] Syncing metadata for: /db_working_home/000464.sst
2026/04/19-19:56:12.072888 1284 [DEBUG] Syncing metadata for: /db_working_home/000464.sst
2026/04/19-19:56:12.073482 1284 [DEBUG] Syncing metadata for: /db_working_home/000464.sst
2026/04/19-19:56:12.074332 1284 [DEBUG] GetFileSize: /db_working_home/000464.sst 
2026/04/19-19:56:12.075560 1284 [DEBUG] New random access file: /db_working_home/000463.sst direct: 1
2026/04/19-19:56:12.075811 1284 [DEBUG] GetFileSize: /db_working_home/000463.sst 
2026/04/19-19:56:12.075980 1284 [DEBUG] New random access file: /db_working_home/000464.sst direct: 1
2026/04/19-19:56:12.076173 1284 [DEBUG] GetFileSize: /db_working_home/000464.sst 
2026/04/19-19:56:12.077052 1284 [DEBUG] Syncing metadata for: /db_working_home/MANIFEST-000194
2026/04/19-19:56:12.078435 1284 [DEBUG] Syncing metadata for: /db_working_home/MANIFEST-000194
2026/04/19-19:56:12.079139 1284 [DEBUG] DeleteFile: ./db_working_home/000420.sst 
2026/04/19-19:56:12.079813 1284 [Zonestats:time(s),used_cap(MB),reclaimable_cap(MB), avg_reclaimable(%), active(#), active_zones(#), open_zones(#)] 163 2312 4087 63 12 12 2
2026/04/19-19:56:12.079854 1284 [DEBUG] DeleteFile: ./db_working_home/000459.sst 
2026/04/19-19:56:12.080516 1284 [Zonestats:time(s),used_cap(MB),reclaimable_cap(MB), avg_reclaimable(%), active(#), active_zones(#), open_zones(#)] 163 2253 4018 64 11 11 2
2026/04/19-19:56:12.086006 1284 [DEBUG] New writable file: /db_working_home/000465.sst direct: 1
2026/04/19-19:56:12.089323 1284 Entering Apply Finish Threshold Function
2026/04/19-19:56:12.089348 1284 [DEBUG] Allocating zone(new=1) start: 0x38000000 wp: 0x38000000 lt: 5 file lt: 5
2026/04/19-19:56:12.089356 1284 [Zonestats:time(s),used_cap(MB),reclaimable_cap(MB), avg_reclaimable(%), active(#), active_zones(#), open_zones(#)] 163 2253 4018 64 11 12 3
2026/04/19-19:56:12.089363 1284 [DEBUG] Syncing metadata for: /db_working_home/000465.sst
2026/04/19-19:56:12.434163 1283 Total Garbage Bytes this interval: 2018068259 bytes
2026/04/19-19:56:12.434179 1283 Cumulative Average Garbage Bytes (over 162 intervals): 932614599 bytes
2026/04/19-19:56:12.434199 1283 Zone Garbage Stats: [75 12 1 1 0 9 6 6 1 4 7 0 ]
2026/04/19-19:56:12.434203 1283 Total Garbage Bytes: 2018068259 bytes
2026/04/19-19:56:12.653330 1282 [DEBUG] New writable file: /db_working_home/000466.log direct: 0
2026/04/19-19:56:12.654272 1285 [DEBUG] New writable file: /db_working_home/000467.sst direct: 1
2026/04/19-19:56:12.660704 1285 Entering Apply Finish Threshold Function
2026/04/19-19:56:12.660730 1285 [DEBUG] Allocating zone(new=0) start: 0x160000000 wp: 0x1633cc400 lt: 4 file lt: 3
2026/04/19-19:56:12.660738 1285 [Zonestats:time(s),used_cap(MB),reclaimable_cap(MB), avg_reclaimable(%), active(#), active_zones(#), open_zones(#)] 163 2258 4013 63 12 12 4
2026/04/19-19:56:12.660745 1285 [DEBUG] Syncing metadata for: /db_working_home/000467.sst
2026/04/19-19:56:12.671377 1284 [DEBUG] Syncing metadata for: /db_working_home/000465.sst
2026/04/19-19:56:12.671998 1284 [DEBUG] Syncing metadata for: /db_working_home/000465.sst
2026/04/19-19:56:12.680144 1284 [DEBUG] GetFileSize: /db_working_home/000465.sst 
2026/04/19-19:56:12.680180 1284 [DEBUG] New writable file: /db_working_home/000468.sst direct: 1
2026/04/19-19:56:12.691386 1284 Entering Apply Finish Threshold Function
2026/04/19-19:56:12.691412 1284 [DEBUG] Allocator: avoided a finish by relaxing lifetime diff requirement
2026/04/19-19:56:12.691416 1284 [DEBUG] Allocating zone(new=0) start: 0x190000000 wp: 0x1935ff800 lt: 5 file lt: 5
2026/04/19-19:56:12.691423 1284 [Zonestats:time(s),used_cap(MB),reclaimable_cap(MB), avg_reclaimable(%), active(#), active_zones(#), open_zones(#)] 163 2304 4095 63 12 12 4
2026/04/19-19:56:12.691429 1284 [DEBUG] Syncing metadata for: /db_working_home/000468.sst
2026/04/19-19:56:12.851666 1285 [DEBUG] Syncing metadata for: /db_working_home/000467.sst
2026/04/19-19:56:12.859460 1285 [DEBUG] Syncing metadata for: /db_working_home/000467.sst
2026/04/19-19:56:12.860131 1285 [DEBUG] New random access file: /db_working_home/000467.sst direct: 1
2026/04/19-19:56:12.860312 1285 [DEBUG] GetFileSize: /db_working_home/000467.sst 
2026/04/19-19:56:12.869350 1285 [DEBUG] Syncing metadata for: /db_working_home/MANIFEST-000194
2026/04/19-19:56:12.870215 1285 [DEBUG] GetFileSize: /db_working_home/000467.sst 
2026/04/19-19:56:12.874969 1285 [DEBUG] Syncing metadata for: /db_working_home/000461.log
2026/04/19-19:56:12.878194 1285 [DEBUG] DeleteFile: ./db_working_home/000461.log 
2026/04/19-19:56:12.885991 1285 [Zonestats:time(s),used_cap(MB),reclaimable_cap(MB), avg_reclaimable(%), active(#), active_zones(#), open_zones(#)] 163 2304 4095 63 12 12 2
2026/04/19-19:56:12.933211 1282 [DEBUG] Allocating zone(new=0) start: 0x1a8000000 wp: 0x1abe20000 lt: 3 file lt: 2
2026/04/19-19:56:12.933224 1282 [DEBUG] Syncing metadata for: /db_working_home/000466.log
2026/04/19-19:56:13.289471 1284 [DEBUG] Syncing metadata for: /db_working_home/000468.sst
2026/04/19-19:56:13.290052 1284 [DEBUG] Syncing metadata for: /db_working_home/000468.sst
2026/04/19-19:56:13.290889 1284 [DEBUG] GetFileSize: /db_working_home/000468.sst 
2026/04/19-19:56:13.291926 1284 [DEBUG] New random access file: /db_working_home/000465.sst direct: 1
2026/04/19-19:56:13.292171 1284 [DEBUG] GetFileSize: /db_working_home/000465.sst 
2026/04/19-19:56:13.292332 1284 [DEBUG] New random access file: /db_working_home/000468.sst direct: 1
2026/04/19-19:56:13.292584 1284 [DEBUG] GetFileSize: /db_working_home/000468.sst 
2026/04/19-19:56:13.293453 1284 [DEBUG] Syncing metadata for: /db_working_home/MANIFEST-000194
2026/04/19-19:56:13.302295 1284 [DEBUG] New writable file: /db_working_home/000469.sst direct: 1
2026/04/19-19:56:13.308173 1284 Entering Apply Finish Threshold Function
2026/04/19-19:56:13.308187 1284 Finishing zone: Entering Finish()
2026/04/19-19:56:13.434395 1283 Total Garbage Bytes this interval: 2018068439 bytes
2026/04/19-19:56:13.434411 1283 Cumulative Average Garbage Bytes (over 163 intervals): 939273825 bytes
2026/04/19-19:56:13.434430 1283 Zone Garbage Stats: [75 12 1 1 0 9 6 6 1 4 7 0 ]
2026/04/19-19:56:13.434434 1283 Total Garbage Bytes: 2018068439 bytes
2026/04/19-19:56:13.640548 1284 [DEBUG] Allocating zone(new=0) start: 0x160000000 wp: 0x164320a00 lt: 4 file lt: 3
2026/04/19-19:56:13.640565 1284 [Zonestats:time(s),used_cap(MB),reclaimable_cap(MB), avg_reclaimable(%), active(#), active_zones(#), open_zones(#)] 164 2359 4040 63 11 11 3
2026/04/19-19:56:13.640573 1284 [DEBUG] Syncing metadata for: /db_working_home/000469.sst
2026/04/19-19:56:14.093592 1284 [DEBUG] Syncing metadata for: /db_working_home/000469.sst
2026/04/19-19:56:14.094172 1284 [DEBUG] Syncing metadata for: /db_working_home/000469.sst
2026/04/19-19:56:14.094958 1284 [DEBUG] GetFileSize: /db_working_home/000469.sst 
2026/04/19-19:56:14.094994 1284 [DEBUG] New writable file: /db_working_home/000470.sst direct: 1
2026/04/19-19:56:14.105866 1284 Entering Apply Finish Threshold Function
2026/04/19-19:56:14.105881 1284 Finishing zone: Entering Finish()
2026/04/19-19:56:14.270563 1282 [DEBUG] New writable file: /db_working_home/000471.log direct: 0
2026/04/19-19:56:14.271887 1285 [DEBUG] New writable file: /db_working_home/000472.sst direct: 1
2026/04/19-19:56:14.274798 1285 Entering Apply Finish Threshold Function
2026/04/19-19:56:14.274823 1285 [DEBUG] Allocating zone(new=0) start: 0x188000000 wp: 0x18c795000 lt: 5 file lt: 3
2026/04/19-19:56:14.274831 1285 [Zonestats:time(s),used_cap(MB),reclaimable_cap(MB), avg_reclaimable(%), active(#), active_zones(#), open_zones(#)] 165 2407 3992 62 11 11 3
2026/04/19-19:56:14.274838 1285 [DEBUG] Syncing metadata for: /db_working_home/000472.sst
2026/04/19-19:56:14.418463 1285 [DEBUG] Syncing metadata for: /db_working_home/000472.sst
2026/04/19-19:56:14.419040 1285 [DEBUG] Syncing metadata for: /db_working_home/000472.sst
2026/04/19-19:56:14.420209 1285 [DEBUG] New random access file: /db_working_home/000472.sst direct: 1
2026/04/19-19:56:14.420390 1285 [DEBUG] GetFileSize: /db_working_home/000472.sst 
2026/04/19-19:56:14.422826 1285 [DEBUG] Syncing metadata for: /db_working_home/MANIFEST-000194
2026/04/19-19:56:14.423603 1285 [DEBUG] GetFileSize: /db_working_home/000472.sst 
2026/04/19-19:56:14.429369 1285 [DEBUG] Syncing metadata for: /db_working_home/000466.log
2026/04/19-19:56:14.430564 1285 [DEBUG] DeleteFile: ./db_working_home/000330.sst 
2026/04/19-19:56:14.431648 1285 [Zonestats:time(s),used_cap(MB),reclaimable_cap(MB), avg_reclaimable(%), active(#), active_zones(#), open_zones(#)] 165 2375 3896 62 11 11 1
2026/04/19-19:56:14.431691 1285 [DEBUG] DeleteFile: ./db_working_home/000385.sst 
2026/04/19-19:56:14.432696 1285 [Zonestats:time(s),used_cap(MB),reclaimable_cap(MB), avg_reclaimable(%), active(#), active_zones(#), open_zones(#)] 165 2317 3826 62 11 11 1
2026/04/19-19:56:14.432729 1285 [DEBUG] DeleteFile: ./db_working_home/000466.log 
2026/04/19-19:56:14.433714 1285 [Zonestats:time(s),used_cap(MB),reclaimable_cap(MB), avg_reclaimable(%), active(#), active_zones(#), open_zones(#)] 165 2301 3842 62 11 11 1
2026/04/19-19:56:14.434633 1283 Total Garbage Bytes this interval: 1951883460 bytes
2026/04/19-19:56:14.434647 1283 Cumulative Average Garbage Bytes (over 164 intervals): 945448274 bytes
2026/04/19-19:56:14.434664 1283 Zone Garbage Stats: [77 11 1 2 0 10 5 5 1 4 7 0 ]
2026/04/19-19:56:14.434668 1283 Total Garbage Bytes: 1951883460 bytes
2026/04/19-19:56:14.445525 1284 Finishing zone: Entering Finish()
2026/04/19-19:56:14.445813 1282 [DEBUG] Allocating zone(new=0) start: 0x1a8000000 wp: 0x1acdb8a00 lt: 3 file lt: 2
2026/04/19-19:56:14.445825 1282 [DEBUG] Syncing metadata for: /db_working_home/000471.log
2026/04/19-19:56:14.944051 1284 [DEBUG] Allocating zone(new=0) start: 0x150000000 wp: 0x152c0a600 lt: 5 file lt: 3
2026/04/19-19:56:14.944068 1284 [Zonestats:time(s),used_cap(MB),reclaimable_cap(MB), avg_reclaimable(%), active(#), active_zones(#), open_zones(#)] 165 2310 3833 62 9 9 3
2026/04/19-19:56:14.944077 1284 [DEBUG] Syncing metadata for: /db_working_home/000470.sst
2026/04/19-19:56:15.139831 1284 [DEBUG] Syncing metadata for: /db_working_home/000470.sst
2026/04/19-19:56:15.140411 1284 [DEBUG] Syncing metadata for: /db_working_home/000470.sst
2026/04/19-19:56:15.141131 1284 [DEBUG] GetFileSize: /db_working_home/000470.sst 
2026/04/19-19:56:15.142260 1284 [DEBUG] New random access file: /db_working_home/000469.sst direct: 1
2026/04/19-19:56:15.142466 1284 [DEBUG] GetFileSize: /db_working_home/000469.sst 
2026/04/19-19:56:15.142625 1284 [DEBUG] New random access file: /db_working_home/000470.sst direct: 1
2026/04/19-19:56:15.142795 1284 [DEBUG] GetFileSize: /db_working_home/000470.sst 
2026/04/19-19:56:15.143661 1284 [DEBUG] Syncing metadata for: /db_working_home/MANIFEST-000194
2026/04/19-19:56:15.145300 1284 [DEBUG] Syncing metadata for: /db_working_home/MANIFEST-000194
2026/04/19-19:56:15.153135 1284 [DEBUG] DeleteFile: ./db_working_home/000450.sst 
2026/04/19-19:56:15.153844 1284 [Zonestats:time(s),used_cap(MB),reclaimable_cap(MB), avg_reclaimable(%), active(#), active_zones(#), open_zones(#)] 166 2331 3684 61 8 8 2
2026/04/19-19:56:15.153885 1284 [DEBUG] DeleteFile: ./db_working_home/000453.sst 
2026/04/19-19:56:15.154458 1284 [Zonestats:time(s),used_cap(MB),reclaimable_cap(MB), avg_reclaimable(%), active(#), active_zones(#), open_zones(#)] 166 2315 3700 61 8 8 2
2026/04/19-19:56:15.154493 1284 [DEBUG] DeleteFile: ./db_working_home/000456.sst 
2026/04/19-19:56:15.155224 1284 [Zonestats:time(s),used_cap(MB),reclaimable_cap(MB), avg_reclaimable(%), active(#), active_zones(#), open_zones(#)] 166 2300 3587 60 7 7 2
2026/04/19-19:56:15.155257 1284 [DEBUG] DeleteFile: ./db_working_home/000462.sst 
2026/04/19-19:56:15.155810 1284 [Zonestats:time(s),used_cap(MB),reclaimable_cap(MB), avg_reclaimable(%), active(#), active_zones(#), open_zones(#)] 166 2285 3602 61 7 7 2
2026/04/19-19:56:15.155840 1284 [DEBUG] DeleteFile: ./db_working_home/000467.sst 
2026/04/19-19:56:15.156450 1284 [Zonestats:time(s),used_cap(MB),reclaimable_cap(MB), avg_reclaimable(%), active(#), active_zones(#), open_zones(#)] 166 2269 3618 61 7 7 2
2026/04/19-19:56:15.161953 1284 [DEBUG] New writable file: /db_working_home/000473.sst direct: 1
2026/04/19-19:56:15.165245 1284 Entering Apply Finish Threshold Function
2026/04/19-19:56:15.165271 1284 [DEBUG] Allocating zone(new=1) start: 0x100000000 wp: 0x100000000 lt: 5 file lt: 5
2026/04/19-19:56:15.165279 1284 [Zonestats:time(s),used_cap(MB),reclaimable_cap(MB), avg_reclaimable(%), active(#), active_zones(#), open_zones(#)] 166 2269 3618 61 7 8 3
2026/04/19-19:56:15.165285 1284 [DEBUG] Syncing metadata for: /db_working_home/000473.sst
2026/04/19-19:56:15.434782 1283 Total Garbage Bytes this interval: 1918618687 bytes
2026/04/19-19:56:15.434799 1283 Cumulative Average Garbage Bytes (over 165 intervals): 951346276 bytes
2026/04/19-19:56:15.434818 1283 Zone Garbage Stats: [78 8 1 2 2 9 5 5 1 4 7 0 ]
2026/04/19-19:56:15.434822 1283 Total Garbage Bytes: 1918618687 bytes
2026/04/19-19:56:15.637942 1282 [DEBUG] New writable file: /db_working_home/000474.log direct: 0
2026/04/19-19:56:15.643162 1285 [DEBUG] New writable file: /db_working_home/000475.sst direct: 1
2026/04/19-19:56:15.648150 1285 Entering Apply Finish Threshold Function
2026/04/19-19:56:15.648177 1285 [DEBUG] Allocating zone(new=0) start: 0x150000000 wp: 0x153e98000 lt: 5 file lt: 3
2026/04/19-19:56:15.648186 1285 [Zonestats:time(s),used_cap(MB),reclaimable_cap(MB), avg_reclaimable(%), active(#), active_zones(#), open_zones(#)] 166 2273 3614 61 8 8 4
2026/04/19-19:56:15.648193 1285 [DEBUG] Syncing metadata for: /db_working_home/000475.sst
2026/04/19-19:56:15.822800 1285 [DEBUG] Syncing metadata for: /db_working_home/000475.sst
2026/04/19-19:56:15.825568 1284 [DEBUG] Syncing metadata for: /db_working_home/000473.sst
2026/04/19-19:56:15.826226 1285 [DEBUG] Syncing metadata for: /db_working_home/000475.sst
2026/04/19-19:56:15.827432 1284 [DEBUG] Syncing metadata for: /db_working_home/000473.sst
2026/04/19-19:56:15.828007 1285 [DEBUG] New random access file: /db_working_home/000475.sst direct: 1
2026/04/19-19:56:15.828155 1284 [DEBUG] GetFileSize: /db_working_home/000473.sst 
2026/04/19-19:56:15.828187 1285 [DEBUG] GetFileSize: /db_working_home/000475.sst 
2026/04/19-19:56:15.828190 1284 [DEBUG] New writable file: /db_working_home/000476.sst direct: 1
2026/04/19-19:56:15.830172 1285 [DEBUG] Syncing metadata for: /db_working_home/MANIFEST-000194
2026/04/19-19:56:15.830819 1285 [DEBUG] GetFileSize: /db_working_home/000475.sst 
2026/04/19-19:56:15.835564 1285 [DEBUG] Syncing metadata for: /db_working_home/000471.log
2026/04/19-19:56:15.837990 1284 Entering Apply Finish Threshold Function
2026/04/19-19:56:15.838003 1284 Finishing zone: Entering Finish()
2026/04/19-19:56:15.838565 1285 [DEBUG] DeleteFile: ./db_working_home/000471.log 
2026/04/19-19:56:15.839542 1285 [Zonestats:time(s),used_cap(MB),reclaimable_cap(MB), avg_reclaimable(%), active(#), active_zones(#), open_zones(#)] 166 2320 3567 60 7 7 1
2026/04/19-19:56:15.845328 1282 [DEBUG] Allocating zone(new=0) start: 0x120000000 wp: 0x124668400 lt: 5 file lt: 2
2026/04/19-19:56:15.845339 1282 [DEBUG] Syncing metadata for: /db_working_home/000474.log
2026/04/19-19:56:16.434998 1283 Total Garbage Bytes this interval: 1918618931 bytes
2026/04/19-19:56:16.435016 1283 Cumulative Average Garbage Bytes (over 166 intervals): 957173220 bytes
2026/04/19-19:56:16.435037 1283 Zone Garbage Stats: [79 7 1 2 2 9 5 5 1 4 7 0 ]
2026/04/19-19:56:16.435041 1283 Total Garbage Bytes: 1918618931 bytes
2026/04/19-19:56:16.453615 1284 [DEBUG] Allocating zone(new=1) start: 0x128000000 wp: 0x128000000 lt: 5 file lt: 5
2026/04/19-19:56:16.453630 1284 [Zonestats:time(s),used_cap(MB),reclaimable_cap(MB), avg_reclaimable(%), active(#), active_zones(#), open_zones(#)] 167 2333 3554 60 6 7 3
2026/04/19-19:56:16.453639 1284 [DEBUG] Syncing metadata for: /db_working_home/000476.sst
2026/04/19-19:56:16.774725 1282 [DEBUG] New writable file: /db_working_home/000477.log direct: 0
2026/04/19-19:56:16.775649 1285 [DEBUG] New writable file: /db_working_home/000478.sst direct: 1
2026/04/19-19:56:16.778579 1285 Entering Apply Finish Threshold Function
2026/04/19-19:56:16.778603 1285 [DEBUG] Allocating zone(new=0) start: 0x100000000 wp: 0x102df3c00 lt: 5 file lt: 3
2026/04/19-19:56:16.778610 1285 [Zonestats:time(s),used_cap(MB),reclaimable_cap(MB), avg_reclaimable(%), active(#), active_zones(#), open_zones(#)] 167 2335 3552 60 7 7 4
2026/04/19-19:56:16.778616 1285 [DEBUG] Syncing metadata for: /db_working_home/000478.sst
2026/04/19-19:56:16.984135 1285 [DEBUG] Syncing metadata for: /db_working_home/000478.sst
2026/04/19-19:56:16.986752 1285 [DEBUG] Syncing metadata for: /db_working_home/000478.sst
2026/04/19-19:56:16.987576 1285 [DEBUG] New random access file: /db_working_home/000478.sst direct: 1
2026/04/19-19:56:16.994847 1285 [DEBUG] GetFileSize: /db_working_home/000478.sst 
2026/04/19-19:56:16.997060 1285 [DEBUG] Syncing metadata for: /db_working_home/MANIFEST-000194
2026/04/19-19:56:17.004779 1285 [DEBUG] GetFileSize: /db_working_home/000478.sst 
2026/04/19-19:56:17.012002 1285 [DEBUG] Syncing metadata for: /db_working_home/000474.log
2026/04/19-19:56:17.012700 1285 [DEBUG] DeleteFile: ./db_working_home/000474.log 
2026/04/19-19:56:17.013281 1285 [Zonestats:time(s),used_cap(MB),reclaimable_cap(MB), avg_reclaimable(%), active(#), active_zones(#), open_zones(#)] 168 2335 3552 60 7 7 2
2026/04/19-19:56:17.041923 1282 [DEBUG] Allocating zone(new=0) start: 0x120000000 wp: 0x125600e00 lt: 5 file lt: 2
2026/04/19-19:56:17.041934 1282 [DEBUG] Syncing metadata for: /db_working_home/000477.log
2026/04/19-19:56:17.069338 1284 [DEBUG] Syncing metadata for: /db_working_home/000476.sst
2026/04/19-19:56:17.069914 1284 [DEBUG] Syncing metadata for: /db_working_home/000476.sst
2026/04/19-19:56:17.070725 1284 [DEBUG] GetFileSize: /db_working_home/000476.sst 
2026/04/19-19:56:17.071739 1284 [DEBUG] New random access file: /db_working_home/000473.sst direct: 1
2026/04/19-19:56:17.071983 1284 [DEBUG] GetFileSize: /db_working_home/000473.sst 
2026/04/19-19:56:17.072156 1284 [DEBUG] New random access file: /db_working_home/000476.sst direct: 1
2026/04/19-19:56:17.072389 1284 [DEBUG] GetFileSize: /db_working_home/000476.sst 
2026/04/19-19:56:17.073281 1284 [DEBUG] Syncing metadata for: /db_working_home/MANIFEST-000194
2026/04/19-19:56:17.081837 1284 [DEBUG] New writable file: /db_working_home/000479.sst direct: 1
2026/04/19-19:56:17.084766 1284 Entering Apply Finish Threshold Function
2026/04/19-19:56:17.084791 1284 [DEBUG] Allocating zone(new=0) start: 0x128000000 wp: 0x12ade5600 lt: 5 file lt: 3
2026/04/19-19:56:17.084799 1284 [Zonestats:time(s),used_cap(MB),reclaimable_cap(MB), avg_reclaimable(%), active(#), active_zones(#), open_zones(#)] 168 2382 3633 60 7 7 3
2026/04/19-19:56:17.084806 1284 [DEBUG] Syncing metadata for: /db_working_home/000479.sst
2026/04/19-19:56:17.435224 1283 Total Garbage Bytes this interval: 1918619760 bytes
2026/04/19-19:56:17.435240 1283 Cumulative Average Garbage Bytes (over 167 intervals): 962930385 bytes
2026/04/19-19:56:17.435260 1283 Zone Garbage Stats: [78 7 1 2 3 9 5 5 1 4 7 0 ]
2026/04/19-19:56:17.435264 1283 Total Garbage Bytes: 1918619760 bytes
2026/04/19-19:56:17.578228 1284 [DEBUG] Syncing metadata for: /db_working_home/000479.sst
2026/04/19-19:56:17.578809 1284 [DEBUG] Syncing metadata for: /db_working_home/000479.sst
2026/04/19-19:56:17.579517 1284 [DEBUG] GetFileSize: /db_working_home/000479.sst 
2026/04/19-19:56:17.580623 1284 [DEBUG] New random access file: /db_working_home/000479.sst direct: 1
2026/04/19-19:56:17.587379 1284 [DEBUG] GetFileSize: /db_working_home/000479.sst 
2026/04/19-19:56:17.588313 1284 [DEBUG] Syncing metadata for: /db_working_home/MANIFEST-000194
2026/04/19-19:56:17.589035 1284 [DEBUG] DeleteFile: ./db_working_home/000333.sst 
2026/04/19-19:56:17.589724 1284 [Zonestats:time(s),used_cap(MB),reclaimable_cap(MB), avg_reclaimable(%), active(#), active_zones(#), open_zones(#)] 168 2384 3503 59 7 7 2
2026/04/19-19:56:17.589766 1284 [DEBUG] DeleteFile: ./db_working_home/000390.sst 
2026/04/19-19:56:17.590447 1284 [Zonestats:time(s),used_cap(MB),reclaimable_cap(MB), avg_reclaimable(%), active(#), active_zones(#), open_zones(#)] 168 2326 3433 59 7 7 2
2026/04/19-19:56:17.595999 1284 [DEBUG] New writable file: /db_working_home/000480.sst direct: 1
2026/04/19-19:56:17.598961 1284 Entering Apply Finish Threshold Function
2026/04/19-19:56:17.598973 1284 Finishing zone: Entering Finish()
2026/04/19-19:56:18.045247 1284 [DEBUG] Allocating zone(new=0) start: 0x100000000 wp: 0x103d49000 lt: 5 file lt: 4
2026/04/19-19:56:18.045265 1284 [Zonestats:time(s),used_cap(MB),reclaimable_cap(MB), avg_reclaimable(%), active(#), active_zones(#), open_zones(#)] 169 2335 3424 59 6 6 3
2026/04/19-19:56:18.045274 1284 [DEBUG] Syncing metadata for: /db_working_home/000480.sst
2026/04/19-19:56:18.113559 1282 [DEBUG] New writable file: /db_working_home/000481.log direct: 0
2026/04/19-19:56:18.117254 1285 [DEBUG] New writable file: /db_working_home/000482.sst direct: 1
2026/04/19-19:56:18.119977 1285 Entering Apply Finish Threshold Function
2026/04/19-19:56:18.120002 1285 [DEBUG] Allocating zone(new=0) start: 0xc0000000 wp: 0xc0002c00 lt: 5 file lt: 3
2026/04/19-19:56:18.120010 1285 [Zonestats:time(s),used_cap(MB),reclaimable_cap(MB), avg_reclaimable(%), active(#), active_zones(#), open_zones(#)] 169 2336 3423 59 6 6 4
2026/04/19-19:56:18.120016 1285 [DEBUG] Syncing metadata for: /db_working_home/000482.sst
2026/04/19-19:56:18.294661 1285 [DEBUG] Syncing metadata for: /db_working_home/000482.sst
2026/04/19-19:56:18.299547 1285 [DEBUG] Syncing metadata for: /db_working_home/000482.sst
2026/04/19-19:56:18.303386 1285 [DEBUG] New random access file: /db_working_home/000482.sst direct: 1
2026/04/19-19:56:18.303570 1285 [DEBUG] GetFileSize: /db_working_home/000482.sst 
2026/04/19-19:56:18.306686 1285 [DEBUG] Syncing metadata for: /db_working_home/MANIFEST-000194
2026/04/19-19:56:18.307428 1285 [DEBUG] GetFileSize: /db_working_home/000482.sst 
2026/04/19-19:56:18.314238 1285 [DEBUG] Syncing metadata for: /db_working_home/000477.log
2026/04/19-19:56:18.319059 1285 [DEBUG] DeleteFile: ./db_working_home/000472.sst 
2026/04/19-19:56:18.322741 1285 [Zonestats:time(s),used_cap(MB),reclaimable_cap(MB), avg_reclaimable(%), active(#), active_zones(#), open_zones(#)] 169 2336 3423 59 6 6 2
2026/04/19-19:56:18.322796 1285 [DEBUG] DeleteFile: ./db_working_home/000475.sst 
2026/04/19-19:56:18.323376 1285 [Zonestats:time(s),used_cap(MB),reclaimable_cap(MB), avg_reclaimable(%), active(#), active_zones(#), open_zones(#)] 169 2321 3438 59 6 6 2
2026/04/19-19:56:18.323411 1285 [DEBUG] DeleteFile: ./db_working_home/000477.log 
2026/04/19-19:56:18.324035 1285 [Zonestats:time(s),used_cap(MB),reclaimable_cap(MB), avg_reclaimable(%), active(#), active_zones(#), open_zones(#)] 169 2305 3454 59 6 6 2
2026/04/19-19:56:18.324056 1285 [DEBUG] DeleteFile: ./db_working_home/000478.sst 
2026/04/19-19:56:18.324629 1285 [Zonestats:time(s),used_cap(MB),reclaimable_cap(MB), avg_reclaimable(%), active(#), active_zones(#), open_zones(#)] 169 2290 3469 60 6 6 2
2026/04/19-19:56:18.334572 1282 [DEBUG] Allocating zone(new=0) start: 0x120000000 wp: 0x126599c00 lt: 5 file lt: 2
2026/04/19-19:56:18.334583 1282 [DEBUG] Syncing metadata for: /db_working_home/000481.log
2026/04/19-19:56:18.435439 1283 Total Garbage Bytes this interval: 1858027995 bytes
2026/04/19-19:56:18.435455 1283 Cumulative Average Garbage Bytes (over 168 intervals): 968258347 bytes
2026/04/19-19:56:18.435475 1283 Zone Garbage Stats: [80 6 1 3 1 10 5 4 1 4 7 0 ]
2026/04/19-19:56:18.435479 1283 Total Garbage Bytes: 1858027995 bytes
2026/04/19-19:56:18.930563 1284 Entering Apply Finish Threshold Function
2026/04/19-19:56:18.930594 1284 [DEBUG] Allocating zone(new=0) start: 0xc0000000 wp: 0xc0f57c00 lt: 5 file lt: 4
2026/04/19-19:56:18.930602 1284 [Zonestats:time(s),used_cap(MB),reclaimable_cap(MB), avg_reclaimable(%), active(#), active_zones(#), open_zones(#)] 169 2362 3397 58 5 5 3
2026/04/19-19:56:18.930609 1284 [DEBUG] Syncing metadata for: /db_working_home/000480.sst
2026/04/19-19:56:18.998673 1284 [DEBUG] Syncing metadata for: /db_working_home/000480.sst
2026/04/19-19:56:18.999226 1284 [DEBUG] Syncing metadata for: /db_working_home/000480.sst
2026/04/19-19:56:19.000035 1284 [DEBUG] GetFileSize: /db_working_home/000480.sst 
2026/04/19-19:56:19.000070 1284 [DEBUG] New writable file: /db_working_home/000483.sst direct: 1
2026/04/19-19:56:19.005705 1284 Entering Apply Finish Threshold Function
2026/04/19-19:56:19.005732 1284 [DEBUG] Allocating zone(new=0) start: 0xc0000000 wp: 0xc14b3a00 lt: 5 file lt: 4
2026/04/19-19:56:19.005740 1284 [Zonestats:time(s),used_cap(MB),reclaimable_cap(MB), avg_reclaimable(%), active(#), active_zones(#), open_zones(#)] 170 2368 3391 58 5 5 3
2026/04/19-19:56:19.005746 1284 [DEBUG] Syncing metadata for: /db_working_home/000483.sst
2026/04/19-19:56:19.354242 1284 [DEBUG] Syncing metadata for: /db_working_home/000483.sst
2026/04/19-19:56:19.354800 1284 [DEBUG] Syncing metadata for: /db_working_home/000483.sst
2026/04/19-19:56:19.355492 1284 [DEBUG] GetFileSize: /db_working_home/000483.sst 
2026/04/19-19:56:19.356606 1284 [DEBUG] New random access file: /db_working_home/000480.sst direct: 1
2026/04/19-19:56:19.356853 1284 [DEBUG] GetFileSize: /db_working_home/000480.sst 
2026/04/19-19:56:19.357059 1284 [DEBUG] New random access file: /db_working_home/000483.sst direct: 1
2026/04/19-19:56:19.357267 1284 [DEBUG] GetFileSize: /db_working_home/000483.sst 
2026/04/19-19:56:19.358353 1284 [DEBUG] Syncing metadata for: /db_working_home/MANIFEST-000194
2026/04/19-19:56:19.364388 1284 [DEBUG] New writable file: /db_working_home/000484.sst direct: 1
2026/04/19-19:56:19.367494 1284 Entering Apply Finish Threshold Function
2026/04/19-19:56:19.367521 1284 [DEBUG] Allocating zone(new=1) start: 0x130000000 wp: 0x130000000 lt: 5 file lt: 5
2026/04/19-19:56:19.367528 1284 [Zonestats:time(s),used_cap(MB),reclaimable_cap(MB), avg_reclaimable(%), active(#), active_zones(#), open_zones(#)] 170 2403 3356 58 5 6 3
2026/04/19-19:56:19.367535 1284 [DEBUG] Syncing metadata for: /db_working_home/000484.sst
2026/04/19-19:56:19.435591 1283 Total Garbage Bytes this interval: 1874107028 bytes
2026/04/19-19:56:19.435705 1283 Cumulative Average Garbage Bytes (over 169 intervals): 973618398 bytes
2026/04/19-19:56:19.435736 1283 Zone Garbage Stats: [79 6 2 3 1 10 5 4 1 4 7 0 ]
2026/04/19-19:56:19.435740 1283 Total Garbage Bytes: 1874107028 bytes
2026/04/19-19:56:20.056281 1282 [DEBUG] New writable file: /db_working_home/000485.log direct: 0
2026/04/19-19:56:20.057360 1285 [DEBUG] New writable file: /db_working_home/000486.sst direct: 1
2026/04/19-19:56:20.061939 1285 Entering Apply Finish Threshold Function
2026/04/19-19:56:20.061966 1285 [DEBUG] Allocating zone(new=0) start: 0xc0000000 wp: 0xc34bc200 lt: 5 file lt: 3
2026/04/19-19:56:20.061974 1285 [Zonestats:time(s),used_cap(MB),reclaimable_cap(MB), avg_reclaimable(%), active(#), active_zones(#), open_zones(#)] 171 2409 3350 58 6 6 4
2026/04/19-19:56:20.061981 1285 [DEBUG] Syncing metadata for: /db_working_home/000486.sst
2026/04/19-19:56:20.236255 1285 [DEBUG] Syncing metadata for: /db_working_home/000486.sst
2026/04/19-19:56:20.240949 1285 [DEBUG] Syncing metadata for: /db_working_home/000486.sst
2026/04/19-19:56:20.244775 1285 [DEBUG] New random access file: /db_working_home/000486.sst direct: 1
2026/04/19-19:56:20.244965 1285 [DEBUG] GetFileSize: /db_working_home/000486.sst 
2026/04/19-19:56:20.251403 1285 [DEBUG] Syncing metadata for: /db_working_home/MANIFEST-000194
2026/04/19-19:56:20.255578 1285 [DEBUG] GetFileSize: /db_working_home/000486.sst 
2026/04/19-19:56:20.266739 1285 [DEBUG] Syncing metadata for: /db_working_home/000481.log
2026/04/19-19:56:20.270756 1285 [DEBUG] DeleteFile: ./db_working_home/000469.sst 
2026/04/19-19:56:20.271335 1285 [Zonestats:time(s),used_cap(MB),reclaimable_cap(MB), avg_reclaimable(%), active(#), active_zones(#), open_zones(#)] 171 2383 3376 58 6 6 2
2026/04/19-19:56:20.271380 1285 [DEBUG] DeleteFile: ./db_working_home/000470.sst 
2026/04/19-19:56:20.271958 1285 [Zonestats:time(s),used_cap(MB),reclaimable_cap(MB), avg_reclaimable(%), active(#), active_zones(#), open_zones(#)] 171 2365 3394 58 6 6 2
2026/04/19-19:56:20.271990 1285 [DEBUG] DeleteFile: ./db_working_home/000479.sst 
2026/04/19-19:56:20.272597 1285 [Zonestats:time(s),used_cap(MB),reclaimable_cap(MB), avg_reclaimable(%), active(#), active_zones(#), open_zones(#)] 171 2319 3440 59 6 6 2
2026/04/19-19:56:20.272627 1285 [DEBUG] DeleteFile: ./db_working_home/000481.log 
2026/04/19-19:56:20.277429 1285 [Zonestats:time(s),used_cap(MB),reclaimable_cap(MB), avg_reclaimable(%), active(#), active_zones(#), open_zones(#)] 171 2304 3455 59 6 6 2
2026/04/19-19:56:20.281573 1282 [DEBUG] Allocating zone(new=0) start: 0x120000000 wp: 0x127532400 lt: 5 file lt: 2
2026/04/19-19:56:20.281584 1282 [DEBUG] Syncing metadata for: /db_working_home/000485.log
2026/04/19-19:56:20.435841 1283 Total Garbage Bytes this interval: 1985172532 bytes
2026/04/19-19:56:20.435856 1283 Cumulative Average Garbage Bytes (over 170 intervals): 979568717 bytes
2026/04/19-19:56:20.435874 1283 Zone Garbage Stats: [79 6 2 2 0 10 4 6 2 4 7 0 ]
2026/04/19-19:56:20.435878 1283 Total Garbage Bytes: 1985172532 bytes
2026/04/19-19:56:20.592804 1284 [DEBUG] Syncing metadata for: /db_working_home/000484.sst
2026/04/19-19:56:20.593384 1284 [DEBUG] Syncing metadata for: /db_working_home/000484.sst
2026/04/19-19:56:20.594208 1284 [DEBUG] GetFileSize: /db_working_home/000484.sst 
2026/04/19-19:56:20.594242 1284 [DEBUG] New writable file: /db_working_home/000487.sst direct: 1
2026/04/19-19:56:20.597132 1284 Entering Apply Finish Threshold Function
2026/04/19-19:56:20.597142 1284 Finishing zone: Entering Finish()
2026/04/19-19:56:20.961455 1282 [DEBUG] Allocating zone(new=0) start: 0xc0000000 wp: 0xc4414200 lt: 5 file lt: 2
2026/04/19-19:56:20.961467 1282 [DEBUG] Syncing metadata for: /db_working_home/000485.log
2026/04/19-19:56:21.003796 1284 [DEBUG] Allocating zone(new=1) start: 0x138000000 wp: 0x138000000 lt: 5 file lt: 5
2026/04/19-19:56:21.003812 1284 [Zonestats:time(s),used_cap(MB),reclaimable_cap(MB), avg_reclaimable(%), active(#), active_zones(#), open_zones(#)] 172 2409 3478 59 4 5 3
2026/04/19-19:56:21.003820 1284 [DEBUG] Syncing metadata for: /db_working_home/000487.sst
2026/04/19-19:56:21.435980 1283 Total Garbage Bytes this interval: 2034233687 bytes
2026/04/19-19:56:21.435996 1283 Cumulative Average Garbage Bytes (over 171 intervals): 985736348 bytes
2026/04/19-19:56:21.436015 1283 Zone Garbage Stats: [78 5 2 3 1 10 4 6 2 4 7 0 ]
2026/04/19-19:56:21.436019 1283 Total Garbage Bytes: 2034233687 bytes
2026/04/19-19:56:21.495989 1284 [DEBUG] Syncing metadata for: /db_working_home/000487.sst
2026/04/19-19:56:21.496570 1284 [DEBUG] Syncing metadata for: /db_working_home/000487.sst
2026/04/19-19:56:21.497282 1284 [DEBUG] GetFileSize: /db_working_home/000487.sst 
2026/04/19-19:56:21.498440 1284 [DEBUG] New random access file: /db_working_home/000484.sst direct: 1
2026/04/19-19:56:21.498742 1284 [DEBUG] GetFileSize: /db_working_home/000484.sst 
2026/04/19-19:56:21.498908 1284 [DEBUG] New random access file: /db_working_home/000487.sst direct: 1
2026/04/19-19:56:21.499135 1284 [DEBUG] GetFileSize: /db_working_home/000487.sst 
2026/04/19-19:56:21.500047 1284 [DEBUG] Syncing metadata for: /db_working_home/MANIFEST-000194
2026/04/19-19:56:21.501565 1284 [DEBUG] Syncing metadata for: /db_working_home/MANIFEST-000194
2026/04/19-19:56:21.502280 1284 [DEBUG] DeleteFile: ./db_working_home/000457.sst 
2026/04/19-19:56:21.502975 1284 [Zonestats:time(s),used_cap(MB),reclaimable_cap(MB), avg_reclaimable(%), active(#), active_zones(#), open_zones(#)] 172 2386 3501 59 5 5 2
2026/04/19-19:56:21.503017 1284 [DEBUG] DeleteFile: ./db_working_home/000480.sst 
2026/04/19-19:56:21.503583 1284 [Zonestats:time(s),used_cap(MB),reclaimable_cap(MB), avg_reclaimable(%), active(#), active_zones(#), open_zones(#)] 172 2314 3573 60 5 5 2
2026/04/19-19:56:21.508977 1284 [DEBUG] New writable file: /db_working_home/000488.sst direct: 1
2026/04/19-19:56:21.512324 1284 Entering Apply Finish Threshold Function
2026/04/19-19:56:21.512351 1284 [DEBUG] Allocating zone(new=1) start: 0x170000000 wp: 0x170000000 lt: 5 file lt: 5
2026/04/19-19:56:21.512358 1284 [Zonestats:time(s),used_cap(MB),reclaimable_cap(MB), avg_reclaimable(%), active(#), active_zones(#), open_zones(#)] 172 2314 3573 60 5 6 3
2026/04/19-19:56:21.512365 1284 [DEBUG] Syncing metadata for: /db_working_home/000488.sst
2026/04/19-19:56:21.534887 1282 [DEBUG] New writable file: /db_working_home/000489.log direct: 0
2026/04/19-19:56:21.535791 1285 [DEBUG] New writable file: /db_working_home/000490.sst direct: 1
2026/04/19-19:56:21.538742 1285 Entering Apply Finish Threshold Function
2026/04/19-19:56:21.538767 1285 [DEBUG] Allocating zone(new=0) start: 0x138000000 wp: 0x13ac5ac00 lt: 5 file lt: 3
2026/04/19-19:56:21.538774 1285 [Zonestats:time(s),used_cap(MB),reclaimable_cap(MB), avg_reclaimable(%), active(#), active_zones(#), open_zones(#)] 172 2314 3573 60 6 6 4
2026/04/19-19:56:21.538781 1285 [DEBUG] Syncing metadata for: /db_working_home/000490.sst
2026/04/19-19:56:21.707282 1285 [DEBUG] Syncing metadata for: /db_working_home/000490.sst
2026/04/19-19:56:21.711974 1285 [DEBUG] Syncing metadata for: /db_working_home/000490.sst
2026/04/19-19:56:21.715867 1285 [DEBUG] New random access file: /db_working_home/000490.sst direct: 1
2026/04/19-19:56:21.716054 1285 [DEBUG] GetFileSize: /db_working_home/000490.sst 
2026/04/19-19:56:21.719318 1285 [DEBUG] Syncing metadata for: /db_working_home/MANIFEST-000194
2026/04/19-19:56:21.720371 1285 [DEBUG] GetFileSize: /db_working_home/000490.sst 
2026/04/19-19:56:21.725154 1285 [DEBUG] Syncing metadata for: /db_working_home/000485.log
2026/04/19-19:56:21.729928 1285 [DEBUG] DeleteFile: ./db_working_home/000485.log 
2026/04/19-19:56:21.733409 1285 [Zonestats:time(s),used_cap(MB),reclaimable_cap(MB), avg_reclaimable(%), active(#), active_zones(#), open_zones(#)] 172 2314 3573 60 6 6 2
2026/04/19-19:56:21.784514 1282 [DEBUG] Allocating zone(new=0) start: 0x138000000 wp: 0x13bbb0e00 lt: 5 file lt: 2
2026/04/19-19:56:21.784527 1282 [DEBUG] Syncing metadata for: /db_working_home/000489.log
2026/04/19-19:56:22.302885 1284 [DEBUG] Syncing metadata for: /db_working_home/000488.sst
2026/04/19-19:56:22.303471 1284 [DEBUG] Syncing metadata for: /db_working_home/000488.sst
2026/04/19-19:56:22.307819 1284 [DEBUG] GetFileSize: /db_working_home/000488.sst 
2026/04/19-19:56:22.307854 1284 [DEBUG] New writable file: /db_working_home/000491.sst direct: 1
2026/04/19-19:56:22.316887 1284 Entering Apply Finish Threshold Function
2026/04/19-19:56:22.316917 1284 [DEBUG] Allocating zone(new=1) start: 0x188000000 wp: 0x188000000 lt: 5 file lt: 5
2026/04/19-19:56:22.316925 1284 [Zonestats:time(s),used_cap(MB),reclaimable_cap(MB), avg_reclaimable(%), active(#), active_zones(#), open_zones(#)] 173 2376 3639 60 6 7 3
2026/04/19-19:56:22.316931 1284 [DEBUG] Syncing metadata for: /db_working_home/000491.sst
2026/04/19-19:56:22.436206 1283 Total Garbage Bytes this interval: 2110104311 bytes
2026/04/19-19:56:22.436223 1283 Cumulative Average Garbage Bytes (over 172 intervals): 992273371 bytes
2026/04/19-19:56:22.436819 1283 Zone Garbage Stats: [77 7 1 3 0 10 4 7 2 4 7 0 ]
2026/04/19-19:56:22.436824 1283 Total Garbage Bytes: 2110104311 bytes
2026/04/19-19:56:22.962421 1284 [DEBUG] Syncing metadata for: /db_working_home/000491.sst
2026/04/19-19:56:22.963002 1284 [DEBUG] Syncing metadata for: /db_working_home/000491.sst
2026/04/19-19:56:22.963816 1284 [DEBUG] GetFileSize: /db_working_home/000491.sst 
2026/04/19-19:56:22.964984 1284 [DEBUG] New random access file: /db_working_home/000488.sst direct: 1
2026/04/19-19:56:22.965232 1284 [DEBUG] GetFileSize: /db_working_home/000488.sst 
2026/04/19-19:56:22.965393 1284 [DEBUG] New random access file: /db_working_home/000491.sst direct: 1
2026/04/19-19:56:22.965627 1284 [DEBUG] GetFileSize: /db_working_home/000491.sst 
2026/04/19-19:56:22.966508 1284 [DEBUG] Syncing metadata for: /db_working_home/MANIFEST-000194
2026/04/19-19:56:22.975156 1284 [DEBUG] New writable file: /db_working_home/000492.sst direct: 1
2026/04/19-19:56:22.978249 1284 Entering Apply Finish Threshold Function
2026/04/19-19:56:22.978274 1284 [DEBUG] Allocating zone(new=0) start: 0x188000000 wp: 0x18b8c3600 lt: 5 file lt: 3
2026/04/19-19:56:22.978282 1284 [Zonestats:time(s),used_cap(MB),reclaimable_cap(MB), avg_reclaimable(%), active(#), active_zones(#), open_zones(#)] 173 2437 3706 60 7 7 3
2026/04/19-19:56:22.978288 1284 [DEBUG] Syncing metadata for: /db_working_home/000492.sst
2026/04/19-19:56:23.437000 1283 Total Garbage Bytes this interval: 2110104311 bytes
2026/04/19-19:56:23.437018 1283 Cumulative Average Garbage Bytes (over 173 intervals): 998734822 bytes
2026/04/19-19:56:23.437038 1283 Zone Garbage Stats: [77 7 1 3 0 10 4 7 2 4 7 0 ]
2026/04/19-19:56:23.437042 1283 Total Garbage Bytes: 2110104311 bytes
2026/04/19-19:56:23.475579 1284 [DEBUG] Syncing metadata for: /db_working_home/000492.sst
2026/04/19-19:56:23.476186 1284 [DEBUG] Syncing metadata for: /db_working_home/000492.sst
2026/04/19-19:56:23.476906 1284 [DEBUG] GetFileSize: /db_working_home/000492.sst 
2026/04/19-19:56:23.478039 1284 [DEBUG] New random access file: /db_working_home/000492.sst direct: 1
2026/04/19-19:56:23.478307 1284 [DEBUG] GetFileSize: /db_working_home/000492.sst 
2026/04/19-19:56:23.479247 1284 [DEBUG] Syncing metadata for: /db_working_home/MANIFEST-000194
2026/04/19-19:56:23.479980 1284 [DEBUG] DeleteFile: ./db_working_home/000335.sst 
2026/04/19-19:56:23.480594 1284 [Zonestats:time(s),used_cap(MB),reclaimable_cap(MB), avg_reclaimable(%), active(#), active_zones(#), open_zones(#)] 174 2424 3719 60 7 7 2
2026/04/19-19:56:23.480633 1284 [DEBUG] DeleteFile: ./db_working_home/000463.sst 
2026/04/19-19:56:23.481344 1284 [Zonestats:time(s),used_cap(MB),reclaimable_cap(MB), avg_reclaimable(%), active(#), active_zones(#), open_zones(#)] 174 2354 3661 60 7 7 2
2026/04/19-19:56:23.486773 1284 [DEBUG] New writable file: /db_working_home/000493.sst direct: 1
2026/04/19-19:56:23.489622 1284 Entering Apply Finish Threshold Function
2026/04/19-19:56:23.489634 1284 Finishing zone: Entering Finish()
2026/04/19-19:56:23.584826 1282 [DEBUG] New writable file: /db_working_home/000494.log direct: 0
2026/04/19-19:56:23.585915 1285 [DEBUG] New writable file: /db_working_home/000495.sst direct: 1
2026/04/19-19:56:23.589259 1285 Entering Apply Finish Threshold Function
2026/04/19-19:56:23.589284 1285 [DEBUG] Allocating zone(new=0) start: 0x170000000 wp: 0x1738cda00 lt: 5 file lt: 3
2026/04/19-19:56:23.589291 1285 [Zonestats:time(s),used_cap(MB),reclaimable_cap(MB), avg_reclaimable(%), active(#), active_zones(#), open_zones(#)] 174 2356 3659 60 7 7 3
2026/04/19-19:56:23.589298 1285 [DEBUG] Syncing metadata for: /db_working_home/000495.sst
2026/04/19-19:56:23.733930 1285 [DEBUG] Syncing metadata for: /db_working_home/000495.sst
2026/04/19-19:56:23.734948 1285 [DEBUG] Syncing metadata for: /db_working_home/000495.sst
2026/04/19-19:56:23.735259 1282 [DEBUG] Allocating zone(new=0) start: 0xc0000000 wp: 0xc48dee00 lt: 5 file lt: 2
2026/04/19-19:56:23.735271 1282 [DEBUG] Syncing metadata for: /db_working_home/000494.log
2026/04/19-19:56:23.736993 1285 [DEBUG] New random access file: /db_working_home/000495.sst direct: 1
2026/04/19-19:56:23.744779 1285 [DEBUG] GetFileSize: /db_working_home/000495.sst 
2026/04/19-19:56:23.747477 1285 [DEBUG] Syncing metadata for: /db_working_home/MANIFEST-000194
2026/04/19-19:56:23.748225 1285 [DEBUG] GetFileSize: /db_working_home/000495.sst 
2026/04/19-19:56:23.754048 1285 [DEBUG] Syncing metadata for: /db_working_home/000489.log
2026/04/19-19:56:23.755201 1285 [DEBUG] DeleteFile: ./db_working_home/000482.sst 
2026/04/19-19:56:23.756156 1285 [Zonestats:time(s),used_cap(MB),reclaimable_cap(MB), avg_reclaimable(%), active(#), active_zones(#), open_zones(#)] 174 2357 3658 60 7 7 2
2026/04/19-19:56:23.756199 1285 [DEBUG] DeleteFile: ./db_working_home/000486.sst 
2026/04/19-19:56:23.757256 1285 [Zonestats:time(s),used_cap(MB),reclaimable_cap(MB), avg_reclaimable(%), active(#), active_zones(#), open_zones(#)] 174 2342 3673 61 7 7 2
2026/04/19-19:56:23.757289 1285 [DEBUG] DeleteFile: ./db_working_home/000489.log 
2026/04/19-19:56:23.758381 1285 [Zonestats:time(s),used_cap(MB),reclaimable_cap(MB), avg_reclaimable(%), active(#), active_zones(#), open_zones(#)] 174 2326 3689 61 7 7 2
2026/04/19-19:56:23.758403 1285 [DEBUG] DeleteFile: ./db_working_home/000490.sst 
2026/04/19-19:56:23.758953 1285 [Zonestats:time(s),used_cap(MB),reclaimable_cap(MB), avg_reclaimable(%), active(#), active_zones(#), open_zones(#)] 174 2311 3704 61 7 7 2
2026/04/19-19:56:23.917454 1284 [DEBUG] Allocating zone(new=0) start: 0x170000000 wp: 0x174821400 lt: 5 file lt: 4
2026/04/19-19:56:23.917471 1284 [Zonestats:time(s),used_cap(MB),reclaimable_cap(MB), avg_reclaimable(%), active(#), active_zones(#), open_zones(#)] 174 2314 3701 61 6 6 3
2026/04/19-19:56:23.917479 1284 [DEBUG] Syncing metadata for: /db_working_home/000493.sst
2026/04/19-19:56:24.437143 1283 Total Garbage Bytes this interval: 2136462620 bytes
2026/04/19-19:56:24.437233 1283 Cumulative Average Garbage Bytes (over 174 intervals): 1005273487 bytes
2026/04/19-19:56:24.437252 1283 Zone Garbage Stats: [78 5 0 5 0 9 4 8 2 4 7 0 ]
2026/04/19-19:56:24.437256 1283 Total Garbage Bytes: 2136462620 bytes
2026/04/19-19:56:24.571791 1284 Entering Apply Finish Threshold Function
2026/04/19-19:56:24.571822 1284 [DEBUG] Allocating zone(new=0) start: 0x138000000 wp: 0x13cb49e00 lt: 5 file lt: 4
2026/04/19-19:56:24.571830 1284 [Zonestats:time(s),used_cap(MB),reclaimable_cap(MB), avg_reclaimable(%), active(#), active_zones(#), open_zones(#)] 175 2375 3640 60 5 5 3
2026/04/19-19:56:24.571837 1284 [DEBUG] Syncing metadata for: /db_working_home/000493.sst
2026/04/19-19:56:24.816951 1284 [DEBUG] Syncing metadata for: /db_working_home/000493.sst
2026/04/19-19:56:24.824606 1284 [DEBUG] Syncing metadata for: /db_working_home/000493.sst
2026/04/19-19:56:24.825341 1284 [DEBUG] GetFileSize: /db_working_home/000493.sst 
2026/04/19-19:56:24.825376 1284 [DEBUG] New writable file: /db_working_home/000496.sst direct: 1
2026/04/19-19:56:24.826216 1284 Entering Apply Finish Threshold Function
2026/04/19-19:56:24.826225 1284 Finishing zone: Entering Finish()
2026/04/19-19:56:24.985423 1282 [DEBUG] New writable file: /db_working_home/000497.log direct: 0
2026/04/19-19:56:24.986525 1285 [DEBUG] New writable file: /db_working_home/000498.sst direct: 1
2026/04/19-19:56:24.989357 1285 Entering Apply Finish Threshold Function
2026/04/19-19:56:24.989381 1285 [DEBUG] Allocating zone(new=0) start: 0x38000000 wp: 0x3ae29800 lt: 5 file lt: 3
2026/04/19-19:56:24.989388 1285 [Zonestats:time(s),used_cap(MB),reclaimable_cap(MB), avg_reclaimable(%), active(#), active_zones(#), open_zones(#)] 175 2402 3613 60 5 5 3
2026/04/19-19:56:24.989394 1285 [DEBUG] Syncing metadata for: /db_working_home/000498.sst
2026/04/19-19:56:25.132237 1285 [DEBUG] Syncing metadata for: /db_working_home/000498.sst
2026/04/19-19:56:25.133291 1285 [DEBUG] Syncing metadata for: /db_working_home/000498.sst
2026/04/19-19:56:25.134517 1285 [DEBUG] New random access file: /db_working_home/000498.sst direct: 1
2026/04/19-19:56:25.135076 1285 [DEBUG] GetFileSize: /db_working_home/000498.sst 
2026/04/19-19:56:25.137175 1285 [DEBUG] Syncing metadata for: /db_working_home/MANIFEST-000194
2026/04/19-19:56:25.138142 1285 [DEBUG] GetFileSize: /db_working_home/000498.sst 
2026/04/19-19:56:25.143257 1285 [DEBUG] Syncing metadata for: /db_working_home/000494.log
2026/04/19-19:56:25.144388 1285 [DEBUG] DeleteFile: ./db_working_home/000494.log 
2026/04/19-19:56:25.145354 1285 [Zonestats:time(s),used_cap(MB),reclaimable_cap(MB), avg_reclaimable(%), active(#), active_zones(#), open_zones(#)] 176 2402 3613 60 5 5 1
2026/04/19-19:56:25.148582 1282 [DEBUG] Allocating zone(new=0) start: 0xc0000000 wp: 0xc5876c00 lt: 5 file lt: 2
2026/04/19-19:56:25.148593 1282 [DEBUG] Syncing metadata for: /db_working_home/000497.log
2026/04/19-19:56:25.327954 1284 [DEBUG] Allocating zone(new=0) start: 0x38000000 wp: 0x3bd7f000 lt: 5 file lt: 4
2026/04/19-19:56:25.327970 1284 [Zonestats:time(s),used_cap(MB),reclaimable_cap(MB), avg_reclaimable(%), active(#), active_zones(#), open_zones(#)] 176 2406 3609 59 4 4 3
2026/04/19-19:56:25.327979 1284 [DEBUG] Syncing metadata for: /db_working_home/000496.sst
2026/04/19-19:56:25.329317 1284 [DEBUG] Syncing metadata for: /db_working_home/000496.sst
2026/04/19-19:56:25.329965 1284 [DEBUG] Syncing metadata for: /db_working_home/000496.sst
2026/04/19-19:56:25.330755 1284 [DEBUG] GetFileSize: /db_working_home/000496.sst 
2026/04/19-19:56:25.331745 1284 [DEBUG] New random access file: /db_working_home/000493.sst direct: 1
2026/04/19-19:56:25.332104 1284 [DEBUG] GetFileSize: /db_working_home/000493.sst 
2026/04/19-19:56:25.332279 1284 [DEBUG] New random access file: /db_working_home/000496.sst direct: 1
2026/04/19-19:56:25.332562 1284 [DEBUG] GetFileSize: /db_working_home/000496.sst 
2026/04/19-19:56:25.333424 1284 [DEBUG] Syncing metadata for: /db_working_home/MANIFEST-000194
2026/04/19-19:56:25.339522 1284 [DEBUG] New writable file: /db_working_home/000499.sst direct: 1
2026/04/19-19:56:25.342919 1284 Entering Apply Finish Threshold Function
2026/04/19-19:56:25.342945 1284 [DEBUG] Allocating zone(new=1) start: 0x120000000 wp: 0x120000000 lt: 5 file lt: 5
2026/04/19-19:56:25.342952 1284 [Zonestats:time(s),used_cap(MB),reclaimable_cap(MB), avg_reclaimable(%), active(#), active_zones(#), open_zones(#)] 176 2406 3609 59 4 5 3
2026/04/19-19:56:25.342959 1284 [DEBUG] Syncing metadata for: /db_working_home/000499.sst
2026/04/19-19:56:25.437432 1283 Total Garbage Bytes this interval: 2136463848 bytes
2026/04/19-19:56:25.437448 1283 Cumulative Average Garbage Bytes (over 175 intervals): 1011737432 bytes
2026/04/19-19:56:25.437467 1283 Zone Garbage Stats: [77 6 0 4 0 10 4 8 2 4 7 0 ]
2026/04/19-19:56:25.437471 1283 Total Garbage Bytes: 2136463848 bytes
2026/04/19-19:56:26.164215 1284 [DEBUG] Syncing metadata for: /db_working_home/000499.sst
2026/04/19-19:56:26.164870 1284 [DEBUG] Syncing metadata for: /db_working_home/000499.sst
2026/04/19-19:56:26.165695 1284 [DEBUG] GetFileSize: /db_working_home/000499.sst 
2026/04/19-19:56:26.165728 1284 [DEBUG] New writable file: /db_working_home/000500.sst direct: 1
2026/04/19-19:56:26.174575 1284 Entering Apply Finish Threshold Function
2026/04/19-19:56:26.174607 1284 [DEBUG] Allocating zone(new=1) start: 0x198000000 wp: 0x198000000 lt: 5 file lt: 5
2026/04/19-19:56:26.174615 1284 [Zonestats:time(s),used_cap(MB),reclaimable_cap(MB), avg_reclaimable(%), active(#), active_zones(#), open_zones(#)] 177 2477 3666 59 5 6 3
2026/04/19-19:56:26.174621 1284 [DEBUG] Syncing metadata for: /db_working_home/000500.sst
2026/04/19-19:56:26.339589 1284 [DEBUG] Syncing metadata for: /db_working_home/000500.sst
2026/04/19-19:56:26.340162 1284 [DEBUG] Syncing metadata for: /db_working_home/000500.sst
2026/04/19-19:56:26.340948 1284 [DEBUG] GetFileSize: /db_working_home/000500.sst 
2026/04/19-19:56:26.342064 1284 [DEBUG] New random access file: /db_working_home/000499.sst direct: 1
2026/04/19-19:56:26.342315 1284 [DEBUG] GetFileSize: /db_working_home/000499.sst 
2026/04/19-19:56:26.342532 1284 [DEBUG] New random access file: /db_working_home/000500.sst direct: 1
2026/04/19-19:56:26.342701 1284 [DEBUG] GetFileSize: /db_working_home/000500.sst 
2026/04/19-19:56:26.343678 1284 [DEBUG] Syncing metadata for: /db_working_home/MANIFEST-000194
2026/04/19-19:56:26.344491 1284 [DEBUG] DeleteFile: ./db_working_home/000483.sst 
2026/04/19-19:56:26.345061 1284 [Zonestats:time(s),used_cap(MB),reclaimable_cap(MB), avg_reclaimable(%), active(#), active_zones(#), open_zones(#)] 177 2460 3811 60 6 6 2
2026/04/19-19:56:26.345111 1284 [DEBUG] DeleteFile: ./db_working_home/000492.sst 
2026/04/19-19:56:26.345676 1284 [Zonestats:time(s),used_cap(MB),reclaimable_cap(MB), avg_reclaimable(%), active(#), active_zones(#), open_zones(#)] 177 2415 3856 61 6 6 2
2026/04/19-19:56:26.350928 1284 [DEBUG] New writable file: /db_working_home/000501.sst direct: 1
2026/04/19-19:56:26.354177 1284 Entering Apply Finish Threshold Function
2026/04/19-19:56:26.354205 1284 [DEBUG] Allocating zone(new=1) start: 0x1a0000000 wp: 0x1a0000000 lt: 5 file lt: 5
2026/04/19-19:56:26.354212 1284 [Zonestats:time(s),used_cap(MB),reclaimable_cap(MB), avg_reclaimable(%), active(#), active_zones(#), open_zones(#)] 177 2415 3856 61 6 7 3
2026/04/19-19:56:26.354218 1284 [DEBUG] Syncing metadata for: /db_working_home/000501.sst
2026/04/19-19:56:26.437573 1283 Total Garbage Bytes this interval: 2184182951 bytes
2026/04/19-19:56:26.437589 1283 Cumulative Average Garbage Bytes (over 176 intervals): 1018399054 bytes
2026/04/19-19:56:26.437609 1283 Zone Garbage Stats: [75 8 0 3 0 10 5 8 2 4 7 0 ]
2026/04/19-19:56:26.437613 1283 Total Garbage Bytes: 2184182951 bytes
2026/04/19-19:56:26.709044 1282 [DEBUG] New writable file: /db_working_home/000502.log direct: 0
2026/04/19-19:56:26.709991 1285 [DEBUG] New writable file: /db_working_home/000503.sst direct: 1
2026/04/19-19:56:26.717112 1285 Entering Apply Finish Threshold Function
2026/04/19-19:56:26.717139 1285 [DEBUG] Allocating zone(new=0) start: 0x198000000 wp: 0x198e41200 lt: 5 file lt: 3
2026/04/19-19:56:26.717147 1285 [Zonestats:time(s),used_cap(MB),reclaimable_cap(MB), avg_reclaimable(%), active(#), active_zones(#), open_zones(#)] 177 2418 3853 61 7 7 4
2026/04/19-19:56:26.717153 1285 [DEBUG] Syncing metadata for: /db_working_home/000503.sst
2026/04/19-19:56:26.883208 1285 [DEBUG] Syncing metadata for: /db_working_home/000503.sst
2026/04/19-19:56:26.888237 1285 [DEBUG] Syncing metadata for: /db_working_home/000503.sst
2026/04/19-19:56:26.891745 1285 [DEBUG] New random access file: /db_working_home/000503.sst direct: 1
2026/04/19-19:56:26.891937 1285 [DEBUG] GetFileSize: /db_working_home/000503.sst 
2026/04/19-19:56:26.894021 1285 [DEBUG] Syncing metadata for: /db_working_home/MANIFEST-000194
2026/04/19-19:56:26.898888 1285 [DEBUG] GetFileSize: /db_working_home/000503.sst 
2026/04/19-19:56:26.909152 1285 [DEBUG] Syncing metadata for: /db_working_home/000497.log
2026/04/19-19:56:26.910508 1285 [DEBUG] DeleteFile: ./db_working_home/000491.sst 
2026/04/19-19:56:26.915361 1285 [Zonestats:time(s),used_cap(MB),reclaimable_cap(MB), avg_reclaimable(%), active(#), active_zones(#), open_zones(#)] 177 2377 3766 61 7 7 2
2026/04/19-19:56:26.915415 1285 [DEBUG] DeleteFile: ./db_working_home/000497.log 
2026/04/19-19:56:26.918600 1285 [Zonestats:time(s),used_cap(MB),reclaimable_cap(MB), avg_reclaimable(%), active(#), active_zones(#), open_zones(#)] 177 2361 3782 61 7 7 2
2026/04/19-19:56:26.968302 1282 [DEBUG] Allocating zone(new=0) start: 0x198000000 wp: 0x199d95c00 lt: 5 file lt: 2
2026/04/19-19:56:26.968316 1282 [DEBUG] Syncing metadata for: /db_working_home/000502.log
2026/04/19-19:56:27.266704 1284 [DEBUG] Syncing metadata for: /db_working_home/000501.sst
2026/04/19-19:56:27.267295 1284 [DEBUG] Syncing metadata for: /db_working_home/000501.sst
2026/04/19-19:56:27.268080 1284 [DEBUG] GetFileSize: /db_working_home/000501.sst 
2026/04/19-19:56:27.268125 1284 [DEBUG] New writable file: /db_working_home/000504.sst direct: 1
2026/04/19-19:56:27.274264 1284 Entering Apply Finish Threshold Function
2026/04/19-19:56:27.274278 1284 Finishing zone: Entering Finish()
2026/04/19-19:56:27.437702 1283 Total Garbage Bytes this interval: 2136463554 bytes
2026/04/19-19:56:27.437715 1283 Cumulative Average Garbage Bytes (over 177 intervals): 1024715803 bytes
2026/04/19-19:56:27.437730 1283 Zone Garbage Stats: [76 8 0 3 0 10 4 8 2 4 7 0 ]
2026/04/19-19:56:27.437733 1283 Total Garbage Bytes: 2136463554 bytes
2026/04/19-19:56:27.563505 1284 [DEBUG] Allocating zone(new=1) start: 0x188000000 wp: 0x188000000 lt: 5 file lt: 5
2026/04/19-19:56:27.563520 1284 [Zonestats:time(s),used_cap(MB),reclaimable_cap(MB), avg_reclaimable(%), active(#), active_zones(#), open_zones(#)] 178 2434 3837 61 6 7 3
2026/04/19-19:56:27.563529 1284 [DEBUG] Syncing metadata for: /db_working_home/000504.sst
2026/04/19-19:56:27.676934 1284 [DEBUG] Syncing metadata for: /db_working_home/000504.sst
2026/04/19-19:56:27.677491 1284 [DEBUG] Syncing metadata for: /db_working_home/000504.sst
2026/04/19-19:56:27.678310 1284 [DEBUG] GetFileSize: /db_working_home/000504.sst 
2026/04/19-19:56:27.679532 1284 [DEBUG] New random access file: /db_working_home/000501.sst direct: 1
2026/04/19-19:56:27.679781 1284 [DEBUG] GetFileSize: /db_working_home/000501.sst 
2026/04/19-19:56:27.679966 1284 [DEBUG] New random access file: /db_working_home/000504.sst direct: 1
2026/04/19-19:56:27.680134 1284 [DEBUG] GetFileSize: /db_working_home/000504.sst 
2026/04/19-19:56:27.681654 1284 [DEBUG] Syncing metadata for: /db_working_home/MANIFEST-000194
2026/04/19-19:56:27.690525 1284 [DEBUG] New writable file: /db_working_home/000505.sst direct: 1
2026/04/19-19:56:27.693545 1284 Entering Apply Finish Threshold Function
2026/04/19-19:56:27.693569 1284 [DEBUG] Allocating zone(new=0) start: 0x1a0000000 wp: 0x1a401a000 lt: 5 file lt: 3
2026/04/19-19:56:27.693577 1284 [Zonestats:time(s),used_cap(MB),reclaimable_cap(MB), avg_reclaimable(%), active(#), active_zones(#), open_zones(#)] 178 2444 3955 61 7 7 3
2026/04/19-19:56:27.693583 1284 [DEBUG] Syncing metadata for: /db_working_home/000505.sst
2026/04/19-19:56:28.189914 1284 [DEBUG] Syncing metadata for: /db_working_home/000505.sst
2026/04/19-19:56:28.190493 1284 [DEBUG] Syncing metadata for: /db_working_home/000505.sst
2026/04/19-19:56:28.191308 1284 [DEBUG] GetFileSize: /db_working_home/000505.sst 
2026/04/19-19:56:28.191341 1284 [DEBUG] New writable file: /db_working_home/000506.sst direct: 1
2026/04/19-19:56:28.192193 1284 Entering Apply Finish Threshold Function
2026/04/19-19:56:28.192203 1284 Finishing zone: Entering Finish()
2026/04/19-19:56:28.393693 1282 [DEBUG] New writable file: /db_working_home/000507.log direct: 0
2026/04/19-19:56:28.394802 1285 [DEBUG] New writable file: /db_working_home/000508.sst direct: 1
2026/04/19-19:56:28.397988 1285 Entering Apply Finish Threshold Function
2026/04/19-19:56:28.398005 1285 [DEBUG] Allocating zone(new=0) start: 0x188000000 wp: 0x188a14200 lt: 5 file lt: 3
2026/04/19-19:56:28.398010 1285 [Zonestats:time(s),used_cap(MB),reclaimable_cap(MB), avg_reclaimable(%), active(#), active_zones(#), open_zones(#)] 179 2496 3903 60 7 7 3
2026/04/19-19:56:28.398015 1285 [DEBUG] Syncing metadata for: /db_working_home/000508.sst
2026/04/19-19:56:28.437977 1283 Total Garbage Bytes this interval: 2245567798 bytes
2026/04/19-19:56:28.438098 1283 Cumulative Average Garbage Bytes (over 178 intervals): 1031574522 bytes
2026/04/19-19:56:28.438184 1283 Zone Garbage Stats: [75 7 0 3 0 10 4 8 2 4 8 0 ]
2026/04/19-19:56:28.438194 1283 Total Garbage Bytes: 2245567798 bytes
2026/04/19-19:56:28.439603 1284 [DEBUG] Allocating zone(new=0) start: 0x120000000 wp: 0x124019e00 lt: 5 file lt: 3
2026/04/19-19:56:28.439629 1284 [Zonestats:time(s),used_cap(MB),reclaimable_cap(MB), avg_reclaimable(%), active(#), active_zones(#), open_zones(#)] 179 2496 3903 60 6 6 4
2026/04/19-19:56:28.439638 1284 [DEBUG] Syncing metadata for: /db_working_home/000506.sst
2026/04/19-19:56:28.447748 1284 [DEBUG] Syncing metadata for: /db_working_home/000506.sst
2026/04/19-19:56:28.448317 1284 [DEBUG] Syncing metadata for: /db_working_home/000506.sst
2026/04/19-19:56:28.449293 1284 [DEBUG] GetFileSize: /db_working_home/000506.sst 
2026/04/19-19:56:28.450488 1284 [DEBUG] New random access file: /db_working_home/000505.sst direct: 1
2026/04/19-19:56:28.456997 1284 [DEBUG] GetFileSize: /db_working_home/000505.sst 
2026/04/19-19:56:28.457293 1284 [DEBUG] New random access file: /db_working_home/000506.sst direct: 1
2026/04/19-19:56:28.457478 1284 [DEBUG] GetFileSize: /db_working_home/000506.sst 
2026/04/19-19:56:28.458485 1284 [DEBUG] Syncing metadata for: /db_working_home/MANIFEST-000194
2026/04/19-19:56:28.466578 1284 [DEBUG] DeleteFile: ./db_working_home/000403.sst 
2026/04/19-19:56:28.467516 1284 [Zonestats:time(s),used_cap(MB),reclaimable_cap(MB), avg_reclaimable(%), active(#), active_zones(#), open_zones(#)] 179 2450 3821 60 6 6 3
2026/04/19-19:56:28.487250 1284 [DEBUG] New writable file: /db_working_home/000509.sst direct: 1
2026/04/19-19:56:28.498052 1284 Entering Apply Finish Threshold Function
2026/04/19-19:56:28.498080 1284 [DEBUG] Allocating zone(new=0) start: 0x120000000 wp: 0x12401ae00 lt: 5 file lt: 4
2026/04/19-19:56:28.498104 1284 [Zonestats:time(s),used_cap(MB),reclaimable_cap(MB), avg_reclaimable(%), active(#), active_zones(#), open_zones(#)] 179 2450 3821 60 6 6 4
2026/04/19-19:56:28.498111 1284 [DEBUG] Syncing metadata for: /db_working_home/000509.sst
2026/04/19-19:56:28.557376 1285 [DEBUG] Syncing metadata for: /db_working_home/000508.sst
2026/04/19-19:56:28.559852 1285 [DEBUG] Syncing metadata for: /db_working_home/000508.sst
2026/04/19-19:56:28.560509 1285 [DEBUG] New random access file: /db_working_home/000508.sst direct: 1
2026/04/19-19:56:28.560704 1285 [DEBUG] GetFileSize: /db_working_home/000508.sst 
2026/04/19-19:56:28.562700 1285 [DEBUG] Syncing metadata for: /db_working_home/MANIFEST-000194
2026/04/19-19:56:28.563431 1285 [DEBUG] GetFileSize: /db_working_home/000508.sst 
2026/04/19-19:56:28.570119 1285 [DEBUG] Syncing metadata for: /db_working_home/000502.log
2026/04/19-19:56:28.574918 1285 [DEBUG] DeleteFile: ./db_working_home/000495.sst 
2026/04/19-19:56:28.578656 1285 [Zonestats:time(s),used_cap(MB),reclaimable_cap(MB), avg_reclaimable(%), active(#), active_zones(#), open_zones(#)] 179 2450 3821 60 6 6 2
2026/04/19-19:56:28.578712 1285 [DEBUG] DeleteFile: ./db_working_home/000498.sst 
2026/04/19-19:56:28.580630 1285 [Zonestats:time(s),used_cap(MB),reclaimable_cap(MB), avg_reclaimable(%), active(#), active_zones(#), open_zones(#)] 179 2435 3836 61 6 6 2
2026/04/19-19:56:28.580680 1285 [DEBUG] DeleteFile: ./db_working_home/000502.log 
2026/04/19-19:56:28.582117 1285 [Zonestats:time(s),used_cap(MB),reclaimable_cap(MB), avg_reclaimable(%), active(#), active_zones(#), open_zones(#)] 179 2419 3852 61 6 6 2
2026/04/19-19:56:28.582153 1285 [DEBUG] DeleteFile: ./db_working_home/000503.sst 
2026/04/19-19:56:28.582737 1285 [Zonestats:time(s),used_cap(MB),reclaimable_cap(MB), avg_reclaimable(%), active(#), active_zones(#), open_zones(#)] 179 2404 3867 61 6 6 2
2026/04/19-19:56:28.599012 1282 [DEBUG] Allocating zone(new=0) start: 0x198000000 wp: 0x19ad2ee00 lt: 5 file lt: 2
2026/04/19-19:56:28.599024 1282 [DEBUG] Syncing metadata for: /db_working_home/000507.log
2026/04/19-19:56:29.263721 1284 [DEBUG] Syncing metadata for: /db_working_home/000509.sst
2026/04/19-19:56:29.264312 1284 [DEBUG] Syncing metadata for: /db_working_home/000509.sst
2026/04/19-19:56:29.265136 1284 [DEBUG] GetFileSize: /db_working_home/000509.sst 
2026/04/19-19:56:29.265172 1284 [DEBUG] New writable file: /db_working_home/000510.sst direct: 1
2026/04/19-19:56:29.273569 1284 Entering Apply Finish Threshold Function
2026/04/19-19:56:29.273584 1284 Finishing zone: Entering Finish()
2026/04/19-19:56:29.292667 1284 [DEBUG] Allocating zone(new=0) start: 0x188000000 wp: 0x189969800 lt: 5 file lt: 4
2026/04/19-19:56:29.292683 1284 [Zonestats:time(s),used_cap(MB),reclaimable_cap(MB), avg_reclaimable(%), active(#), active_zones(#), open_zones(#)] 180 2472 3799 60 5 5 3
2026/04/19-19:56:29.292692 1284 [DEBUG] Syncing metadata for: /db_working_home/000510.sst
2026/04/19-19:56:29.438295 1283 Total Garbage Bytes this interval: 2215950761 bytes
2026/04/19-19:56:29.438443 1283 Cumulative Average Garbage Bytes (over 179 intervals): 1038191149 bytes
2026/04/19-19:56:29.438463 1283 Zone Garbage Stats: [76 5 3 3 0 10 4 7 2 4 8 0 ]
2026/04/19-19:56:29.438467 1283 Total Garbage Bytes: 2215950761 bytes
2026/04/19-19:56:29.924601 1284 [DEBUG] Syncing metadata for: /db_working_home/000510.sst
2026/04/19-19:56:29.928622 1284 [DEBUG] Syncing metadata for: /db_working_home/000510.sst
2026/04/19-19:56:29.929355 1284 [DEBUG] GetFileSize: /db_working_home/000510.sst 
2026/04/19-19:56:29.930744 1284 [DEBUG] New random access file: /db_working_home/000509.sst direct: 1
2026/04/19-19:56:29.931024 1284 [DEBUG] GetFileSize: /db_working_home/000509.sst 
2026/04/19-19:56:29.931203 1284 [DEBUG] New random access file: /db_working_home/000510.sst direct: 1
2026/04/19-19:56:29.931464 1284 [DEBUG] GetFileSize: /db_working_home/000510.sst 
2026/04/19-19:56:29.932383 1284 [DEBUG] Syncing metadata for: /db_working_home/MANIFEST-000194
2026/04/19-19:56:29.933828 1284 [DEBUG] Syncing metadata for: /db_working_home/MANIFEST-000194
2026/04/19-19:56:29.934517 1284 [DEBUG] DeleteFile: ./db_working_home/000493.sst 
2026/04/19-19:56:29.935094 1284 [Zonestats:time(s),used_cap(MB),reclaimable_cap(MB), avg_reclaimable(%), active(#), active_zones(#), open_zones(#)] 180 2458 3813 60 5 5 2
2026/04/19-19:56:29.935133 1284 [DEBUG] DeleteFile: ./db_working_home/000505.sst 
2026/04/19-19:56:29.935735 1284 [Zonestats:time(s),used_cap(MB),reclaimable_cap(MB), avg_reclaimable(%), active(#), active_zones(#), open_zones(#)] 180 2413 3858 61 5 5 2
2026/04/19-19:56:29.941222 1284 [DEBUG] New writable file: /db_working_home/000511.sst direct: 1
2026/04/19-19:56:29.944266 1284 Entering Apply Finish Threshold Function
2026/04/19-19:56:29.944278 1284 Finishing zone: Entering Finish()
2026/04/19-19:56:30.156912 1282 [DEBUG] New writable file: /db_working_home/000512.log direct: 0
2026/04/19-19:56:30.157807 1285 [DEBUG] New writable file: /db_working_home/000513.sst direct: 1
2026/04/19-19:56:30.160791 1285 Entering Apply Finish Threshold Function
2026/04/19-19:56:30.160817 1285 [DEBUG] Allocating zone(new=0) start: 0x38000000 wp: 0x3bd82400 lt: 5 file lt: 3
2026/04/19-19:56:30.160824 1285 [Zonestats:time(s),used_cap(MB),reclaimable_cap(MB), avg_reclaimable(%), active(#), active_zones(#), open_zones(#)] 181 2417 3854 61 5 5 3
2026/04/19-19:56:30.160831 1285 [DEBUG] Syncing metadata for: /db_working_home/000513.sst
2026/04/19-19:56:30.306295 1285 [DEBUG] Syncing metadata for: /db_working_home/000513.sst
2026/04/19-19:56:30.307309 1285 [DEBUG] Syncing metadata for: /db_working_home/000513.sst
2026/04/19-19:56:30.308071 1285 [DEBUG] New random access file: /db_working_home/000513.sst direct: 1
2026/04/19-19:56:30.308504 1285 [DEBUG] GetFileSize: /db_working_home/000513.sst 
2026/04/19-19:56:30.310758 1285 [DEBUG] Syncing metadata for: /db_working_home/MANIFEST-000194
2026/04/19-19:56:30.311536 1282 [DEBUG] Allocating zone(new=0) start: 0x38000000 wp: 0x3ccd7600 lt: 5 file lt: 2
2026/04/19-19:56:30.311548 1282 [DEBUG] Syncing metadata for: /db_working_home/000512.log
2026/04/19-19:56:30.311577 1285 [DEBUG] GetFileSize: /db_working_home/000513.sst 
2026/04/19-19:56:30.325271 1285 [DEBUG] Syncing metadata for: /db_working_home/000507.log
2026/04/19-19:56:30.326430 1285 [DEBUG] DeleteFile: ./db_working_home/000507.log 
2026/04/19-19:56:30.327379 1285 [Zonestats:time(s),used_cap(MB),reclaimable_cap(MB), avg_reclaimable(%), active(#), active_zones(#), open_zones(#)] 181 2418 3853 61 5 5 2
2026/04/19-19:56:30.438560 1283 Total Garbage Bytes this interval: 2376662752 bytes
2026/04/19-19:56:30.438573 1283 Cumulative Average Garbage Bytes (over 180 intervals): 1045627102 bytes
2026/04/19-19:56:30.438588 1283 Zone Garbage Stats: [76 5 0 3 1 10 5 8 2 4 8 0 ]
2026/04/19-19:56:30.438591 1283 Total Garbage Bytes: 2376662752 bytes
2026/04/19-19:56:30.600726 1284 [DEBUG] Allocating zone(new=1) start: 0x158000000 wp: 0x158000000 lt: 5 file lt: 5
2026/04/19-19:56:30.600736 1284 [Zonestats:time(s),used_cap(MB),reclaimable_cap(MB), avg_reclaimable(%), active(#), active_zones(#), open_zones(#)] 181 2423 3848 61 4 5 3
2026/04/19-19:56:30.600741 1284 [DEBUG] Syncing metadata for: /db_working_home/000511.sst
2026/04/19-19:56:31.438772 1283 Total Garbage Bytes this interval: 2376663266 bytes
2026/04/19-19:56:31.438789 1283 Cumulative Average Garbage Bytes (over 181 intervals): 1052980893 bytes
2026/04/19-19:56:31.438808 1283 Zone Garbage Stats: [75 5 0 3 2 10 5 8 2 4 8 0 ]
2026/04/19-19:56:31.438812 1283 Total Garbage Bytes: 2376663266 bytes
2026/04/19-19:56:31.663951 1284 [DEBUG] Syncing metadata for: /db_working_home/000511.sst
2026/04/19-19:56:31.664584 1284 [DEBUG] Syncing metadata for: /db_working_home/000511.sst
2026/04/19-19:56:31.665397 1284 [DEBUG] GetFileSize: /db_working_home/000511.sst 
2026/04/19-19:56:31.665430 1284 [DEBUG] New writable file: /db_working_home/000514.sst direct: 1
2026/04/19-19:56:31.666206 1284 Entering Apply Finish Threshold Function
2026/04/19-19:56:31.666215 1284 Finishing zone: Entering Finish()
2026/04/19-19:56:31.715348 1282 [DEBUG] New writable file: /db_working_home/000515.log direct: 0
2026/04/19-19:56:31.716284 1285 [DEBUG] New writable file: /db_working_home/000516.sst direct: 1
2026/04/19-19:56:31.719050 1285 Entering Apply Finish Threshold Function
2026/04/19-19:56:31.719075 1285 [DEBUG] Allocating zone(new=0) start: 0x198000000 wp: 0x19bcc7a00 lt: 5 file lt: 3
2026/04/19-19:56:31.719090 1285 [Zonestats:time(s),used_cap(MB),reclaimable_cap(MB), avg_reclaimable(%), active(#), active_zones(#), open_zones(#)] 182 2522 3877 60 5 5 3
2026/04/19-19:56:31.719097 1285 [DEBUG] Syncing metadata for: /db_working_home/000516.sst
2026/04/19-19:56:31.862869 1285 [DEBUG] Syncing metadata for: /db_working_home/000516.sst
2026/04/19-19:56:31.863884 1285 [DEBUG] Syncing metadata for: /db_working_home/000516.sst
2026/04/19-19:56:31.865044 1285 [DEBUG] New random access file: /db_working_home/000516.sst direct: 1
2026/04/19-19:56:31.865709 1285 [DEBUG] GetFileSize: /db_working_home/000516.sst 
2026/04/19-19:56:31.867832 1285 [DEBUG] Syncing metadata for: /db_working_home/MANIFEST-000194
2026/04/19-19:56:31.869010 1285 [DEBUG] GetFileSize: /db_working_home/000516.sst 
2026/04/19-19:56:31.869235 1282 [DEBUG] Allocating zone(new=0) start: 0x198000000 wp: 0x19cc1ce00 lt: 5 file lt: 2
2026/04/19-19:56:31.869248 1282 [DEBUG] Syncing metadata for: /db_working_home/000515.log
2026/04/19-19:56:31.874166 1285 [DEBUG] Syncing metadata for: /db_working_home/000512.log
2026/04/19-19:56:31.875311 1285 [DEBUG] DeleteFile: ./db_working_home/000512.log 
2026/04/19-19:56:31.880228 1285 [Zonestats:time(s),used_cap(MB),reclaimable_cap(MB), avg_reclaimable(%), active(#), active_zones(#), open_zones(#)] 182 2522 3877 60 5 5 2
2026/04/19-19:56:32.242796 1284 [DEBUG] Allocating zone(new=1) start: 0x1a8000000 wp: 0x1a8000000 lt: 5 file lt: 5
2026/04/19-19:56:32.242813 1284 [Zonestats:time(s),used_cap(MB),reclaimable_cap(MB), avg_reclaimable(%), active(#), active_zones(#), open_zones(#)] 183 2529 3870 60 4 5 3
2026/04/19-19:56:32.242822 1284 [DEBUG] Syncing metadata for: /db_working_home/000514.sst
2026/04/19-19:56:32.247002 1284 [DEBUG] Syncing metadata for: /db_working_home/000514.sst
2026/04/19-19:56:32.247569 1284 [DEBUG] Syncing metadata for: /db_working_home/000514.sst
2026/04/19-19:56:32.248387 1284 [DEBUG] GetFileSize: /db_working_home/000514.sst 
2026/04/19-19:56:32.249962 1284 [DEBUG] New random access file: /db_working_home/000511.sst direct: 1
2026/04/19-19:56:32.250271 1284 [DEBUG] GetFileSize: /db_working_home/000511.sst 
2026/04/19-19:56:32.250482 1284 [DEBUG] New random access file: /db_working_home/000514.sst direct: 1
2026/04/19-19:56:32.250653 1284 [DEBUG] GetFileSize: /db_working_home/000514.sst 
2026/04/19-19:56:32.251576 1284 [DEBUG] Syncing metadata for: /db_working_home/MANIFEST-000194
2026/04/19-19:56:32.260592 1284 [DEBUG] New writable file: /db_working_home/000517.sst direct: 1
2026/04/19-19:56:32.263719 1284 Entering Apply Finish Threshold Function
2026/04/19-19:56:32.263728 1284 Finishing zone: Entering Finish()
2026/04/19-19:56:32.438991 1283 Total Garbage Bytes this interval: 2327877988 bytes
2026/04/19-19:56:32.439007 1283 Cumulative Average Garbage Bytes (over 182 intervals): 1059985822 bytes
2026/04/19-19:56:32.439027 1283 Zone Garbage Stats: [74 6 0 4 1 10 5 8 2 4 8 0 ]
2026/04/19-19:56:32.439031 1283 Total Garbage Bytes: 2327877988 bytes
2026/04/19-19:56:32.686251 1282 [DEBUG] New writable file: /db_working_home/000518.log direct: 0
2026/04/19-19:56:32.687410 1285 [DEBUG] New writable file: /db_working_home/000519.sst direct: 1
2026/04/19-19:56:32.690258 1285 Entering Apply Finish Threshold Function
2026/04/19-19:56:32.690283 1285 [DEBUG] Allocating zone(new=0) start: 0x1a8000000 wp: 0x1a8000a00 lt: 5 file lt: 3
2026/04/19-19:56:32.690290 1285 [Zonestats:time(s),used_cap(MB),reclaimable_cap(MB), avg_reclaimable(%), active(#), active_zones(#), open_zones(#)] 183 2537 3990 61 5 5 3
2026/04/19-19:56:32.690296 1285 [DEBUG] Syncing metadata for: /db_working_home/000519.sst
2026/04/19-19:56:32.690688 1284 [DEBUG] Allocating zone(new=1) start: 0x1b0000000 wp: 0x1b0000000 lt: 3 file lt: 3
2026/04/19-19:56:32.690703 1284 [Zonestats:time(s),used_cap(MB),reclaimable_cap(MB), avg_reclaimable(%), active(#), active_zones(#), open_zones(#)] 183 2537 3990 61 4 5 4
2026/04/19-19:56:32.690712 1284 [DEBUG] Syncing metadata for: /db_working_home/000517.sst
2026/04/19-19:56:32.904226 1285 [DEBUG] Syncing metadata for: /db_working_home/000519.sst
2026/04/19-19:56:32.907229 1285 [DEBUG] Syncing metadata for: /db_working_home/000519.sst
2026/04/19-19:56:32.910043 1285 [DEBUG] New random access file: /db_working_home/000519.sst direct: 1
2026/04/19-19:56:32.910246 1285 [DEBUG] GetFileSize: /db_working_home/000519.sst 
2026/04/19-19:56:32.918795 1285 [DEBUG] Syncing metadata for: /db_working_home/MANIFEST-000194
2026/04/19-19:56:32.921497 1285 [DEBUG] GetFileSize: /db_working_home/000519.sst 
2026/04/19-19:56:32.934107 1285 [DEBUG] Syncing metadata for: /db_working_home/000515.log
2026/04/19-19:56:32.934827 1285 [DEBUG] DeleteFile: ./db_working_home/000454.sst 
2026/04/19-19:56:32.935545 1285 [Zonestats:time(s),used_cap(MB),reclaimable_cap(MB), avg_reclaimable(%), active(#), active_zones(#), open_zones(#)] 183 2517 3882 60 5 5 2
2026/04/19-19:56:32.935589 1285 [DEBUG] DeleteFile: ./db_working_home/000510.sst 
2026/04/19-19:56:32.943072 1285 [Zonestats:time(s),used_cap(MB),reclaimable_cap(MB), avg_reclaimable(%), active(#), active_zones(#), open_zones(#)] 183 2459 3940 61 5 5 2
2026/04/19-19:56:32.943138 1285 [DEBUG] DeleteFile: ./db_working_home/000515.log 
2026/04/19-19:56:32.943726 1285 [Zonestats:time(s),used_cap(MB),reclaimable_cap(MB), avg_reclaimable(%), active(#), active_zones(#), open_zones(#)] 183 2443 3956 61 5 5 2
2026/04/19-19:56:32.989560 1282 [DEBUG] Allocating zone(new=0) start: 0x1a8000000 wp: 0x1a8f54200 lt: 5 file lt: 2
2026/04/19-19:56:32.989574 1282 [DEBUG] Syncing metadata for: /db_working_home/000518.log
2026/04/19-19:56:33.271636 1284 [DEBUG] Syncing metadata for: /db_working_home/000517.sst
2026/04/19-19:56:33.272219 1284 [DEBUG] Syncing metadata for: /db_working_home/000517.sst
2026/04/19-19:56:33.272929 1284 [DEBUG] GetFileSize: /db_working_home/000517.sst 
2026/04/19-19:56:33.274052 1284 [DEBUG] New random access file: /db_working_home/000517.sst direct: 1
2026/04/19-19:56:33.274322 1284 [DEBUG] GetFileSize: /db_working_home/000517.sst 
2026/04/19-19:56:33.275345 1284 [DEBUG] Syncing metadata for: /db_working_home/MANIFEST-000194
2026/04/19-19:56:33.281592 1284 [DEBUG] New writable file: /db_working_home/000520.sst direct: 1
2026/04/19-19:56:33.284670 1284 Entering Apply Finish Threshold Function
2026/04/19-19:56:33.284682 1284 Finishing zone: Entering Finish()
2026/04/19-19:56:33.439205 1283 Total Garbage Bytes this interval: 2344686713 bytes
2026/04/19-19:56:33.439218 1283 Cumulative Average Garbage Bytes (over 183 intervals): 1067006046 bytes
2026/04/19-19:56:33.439236 1283 Zone Garbage Stats: [74 6 0 4 0 10 6 8 1 5 8 0 ]
2026/04/19-19:56:33.439239 1283 Total Garbage Bytes: 2344686713 bytes
2026/04/19-19:56:33.717417 1284 [DEBUG] Allocating zone(new=1) start: 0x160000000 wp: 0x160000000 lt: 4 file lt: 4
2026/04/19-19:56:33.717433 1284 [Zonestats:time(s),used_cap(MB),reclaimable_cap(MB), avg_reclaimable(%), active(#), active_zones(#), open_zones(#)] 184 2499 4028 61 4 5 3
2026/04/19-19:56:33.717445 1284 [DEBUG] Syncing metadata for: /db_working_home/000520.sst
2026/04/19-19:56:34.439342 1283 Total Garbage Bytes this interval: 2409824698 bytes
2026/04/19-19:56:34.439451 1283 Cumulative Average Garbage Bytes (over 184 intervals): 1074303973 bytes
2026/04/19-19:56:34.439472 1283 Zone Garbage Stats: [73 6 0 4 0 10 6 8 2 5 8 0 ]
2026/04/19-19:56:34.439476 1283 Total Garbage Bytes: 2409824698 bytes
2026/04/19-19:56:34.442601 1282 [DEBUG] New writable file: /db_working_home/000521.log direct: 0
2026/04/19-19:56:34.445516 1285 [DEBUG] New writable file: /db_working_home/000522.sst direct: 1
2026/04/19-19:56:34.448522 1285 Entering Apply Finish Threshold Function
2026/04/19-19:56:34.448550 1285 [DEBUG] Allocating zone(new=1) start: 0x1b8000000 wp: 0x1b8000000 lt: 3 file lt: 3
2026/04/19-19:56:34.448557 1285 [Zonestats:time(s),used_cap(MB),reclaimable_cap(MB), avg_reclaimable(%), active(#), active_zones(#), open_zones(#)] 185 2504 4023 61 5 6 4
2026/04/19-19:56:34.448564 1285 [DEBUG] Syncing metadata for: /db_working_home/000522.sst
2026/04/19-19:56:34.617567 1285 [DEBUG] Syncing metadata for: /db_working_home/000522.sst
2026/04/19-19:56:34.622634 1285 [DEBUG] Syncing metadata for: /db_working_home/000522.sst
2026/04/19-19:56:34.626331 1285 [DEBUG] New random access file: /db_working_home/000522.sst direct: 1
2026/04/19-19:56:34.626545 1285 [DEBUG] GetFileSize: /db_working_home/000522.sst 
2026/04/19-19:56:34.633159 1285 [DEBUG] Syncing metadata for: /db_working_home/MANIFEST-000194
2026/04/19-19:56:34.636215 1285 [DEBUG] GetFileSize: /db_working_home/000522.sst 
2026/04/19-19:56:34.645942 1285 [DEBUG] Syncing metadata for: /db_working_home/000518.log
2026/04/19-19:56:34.648826 1285 [DEBUG] DeleteFile: ./db_working_home/000506.sst 
2026/04/19-19:56:34.649418 1285 [Zonestats:time(s),used_cap(MB),reclaimable_cap(MB), avg_reclaimable(%), active(#), active_zones(#), open_zones(#)] 185 2520 4135 62 6 6 2
2026/04/19-19:56:34.649463 1285 [DEBUG] DeleteFile: ./db_working_home/000508.sst 
2026/04/19-19:56:34.650017 1285 [Zonestats:time(s),used_cap(MB),reclaimable_cap(MB), avg_reclaimable(%), active(#), active_zones(#), open_zones(#)] 185 2504 4151 62 6 6 2
2026/04/19-19:56:34.650050 1285 [DEBUG] DeleteFile: ./db_working_home/000513.sst 
2026/04/19-19:56:34.650847 1285 [Zonestats:time(s),used_cap(MB),reclaimable_cap(MB), avg_reclaimable(%), active(#), active_zones(#), open_zones(#)] 185 2489 4166 62 6 6 2
2026/04/19-19:56:34.650880 1285 [DEBUG] DeleteFile: ./db_working_home/000516.sst 
2026/04/19-19:56:34.653598 1285 [Zonestats:time(s),used_cap(MB),reclaimable_cap(MB), avg_reclaimable(%), active(#), active_zones(#), open_zones(#)] 185 2474 4181 62 6 6 2
2026/04/19-19:56:34.653648 1285 [DEBUG] DeleteFile: ./db_working_home/000518.log 
2026/04/19-19:56:34.654238 1285 [Zonestats:time(s),used_cap(MB),reclaimable_cap(MB), avg_reclaimable(%), active(#), active_zones(#), open_zones(#)] 185 2458 4197 63 6 6 2
2026/04/19-19:56:34.708869 1282 [DEBUG] Allocating zone(new=0) start: 0x1b8000000 wp: 0x1b8f53800 lt: 3 file lt: 2
2026/04/19-19:56:34.708882 1282 [DEBUG] Syncing metadata for: /db_working_home/000521.log
2026/04/19-19:56:34.892531 1284 [DEBUG] Syncing metadata for: /db_working_home/000520.sst
2026/04/19-19:56:34.893138 1284 [DEBUG] Syncing metadata for: /db_working_home/000520.sst
2026/04/19-19:56:34.893926 1284 [DEBUG] GetFileSize: /db_working_home/000520.sst 
2026/04/19-19:56:34.893960 1284 [DEBUG] New writable file: /db_working_home/000523.sst direct: 1
2026/04/19-19:56:34.899312 1284 Entering Apply Finish Threshold Function
2026/04/19-19:56:34.899326 1284 Finishing zone: Entering Finish()
2026/04/19-19:56:35.331340 1284 [DEBUG] Allocating zone(new=0) start: 0x1a8000000 wp: 0x1a9eecc00 lt: 5 file lt: 4
2026/04/19-19:56:35.331357 1284 [Zonestats:time(s),used_cap(MB),reclaimable_cap(MB), avg_reclaimable(%), active(#), active_zones(#), open_zones(#)] 186 2559 4224 62 5 5 3
2026/04/19-19:56:35.331366 1284 [DEBUG] Syncing metadata for: /db_working_home/000523.sst
2026/04/19-19:56:35.439673 1283 Total Garbage Bytes this interval: 2458061636 bytes
2026/04/19-19:56:35.439697 1283 Cumulative Average Garbage Bytes (over 185 intervals): 1081783745 bytes
2026/04/19-19:56:35.439724 1283 Zone Garbage Stats: [72 6 0 5 0 10 5 9 1 5 9 0 ]
2026/04/19-19:56:35.439729 1283 Total Garbage Bytes: 2458061636 bytes
2026/04/19-19:56:35.481399 1284 [DEBUG] Syncing metadata for: /db_working_home/000523.sst
2026/04/19-19:56:35.481981 1284 [DEBUG] Syncing metadata for: /db_working_home/000523.sst
2026/04/19-19:56:35.482797 1284 [DEBUG] GetFileSize: /db_working_home/000523.sst 
2026/04/19-19:56:35.483752 1284 [DEBUG] New random access file: /db_working_home/000520.sst direct: 1
2026/04/19-19:56:35.484026 1284 [DEBUG] GetFileSize: /db_working_home/000520.sst 
2026/04/19-19:56:35.484210 1284 [DEBUG] New random access file: /db_working_home/000523.sst direct: 1
2026/04/19-19:56:35.484462 1284 [DEBUG] GetFileSize: /db_working_home/000523.sst 
2026/04/19-19:56:35.485494 1284 [DEBUG] Syncing metadata for: /db_working_home/MANIFEST-000194
2026/04/19-19:56:35.497122 1284 [DEBUG] New writable file: /db_working_home/000524.sst direct: 1
2026/04/19-19:56:35.501767 1284 Entering Apply Finish Threshold Function
2026/04/19-19:56:35.501798 1284 [DEBUG] Allocating zone(new=1) start: 0x1c0000000 wp: 0x1c0000000 lt: 5 file lt: 5
2026/04/19-19:56:35.501806 1284 [Zonestats:time(s),used_cap(MB),reclaimable_cap(MB), avg_reclaimable(%), active(#), active_zones(#), open_zones(#)] 186 2575 4208 62 5 6 3
2026/04/19-19:56:35.501812 1284 [DEBUG] Syncing metadata for: /db_working_home/000524.sst
2026/04/19-19:56:36.110425 1282 [DEBUG] New writable file: /db_working_home/000525.log direct: 0
2026/04/19-19:56:36.113791 1285 [DEBUG] New writable file: /db_working_home/000526.sst direct: 1
2026/04/19-19:56:36.116563 1285 Entering Apply Finish Threshold Function
2026/04/19-19:56:36.116587 1285 [DEBUG] Allocating zone(new=0) start: 0x1a8000000 wp: 0x1aad15200 lt: 5 file lt: 3
2026/04/19-19:56:36.116594 1285 [Zonestats:time(s),used_cap(MB),reclaimable_cap(MB), avg_reclaimable(%), active(#), active_zones(#), open_zones(#)] 187 2579 4204 61 6 6 4
2026/04/19-19:56:36.116601 1285 [DEBUG] Syncing metadata for: /db_working_home/000526.sst
2026/04/19-19:56:36.285875 1285 [DEBUG] Syncing metadata for: /db_working_home/000526.sst
2026/04/19-19:56:36.290491 1285 [DEBUG] Syncing metadata for: /db_working_home/000526.sst
2026/04/19-19:56:36.293973 1285 [DEBUG] New random access file: /db_working_home/000526.sst direct: 1
2026/04/19-19:56:36.294158 1285 [DEBUG] GetFileSize: /db_working_home/000526.sst 
2026/04/19-19:56:36.296295 1285 [DEBUG] Syncing metadata for: /db_working_home/MANIFEST-000194
2026/04/19-19:56:36.301238 1285 [DEBUG] GetFileSize: /db_working_home/000526.sst 
2026/04/19-19:56:36.308942 1285 [DEBUG] Syncing metadata for: /db_working_home/000521.log
2026/04/19-19:56:36.311953 1285 [DEBUG] DeleteFile: ./db_working_home/000509.sst 
2026/04/19-19:56:36.316935 1285 [Zonestats:time(s),used_cap(MB),reclaimable_cap(MB), avg_reclaimable(%), active(#), active_zones(#), open_zones(#)] 187 2533 4250 62 6 6 2
2026/04/19-19:56:36.316989 1285 [DEBUG] DeleteFile: ./db_working_home/000517.sst 
2026/04/19-19:56:36.320440 1285 [Zonestats:time(s),used_cap(MB),reclaimable_cap(MB), avg_reclaimable(%), active(#), active_zones(#), open_zones(#)] 187 2487 4168 62 5 5 2
2026/04/19-19:56:36.320490 1285 [DEBUG] DeleteFile: ./db_working_home/000521.log 
2026/04/19-19:56:36.321068 1285 [Zonestats:time(s),used_cap(MB),reclaimable_cap(MB), avg_reclaimable(%), active(#), active_zones(#), open_zones(#)] 187 2472 4183 62 5 5 2
2026/04/19-19:56:36.362825 1282 [DEBUG] Allocating zone(new=0) start: 0x1b8000000 wp: 0x1b9eec400 lt: 3 file lt: 2
2026/04/19-19:56:36.362838 1282 [DEBUG] Syncing metadata for: /db_working_home/000525.log
2026/04/19-19:56:36.439859 1283 Total Garbage Bytes this interval: 2539554427 bytes
2026/04/19-19:56:36.439884 1283 Cumulative Average Garbage Bytes (over 186 intervals): 1089621221 bytes
2026/04/19-19:56:36.439912 1283 Zone Garbage Stats: [72 4 1 5 0 11 5 9 1 5 9 0 ]
2026/04/19-19:56:36.439917 1283 Total Garbage Bytes: 2539554427 bytes
2026/04/19-19:56:36.550869 1284 [DEBUG] Syncing metadata for: /db_working_home/000524.sst
2026/04/19-19:56:36.551451 1284 [DEBUG] Syncing metadata for: /db_working_home/000524.sst
2026/04/19-19:56:36.552287 1284 [DEBUG] GetFileSize: /db_working_home/000524.sst 
2026/04/19-19:56:36.552321 1284 [DEBUG] New writable file: /db_working_home/000527.sst direct: 1
2026/04/19-19:56:36.558172 1284 Entering Apply Finish Threshold Function
2026/04/19-19:56:36.558188 1284 Finishing zone: Entering Finish()
2026/04/19-19:56:37.122567 1284 [DEBUG] Allocating zone(new=1) start: 0x1b0000000 wp: 0x1b0000000 lt: 5 file lt: 5
2026/04/19-19:56:37.122585 1284 [Zonestats:time(s),used_cap(MB),reclaimable_cap(MB), avg_reclaimable(%), active(#), active_zones(#), open_zones(#)] 188 2565 4218 62 4 5 3
2026/04/19-19:56:37.122594 1284 [DEBUG] Syncing metadata for: /db_working_home/000527.sst
2026/04/19-19:56:37.440114 1283 Total Garbage Bytes this interval: 2539554648 bytes
2026/04/19-19:56:37.440134 1283 Cumulative Average Garbage Bytes (over 187 intervals): 1097374876 bytes
2026/04/19-19:56:37.440159 1283 Zone Garbage Stats: [71 4 1 5 1 11 5 9 1 5 9 0 ]
2026/04/19-19:56:37.440164 1283 Total Garbage Bytes: 2539554648 bytes
2026/04/19-19:56:37.540518 1282 [DEBUG] New writable file: /db_working_home/000528.log direct: 0
2026/04/19-19:56:37.541451 1285 [DEBUG] New writable file: /db_working_home/000529.sst direct: 1
2026/04/19-19:56:37.551237 1285 Entering Apply Finish Threshold Function
2026/04/19-19:56:37.551265 1285 [DEBUG] Allocating zone(new=0) start: 0x1a8000000 wp: 0x1abc6ae00 lt: 5 file lt: 3
2026/04/19-19:56:37.551274 1285 [Zonestats:time(s),used_cap(MB),reclaimable_cap(MB), avg_reclaimable(%), active(#), active_zones(#), open_zones(#)] 188 2568 4215 62 5 5 4
2026/04/19-19:56:37.551280 1285 [DEBUG] Syncing metadata for: /db_working_home/000529.sst
2026/04/19-19:56:37.758636 1285 [DEBUG] Syncing metadata for: /db_working_home/000529.sst
2026/04/19-19:56:37.765943 1285 [DEBUG] Syncing metadata for: /db_working_home/000529.sst
2026/04/19-19:56:37.766633 1285 [DEBUG] New random access file: /db_working_home/000529.sst direct: 1
2026/04/19-19:56:37.767119 1285 [DEBUG] GetFileSize: /db_working_home/000529.sst 
2026/04/19-19:56:37.769364 1285 [DEBUG] Syncing metadata for: /db_working_home/MANIFEST-000194
2026/04/19-19:56:37.774330 1284 [DEBUG] Syncing metadata for: /db_working_home/000527.sst
2026/04/19-19:56:37.774474 1285 [DEBUG] GetFileSize: /db_working_home/000529.sst 
2026/04/19-19:56:37.774941 1284 [DEBUG] Syncing metadata for: /db_working_home/000527.sst
2026/04/19-19:56:37.775649 1284 [DEBUG] GetFileSize: /db_working_home/000527.sst 
2026/04/19-19:56:37.775682 1284 [DEBUG] New writable file: /db_working_home/000530.sst direct: 1
2026/04/19-19:56:37.780279 1285 [DEBUG] Syncing metadata for: /db_working_home/000525.log
2026/04/19-19:56:37.780561 1284 Entering Apply Finish Threshold Function
2026/04/19-19:56:37.780589 1284 [DEBUG] Allocating zone(new=1) start: 0x1c8000000 wp: 0x1c8000000 lt: 5 file lt: 5
2026/04/19-19:56:37.780596 1284 [Zonestats:time(s),used_cap(MB),reclaimable_cap(MB), avg_reclaimable(%), active(#), active_zones(#), open_zones(#)] 188 2634 4277 61 5 6 3
2026/04/19-19:56:37.780603 1284 [DEBUG] Syncing metadata for: /db_working_home/000530.sst
2026/04/19-19:56:37.780976 1285 [DEBUG] DeleteFile: ./db_working_home/000525.log 
2026/04/19-19:56:37.782032 1284 [DEBUG] Syncing metadata for: /db_working_home/000530.sst
2026/04/19-19:56:37.782104 1285 [Zonestats:time(s),used_cap(MB),reclaimable_cap(MB), avg_reclaimable(%), active(#), active_zones(#), open_zones(#)] 188 2619 4420 62 6 6 2
2026/04/19-19:56:37.782733 1284 [DEBUG] Syncing metadata for: /db_working_home/000530.sst
2026/04/19-19:56:37.783527 1284 [DEBUG] GetFileSize: /db_working_home/000530.sst 
2026/04/19-19:56:37.784493 1284 [DEBUG] New random access file: /db_working_home/000524.sst direct: 1
2026/04/19-19:56:37.784891 1284 [DEBUG] GetFileSize: /db_working_home/000524.sst 
2026/04/19-19:56:37.785049 1284 [DEBUG] New random access file: /db_working_home/000527.sst direct: 1
2026/04/19-19:56:37.785257 1284 [DEBUG] GetFileSize: /db_working_home/000527.sst 
2026/04/19-19:56:37.785392 1284 [DEBUG] New random access file: /db_working_home/000530.sst direct: 1
2026/04/19-19:56:37.785553 1284 [DEBUG] GetFileSize: /db_working_home/000530.sst 
2026/04/19-19:56:37.786404 1284 [DEBUG] Syncing metadata for: /db_working_home/MANIFEST-000194
2026/04/19-19:56:37.797753 1284 [DEBUG] New writable file: /db_working_home/000531.sst direct: 1
2026/04/19-19:56:37.800874 1284 Entering Apply Finish Threshold Function
2026/04/19-19:56:37.800898 1284 [DEBUG] Allocating zone(new=0) start: 0x1c8000000 wp: 0x1c8001000 lt: 5 file lt: 3
2026/04/19-19:56:37.800906 1284 [Zonestats:time(s),used_cap(MB),reclaimable_cap(MB), avg_reclaimable(%), active(#), active_zones(#), open_zones(#)] 188 2619 4420 62 6 6 2
2026/04/19-19:56:37.800912 1284 [DEBUG] Syncing metadata for: /db_working_home/000531.sst
2026/04/19-19:56:37.821308 1282 [DEBUG] Allocating zone(new=0) start: 0x1b8000000 wp: 0x1bae84a00 lt: 3 file lt: 2
2026/04/19-19:56:37.821321 1282 [DEBUG] Syncing metadata for: /db_working_home/000528.log
2026/04/19-19:56:38.254779 1284 [DEBUG] Syncing metadata for: /db_working_home/000531.sst
2026/04/19-19:56:38.255361 1284 [DEBUG] Syncing metadata for: /db_working_home/000531.sst
2026/04/19-19:56:38.256065 1284 [DEBUG] GetFileSize: /db_working_home/000531.sst 
2026/04/19-19:56:38.256111 1284 [DEBUG] New writable file: /db_working_home/000532.sst direct: 1
2026/04/19-19:56:38.266981 1284 Entering Apply Finish Threshold Function
2026/04/19-19:56:38.267007 1284 [DEBUG] Allocating zone(new=0) start: 0x1c8000000 wp: 0x1ca9b2600 lt: 5 file lt: 3
2026/04/19-19:56:38.267015 1284 [Zonestats:time(s),used_cap(MB),reclaimable_cap(MB), avg_reclaimable(%), active(#), active_zones(#), open_zones(#)] 189 2663 4376 62 6 6 3
2026/04/19-19:56:38.267022 1284 [DEBUG] Syncing metadata for: /db_working_home/000532.sst
2026/04/19-19:56:38.440340 1283 Total Garbage Bytes this interval: 2539555204 bytes
2026/04/19-19:56:38.440358 1283 Cumulative Average Garbage Bytes (over 188 intervals): 1105046048 bytes
2026/04/19-19:56:38.440378 1283 Zone Garbage Stats: [70 5 1 5 1 11 5 9 1 5 9 0 ]
2026/04/19-19:56:38.440382 1283 Total Garbage Bytes: 2539555204 bytes
2026/04/19-19:56:38.464499 1284 [DEBUG] Syncing metadata for: /db_working_home/000532.sst
2026/04/19-19:56:38.466734 1284 [DEBUG] Syncing metadata for: /db_working_home/000532.sst
2026/04/19-19:56:38.467559 1284 [DEBUG] GetFileSize: /db_working_home/000532.sst 
2026/04/19-19:56:38.468593 1284 [DEBUG] New random access file: /db_working_home/000531.sst direct: 1
2026/04/19-19:56:38.468799 1284 [DEBUG] GetFileSize: /db_working_home/000531.sst 
2026/04/19-19:56:38.468958 1284 [DEBUG] New random access file: /db_working_home/000532.sst direct: 1
2026/04/19-19:56:38.469180 1284 [DEBUG] GetFileSize: /db_working_home/000532.sst 
2026/04/19-19:56:38.470072 1284 [DEBUG] Syncing metadata for: /db_working_home/MANIFEST-000194
2026/04/19-19:56:38.470806 1284 [DEBUG] DeleteFile: ./db_working_home/000487.sst 
2026/04/19-19:56:38.471481 1284 [Zonestats:time(s),used_cap(MB),reclaimable_cap(MB), avg_reclaimable(%), active(#), active_zones(#), open_zones(#)] 189 2640 4271 61 6 6 2
2026/04/19-19:56:38.471520 1284 [DEBUG] DeleteFile: ./db_working_home/000520.sst 
2026/04/19-19:56:38.472186 1284 [Zonestats:time(s),used_cap(MB),reclaimable_cap(MB), avg_reclaimable(%), active(#), active_zones(#), open_zones(#)] 189 2548 4235 62 6 6 2
2026/04/19-19:56:38.473079 1284 [DEBUG] Syncing metadata for: /db_working_home/MANIFEST-000194
2026/04/19-19:56:38.473758 1284 [DEBUG] DeleteFile: ./db_working_home/000519.sst 
2026/04/19-19:56:38.474316 1284 [Zonestats:time(s),used_cap(MB),reclaimable_cap(MB), avg_reclaimable(%), active(#), active_zones(#), open_zones(#)] 189 2533 4250 62 6 6 2
2026/04/19-19:56:38.474351 1284 [DEBUG] DeleteFile: ./db_working_home/000522.sst 
2026/04/19-19:56:38.474968 1284 [Zonestats:time(s),used_cap(MB),reclaimable_cap(MB), avg_reclaimable(%), active(#), active_zones(#), open_zones(#)] 189 2518 4265 62 6 6 2
2026/04/19-19:56:38.475000 1284 [DEBUG] DeleteFile: ./db_working_home/000526.sst 
2026/04/19-19:56:38.475599 1284 [Zonestats:time(s),used_cap(MB),reclaimable_cap(MB), avg_reclaimable(%), active(#), active_zones(#), open_zones(#)] 189 2502 4281 63 6 6 2
2026/04/19-19:56:38.475631 1284 [DEBUG] DeleteFile: ./db_working_home/000529.sst 
2026/04/19-19:56:38.476228 1284 [Zonestats:time(s),used_cap(MB),reclaimable_cap(MB), avg_reclaimable(%), active(#), active_zones(#), open_zones(#)] 189 2487 4296 63 6 6 2
2026/04/19-19:56:38.476997 1284 [DEBUG] Syncing metadata for: /db_working_home/MANIFEST-000194
2026/04/19-19:56:38.480482 1284 [DEBUG] New writable file: /db_working_home/000533.sst direct: 1
2026/04/19-19:56:38.486286 1284 Entering Apply Finish Threshold Function
2026/04/19-19:56:38.486313 1284 [DEBUG] Allocating zone(new=1) start: 0x138000000 wp: 0x138000000 lt: 5 file lt: 5
2026/04/19-19:56:38.486320 1284 [Zonestats:time(s),used_cap(MB),reclaimable_cap(MB), avg_reclaimable(%), active(#), active_zones(#), open_zones(#)] 189 2487 4296 63 6 7 3
2026/04/19-19:56:38.486327 1284 [DEBUG] Syncing metadata for: /db_working_home/000533.sst
2026/04/19-19:56:39.440553 1283 Total Garbage Bytes this interval: 2533609454 bytes
2026/04/19-19:56:39.440688 1283 Cumulative Average Garbage Bytes (over 189 intervals): 1112604584 bytes
2026/04/19-19:56:39.440713 1283 Zone Garbage Stats: [71 6 0 4 1 12 5 8 1 5 9 0 ]
2026/04/19-19:56:39.440717 1283 Total Garbage Bytes: 2533609454 bytes
2026/04/19-19:56:39.789400 1282 [DEBUG] New writable file: /db_working_home/000534.log direct: 0
2026/04/19-19:56:39.790506 1285 [DEBUG] New writable file: /db_working_home/000535.sst direct: 1
2026/04/19-19:56:39.801123 1285 Entering Apply Finish Threshold Function
2026/04/19-19:56:39.801150 1285 [DEBUG] Allocating zone(new=0) start: 0x1c8000000 wp: 0x1cbc57e00 lt: 5 file lt: 3
2026/04/19-19:56:39.801158 1285 [Zonestats:time(s),used_cap(MB),reclaimable_cap(MB), avg_reclaimable(%), active(#), active_zones(#), open_zones(#)] 190 2497 4286 63 7 7 4
2026/04/19-19:56:39.801165 1285 [DEBUG] Syncing metadata for: /db_working_home/000535.sst
2026/04/19-19:56:39.985476 1284 Entering Apply Finish Threshold Function
2026/04/19-19:56:39.985509 1284 [DEBUG] Allocating zone(new=1) start: 0x160000000 wp: 0x160000000 lt: 5 file lt: 5
2026/04/19-19:56:39.985517 1284 [Zonestats:time(s),used_cap(MB),reclaimable_cap(MB), avg_reclaimable(%), active(#), active_zones(#), open_zones(#)] 190 2625 4286 62 6 7 4
2026/04/19-19:56:39.985524 1284 [DEBUG] Syncing metadata for: /db_working_home/000533.sst
2026/04/19-19:56:39.994728 1284 [DEBUG] Syncing metadata for: /db_working_home/000533.sst
2026/04/19-19:56:40.002573 1284 [DEBUG] Syncing metadata for: /db_working_home/000533.sst
2026/04/19-19:56:40.003316 1284 [DEBUG] GetFileSize: /db_working_home/000533.sst 
2026/04/19-19:56:40.003352 1284 [DEBUG] New writable file: /db_working_home/000536.sst direct: 1
2026/04/19-19:56:40.006184 1285 [DEBUG] Syncing metadata for: /db_working_home/000535.sst
2026/04/19-19:56:40.007231 1285 [DEBUG] Syncing metadata for: /db_working_home/000535.sst
2026/04/19-19:56:40.007866 1285 [DEBUG] New random access file: /db_working_home/000535.sst direct: 1
2026/04/19-19:56:40.008050 1285 [DEBUG] GetFileSize: /db_working_home/000535.sst 
2026/04/19-19:56:40.010147 1285 [DEBUG] Syncing metadata for: /db_working_home/MANIFEST-000194
2026/04/19-19:56:40.010150 1284 Entering Apply Finish Threshold Function
2026/04/19-19:56:40.010180 1284 [DEBUG] Allocating zone(new=1) start: 0x1d0000000 wp: 0x1d0000000 lt: 5 file lt: 5
2026/04/19-19:56:40.010188 1284 [Zonestats:time(s),used_cap(MB),reclaimable_cap(MB), avg_reclaimable(%), active(#), active_zones(#), open_zones(#)] 191 2640 4399 62 7 8 3
2026/04/19-19:56:40.010195 1284 [DEBUG] Syncing metadata for: /db_working_home/000536.sst
2026/04/19-19:56:40.010817 1285 [DEBUG] GetFileSize: /db_working_home/000535.sst 
2026/04/19-19:56:40.023311 1285 [DEBUG] Syncing metadata for: /db_working_home/000528.log
2026/04/19-19:56:40.028908 1284 [DEBUG] Syncing metadata for: /db_working_home/000536.sst
2026/04/19-19:56:40.029026 1285 [DEBUG] DeleteFile: ./db_working_home/000528.log 
2026/04/19-19:56:40.029500 1284 [DEBUG] Syncing metadata for: /db_working_home/000536.sst
2026/04/19-19:56:40.030360 1284 [DEBUG] GetFileSize: /db_working_home/000536.sst 
2026/04/19-19:56:40.031006 1285 [Zonestats:time(s),used_cap(MB),reclaimable_cap(MB), avg_reclaimable(%), active(#), active_zones(#), open_zones(#)] 191 2627 4412 62 7 7 1
2026/04/19-19:56:40.031875 1284 [DEBUG] New random access file: /db_working_home/000533.sst direct: 1
2026/04/19-19:56:40.032192 1284 [DEBUG] GetFileSize: /db_working_home/000533.sst 
2026/04/19-19:56:40.032375 1284 [DEBUG] New random access file: /db_working_home/000536.sst direct: 1
2026/04/19-19:56:40.032540 1284 [DEBUG] GetFileSize: /db_working_home/000536.sst 
2026/04/19-19:56:40.033385 1284 [DEBUG] Syncing metadata for: /db_working_home/MANIFEST-000194
2026/04/19-19:56:40.033679 1282 [DEBUG] Allocating zone(new=0) start: 0x1d0000000 wp: 0x1d01b9600 lt: 5 file lt: 2
2026/04/19-19:56:40.033692 1282 [DEBUG] Syncing metadata for: /db_working_home/000534.log
2026/04/19-19:56:40.034174 1284 [DEBUG] DeleteFile: ./db_working_home/000436.sst 
2026/04/19-19:56:40.042478 1284 [Zonestats:time(s),used_cap(MB),reclaimable_cap(MB), avg_reclaimable(%), active(#), active_zones(#), open_zones(#)] 191 2579 4332 62 7 7 2
2026/04/19-19:56:40.042532 1284 [DEBUG] DeleteFile: ./db_working_home/000511.sst 
2026/04/19-19:56:40.043380 1284 [Zonestats:time(s),used_cap(MB),reclaimable_cap(MB), avg_reclaimable(%), active(#), active_zones(#), open_zones(#)] 191 2489 4294 63 7 7 2
2026/04/19-19:56:40.043415 1284 [DEBUG] DeleteFile: ./db_working_home/000530.sst 
2026/04/19-19:56:40.043976 1284 [Zonestats:time(s),used_cap(MB),reclaimable_cap(MB), avg_reclaimable(%), active(#), active_zones(#), open_zones(#)] 191 2489 4294 63 7 7 2
2026/04/19-19:56:40.049500 1284 [DEBUG] New writable file: /db_working_home/000537.sst direct: 1
2026/04/19-19:56:40.052562 1284 Entering Apply Finish Threshold Function
2026/04/19-19:56:40.052588 1284 [DEBUG] Allocating zone(new=1) start: 0x110000000 wp: 0x110000000 lt: 5 file lt: 5
2026/04/19-19:56:40.052595 1284 [Zonestats:time(s),used_cap(MB),reclaimable_cap(MB), avg_reclaimable(%), active(#), active_zones(#), open_zones(#)] 191 2489 4294 63 7 8 3
2026/04/19-19:56:40.052602 1284 [DEBUG] Syncing metadata for: /db_working_home/000537.sst
2026/04/19-19:56:40.440894 1283 Total Garbage Bytes this interval: 2470284358 bytes
2026/04/19-19:56:40.440915 1283 Cumulative Average Garbage Bytes (over 190 intervals): 1119750268 bytes
2026/04/19-19:56:40.440940 1283 Zone Garbage Stats: [71 8 0 3 1 12 5 7 1 5 9 0 ]
2026/04/19-19:56:40.440944 1283 Total Garbage Bytes: 2470284358 bytes
2026/04/19-19:56:40.885893 1284 [DEBUG] Syncing metadata for: /db_working_home/000537.sst
2026/04/19-19:56:40.886523 1284 [DEBUG] Syncing metadata for: /db_working_home/000537.sst
2026/04/19-19:56:40.887309 1284 [DEBUG] GetFileSize: /db_working_home/000537.sst 
2026/04/19-19:56:40.887346 1284 [DEBUG] New writable file: /db_working_home/000538.sst direct: 1
2026/04/19-19:56:40.890454 1284 Entering Apply Finish Threshold Function
2026/04/19-19:56:40.890481 1284 [DEBUG] Allocating zone(new=1) start: 0x158000000 wp: 0x158000000 lt: 5 file lt: 5
2026/04/19-19:56:40.890489 1284 [Zonestats:time(s),used_cap(MB),reclaimable_cap(MB), avg_reclaimable(%), active(#), active_zones(#), open_zones(#)] 191 2564 4347 62 8 9 3
2026/04/19-19:56:40.890495 1284 [DEBUG] Syncing metadata for: /db_working_home/000538.sst
2026/04/19-19:56:41.364466 1284 [DEBUG] Syncing metadata for: /db_working_home/000538.sst
2026/04/19-19:56:41.365050 1284 [DEBUG] Syncing metadata for: /db_working_home/000538.sst
2026/04/19-19:56:41.365864 1284 [DEBUG] GetFileSize: /db_working_home/000538.sst 
2026/04/19-19:56:41.365901 1284 [DEBUG] New writable file: /db_working_home/000539.sst direct: 1
2026/04/19-19:56:41.371429 1284 Entering Apply Finish Threshold Function
2026/04/19-19:56:41.371458 1284 [DEBUG] Allocating zone(new=1) start: 0x1b8000000 wp: 0x1b8000000 lt: 5 file lt: 5
2026/04/19-19:56:41.371466 1284 [Zonestats:time(s),used_cap(MB),reclaimable_cap(MB), avg_reclaimable(%), active(#), active_zones(#), open_zones(#)] 192 2609 4430 62 9 10 3
2026/04/19-19:56:41.371473 1284 [DEBUG] Syncing metadata for: /db_working_home/000539.sst
2026/04/19-19:56:41.441053 1283 Total Garbage Bytes this interval: 2470285230 bytes
2026/04/19-19:56:41.441072 1283 Cumulative Average Garbage Bytes (over 191 intervals): 1126821131 bytes
2026/04/19-19:56:41.441103 1283 Zone Garbage Stats: [69 10 0 3 1 12 5 7 1 5 9 0 ]
2026/04/19-19:56:41.441107 1283 Total Garbage Bytes: 2470285230 bytes
2026/04/19-19:56:41.912310 1282 [DEBUG] New writable file: /db_working_home/000540.log direct: 0
2026/04/19-19:56:41.913296 1285 [DEBUG] New writable file: /db_working_home/000541.sst direct: 1
2026/04/19-19:56:41.916478 1285 Entering Apply Finish Threshold Function
2026/04/19-19:56:41.916505 1285 [DEBUG] Allocating zone(new=0) start: 0x1c8000000 wp: 0x1ccbad400 lt: 5 file lt: 3
2026/04/19-19:56:41.916512 1285 [Zonestats:time(s),used_cap(MB),reclaimable_cap(MB), avg_reclaimable(%), active(#), active_zones(#), open_zones(#)] 192 2613 4426 62 10 10 4
2026/04/19-19:56:41.916519 1285 [DEBUG] Syncing metadata for: /db_working_home/000541.sst
2026/04/19-19:56:41.947233 1284 [DEBUG] Syncing metadata for: /db_working_home/000539.sst
2026/04/19-19:56:41.954657 1284 [DEBUG] Syncing metadata for: /db_working_home/000539.sst
2026/04/19-19:56:41.955428 1284 [DEBUG] GetFileSize: /db_working_home/000539.sst 
2026/04/19-19:56:41.955464 1284 [DEBUG] New writable file: /db_working_home/000542.sst direct: 1
2026/04/19-19:56:41.968929 1284 Entering Apply Finish Threshold Function
2026/04/19-19:56:41.968958 1284 [DEBUG] Allocating zone(new=1) start: 0x1d8000000 wp: 0x1d8000000 lt: 5 file lt: 5
2026/04/19-19:56:41.968966 1284 [Zonestats:time(s),used_cap(MB),reclaimable_cap(MB), avg_reclaimable(%), active(#), active_zones(#), open_zones(#)] 192 2663 4504 62 10 11 4
2026/04/19-19:56:41.968973 1284 [DEBUG] Syncing metadata for: /db_working_home/000542.sst
2026/04/19-19:56:42.112613 1285 [DEBUG] Syncing metadata for: /db_working_home/000541.sst
2026/04/19-19:56:42.120441 1285 [DEBUG] Syncing metadata for: /db_working_home/000541.sst
2026/04/19-19:56:42.121114 1285 [DEBUG] New random access file: /db_working_home/000541.sst direct: 1
2026/04/19-19:56:42.121341 1285 [DEBUG] GetFileSize: /db_working_home/000541.sst 
2026/04/19-19:56:42.130038 1285 [DEBUG] Syncing metadata for: /db_working_home/MANIFEST-000194
2026/04/19-19:56:42.130737 1285 [DEBUG] GetFileSize: /db_working_home/000541.sst 
2026/04/19-19:56:42.135501 1285 [DEBUG] Syncing metadata for: /db_working_home/000534.log
2026/04/19-19:56:42.138540 1285 [DEBUG] DeleteFile: ./db_working_home/000534.log 
2026/04/19-19:56:42.146197 1285 [Zonestats:time(s),used_cap(MB),reclaimable_cap(MB), avg_reclaimable(%), active(#), active_zones(#), open_zones(#)] 193 2663 4504 62 11 11 2
2026/04/19-19:56:42.147585 1282 [DEBUG] Allocating zone(new=0) start: 0x1d0000000 wp: 0x1d1151c00 lt: 5 file lt: 2
2026/04/19-19:56:42.147596 1282 [DEBUG] Syncing metadata for: /db_working_home/000540.log
2026/04/19-19:56:42.441287 1283 Total Garbage Bytes this interval: 2470285713 bytes
2026/04/19-19:56:42.441303 1283 Cumulative Average Garbage Bytes (over 192 intervals): 1133818343 bytes
2026/04/19-19:56:42.441326 1283 Zone Garbage Stats: [68 11 0 3 1 12 5 7 1 5 9 0 ]
2026/04/19-19:56:42.441330 1283 Total Garbage Bytes: 2470285713 bytes
2026/04/19-19:56:42.489169 1284 [DEBUG] Syncing metadata for: /db_working_home/000542.sst
2026/04/19-19:56:42.489751 1284 [DEBUG] Syncing metadata for: /db_working_home/000542.sst
2026/04/19-19:56:42.490480 1284 [DEBUG] GetFileSize: /db_working_home/000542.sst 
2026/04/19-19:56:42.491713 1284 [DEBUG] New random access file: /db_working_home/000537.sst direct: 1
2026/04/19-19:56:42.491963 1284 [DEBUG] GetFileSize: /db_working_home/000537.sst 
2026/04/19-19:56:42.492142 1284 [DEBUG] New random access file: /db_working_home/000538.sst direct: 1
2026/04/19-19:56:42.492340 1284 [DEBUG] GetFileSize: /db_working_home/000538.sst 
2026/04/19-19:56:42.492468 1284 [DEBUG] New random access file: /db_working_home/000539.sst direct: 1
2026/04/19-19:56:42.492662 1284 [DEBUG] GetFileSize: /db_working_home/000539.sst 
2026/04/19-19:56:42.492789 1284 [DEBUG] New random access file: /db_working_home/000542.sst direct: 1
2026/04/19-19:56:42.492979 1284 [DEBUG] GetFileSize: /db_working_home/000542.sst 
2026/04/19-19:56:42.493889 1284 [DEBUG] Syncing metadata for: /db_working_home/MANIFEST-000194
2026/04/19-19:56:42.500062 1284 [DEBUG] New writable file: /db_working_home/000543.sst direct: 1
2026/04/19-19:56:42.502880 1284 Entering Apply Finish Threshold Function
2026/04/19-19:56:42.502893 1284 Finishing zone: Entering Finish()
2026/04/19-19:56:42.954318 1284 [DEBUG] Allocating zone(new=1) start: 0x1e0000000 wp: 0x1e0000000 lt: 5 file lt: 5
2026/04/19-19:56:42.954334 1284 [Zonestats:time(s),used_cap(MB),reclaimable_cap(MB), avg_reclaimable(%), active(#), active_zones(#), open_zones(#)] 193 2715 4580 62 10 11 3
2026/04/19-19:56:42.954342 1284 [DEBUG] Syncing metadata for: /db_working_home/000543.sst
2026/04/19-19:56:43.309955 1282 [DEBUG] New writable file: /db_working_home/000544.log direct: 0
2026/04/19-19:56:43.310922 1285 [DEBUG] New writable file: /db_working_home/000545.sst direct: 1
2026/04/19-19:56:43.313912 1285 Entering Apply Finish Threshold Function
2026/04/19-19:56:43.313938 1285 [DEBUG] Allocating zone(new=0) start: 0x1d8000000 wp: 0x1da842600 lt: 5 file lt: 3
2026/04/19-19:56:43.313945 1285 [Zonestats:time(s),used_cap(MB),reclaimable_cap(MB), avg_reclaimable(%), active(#), active_zones(#), open_zones(#)] 194 2718 4577 62 11 11 4
2026/04/19-19:56:43.313952 1285 [DEBUG] Syncing metadata for: /db_working_home/000545.sst
2026/04/19-19:56:43.441503 1283 Total Garbage Bytes this interval: 2470285713 bytes
2026/04/19-19:56:43.441517 1283 Cumulative Average Garbage Bytes (over 193 intervals): 1140743044 bytes
2026/04/19-19:56:43.441538 1283 Zone Garbage Stats: [67 10 0 4 1 12 5 7 1 5 9 0 ]
2026/04/19-19:56:43.441542 1283 Total Garbage Bytes: 2470285713 bytes
2026/04/19-19:56:43.484439 1285 [DEBUG] Syncing metadata for: /db_working_home/000545.sst
2026/04/19-19:56:43.487474 1285 [DEBUG] Syncing metadata for: /db_working_home/000545.sst
2026/04/19-19:56:43.488148 1285 [DEBUG] New random access file: /db_working_home/000545.sst direct: 1
2026/04/19-19:56:43.489240 1285 [DEBUG] GetFileSize: /db_working_home/000545.sst 
2026/04/19-19:56:43.493074 1285 [DEBUG] Syncing metadata for: /db_working_home/MANIFEST-000194
2026/04/19-19:56:43.493886 1285 [DEBUG] GetFileSize: /db_working_home/000545.sst 
2026/04/19-19:56:43.500683 1285 [DEBUG] Syncing metadata for: /db_working_home/000540.log
2026/04/19-19:56:43.505588 1285 [DEBUG] DeleteFile: ./db_working_home/000421.sst 
2026/04/19-19:56:43.509336 1285 [Zonestats:time(s),used_cap(MB),reclaimable_cap(MB), avg_reclaimable(%), active(#), active_zones(#), open_zones(#)] 194 2640 4527 63 11 11 2
2026/04/19-19:56:43.509391 1285 [DEBUG] DeleteFile: ./db_working_home/000514.sst 
2026/04/19-19:56:43.509970 1285 [Zonestats:time(s),used_cap(MB),reclaimable_cap(MB), avg_reclaimable(%), active(#), active_zones(#), open_zones(#)] 194 2640 4527 63 11 11 2
2026/04/19-19:56:43.510006 1285 [DEBUG] DeleteFile: ./db_working_home/000533.sst 
2026/04/19-19:56:43.510811 1285 [Zonestats:time(s),used_cap(MB),reclaimable_cap(MB), avg_reclaimable(%), active(#), active_zones(#), open_zones(#)] 194 2511 4400 63 10 10 2
2026/04/19-19:56:43.510845 1285 [DEBUG] DeleteFile: ./db_working_home/000536.sst 
2026/04/19-19:56:43.511410 1285 [Zonestats:time(s),used_cap(MB),reclaimable_cap(MB), avg_reclaimable(%), active(#), active_zones(#), open_zones(#)] 194 2510 4401 63 10 10 2
2026/04/19-19:56:43.511443 1285 [DEBUG] DeleteFile: ./db_working_home/000540.log 
2026/04/19-19:56:43.516790 1285 [Zonestats:time(s),used_cap(MB),reclaimable_cap(MB), avg_reclaimable(%), active(#), active_zones(#), open_zones(#)] 194 2494 4289 63 9 9 2
2026/04/19-19:56:43.561155 1282 [DEBUG] Allocating zone(new=0) start: 0x1d8000000 wp: 0x1db794600 lt: 5 file lt: 2
2026/04/19-19:56:43.561169 1282 [DEBUG] Syncing metadata for: /db_working_home/000544.log
2026/04/19-19:56:43.857592 1284 [DEBUG] Syncing metadata for: /db_working_home/000543.sst
2026/04/19-19:56:43.858173 1284 [DEBUG] Syncing metadata for: /db_working_home/000543.sst
2026/04/19-19:56:43.858988 1284 [DEBUG] GetFileSize: /db_working_home/000543.sst 
2026/04/19-19:56:43.859026 1284 [DEBUG] New writable file: /db_working_home/000546.sst direct: 1
2026/04/19-19:56:43.865038 1284 Entering Apply Finish Threshold Function
2026/04/19-19:56:43.865066 1284 [DEBUG] Allocating zone(new=1) start: 0x40000000 wp: 0x40000000 lt: 5 file lt: 5
2026/04/19-19:56:43.865075 1284 [Zonestats:time(s),used_cap(MB),reclaimable_cap(MB), avg_reclaimable(%), active(#), active_zones(#), open_zones(#)] 194 2561 4350 62 9 10 3
2026/04/19-19:56:43.865090 1284 [DEBUG] Syncing metadata for: /db_working_home/000546.sst
2026/04/19-19:56:44.161057 1284 [DEBUG] Syncing metadata for: /db_working_home/000546.sst
2026/04/19-19:56:44.161658 1284 [DEBUG] Syncing metadata for: /db_working_home/000546.sst
2026/04/19-19:56:44.162495 1284 [DEBUG] GetFileSize: /db_working_home/000546.sst 
2026/04/19-19:56:44.163601 1284 [DEBUG] New random access file: /db_working_home/000543.sst direct: 1
2026/04/19-19:56:44.163851 1284 [DEBUG] GetFileSize: /db_working_home/000543.sst 
2026/04/19-19:56:44.164049 1284 [DEBUG] New random access file: /db_working_home/000546.sst direct: 1
2026/04/19-19:56:44.164235 1284 [DEBUG] GetFileSize: /db_working_home/000546.sst 
2026/04/19-19:56:44.165126 1284 [DEBUG] Syncing metadata for: /db_working_home/MANIFEST-000194
2026/04/19-19:56:44.176156 1284 [DEBUG] New writable file: /db_working_home/000547.sst direct: 1
2026/04/19-19:56:44.179267 1284 Entering Apply Finish Threshold Function
2026/04/19-19:56:44.179292 1284 [DEBUG] Allocating zone(new=0) start: 0x1e0000000 wp: 0x1e4019e00 lt: 5 file lt: 3
2026/04/19-19:56:44.179301 1284 [Zonestats:time(s),used_cap(MB),reclaimable_cap(MB), avg_reclaimable(%), active(#), active_zones(#), open_zones(#)] 195 2587 4452 63 10 10 3
2026/04/19-19:56:44.179307 1284 [DEBUG] Syncing metadata for: /db_working_home/000547.sst
2026/04/19-19:56:44.441720 1283 Total Garbage Bytes this interval: 2470288150 bytes
2026/04/19-19:56:44.441826 1283 Cumulative Average Garbage Bytes (over 194 intervals): 1147596369 bytes
2026/04/19-19:56:44.441851 1283 Zone Garbage Stats: [70 9 0 3 1 12 5 7 1 5 9 0 ]
2026/04/19-19:56:44.441855 1283 Total Garbage Bytes: 2470288150 bytes
2026/04/19-19:56:44.876034 1284 [DEBUG] Syncing metadata for: /db_working_home/000547.sst
2026/04/19-19:56:44.876631 1284 [DEBUG] Syncing metadata for: /db_working_home/000547.sst
2026/04/19-19:56:44.877446 1284 [DEBUG] GetFileSize: /db_working_home/000547.sst 
2026/04/19-19:56:44.878441 1284 [DEBUG] New random access file: /db_working_home/000547.sst direct: 1
2026/04/19-19:56:44.878697 1284 [DEBUG] GetFileSize: /db_working_home/000547.sst 
2026/04/19-19:56:44.879620 1284 [DEBUG] Syncing metadata for: /db_working_home/MANIFEST-000194
2026/04/19-19:56:44.880345 1284 [DEBUG] DeleteFile: ./db_working_home/000488.sst 
2026/04/19-19:56:44.881024 1284 [Zonestats:time(s),used_cap(MB),reclaimable_cap(MB), avg_reclaimable(%), active(#), active_zones(#), open_zones(#)] 195 2598 4313 62 10 10 2
2026/04/19-19:56:44.881065 1284 [DEBUG] DeleteFile: ./db_working_home/000504.sst 
2026/04/19-19:56:44.881734 1284 [Zonestats:time(s),used_cap(MB),reclaimable_cap(MB), avg_reclaimable(%), active(#), active_zones(#), open_zones(#)] 195 2588 4195 61 10 10 2
2026/04/19-19:56:44.887039 1284 [DEBUG] New writable file: /db_working_home/000548.sst direct: 1
2026/04/19-19:56:44.890007 1284 Entering Apply Finish Threshold Function
2026/04/19-19:56:44.890020 1284 Finishing zone: Entering Finish()
2026/04/19-19:56:44.900515 1284 [DEBUG] Allocating zone(new=0) start: 0x1b8000000 wp: 0x1bb153a00 lt: 5 file lt: 4
2026/04/19-19:56:44.900531 1284 [Zonestats:time(s),used_cap(MB),reclaimable_cap(MB), avg_reclaimable(%), active(#), active_zones(#), open_zones(#)] 195 2589 4194 61 9 9 3
2026/04/19-19:56:44.900539 1284 [DEBUG] Syncing metadata for: /db_working_home/000548.sst
2026/04/19-19:56:45.442034 1283 Total Garbage Bytes this interval: 2319128505 bytes
2026/04/19-19:56:45.442051 1283 Cumulative Average Garbage Bytes (over 195 intervals): 1153604226 bytes
2026/04/19-19:56:45.442072 1283 Zone Garbage Stats: [72 9 0 3 1 12 4 7 1 5 8 0 ]
2026/04/19-19:56:45.442076 1283 Total Garbage Bytes: 2319128505 bytes
2026/04/19-19:56:45.474991 1284 [DEBUG] Syncing metadata for: /db_working_home/000548.sst
2026/04/19-19:56:45.475581 1284 [DEBUG] Syncing metadata for: /db_working_home/000548.sst
2026/04/19-19:56:45.476411 1284 [DEBUG] GetFileSize: /db_working_home/000548.sst 
2026/04/19-19:56:45.476450 1284 [DEBUG] New writable file: /db_working_home/000549.sst direct: 1
2026/04/19-19:56:45.482139 1284 Entering Apply Finish Threshold Function
2026/04/19-19:56:45.482153 1284 Finishing zone: Entering Finish()
2026/04/19-19:56:45.485212 1282 [DEBUG] New writable file: /db_working_home/000550.log direct: 0
2026/04/19-19:56:45.486637 1285 [DEBUG] New writable file: /db_working_home/000551.sst direct: 1
2026/04/19-19:56:45.490047 1285 Entering Apply Finish Threshold Function
2026/04/19-19:56:45.490072 1285 [DEBUG] Allocating zone(new=0) start: 0x1b0000000 wp: 0x1b32a2600 lt: 5 file lt: 3
2026/04/19-19:56:45.490080 1285 [Zonestats:time(s),used_cap(MB),reclaimable_cap(MB), avg_reclaimable(%), active(#), active_zones(#), open_zones(#)] 196 2643 4140 61 9 9 3
2026/04/19-19:56:45.490095 1285 [DEBUG] Syncing metadata for: /db_working_home/000551.sst
2026/04/19-19:56:45.636825 1285 [DEBUG] Syncing metadata for: /db_working_home/000551.sst
2026/04/19-19:56:45.637842 1285 [DEBUG] Syncing metadata for: /db_working_home/000551.sst
2026/04/19-19:56:45.639031 1285 [DEBUG] New random access file: /db_working_home/000551.sst direct: 1
2026/04/19-19:56:45.639619 1285 [DEBUG] GetFileSize: /db_working_home/000551.sst 
2026/04/19-19:56:45.639713 1282 [DEBUG] Allocating zone(new=0) start: 0x1b0000000 wp: 0x1b41f5200 lt: 5 file lt: 2
2026/04/19-19:56:45.639728 1282 [DEBUG] Syncing metadata for: /db_working_home/000550.log
2026/04/19-19:56:45.647019 1285 [DEBUG] Syncing metadata for: /db_working_home/MANIFEST-000194
2026/04/19-19:56:45.649762 1285 [DEBUG] GetFileSize: /db_working_home/000551.sst 
2026/04/19-19:56:45.654800 1285 [DEBUG] Syncing metadata for: /db_working_home/000544.log
2026/04/19-19:56:45.655967 1285 [DEBUG] DeleteFile: ./db_working_home/000532.sst 
2026/04/19-19:56:45.656546 1285 [Zonestats:time(s),used_cap(MB),reclaimable_cap(MB), avg_reclaimable(%), active(#), active_zones(#), open_zones(#)] 196 2641 4142 61 9 9 2
2026/04/19-19:56:45.656590 1285 [DEBUG] DeleteFile: ./db_working_home/000535.sst 
2026/04/19-19:56:45.657441 1285 [Zonestats:time(s),used_cap(MB),reclaimable_cap(MB), avg_reclaimable(%), active(#), active_zones(#), open_zones(#)] 196 2626 4157 61 9 9 2
2026/04/19-19:56:45.657476 1285 [DEBUG] DeleteFile: ./db_working_home/000541.sst 
2026/04/19-19:56:45.658547 1285 [Zonestats:time(s),used_cap(MB),reclaimable_cap(MB), avg_reclaimable(%), active(#), active_zones(#), open_zones(#)] 196 2610 4173 61 9 9 2
2026/04/19-19:56:45.658578 1285 [DEBUG] DeleteFile: ./db_working_home/000544.log 
2026/04/19-19:56:45.659678 1285 [Zonestats:time(s),used_cap(MB),reclaimable_cap(MB), avg_reclaimable(%), active(#), active_zones(#), open_zones(#)] 196 2595 4188 61 9 9 2
2026/04/19-19:56:45.659699 1285 [DEBUG] DeleteFile: ./db_working_home/000545.sst 
2026/04/19-19:56:45.660778 1285 [Zonestats:time(s),used_cap(MB),reclaimable_cap(MB), avg_reclaimable(%), active(#), active_zones(#), open_zones(#)] 196 2579 4204 61 9 9 2
2026/04/19-19:56:45.957743 1284 [DEBUG] Allocating zone(new=0) start: 0x1d8000000 wp: 0x1dc72d000 lt: 5 file lt: 4
2026/04/19-19:56:45.957761 1284 [Zonestats:time(s),used_cap(MB),reclaimable_cap(MB), avg_reclaimable(%), active(#), active_zones(#), open_zones(#)] 196 2584 4199 61 8 8 3
2026/04/19-19:56:45.957773 1284 [DEBUG] Syncing metadata for: /db_working_home/000549.sst
2026/04/19-19:56:46.442266 1283 Total Garbage Bytes this interval: 2370844023 bytes
2026/04/19-19:56:46.442284 1283 Cumulative Average Garbage Bytes (over 196 intervals): 1159814633 bytes
2026/04/19-19:56:46.442305 1283 Zone Garbage Stats: [72 8 0 3 1 12 4 8 1 5 8 0 ]
2026/04/19-19:56:46.442310 1283 Total Garbage Bytes: 2370844023 bytes
2026/04/19-19:56:46.582483 1284 Entering Apply Finish Threshold Function
2026/04/19-19:56:46.582514 1284 [DEBUG] Allocating zone(new=0) start: 0x1a8000000 wp: 0x1acbbda00 lt: 5 file lt: 4
2026/04/19-19:56:46.582522 1284 [Zonestats:time(s),used_cap(MB),reclaimable_cap(MB), avg_reclaimable(%), active(#), active_zones(#), open_zones(#)] 197 2646 4137 60 7 7 3
2026/04/19-19:56:46.582536 1284 [DEBUG] Syncing metadata for: /db_working_home/000549.sst
2026/04/19-19:56:46.714152 1284 [DEBUG] Syncing metadata for: /db_working_home/000549.sst
2026/04/19-19:56:46.714734 1284 [DEBUG] Syncing metadata for: /db_working_home/000549.sst
2026/04/19-19:56:46.715629 1284 [DEBUG] GetFileSize: /db_working_home/000549.sst 
2026/04/19-19:56:46.715666 1284 [DEBUG] New writable file: /db_working_home/000552.sst direct: 1
2026/04/19-19:56:46.716445 1284 Entering Apply Finish Threshold Function
2026/04/19-19:56:46.716455 1284 Finishing zone: Entering Finish()
2026/04/19-19:56:46.874858 1282 [DEBUG] New writable file: /db_working_home/000553.log direct: 0
2026/04/19-19:56:46.875862 1285 [DEBUG] New writable file: /db_working_home/000554.sst direct: 1
2026/04/19-19:56:46.879377 1285 Entering Apply Finish Threshold Function
2026/04/19-19:56:46.879402 1285 [DEBUG] Allocating zone(new=0) start: 0x158000000 wp: 0x15a965400 lt: 5 file lt: 3
2026/04/19-19:56:46.879410 1285 [Zonestats:time(s),used_cap(MB),reclaimable_cap(MB), avg_reclaimable(%), active(#), active_zones(#), open_zones(#)] 197 2662 4121 60 7 7 3
2026/04/19-19:56:46.879416 1285 [DEBUG] Syncing metadata for: /db_working_home/000554.sst
2026/04/19-19:56:47.026164 1285 [DEBUG] Syncing metadata for: /db_working_home/000554.sst
2026/04/19-19:56:47.027556 1285 [DEBUG] Syncing metadata for: /db_working_home/000554.sst
2026/04/19-19:56:47.028649 1285 [DEBUG] New random access file: /db_working_home/000554.sst direct: 1
2026/04/19-19:56:47.029206 1285 [DEBUG] GetFileSize: /db_working_home/000554.sst 
2026/04/19-19:56:47.031435 1285 [DEBUG] Syncing metadata for: /db_working_home/MANIFEST-000194
2026/04/19-19:56:47.032299 1285 [DEBUG] GetFileSize: /db_working_home/000554.sst 
2026/04/19-19:56:47.037246 1285 [DEBUG] Syncing metadata for: /db_working_home/000550.log
2026/04/19-19:56:47.038188 1285 [DEBUG] DeleteFile: ./db_working_home/000550.log 
2026/04/19-19:56:47.039127 1285 [Zonestats:time(s),used_cap(MB),reclaimable_cap(MB), avg_reclaimable(%), active(#), active_zones(#), open_zones(#)] 198 2662 4121 60 7 7 1
2026/04/19-19:56:47.040568 1282 [DEBUG] Allocating zone(new=0) start: 0x1b0000000 wp: 0x1b518da00 lt: 5 file lt: 2
2026/04/19-19:56:47.040579 1282 [DEBUG] Syncing metadata for: /db_working_home/000553.log
2026/04/19-19:56:47.311111 1284 [DEBUG] Allocating zone(new=0) start: 0x158000000 wp: 0x15b8b8a00 lt: 5 file lt: 4
2026/04/19-19:56:47.311125 1284 [Zonestats:time(s),used_cap(MB),reclaimable_cap(MB), avg_reclaimable(%), active(#), active_zones(#), open_zones(#)] 198 2667 4116 60 6 6 3
2026/04/19-19:56:47.311132 1284 [DEBUG] Syncing metadata for: /db_working_home/000552.sst
2026/04/19-19:56:47.312215 1284 [DEBUG] Syncing metadata for: /db_working_home/000552.sst
2026/04/19-19:56:47.312750 1284 [DEBUG] Syncing metadata for: /db_working_home/000552.sst
2026/04/19-19:56:47.313739 1284 [DEBUG] GetFileSize: /db_working_home/000552.sst 
2026/04/19-19:56:47.314859 1284 [DEBUG] New random access file: /db_working_home/000548.sst direct: 1
2026/04/19-19:56:47.315111 1284 [DEBUG] GetFileSize: /db_working_home/000548.sst 
2026/04/19-19:56:47.315312 1284 [DEBUG] New random access file: /db_working_home/000549.sst direct: 1
2026/04/19-19:56:47.315557 1284 [DEBUG] GetFileSize: /db_working_home/000549.sst 
2026/04/19-19:56:47.315741 1284 [DEBUG] New random access file: /db_working_home/000552.sst direct: 1
2026/04/19-19:56:47.315921 1284 [DEBUG] GetFileSize: /db_working_home/000552.sst 
2026/04/19-19:56:47.316892 1284 [DEBUG] Syncing metadata for: /db_working_home/MANIFEST-000194
2026/04/19-19:56:47.323353 1284 [DEBUG] New writable file: /db_working_home/000555.sst direct: 1
2026/04/19-19:56:47.326977 1284 Entering Apply Finish Threshold Function
2026/04/19-19:56:47.327005 1284 [DEBUG] Allocating zone(new=1) start: 0x138000000 wp: 0x138000000 lt: 5 file lt: 5
2026/04/19-19:56:47.327013 1284 [Zonestats:time(s),used_cap(MB),reclaimable_cap(MB), avg_reclaimable(%), active(#), active_zones(#), open_zones(#)] 198 2667 4116 60 6 7 3
2026/04/19-19:56:47.327020 1284 [DEBUG] Syncing metadata for: /db_working_home/000555.sst
2026/04/19-19:56:47.442491 1283 Total Garbage Bytes this interval: 2403263540 bytes
2026/04/19-19:56:47.442508 1283 Cumulative Average Garbage Bytes (over 197 intervals): 1166126557 bytes
2026/04/19-19:56:47.442648 1283 Zone Garbage Stats: [71 8 0 4 1 11 4 8 2 5 8 0 ]
2026/04/19-19:56:47.442662 1283 Total Garbage Bytes: 2403263540 bytes
2026/04/19-19:56:47.841988 1284 [DEBUG] Syncing metadata for: /db_working_home/000555.sst
2026/04/19-19:56:47.842594 1284 [DEBUG] Syncing metadata for: /db_working_home/000555.sst
2026/04/19-19:56:47.843416 1284 [DEBUG] GetFileSize: /db_working_home/000555.sst 
2026/04/19-19:56:47.843454 1284 [DEBUG] New writable file: /db_working_home/000556.sst direct: 1
2026/04/19-19:56:47.846901 1284 Entering Apply Finish Threshold Function
2026/04/19-19:56:47.846929 1284 [DEBUG] Allocating zone(new=1) start: 0x160000000 wp: 0x160000000 lt: 5 file lt: 5
2026/04/19-19:56:47.846937 1284 [Zonestats:time(s),used_cap(MB),reclaimable_cap(MB), avg_reclaimable(%), active(#), active_zones(#), open_zones(#)] 198 2714 4197 60 7 8 3
2026/04/19-19:56:47.846943 1284 [DEBUG] Syncing metadata for: /db_working_home/000556.sst
2026/04/19-19:56:48.442847 1283 Total Garbage Bytes this interval: 2403263727 bytes
2026/04/19-19:56:48.442869 1283 Cumulative Average Garbage Bytes (over 198 intervals): 1172374724 bytes
2026/04/19-19:56:48.442914 1283 Zone Garbage Stats: [70 9 0 4 1 11 4 8 2 5 8 0 ]
2026/04/19-19:56:48.442918 1283 Total Garbage Bytes: 2403263727 bytes
2026/04/19-19:56:48.574331 1282 [DEBUG] New writable file: /db_working_home/000557.log direct: 0
2026/04/19-19:56:48.575386 1285 [DEBUG] New writable file: /db_working_home/000558.sst direct: 1
2026/04/19-19:56:48.584798 1285 Entering Apply Finish Threshold Function
2026/04/19-19:56:48.584828 1285 [DEBUG] Allocating zone(new=0) start: 0x158000000 wp: 0x15b8b9a00 lt: 5 file lt: 3
2026/04/19-19:56:48.584836 1285 [Zonestats:time(s),used_cap(MB),reclaimable_cap(MB), avg_reclaimable(%), active(#), active_zones(#), open_zones(#)] 199 2719 4192 60 8 8 4
2026/04/19-19:56:48.584843 1285 [DEBUG] Syncing metadata for: /db_working_home/000558.sst
2026/04/19-19:56:48.728143 1284 [DEBUG] Syncing metadata for: /db_working_home/000556.sst
2026/04/19-19:56:48.735990 1284 [DEBUG] Syncing metadata for: /db_working_home/000556.sst
2026/04/19-19:56:48.736751 1284 [DEBUG] GetFileSize: /db_working_home/000556.sst 
2026/04/19-19:56:48.738157 1284 [DEBUG] New random access file: /db_working_home/000555.sst direct: 1
2026/04/19-19:56:48.744751 1284 [DEBUG] GetFileSize: /db_working_home/000555.sst 
2026/04/19-19:56:48.744961 1284 [DEBUG] New random access file: /db_working_home/000556.sst direct: 1
2026/04/19-19:56:48.745211 1284 [DEBUG] GetFileSize: /db_working_home/000556.sst 
2026/04/19-19:56:48.746238 1284 [DEBUG] Syncing metadata for: /db_working_home/MANIFEST-000194
2026/04/19-19:56:48.754499 1284 [DEBUG] DeleteFile: ./db_working_home/000523.sst 
2026/04/19-19:56:48.755114 1284 [Zonestats:time(s),used_cap(MB),reclaimable_cap(MB), avg_reclaimable(%), active(#), active_zones(#), open_zones(#)] 199 2779 4260 60 8 8 3
2026/04/19-19:56:48.755156 1284 [DEBUG] DeleteFile: ./db_working_home/000531.sst 
2026/04/19-19:56:48.755906 1284 [Zonestats:time(s),used_cap(MB),reclaimable_cap(MB), avg_reclaimable(%), active(#), active_zones(#), open_zones(#)] 199 2737 4174 60 8 8 3
2026/04/19-19:56:48.755943 1284 [DEBUG] DeleteFile: ./db_working_home/000547.sst 
2026/04/19-19:56:48.763667 1284 [Zonestats:time(s),used_cap(MB),reclaimable_cap(MB), avg_reclaimable(%), active(#), active_zones(#), open_zones(#)] 199 2673 4238 61 8 8 3
2026/04/19-19:56:48.766849 1285 [DEBUG] Syncing metadata for: /db_working_home/000558.sst
2026/04/19-19:56:48.767297 1284 [DEBUG] Syncing metadata for: /db_working_home/MANIFEST-000194
2026/04/19-19:56:48.767442 1285 [DEBUG] Syncing metadata for: /db_working_home/000558.sst
2026/04/19-19:56:48.768610 1285 [DEBUG] New random access file: /db_working_home/000558.sst direct: 1
2026/04/19-19:56:48.768892 1285 [DEBUG] GetFileSize: /db_working_home/000558.sst 
2026/04/19-19:56:48.772156 1285 [DEBUG] Syncing metadata for: /db_working_home/MANIFEST-000194
2026/04/19-19:56:48.774448 1284 [DEBUG] New writable file: /db_working_home/000559.sst direct: 1
2026/04/19-19:56:48.774951 1285 [DEBUG] GetFileSize: /db_working_home/000558.sst 
2026/04/19-19:56:48.778250 1284 Entering Apply Finish Threshold Function
2026/04/19-19:56:48.778277 1284 [DEBUG] Allocating zone(new=1) start: 0x170000000 wp: 0x170000000 lt: 5 file lt: 5
2026/04/19-19:56:48.778285 1284 [Zonestats:time(s),used_cap(MB),reclaimable_cap(MB), avg_reclaimable(%), active(#), active_zones(#), open_zones(#)] 199 2689 4222 61 8 9 3
2026/04/19-19:56:48.778291 1284 [DEBUG] Syncing metadata for: /db_working_home/000559.sst
2026/04/19-19:56:48.780373 1285 [DEBUG] Syncing metadata for: /db_working_home/000553.log
2026/04/19-19:56:48.791138 1285 [DEBUG] DeleteFile: ./db_working_home/000527.sst 
2026/04/19-19:56:48.791596 1282 [DEBUG] Allocating zone(new=0) start: 0x1b0000000 wp: 0x1b6126000 lt: 5 file lt: 2
2026/04/19-19:56:48.791607 1282 [DEBUG] Syncing metadata for: /db_working_home/000557.log
2026/04/19-19:56:48.794750 1285 [Zonestats:time(s),used_cap(MB),reclaimable_cap(MB), avg_reclaimable(%), active(#), active_zones(#), open_zones(#)] 199 2639 4272 61 9 9 3
2026/04/19-19:56:48.794809 1285 [DEBUG] DeleteFile: ./db_working_home/000549.sst 
2026/04/19-19:56:48.801581 1285 [Zonestats:time(s),used_cap(MB),reclaimable_cap(MB), avg_reclaimable(%), active(#), active_zones(#), open_zones(#)] 199 2570 4213 62 9 9 3
2026/04/19-19:56:48.801631 1285 [DEBUG] DeleteFile: ./db_working_home/000553.log 
2026/04/19-19:56:48.807191 1285 [Zonestats:time(s),used_cap(MB),reclaimable_cap(MB), avg_reclaimable(%), active(#), active_zones(#), open_zones(#)] 199 2555 4228 62 9 9 3
2026/04/19-19:56:49.443119 1283 Total Garbage Bytes this interval: 2413160448 bytes
2026/04/19-19:56:49.443245 1283 Cumulative Average Garbage Bytes (over 199 intervals): 1178609828 bytes
2026/04/19-19:56:49.443271 1283 Zone Garbage Stats: [71 9 0 3 1 12 4 8 1 5 8 0 ]
2026/04/19-19:56:49.443275 1283 Total Garbage Bytes: 2413160448 bytes
2026/04/19-19:56:49.566594 1284 [DEBUG] Syncing metadata for: /db_working_home/000559.sst
2026/04/19-19:56:49.567236 1284 [DEBUG] Syncing metadata for: /db_working_home/000559.sst
2026/04/19-19:56:49.568090 1284 [DEBUG] GetFileSize: /db_working_home/000559.sst 
2026/04/19-19:56:49.568132 1284 [DEBUG] New writable file: /db_working_home/000560.sst direct: 1
2026/04/19-19:56:49.571372 1284 Entering Apply Finish Threshold Function
2026/04/19-19:56:49.571401 1284 [DEBUG] Allocating zone(new=1) start: 0x188000000 wp: 0x188000000 lt: 5 file lt: 5
2026/04/19-19:56:49.571410 1284 [Zonestats:time(s),used_cap(MB),reclaimable_cap(MB), avg_reclaimable(%), active(#), active_zones(#), open_zones(#)] 200 2625 4286 62 9 10 3
2026/04/19-19:56:49.571416 1284 [DEBUG] Syncing metadata for: /db_working_home/000560.sst
2026/04/19-19:56:50.079538 1284 [DEBUG] Syncing metadata for: /db_working_home/000560.sst
2026/04/19-19:56:50.081398 1284 [DEBUG] Syncing metadata for: /db_working_home/000560.sst
2026/04/19-19:56:50.082170 1284 [DEBUG] GetFileSize: /db_working_home/000560.sst 
2026/04/19-19:56:50.083537 1284 [DEBUG] New random access file: /db_working_home/000559.sst direct: 1
2026/04/19-19:56:50.083818 1284 [DEBUG] GetFileSize: /db_working_home/000559.sst 
2026/04/19-19:56:50.084020 1284 [DEBUG] New random access file: /db_working_home/000560.sst direct: 1
2026/04/19-19:56:50.084226 1284 [DEBUG] GetFileSize: /db_working_home/000560.sst 
2026/04/19-19:56:50.085195 1284 [DEBUG] Syncing metadata for: /db_working_home/MANIFEST-000194
2026/04/19-19:56:50.091162 1284 [DEBUG] New writable file: /db_working_home/000561.sst direct: 1
2026/04/19-19:56:50.097747 1284 Entering Apply Finish Threshold Function
2026/04/19-19:56:50.097773 1284 [DEBUG] Allocating zone(new=0) start: 0x188000000 wp: 0x18ad48c00 lt: 5 file lt: 3
2026/04/19-19:56:50.097782 1284 [Zonestats:time(s),used_cap(MB),reclaimable_cap(MB), avg_reclaimable(%), active(#), active_zones(#), open_zones(#)] 201 2674 4365 62 10 10 3
2026/04/19-19:56:50.097789 1284 [DEBUG] Syncing metadata for: /db_working_home/000561.sst
2026/04/19-19:56:50.443454 1283 Total Garbage Bytes this interval: 2413160908 bytes
2026/04/19-19:56:50.443474 1283 Cumulative Average Garbage Bytes (over 200 intervals): 1184782584 bytes
2026/04/19-19:56:50.443498 1283 Zone Garbage Stats: [70 10 0 3 1 12 4 8 1 5 8 0 ]
2026/04/19-19:56:50.443502 1283 Total Garbage Bytes: 2413160908 bytes
2026/04/19-19:56:50.607732 1284 [DEBUG] Syncing metadata for: /db_working_home/000561.sst
2026/04/19-19:56:50.608326 1284 [DEBUG] Syncing metadata for: /db_working_home/000561.sst
2026/04/19-19:56:50.609168 1284 [DEBUG] GetFileSize: /db_working_home/000561.sst 
2026/04/19-19:56:50.609209 1284 [DEBUG] New writable file: /db_working_home/000562.sst direct: 1
2026/04/19-19:56:50.609996 1284 Entering Apply Finish Threshold Function
2026/04/19-19:56:50.610006 1284 Finishing zone: Entering Finish()
2026/04/19-19:56:50.631018 1282 [DEBUG] New writable file: /db_working_home/000563.log direct: 0
2026/04/19-19:56:50.632251 1285 [DEBUG] New writable file: /db_working_home/000564.sst direct: 1
2026/04/19-19:56:50.636576 1285 Entering Apply Finish Threshold Function
2026/04/19-19:56:50.636601 1285 [DEBUG] Allocating zone(new=0) start: 0x170000000 wp: 0x173f04a00 lt: 5 file lt: 3
2026/04/19-19:56:50.636609 1285 [Zonestats:time(s),used_cap(MB),reclaimable_cap(MB), avg_reclaimable(%), active(#), active_zones(#), open_zones(#)] 201 2723 4316 61 10 10 3
2026/04/19-19:56:50.636616 1285 [DEBUG] Syncing metadata for: /db_working_home/000564.sst
2026/04/19-19:56:50.786801 1285 [DEBUG] Syncing metadata for: /db_working_home/000564.sst
2026/04/19-19:56:50.787785 1285 [DEBUG] Syncing metadata for: /db_working_home/000564.sst
2026/04/19-19:56:50.788978 1285 [DEBUG] New random access file: /db_working_home/000564.sst direct: 1
2026/04/19-19:56:50.789544 1285 [DEBUG] GetFileSize: /db_working_home/000564.sst 
2026/04/19-19:56:50.791685 1285 [DEBUG] Syncing metadata for: /db_working_home/MANIFEST-000194
2026/04/19-19:56:50.792635 1285 [DEBUG] GetFileSize: /db_working_home/000564.sst 
2026/04/19-19:56:50.797747 1285 [DEBUG] Syncing metadata for: /db_working_home/000557.log
2026/04/19-19:56:50.798917 1285 [DEBUG] DeleteFile: ./db_working_home/000464.sst 
2026/04/19-19:56:50.799981 1285 [Zonestats:time(s),used_cap(MB),reclaimable_cap(MB), avg_reclaimable(%), active(#), active_zones(#), open_zones(#)] 201 2695 4216 61 10 10 1
2026/04/19-19:56:50.800029 1285 [DEBUG] DeleteFile: ./db_working_home/000556.sst 
2026/04/19-19:56:50.801043 1285 [Zonestats:time(s),used_cap(MB),reclaimable_cap(MB), avg_reclaimable(%), active(#), active_zones(#), open_zones(#)] 201 2622 4161 61 9 9 1
2026/04/19-19:56:50.801078 1285 [DEBUG] DeleteFile: ./db_working_home/000557.log 
2026/04/19-19:56:50.802034 1285 [Zonestats:time(s),used_cap(MB),reclaimable_cap(MB), avg_reclaimable(%), active(#), active_zones(#), open_zones(#)] 201 2606 4177 61 9 9 1
2026/04/19-19:56:50.805698 1282 [DEBUG] Allocating zone(new=0) start: 0x1b0000000 wp: 0x1b70bee00 lt: 5 file lt: 2
2026/04/19-19:56:50.805711 1282 [DEBUG] Syncing metadata for: /db_working_home/000563.log
2026/04/19-19:56:51.171702 1284 [DEBUG] Allocating zone(new=0) start: 0x170000000 wp: 0x174e57a00 lt: 5 file lt: 3
2026/04/19-19:56:51.171723 1284 [Zonestats:time(s),used_cap(MB),reclaimable_cap(MB), avg_reclaimable(%), active(#), active_zones(#), open_zones(#)] 202 2613 4170 61 8 8 3
2026/04/19-19:56:51.171734 1284 [DEBUG] Syncing metadata for: /db_working_home/000562.sst
2026/04/19-19:56:51.172888 1284 [DEBUG] Syncing metadata for: /db_working_home/000562.sst
2026/04/19-19:56:51.173429 1284 [DEBUG] Syncing metadata for: /db_working_home/000562.sst
2026/04/19-19:56:51.174284 1284 [DEBUG] GetFileSize: /db_working_home/000562.sst 
2026/04/19-19:56:51.175383 1284 [DEBUG] New random access file: /db_working_home/000561.sst direct: 1
2026/04/19-19:56:51.175635 1284 [DEBUG] GetFileSize: /db_working_home/000561.sst 
2026/04/19-19:56:51.175840 1284 [DEBUG] New random access file: /db_working_home/000562.sst direct: 1
2026/04/19-19:56:51.176093 1284 [DEBUG] GetFileSize: /db_working_home/000562.sst 
2026/04/19-19:56:51.176986 1284 [DEBUG] Syncing metadata for: /db_working_home/MANIFEST-000194
2026/04/19-19:56:51.178448 1284 [DEBUG] Syncing metadata for: /db_working_home/MANIFEST-000194
2026/04/19-19:56:51.179203 1284 [DEBUG] DeleteFile: ./db_working_home/000551.sst 
2026/04/19-19:56:51.179789 1284 [Zonestats:time(s),used_cap(MB),reclaimable_cap(MB), avg_reclaimable(%), active(#), active_zones(#), open_zones(#)] 202 2598 4185 61 8 8 2
2026/04/19-19:56:51.179830 1284 [DEBUG] DeleteFile: ./db_working_home/000554.sst 
2026/04/19-19:56:51.180440 1284 [Zonestats:time(s),used_cap(MB),reclaimable_cap(MB), avg_reclaimable(%), active(#), active_zones(#), open_zones(#)] 202 2583 4200 61 8 8 2
2026/04/19-19:56:51.180473 1284 [DEBUG] DeleteFile: ./db_working_home/000558.sst 
2026/04/19-19:56:51.181069 1284 [Zonestats:time(s),used_cap(MB),reclaimable_cap(MB), avg_reclaimable(%), active(#), active_zones(#), open_zones(#)] 202 2567 4216 62 8 8 2
2026/04/19-19:56:51.186640 1284 [DEBUG] New writable file: /db_working_home/000565.sst direct: 1
2026/04/19-19:56:51.190307 1284 Entering Apply Finish Threshold Function
2026/04/19-19:56:51.190320 1284 Finishing zone: Entering Finish()
2026/04/19-19:56:51.443621 1283 Total Garbage Bytes this interval: 2409754934 bytes
2026/04/19-19:56:51.443642 1283 Cumulative Average Garbage Bytes (over 201 intervals): 1190876974 bytes
2026/04/19-19:56:51.443666 1283 Zone Garbage Stats: [72 7 0 5 1 12 4 7 1 5 8 0 ]
2026/04/19-19:56:51.443670 1283 Total Garbage Bytes: 2409754934 bytes
2026/04/19-19:56:51.593420 1282 [DEBUG] New writable file: /db_working_home/000566.log direct: 0
2026/04/19-19:56:51.594516 1285 [DEBUG] New writable file: /db_working_home/000567.sst direct: 1
2026/04/19-19:56:51.598287 1285 Entering Apply Finish Threshold Function
2026/04/19-19:56:51.598312 1285 [DEBUG] Allocating zone(new=0) start: 0x158000000 wp: 0x15c809c00 lt: 5 file lt: 3
2026/04/19-19:56:51.598321 1285 [Zonestats:time(s),used_cap(MB),reclaimable_cap(MB), avg_reclaimable(%), active(#), active_zones(#), open_zones(#)] 202 2575 4208 62 8 8 3
2026/04/19-19:56:51.598328 1285 [DEBUG] Syncing metadata for: /db_working_home/000567.sst
2026/04/19-19:56:51.725482 1282 [DEBUG] Allocating zone(new=0) start: 0x138000000 wp: 0x13aa49600 lt: 5 file lt: 2
2026/04/19-19:56:51.725495 1282 [DEBUG] Syncing metadata for: /db_working_home/000566.log
2026/04/19-19:56:51.751505 1285 [DEBUG] Syncing metadata for: /db_working_home/000567.sst
2026/04/19-19:56:51.752445 1285 [DEBUG] Syncing metadata for: /db_working_home/000567.sst
2026/04/19-19:56:51.753613 1285 [DEBUG] New random access file: /db_working_home/000567.sst direct: 1
2026/04/19-19:56:51.754195 1285 [DEBUG] GetFileSize: /db_working_home/000567.sst 
2026/04/19-19:56:51.756471 1285 [DEBUG] Syncing metadata for: /db_working_home/MANIFEST-000194
2026/04/19-19:56:51.757233 1285 [DEBUG] GetFileSize: /db_working_home/000567.sst 
2026/04/19-19:56:51.760142 1285 [DEBUG] Allocating zone(new=0) start: 0x158000000 wp: 0x15d75e800 lt: 5 file lt: 2
2026/04/19-19:56:51.760152 1285 [DEBUG] Syncing metadata for: /db_working_home/000563.log
2026/04/19-19:56:51.764342 1285 [DEBUG] Syncing metadata for: /db_working_home/000563.log
2026/04/19-19:56:51.765544 1285 [DEBUG] DeleteFile: ./db_working_home/000563.log 
2026/04/19-19:56:51.766645 1285 [Zonestats:time(s),used_cap(MB),reclaimable_cap(MB), avg_reclaimable(%), active(#), active_zones(#), open_zones(#)] 202 2577 4078 61 7 7 2
2026/04/19-19:56:51.911811 1284 [DEBUG] Allocating zone(new=1) start: 0x150000000 wp: 0x150000000 lt: 5 file lt: 5
2026/04/19-19:56:51.911830 1284 [Zonestats:time(s),used_cap(MB),reclaimable_cap(MB), avg_reclaimable(%), active(#), active_zones(#), open_zones(#)] 202 2580 4075 61 6 7 3
2026/04/19-19:56:51.911842 1284 [DEBUG] Syncing metadata for: /db_working_home/000565.sst
2026/04/19-19:56:52.443853 1283 Total Garbage Bytes this interval: 2410114879 bytes
2026/04/19-19:56:52.443873 1283 Cumulative Average Garbage Bytes (over 202 intervals): 1196912805 bytes
2026/04/19-19:56:52.443897 1283 Zone Garbage Stats: [72 6 0 5 2 12 4 7 1 5 8 0 ]
2026/04/19-19:56:52.443901 1283 Total Garbage Bytes: 2410114879 bytes
2026/04/19-19:56:52.741796 1284 [DEBUG] Syncing metadata for: /db_working_home/000565.sst
2026/04/19-19:56:52.742435 1284 [DEBUG] Syncing metadata for: /db_working_home/000565.sst
2026/04/19-19:56:52.743253 1284 [DEBUG] GetFileSize: /db_working_home/000565.sst 
2026/04/19-19:56:52.743293 1284 [DEBUG] New writable file: /db_working_home/000568.sst direct: 1
2026/04/19-19:56:52.750197 1284 Entering Apply Finish Threshold Function
2026/04/19-19:56:52.750213 1284 Finishing zone: Entering Finish()
2026/04/19-19:56:52.991635 1282 [DEBUG] New writable file: /db_working_home/000569.log direct: 0
2026/04/19-19:56:52.992752 1285 [DEBUG] New writable file: /db_working_home/000570.sst direct: 1
2026/04/19-19:56:52.996773 1285 Entering Apply Finish Threshold Function
2026/04/19-19:56:52.996799 1285 [DEBUG] Allocating zone(new=0) start: 0x150000000 wp: 0x15401a000 lt: 5 file lt: 3
2026/04/19-19:56:52.996808 1285 [Zonestats:time(s),used_cap(MB),reclaimable_cap(MB), avg_reclaimable(%), active(#), active_zones(#), open_zones(#)] 203 2655 4128 60 7 7 3
2026/04/19-19:56:52.996816 1285 [DEBUG] Syncing metadata for: /db_working_home/000570.sst
2026/04/19-19:56:53.150725 1285 [DEBUG] Syncing metadata for: /db_working_home/000570.sst
2026/04/19-19:56:53.151331 1285 [DEBUG] Syncing metadata for: /db_working_home/000570.sst
2026/04/19-19:56:53.152527 1285 [DEBUG] New random access file: /db_working_home/000570.sst direct: 1
2026/04/19-19:56:53.153161 1285 [DEBUG] GetFileSize: /db_working_home/000570.sst 
2026/04/19-19:56:53.156777 1285 [DEBUG] Syncing metadata for: /db_working_home/MANIFEST-000194
2026/04/19-19:56:53.157632 1285 [DEBUG] GetFileSize: /db_working_home/000570.sst 
2026/04/19-19:56:53.162560 1285 [DEBUG] Syncing metadata for: /db_working_home/000566.log
2026/04/19-19:56:53.163687 1285 [DEBUG] DeleteFile: ./db_working_home/000566.log 
2026/04/19-19:56:53.164702 1285 [Zonestats:time(s),used_cap(MB),reclaimable_cap(MB), avg_reclaimable(%), active(#), active_zones(#), open_zones(#)] 204 2655 4128 60 7 7 1
2026/04/19-19:56:53.170488 1282 [DEBUG] Allocating zone(new=0) start: 0x150000000 wp: 0x154f6d400 lt: 5 file lt: 2
2026/04/19-19:56:53.170501 1282 [DEBUG] Syncing metadata for: /db_working_home/000569.log
2026/04/19-19:56:53.352060 1284 [DEBUG] Allocating zone(new=1) start: 0x160000000 wp: 0x160000000 lt: 5 file lt: 5
2026/04/19-19:56:53.352076 1284 [Zonestats:time(s),used_cap(MB),reclaimable_cap(MB), avg_reclaimable(%), active(#), active_zones(#), open_zones(#)] 204 2659 4124 60 6 7 3
2026/04/19-19:56:53.352103 1284 [DEBUG] Syncing metadata for: /db_working_home/000568.sst
2026/04/19-19:56:53.444125 1283 Total Garbage Bytes this interval: 2426472954 bytes
2026/04/19-19:56:53.444143 1283 Cumulative Average Garbage Bytes (over 203 intervals): 1202969751 bytes
2026/04/19-19:56:53.444165 1283 Zone Garbage Stats: [71 6 1 4 2 12 5 7 1 5 8 0 ]
2026/04/19-19:56:53.444169 1283 Total Garbage Bytes: 2426472954 bytes
2026/04/19-19:56:53.466156 1284 [DEBUG] Syncing metadata for: /db_working_home/000568.sst
2026/04/19-19:56:53.466742 1284 [DEBUG] Syncing metadata for: /db_working_home/000568.sst
2026/04/19-19:56:53.467558 1284 [DEBUG] GetFileSize: /db_working_home/000568.sst 
2026/04/19-19:56:53.468696 1284 [DEBUG] New random access file: /db_working_home/000565.sst direct: 1
2026/04/19-19:56:53.468958 1284 [DEBUG] GetFileSize: /db_working_home/000565.sst 
2026/04/19-19:56:53.469179 1284 [DEBUG] New random access file: /db_working_home/000568.sst direct: 1
2026/04/19-19:56:53.469443 1284 [DEBUG] GetFileSize: /db_working_home/000568.sst 
2026/04/19-19:56:53.470340 1284 [DEBUG] Syncing metadata for: /db_working_home/MANIFEST-000194
2026/04/19-19:56:53.484973 1284 [DEBUG] New writable file: /db_working_home/000571.sst direct: 1
2026/04/19-19:56:53.491975 1284 Entering Apply Finish Threshold Function
2026/04/19-19:56:53.492000 1284 [DEBUG] Allocating zone(new=0) start: 0x160000000 wp: 0x1609f5200 lt: 5 file lt: 3
2026/04/19-19:56:53.492009 1284 [Zonestats:time(s),used_cap(MB),reclaimable_cap(MB), avg_reclaimable(%), active(#), active_zones(#), open_zones(#)] 204 2670 4241 61 7 7 3
2026/04/19-19:56:53.492015 1284 [DEBUG] Syncing metadata for: /db_working_home/000571.sst
2026/04/19-19:56:53.960659 1284 [DEBUG] Syncing metadata for: /db_working_home/000571.sst
2026/04/19-19:56:53.961247 1284 [DEBUG] Syncing metadata for: /db_working_home/000571.sst
2026/04/19-19:56:53.962042 1284 [DEBUG] GetFileSize: /db_working_home/000571.sst 
2026/04/19-19:56:53.962077 1284 [DEBUG] New writable file: /db_working_home/000572.sst direct: 1
2026/04/19-19:56:53.968633 1284 Entering Apply Finish Threshold Function
2026/04/19-19:56:53.968659 1284 [DEBUG] Allocating zone(new=0) start: 0x160000000 wp: 0x1633b0e00 lt: 5 file lt: 3
2026/04/19-19:56:53.968667 1284 [Zonestats:time(s),used_cap(MB),reclaimable_cap(MB), avg_reclaimable(%), active(#), active_zones(#), open_zones(#)] 204 2715 4196 60 7 7 3
2026/04/19-19:56:53.968673 1284 [DEBUG] Syncing metadata for: /db_working_home/000572.sst
2026/04/19-19:56:54.444397 1283 Total Garbage Bytes this interval: 2426472954 bytes
2026/04/19-19:56:54.444613 1283 Cumulative Average Garbage Bytes (over 204 intervals): 1208967316 bytes
2026/04/19-19:56:54.444702 1283 Zone Garbage Stats: [71 6 1 4 2 12 5 7 1 5 8 0 ]
2026/04/19-19:56:54.444712 1283 Total Garbage Bytes: 2426472954 bytes
2026/04/19-19:56:54.497637 1284 [DEBUG] Syncing metadata for: /db_working_home/000572.sst
2026/04/19-19:56:54.498239 1284 [DEBUG] Syncing metadata for: /db_working_home/000572.sst
2026/04/19-19:56:54.499167 1284 [DEBUG] GetFileSize: /db_working_home/000572.sst 
2026/04/19-19:56:54.499231 1284 [DEBUG] New writable file: /db_working_home/000573.sst direct: 1
2026/04/19-19:56:54.500293 1284 Entering Apply Finish Threshold Function
2026/04/19-19:56:54.500302 1284 Finishing zone: Entering Finish()
2026/04/19-19:56:54.735351 1282 [DEBUG] New writable file: /db_working_home/000574.log direct: 0
2026/04/19-19:56:54.736507 1285 [DEBUG] New writable file: /db_working_home/000575.sst direct: 1
2026/04/19-19:56:54.740805 1285 Entering Apply Finish Threshold Function
2026/04/19-19:56:54.740830 1285 [DEBUG] Allocating zone(new=0) start: 0x138000000 wp: 0x13b9e3000 lt: 5 file lt: 3
2026/04/19-19:56:54.740839 1285 [Zonestats:time(s),used_cap(MB),reclaimable_cap(MB), avg_reclaimable(%), active(#), active_zones(#), open_zones(#)] 205 2769 4142 59 7 7 3
2026/04/19-19:56:54.740846 1285 [DEBUG] Syncing metadata for: /db_working_home/000575.sst
2026/04/19-19:56:54.891107 1285 [DEBUG] Syncing metadata for: /db_working_home/000575.sst
2026/04/19-19:56:54.892118 1285 [DEBUG] Syncing metadata for: /db_working_home/000575.sst
2026/04/19-19:56:54.893277 1285 [DEBUG] New random access file: /db_working_home/000575.sst direct: 1
2026/04/19-19:56:54.893482 1285 [DEBUG] GetFileSize: /db_working_home/000575.sst 
2026/04/19-19:56:54.895996 1282 [DEBUG] Allocating zone(new=0) start: 0x138000000 wp: 0x13c939a00 lt: 5 file lt: 2
2026/04/19-19:56:54.896011 1282 [DEBUG] Syncing metadata for: /db_working_home/000574.log
2026/04/19-19:56:54.896693 1285 [DEBUG] Syncing metadata for: /db_working_home/MANIFEST-000194
2026/04/19-19:56:54.897822 1285 [DEBUG] GetFileSize: /db_working_home/000575.sst 
2026/04/19-19:56:54.910359 1285 [DEBUG] Syncing metadata for: /db_working_home/000569.log
2026/04/19-19:56:54.911534 1285 [DEBUG] DeleteFile: ./db_working_home/000468.sst 
2026/04/19-19:56:54.912477 1285 [Zonestats:time(s),used_cap(MB),reclaimable_cap(MB), avg_reclaimable(%), active(#), active_zones(#), open_zones(#)] 205 2740 4171 60 7 7 2
2026/04/19-19:56:54.912521 1285 [DEBUG] DeleteFile: ./db_working_home/000569.log 
2026/04/19-19:56:54.913372 1285 [Zonestats:time(s),used_cap(MB),reclaimable_cap(MB), avg_reclaimable(%), active(#), active_zones(#), open_zones(#)] 205 2724 4187 60 7 7 2
2026/04/19-19:56:54.953659 1284 [DEBUG] Allocating zone(new=0) start: 0x150000000 wp: 0x155f06400 lt: 5 file lt: 3
2026/04/19-19:56:54.953674 1284 [Zonestats:time(s),used_cap(MB),reclaimable_cap(MB), avg_reclaimable(%), active(#), active_zones(#), open_zones(#)] 205 2724 4187 60 6 6 3
2026/04/19-19:56:54.953683 1284 [DEBUG] Syncing metadata for: /db_working_home/000573.sst
2026/04/19-19:56:54.954817 1284 [DEBUG] Syncing metadata for: /db_working_home/000573.sst
2026/04/19-19:56:54.955364 1284 [DEBUG] Syncing metadata for: /db_working_home/000573.sst
2026/04/19-19:56:54.956162 1284 [DEBUG] GetFileSize: /db_working_home/000573.sst 
2026/04/19-19:56:54.957373 1284 [DEBUG] New random access file: /db_working_home/000571.sst direct: 1
2026/04/19-19:56:54.957615 1284 [DEBUG] GetFileSize: /db_working_home/000571.sst 
2026/04/19-19:56:54.957793 1284 [DEBUG] New random access file: /db_working_home/000572.sst direct: 1
2026/04/19-19:56:54.957995 1284 [DEBUG] GetFileSize: /db_working_home/000572.sst 
2026/04/19-19:56:54.958151 1284 [DEBUG] New random access file: /db_working_home/000573.sst direct: 1
2026/04/19-19:56:54.958318 1284 [DEBUG] GetFileSize: /db_working_home/000573.sst 
2026/04/19-19:56:54.959278 1284 [DEBUG] Syncing metadata for: /db_working_home/MANIFEST-000194
2026/04/19-19:56:54.960784 1284 [DEBUG] Syncing metadata for: /db_working_home/MANIFEST-000194
2026/04/19-19:56:54.961510 1284 [DEBUG] DeleteFile: ./db_working_home/000561.sst 
2026/04/19-19:56:54.962095 1284 [Zonestats:time(s),used_cap(MB),reclaimable_cap(MB), avg_reclaimable(%), active(#), active_zones(#), open_zones(#)] 205 2679 4232 61 6 6 2
2026/04/19-19:56:54.962135 1284 [DEBUG] DeleteFile: ./db_working_home/000562.sst 
2026/04/19-19:56:54.962714 1284 [Zonestats:time(s),used_cap(MB),reclaimable_cap(MB), avg_reclaimable(%), active(#), active_zones(#), open_zones(#)] 205 2679 4232 61 6 6 2
2026/04/19-19:56:54.962747 1284 [DEBUG] DeleteFile: ./db_working_home/000564.sst 
2026/04/19-19:56:54.963342 1284 [Zonestats:time(s),used_cap(MB),reclaimable_cap(MB), avg_reclaimable(%), active(#), active_zones(#), open_zones(#)] 205 2664 4247 61 6 6 2
2026/04/19-19:56:54.963374 1284 [DEBUG] DeleteFile: ./db_working_home/000567.sst 
2026/04/19-19:56:54.963995 1284 [Zonestats:time(s),used_cap(MB),reclaimable_cap(MB), avg_reclaimable(%), active(#), active_zones(#), open_zones(#)] 205 2648 4263 61 6 6 2
2026/04/19-19:56:54.964027 1284 [DEBUG] DeleteFile: ./db_working_home/000570.sst 
2026/04/19-19:56:54.964580 1284 [Zonestats:time(s),used_cap(MB),reclaimable_cap(MB), avg_reclaimable(%), active(#), active_zones(#), open_zones(#)] 205 2633 4278 61 6 6 2
2026/04/19-19:56:54.975413 1284 [DEBUG] New writable file: /db_working_home/000576.sst direct: 1
2026/04/19-19:56:54.980856 1284 Entering Apply Finish Threshold Function
2026/04/19-19:56:54.980868 1284 Finishing zone: Entering Finish()
2026/04/19-19:56:55.381203 1284 [DEBUG] Allocating zone(new=1) start: 0x1a8000000 wp: 0x1a8000000 lt: 5 file lt: 5
2026/04/19-19:56:55.381226 1284 [Zonestats:time(s),used_cap(MB),reclaimable_cap(MB), avg_reclaimable(%), active(#), active_zones(#), open_zones(#)] 206 2642 4269 61 5 6 3
2026/04/19-19:56:55.381238 1284 [DEBUG] Syncing metadata for: /db_working_home/000576.sst
2026/04/19-19:56:55.444846 1283 Total Garbage Bytes this interval: 2570858810 bytes
2026/04/19-19:56:55.444868 1283 Cumulative Average Garbage Bytes (over 205 intervals): 1215610689 bytes
2026/04/19-19:56:55.444894 1283 Zone Garbage Stats: [70 6 0 3 1 13 6 9 1 5 8 0 ]
2026/04/19-19:56:55.444898 1283 Total Garbage Bytes: 2570858810 bytes
2026/04/19-19:56:55.956335 1282 [DEBUG] New writable file: /db_working_home/000577.log direct: 0
2026/04/19-19:56:55.957251 1285 [DEBUG] New writable file: /db_working_home/000578.sst direct: 1
2026/04/19-19:56:55.960671 1285 Entering Apply Finish Threshold Function
2026/04/19-19:56:55.960697 1285 [DEBUG] Allocating zone(new=0) start: 0x110000000 wp: 0x1144c4800 lt: 5 file lt: 3
2026/04/19-19:56:55.960706 1285 [Zonestats:time(s),used_cap(MB),reclaimable_cap(MB), avg_reclaimable(%), active(#), active_zones(#), open_zones(#)] 206 2647 4264 61 6 6 4
2026/04/19-19:56:55.960713 1285 [DEBUG] Syncing metadata for: /db_working_home/000578.sst
2026/04/19-19:56:56.134532 1285 [DEBUG] Syncing metadata for: /db_working_home/000578.sst
2026/04/19-19:56:56.139603 1285 [DEBUG] Syncing metadata for: /db_working_home/000578.sst
2026/04/19-19:56:56.143532 1285 [DEBUG] New random access file: /db_working_home/000578.sst direct: 1
2026/04/19-19:56:56.143728 1285 [DEBUG] GetFileSize: /db_working_home/000578.sst 
2026/04/19-19:56:56.147589 1285 [DEBUG] Syncing metadata for: /db_working_home/MANIFEST-000194
2026/04/19-19:56:56.148324 1285 [DEBUG] GetFileSize: /db_working_home/000578.sst 
2026/04/19-19:56:56.157045 1285 [DEBUG] Syncing metadata for: /db_working_home/000574.log
2026/04/19-19:56:56.160920 1285 [DEBUG] DeleteFile: ./db_working_home/000574.log 
2026/04/19-19:56:56.161499 1285 [Zonestats:time(s),used_cap(MB),reclaimable_cap(MB), avg_reclaimable(%), active(#), active_zones(#), open_zones(#)] 207 2647 4264 61 6 6 2
2026/04/19-19:56:56.185699 1282 [DEBUG] Allocating zone(new=0) start: 0x138000000 wp: 0x13d8d2600 lt: 5 file lt: 2
2026/04/19-19:56:56.185711 1282 [DEBUG] Syncing metadata for: /db_working_home/000577.log
2026/04/19-19:56:56.217056 1284 [DEBUG] Syncing metadata for: /db_working_home/000576.sst
2026/04/19-19:56:56.217648 1284 [DEBUG] Syncing metadata for: /db_working_home/000576.sst
2026/04/19-19:56:56.218449 1284 [DEBUG] GetFileSize: /db_working_home/000576.sst 
2026/04/19-19:56:56.218487 1284 [DEBUG] New writable file: /db_working_home/000579.sst direct: 1
2026/04/19-19:56:56.224230 1284 Entering Apply Finish Threshold Function
2026/04/19-19:56:56.224243 1284 Finishing zone: Entering Finish()
2026/04/19-19:56:56.445065 1283 Total Garbage Bytes this interval: 2570858573 bytes
2026/04/19-19:56:56.445089 1283 Cumulative Average Garbage Bytes (over 206 intervals): 1222189563 bytes
2026/04/19-19:56:56.445105 1283 Zone Garbage Stats: [70 6 0 3 1 13 6 9 1 5 8 0 ]
2026/04/19-19:56:56.445108 1283 Total Garbage Bytes: 2570858573 bytes
2026/04/19-19:56:56.755398 1284 [DEBUG] Allocating zone(new=1) start: 0x1b0000000 wp: 0x1b0000000 lt: 5 file lt: 5
2026/04/19-19:56:56.755420 1284 [Zonestats:time(s),used_cap(MB),reclaimable_cap(MB), avg_reclaimable(%), active(#), active_zones(#), open_zones(#)] 207 2719 4320 61 5 6 3
2026/04/19-19:56:56.755431 1284 [DEBUG] Syncing metadata for: /db_working_home/000579.sst
2026/04/19-19:56:57.405987 1282 [DEBUG] New writable file: /db_working_home/000580.log direct: 0
2026/04/19-19:56:57.406966 1285 [DEBUG] New writable file: /db_working_home/000581.sst direct: 1
2026/04/19-19:56:57.417497 1285 Entering Apply Finish Threshold Function
2026/04/19-19:56:57.417524 1285 [DEBUG] Allocating zone(new=0) start: 0x1a8000000 wp: 0x1abc7b400 lt: 5 file lt: 3
2026/04/19-19:56:57.417533 1285 [Zonestats:time(s),used_cap(MB),reclaimable_cap(MB), avg_reclaimable(%), active(#), active_zones(#), open_zones(#)] 208 2723 4316 61 6 6 4
2026/04/19-19:56:57.417540 1285 [DEBUG] Syncing metadata for: /db_working_home/000581.sst
2026/04/19-19:56:57.445279 1283 Total Garbage Bytes this interval: 2570859100 bytes
2026/04/19-19:56:57.445294 1283 Cumulative Average Garbage Bytes (over 207 intervals): 1228704874 bytes
2026/04/19-19:56:57.445313 1283 Zone Garbage Stats: [69 5 0 3 2 13 6 9 1 5 8 0 ]
2026/04/19-19:56:57.445317 1283 Total Garbage Bytes: 2570859100 bytes
2026/04/19-19:56:57.498134 1284 [DEBUG] Syncing metadata for: /db_working_home/000579.sst
2026/04/19-19:56:57.505938 1284 [DEBUG] Syncing metadata for: /db_working_home/000579.sst
2026/04/19-19:56:57.506683 1284 [DEBUG] GetFileSize: /db_working_home/000579.sst 
2026/04/19-19:56:57.507969 1284 [DEBUG] New random access file: /db_working_home/000576.sst direct: 1
2026/04/19-19:56:57.515274 1284 [DEBUG] GetFileSize: /db_working_home/000576.sst 
2026/04/19-19:56:57.515473 1284 [DEBUG] New random access file: /db_working_home/000579.sst direct: 1
2026/04/19-19:56:57.515737 1284 [DEBUG] GetFileSize: /db_working_home/000579.sst 
2026/04/19-19:56:57.516739 1284 [DEBUG] Syncing metadata for: /db_working_home/MANIFEST-000194
2026/04/19-19:56:57.536789 1284 [DEBUG] New writable file: /db_working_home/000582.sst direct: 1
2026/04/19-19:56:57.547385 1284 Entering Apply Finish Threshold Function
2026/04/19-19:56:57.547415 1284 [DEBUG] Allocating zone(new=1) start: 0x1c8000000 wp: 0x1c8000000 lt: 5 file lt: 5
2026/04/19-19:56:57.547423 1284 [Zonestats:time(s),used_cap(MB),reclaimable_cap(MB), avg_reclaimable(%), active(#), active_zones(#), open_zones(#)] 208 2786 4381 61 6 7 4
2026/04/19-19:56:57.547430 1284 [DEBUG] Syncing metadata for: /db_working_home/000582.sst
2026/04/19-19:56:57.597874 1285 [DEBUG] Syncing metadata for: /db_working_home/000581.sst
2026/04/19-19:56:57.600703 1285 [DEBUG] Syncing metadata for: /db_working_home/000581.sst
2026/04/19-19:56:57.601360 1285 [DEBUG] New random access file: /db_working_home/000581.sst direct: 1
2026/04/19-19:56:57.601543 1285 [DEBUG] GetFileSize: /db_working_home/000581.sst 
2026/04/19-19:56:57.607143 1285 [DEBUG] Syncing metadata for: /db_working_home/MANIFEST-000194
2026/04/19-19:56:57.610560 1285 [DEBUG] GetFileSize: /db_working_home/000581.sst 
2026/04/19-19:56:57.617774 1285 [DEBUG] Syncing metadata for: /db_working_home/000577.log
2026/04/19-19:56:57.618528 1285 [DEBUG] DeleteFile: ./db_working_home/000524.sst 
2026/04/19-19:56:57.619369 1285 [Zonestats:time(s),used_cap(MB),reclaimable_cap(MB), avg_reclaimable(%), active(#), active_zones(#), open_zones(#)] 208 2721 4318 61 7 7 2
2026/04/19-19:56:57.619414 1285 [DEBUG] DeleteFile: ./db_working_home/000548.sst 
2026/04/19-19:56:57.623997 1285 [Zonestats:time(s),used_cap(MB),reclaimable_cap(MB), avg_reclaimable(%), active(#), active_zones(#), open_zones(#)] 208 2673 4366 62 7 7 2
2026/04/19-19:56:57.624048 1285 [DEBUG] DeleteFile: ./db_working_home/000577.log 
2026/04/19-19:56:57.627599 1285 [Zonestats:time(s),used_cap(MB),reclaimable_cap(MB), avg_reclaimable(%), active(#), active_zones(#), open_zones(#)] 208 2657 4382 62 7 7 2
2026/04/19-19:56:57.641451 1282 [DEBUG] Allocating zone(new=0) start: 0x1b0000000 wp: 0x1b3f6c200 lt: 5 file lt: 2
2026/04/19-19:56:57.641465 1282 [DEBUG] Syncing metadata for: /db_working_home/000580.log
2026/04/19-19:56:58.406294 1284 [DEBUG] Syncing metadata for: /db_working_home/000582.sst
2026/04/19-19:56:58.406899 1284 [DEBUG] Syncing metadata for: /db_working_home/000582.sst
2026/04/19-19:56:58.407683 1284 [DEBUG] GetFileSize: /db_working_home/000582.sst 
2026/04/19-19:56:58.407718 1284 [DEBUG] New writable file: /db_working_home/000583.sst direct: 1
2026/04/19-19:56:58.413784 1284 Entering Apply Finish Threshold Function
2026/04/19-19:56:58.413797 1284 Finishing zone: Entering Finish()
2026/04/19-19:56:58.445520 1283 Total Garbage Bytes this interval: 2621681743 bytes
2026/04/19-19:56:58.445536 1283 Cumulative Average Garbage Bytes (over 208 intervals): 1235401878 bytes
2026/04/19-19:56:58.445556 1283 Zone Garbage Stats: [69 7 0 2 1 13 6 10 1 5 8 0 ]
2026/04/19-19:56:58.445560 1283 Total Garbage Bytes: 2621681743 bytes
2026/04/19-19:56:58.689586 1284 [DEBUG] Allocating zone(new=1) start: 0x1c0000000 wp: 0x1c0000000 lt: 5 file lt: 5
2026/04/19-19:56:58.689601 1284 [Zonestats:time(s),used_cap(MB),reclaimable_cap(MB), avg_reclaimable(%), active(#), active_zones(#), open_zones(#)] 209 2732 4435 61 6 7 3
2026/04/19-19:56:58.689610 1284 [DEBUG] Syncing metadata for: /db_working_home/000583.sst
2026/04/19-19:56:58.811170 1284 [DEBUG] Syncing metadata for: /db_working_home/000583.sst
2026/04/19-19:56:58.811756 1284 [DEBUG] Syncing metadata for: /db_working_home/000583.sst
2026/04/19-19:56:58.812534 1284 [DEBUG] GetFileSize: /db_working_home/000583.sst 
2026/04/19-19:56:58.813757 1284 [DEBUG] New random access file: /db_working_home/000582.sst direct: 1
2026/04/19-19:56:58.814126 1284 [DEBUG] GetFileSize: /db_working_home/000582.sst 
2026/04/19-19:56:58.814323 1284 [DEBUG] New random access file: /db_working_home/000583.sst direct: 1
2026/04/19-19:56:58.814540 1284 [DEBUG] GetFileSize: /db_working_home/000583.sst 
2026/04/19-19:56:58.815572 1284 [DEBUG] Syncing metadata for: /db_working_home/MANIFEST-000194
2026/04/19-19:56:58.831346 1284 [DEBUG] New writable file: /db_working_home/000584.sst direct: 1
2026/04/19-19:56:58.834440 1284 Entering Apply Finish Threshold Function
2026/04/19-19:56:58.834465 1284 [DEBUG] Allocating zone(new=0) start: 0x1c8000000 wp: 0x1cc01a000 lt: 5 file lt: 3
2026/04/19-19:56:58.834472 1284 [Zonestats:time(s),used_cap(MB),reclaimable_cap(MB), avg_reclaimable(%), active(#), active_zones(#), open_zones(#)] 209 2744 4551 62 7 7 3
2026/04/19-19:56:58.834479 1284 [DEBUG] Syncing metadata for: /db_working_home/000584.sst
2026/04/19-19:56:59.189784 1282 [DEBUG] New writable file: /db_working_home/000585.log direct: 0
2026/04/19-19:56:59.190747 1285 [DEBUG] New writable file: /db_working_home/000586.sst direct: 1
2026/04/19-19:56:59.194019 1285 Entering Apply Finish Threshold Function
2026/04/19-19:56:59.194045 1285 [DEBUG] Allocating zone(new=0) start: 0x1c0000000 wp: 0x1c09d4a00 lt: 5 file lt: 3
2026/04/19-19:56:59.194053 1285 [Zonestats:time(s),used_cap(MB),reclaimable_cap(MB), avg_reclaimable(%), active(#), active_zones(#), open_zones(#)] 210 2746 4549 62 7 7 4
2026/04/19-19:56:59.194059 1285 [DEBUG] Syncing metadata for: /db_working_home/000586.sst
2026/04/19-19:56:59.394330 1285 [DEBUG] Syncing metadata for: /db_working_home/000586.sst
2026/04/19-19:56:59.401808 1285 [DEBUG] Syncing metadata for: /db_working_home/000586.sst
2026/04/19-19:56:59.402500 1285 [DEBUG] New random access file: /db_working_home/000586.sst direct: 1
2026/04/19-19:56:59.402686 1285 [DEBUG] GetFileSize: /db_working_home/000586.sst 
2026/04/19-19:56:59.406447 1285 [DEBUG] Syncing metadata for: /db_working_home/MANIFEST-000194
2026/04/19-19:56:59.407157 1285 [DEBUG] GetFileSize: /db_working_home/000586.sst 
2026/04/19-19:56:59.419013 1285 [DEBUG] Syncing metadata for: /db_working_home/000580.log
2026/04/19-19:56:59.427003 1285 [DEBUG] DeleteFile: ./db_working_home/000400.sst 
2026/04/19-19:56:59.427704 1285 [Zonestats:time(s),used_cap(MB),reclaimable_cap(MB), avg_reclaimable(%), active(#), active_zones(#), open_zones(#)] 210 2715 4452 62 7 7 2
2026/04/19-19:56:59.427748 1285 [DEBUG] DeleteFile: ./db_working_home/000580.log 
2026/04/19-19:56:59.428317 1285 [Zonestats:time(s),used_cap(MB),reclaimable_cap(MB), avg_reclaimable(%), active(#), active_zones(#), open_zones(#)] 210 2700 4467 62 7 7 2
2026/04/19-19:56:59.445742 1283 Total Garbage Bytes this interval: 2638325909 bytes
2026/04/19-19:56:59.445832 1283 Cumulative Average Garbage Bytes (over 209 intervals): 1242114434 bytes
2026/04/19-19:56:59.445852 1283 Zone Garbage Stats: [69 7 1 2 1 13 7 9 1 5 8 0 ]
2026/04/19-19:56:59.445856 1283 Total Garbage Bytes: 2638325909 bytes
2026/04/19-19:56:59.509251 1282 [DEBUG] Allocating zone(new=0) start: 0x1c0000000 wp: 0x1c1924e00 lt: 5 file lt: 2
2026/04/19-19:56:59.509265 1282 [DEBUG] Syncing metadata for: /db_working_home/000585.log
2026/04/19-19:56:59.614039 1284 [DEBUG] Syncing metadata for: /db_working_home/000584.sst
2026/04/19-19:56:59.614637 1284 [DEBUG] Syncing metadata for: /db_working_home/000584.sst
2026/04/19-19:56:59.615421 1284 [DEBUG] GetFileSize: /db_working_home/000584.sst 
2026/04/19-19:56:59.615456 1284 [DEBUG] New writable file: /db_working_home/000587.sst direct: 1
2026/04/19-19:56:59.618584 1284 Entering Apply Finish Threshold Function
2026/04/19-19:56:59.618596 1284 Finishing zone: Entering Finish()
2026/04/19-19:57:00.207339 1284 Finishing zone: Entering Finish()
2026/04/19-19:57:00.231379 1284 [DEBUG] Allocating zone(new=0) start: 0x1a8000000 wp: 0x1acbd2c00 lt: 5 file lt: 3
2026/04/19-19:57:00.231394 1284 [Zonestats:time(s),used_cap(MB),reclaimable_cap(MB), avg_reclaimable(%), active(#), active_zones(#), open_zones(#)] 211 2773 4394 61 5 5 3
2026/04/19-19:57:00.231404 1284 [DEBUG] Syncing metadata for: /db_working_home/000587.sst
2026/04/19-19:57:00.446035 1283 Total Garbage Bytes this interval: 2638325129 bytes
2026/04/19-19:57:00.446053 1283 Cumulative Average Garbage Bytes (over 210 intervals): 1248763056 bytes
2026/04/19-19:57:00.446073 1283 Zone Garbage Stats: [69 6 0 2 1 13 8 9 1 5 8 0 ]
2026/04/19-19:57:00.446077 1283 Total Garbage Bytes: 2638325129 bytes
2026/04/19-19:57:00.500694 1284 [DEBUG] Syncing metadata for: /db_working_home/000587.sst
2026/04/19-19:57:00.501278 1284 [DEBUG] Syncing metadata for: /db_working_home/000587.sst
2026/04/19-19:57:00.501993 1284 [DEBUG] GetFileSize: /db_working_home/000587.sst 
2026/04/19-19:57:00.503169 1284 [DEBUG] New random access file: /db_working_home/000584.sst direct: 1
2026/04/19-19:57:00.503444 1284 [DEBUG] GetFileSize: /db_working_home/000584.sst 
2026/04/19-19:57:00.503635 1284 [DEBUG] New random access file: /db_working_home/000587.sst direct: 1
2026/04/19-19:57:00.503825 1284 [DEBUG] GetFileSize: /db_working_home/000587.sst 
2026/04/19-19:57:00.504753 1284 [DEBUG] Syncing metadata for: /db_working_home/MANIFEST-000194
2026/04/19-19:57:00.505694 1284 [DEBUG] DeleteFile: ./db_working_home/000571.sst 
2026/04/19-19:57:00.506384 1284 [Zonestats:time(s),used_cap(MB),reclaimable_cap(MB), avg_reclaimable(%), active(#), active_zones(#), open_zones(#)] 211 2757 4410 61 5 5 2
2026/04/19-19:57:00.506426 1284 [DEBUG] DeleteFile: ./db_working_home/000573.sst 
2026/04/19-19:57:00.507015 1284 [Zonestats:time(s),used_cap(MB),reclaimable_cap(MB), avg_reclaimable(%), active(#), active_zones(#), open_zones(#)] 211 2757 4410 61 5 5 2
2026/04/19-19:57:00.507048 1284 [DEBUG] DeleteFile: ./db_working_home/000575.sst 
2026/04/19-19:57:00.507644 1284 [Zonestats:time(s),used_cap(MB),reclaimable_cap(MB), avg_reclaimable(%), active(#), active_zones(#), open_zones(#)] 211 2742 4425 61 5 5 2
2026/04/19-19:57:00.507676 1284 [DEBUG] DeleteFile: ./db_working_home/000578.sst 
2026/04/19-19:57:00.508299 1284 [Zonestats:time(s),used_cap(MB),reclaimable_cap(MB), avg_reclaimable(%), active(#), active_zones(#), open_zones(#)] 211 2726 4441 61 5 5 2
2026/04/19-19:57:00.508331 1284 [DEBUG] DeleteFile: ./db_working_home/000581.sst 
2026/04/19-19:57:00.508929 1284 [Zonestats:time(s),used_cap(MB),reclaimable_cap(MB), avg_reclaimable(%), active(#), active_zones(#), open_zones(#)] 211 2711 4456 62 5 5 2
2026/04/19-19:57:00.509917 1284 [DEBUG] Syncing metadata for: /db_working_home/MANIFEST-000194
2026/04/19-19:57:00.516189 1284 [DEBUG] New writable file: /db_working_home/000588.sst direct: 1
2026/04/19-19:57:00.519255 1284 Entering Apply Finish Threshold Function
2026/04/19-19:57:00.519267 1284 Finishing zone: Entering Finish()
2026/04/19-19:57:00.600188 1282 [DEBUG] New writable file: /db_working_home/000589.log direct: 0
2026/04/19-19:57:00.601371 1285 [DEBUG] New writable file: /db_working_home/000590.sst direct: 1
2026/04/19-19:57:00.604768 1285 Entering Apply Finish Threshold Function
2026/04/19-19:57:00.604793 1285 [DEBUG] Allocating zone(new=0) start: 0x40000000 wp: 0x4185d600 lt: 5 file lt: 3
2026/04/19-19:57:00.604800 1285 [Zonestats:time(s),used_cap(MB),reclaimable_cap(MB), avg_reclaimable(%), active(#), active_zones(#), open_zones(#)] 211 2713 4454 62 5 5 3
2026/04/19-19:57:00.604807 1285 [DEBUG] Syncing metadata for: /db_working_home/000590.sst
2026/04/19-19:57:00.731718 1282 [DEBUG] Allocating zone(new=1) start: 0x118000000 wp: 0x118000000 lt: 2 file lt: 2
2026/04/19-19:57:00.731730 1282 [DEBUG] Syncing metadata for: /db_working_home/000589.log
2026/04/19-19:57:00.761510 1285 [DEBUG] Syncing metadata for: /db_working_home/000590.sst
2026/04/19-19:57:00.762552 1285 [DEBUG] Syncing metadata for: /db_working_home/000590.sst
2026/04/19-19:57:00.763760 1285 [DEBUG] New random access file: /db_working_home/000590.sst direct: 1
2026/04/19-19:57:00.764350 1285 [DEBUG] GetFileSize: /db_working_home/000590.sst 
2026/04/19-19:57:00.767117 1285 [DEBUG] Syncing metadata for: /db_working_home/MANIFEST-000194
2026/04/19-19:57:00.767854 1285 [DEBUG] GetFileSize: /db_working_home/000590.sst 
2026/04/19-19:57:00.773031 1285 [DEBUG] Syncing metadata for: /db_working_home/000585.log
2026/04/19-19:57:00.774018 1285 [DEBUG] DeleteFile: ./db_working_home/000585.log 
2026/04/19-19:57:00.775011 1285 [Zonestats:time(s),used_cap(MB),reclaimable_cap(MB), avg_reclaimable(%), active(#), active_zones(#), open_zones(#)] 211 2714 4581 62 6 6 2
2026/04/19-19:57:00.974817 1284 [DEBUG] Allocating zone(new=1) start: 0x1d0000000 wp: 0x1d0000000 lt: 5 file lt: 5
2026/04/19-19:57:00.974832 1284 [Zonestats:time(s),used_cap(MB),reclaimable_cap(MB), avg_reclaimable(%), active(#), active_zones(#), open_zones(#)] 211 2717 4578 62 5 6 3
2026/04/19-19:57:00.974841 1284 [DEBUG] Syncing metadata for: /db_working_home/000588.sst
2026/04/19-19:57:01.446215 1283 Total Garbage Bytes this interval: 2746694762 bytes
2026/04/19-19:57:01.446231 1283 Cumulative Average Garbage Bytes (over 211 intervals): 1255862258 bytes
2026/04/19-19:57:01.446248 1283 Zone Garbage Stats: [67 6 1 1 1 14 8 10 1 5 8 0 ]
2026/04/19-19:57:01.446252 1283 Total Garbage Bytes: 2746694762 bytes
2026/04/19-19:57:01.733850 1284 [DEBUG] Syncing metadata for: /db_working_home/000588.sst
2026/04/19-19:57:01.734440 1284 [DEBUG] Syncing metadata for: /db_working_home/000588.sst
2026/04/19-19:57:01.735266 1284 [DEBUG] GetFileSize: /db_working_home/000588.sst 
2026/04/19-19:57:01.735300 1284 [DEBUG] New writable file: /db_working_home/000591.sst direct: 1
2026/04/19-19:57:01.738433 1284 Entering Apply Finish Threshold Function
2026/04/19-19:57:01.738461 1284 [DEBUG] Allocating zone(new=1) start: 0x1e8000000 wp: 0x1e8000000 lt: 5 file lt: 5
2026/04/19-19:57:01.738468 1284 [Zonestats:time(s),used_cap(MB),reclaimable_cap(MB), avg_reclaimable(%), active(#), active_zones(#), open_zones(#)] 212 2788 4635 62 6 7 3
2026/04/19-19:57:01.738475 1284 [DEBUG] Syncing metadata for: /db_working_home/000591.sst
2026/04/19-19:57:02.295347 1284 [DEBUG] Syncing metadata for: /db_working_home/000591.sst
2026/04/19-19:57:02.295926 1284 [DEBUG] Syncing metadata for: /db_working_home/000591.sst
2026/04/19-19:57:02.296636 1284 [DEBUG] GetFileSize: /db_working_home/000591.sst 
2026/04/19-19:57:02.297866 1284 [DEBUG] New random access file: /db_working_home/000588.sst direct: 1
2026/04/19-19:57:02.298257 1284 [DEBUG] GetFileSize: /db_working_home/000588.sst 
2026/04/19-19:57:02.298469 1284 [DEBUG] New random access file: /db_working_home/000591.sst direct: 1
2026/04/19-19:57:02.298731 1284 [DEBUG] GetFileSize: /db_working_home/000591.sst 
2026/04/19-19:57:02.299806 1284 [DEBUG] Syncing metadata for: /db_working_home/MANIFEST-000194
2026/04/19-19:57:02.306151 1284 [DEBUG] New writable file: /db_working_home/000592.sst direct: 1
2026/04/19-19:57:02.307896 1282 [DEBUG] New writable file: /db_working_home/000593.log direct: 0
2026/04/19-19:57:02.308791 1285 [DEBUG] New writable file: /db_working_home/000594.sst direct: 1
2026/04/19-19:57:02.309384 1284 Entering Apply Finish Threshold Function
2026/04/19-19:57:02.309413 1284 [DEBUG] Allocating zone(new=1) start: 0x1f0000000 wp: 0x1f0000000 lt: 5 file lt: 5
2026/04/19-19:57:02.309421 1284 [Zonestats:time(s),used_cap(MB),reclaimable_cap(MB), avg_reclaimable(%), active(#), active_zones(#), open_zones(#)] 213 2839 4712 62 7 8 3
2026/04/19-19:57:02.309428 1284 [DEBUG] Syncing metadata for: /db_working_home/000592.sst
2026/04/19-19:57:02.312206 1285 Entering Apply Finish Threshold Function
2026/04/19-19:57:02.312231 1285 [DEBUG] Allocating zone(new=0) start: 0x1e8000000 wp: 0x1eafa5c00 lt: 5 file lt: 3
2026/04/19-19:57:02.312238 1285 [Zonestats:time(s),used_cap(MB),reclaimable_cap(MB), avg_reclaimable(%), active(#), active_zones(#), open_zones(#)] 213 2839 4712 62 7 8 4
2026/04/19-19:57:02.312244 1285 [DEBUG] Syncing metadata for: /db_working_home/000594.sst
2026/04/19-19:57:02.446426 1283 Total Garbage Bytes this interval: 2746695167 bytes
2026/04/19-19:57:02.446441 1283 Cumulative Average Garbage Bytes (over 212 intervals): 1262894489 bytes
2026/04/19-19:57:02.446460 1283 Zone Garbage Stats: [65 7 1 1 1 14 8 10 1 5 8 0 ]
2026/04/19-19:57:02.446464 1283 Total Garbage Bytes: 2746695167 bytes
2026/04/19-19:57:02.485904 1285 [DEBUG] Syncing metadata for: /db_working_home/000594.sst
2026/04/19-19:57:02.490268 1285 [DEBUG] Syncing metadata for: /db_working_home/000594.sst
2026/04/19-19:57:02.491186 1285 [DEBUG] New random access file: /db_working_home/000594.sst direct: 1
2026/04/19-19:57:02.494177 1285 [DEBUG] GetFileSize: /db_working_home/000594.sst 
2026/04/19-19:57:02.497591 1285 [DEBUG] Syncing metadata for: /db_working_home/MANIFEST-000194
2026/04/19-19:57:02.498289 1285 [DEBUG] GetFileSize: /db_working_home/000594.sst 
2026/04/19-19:57:02.503116 1285 [DEBUG] Syncing metadata for: /db_working_home/000589.log
2026/04/19-19:57:02.508442 1285 [DEBUG] DeleteFile: ./db_working_home/000496.sst 
2026/04/19-19:57:02.511601 1285 [Zonestats:time(s),used_cap(MB),reclaimable_cap(MB), avg_reclaimable(%), active(#), active_zones(#), open_zones(#)] 213 2855 4696 62 8 8 2
2026/04/19-19:57:02.511658 1285 [DEBUG] DeleteFile: ./db_working_home/000552.sst 
2026/04/19-19:57:02.512252 1285 [Zonestats:time(s),used_cap(MB),reclaimable_cap(MB), avg_reclaimable(%), active(#), active_zones(#), open_zones(#)] 213 2855 4696 62 8 8 2
2026/04/19-19:57:02.512290 1285 [DEBUG] DeleteFile: ./db_working_home/000572.sst 
2026/04/19-19:57:02.512878 1285 [Zonestats:time(s),used_cap(MB),reclaimable_cap(MB), avg_reclaimable(%), active(#), active_zones(#), open_zones(#)] 213 2808 4743 62 8 8 2
2026/04/19-19:57:02.512910 1285 [DEBUG] DeleteFile: ./db_working_home/000579.sst 
2026/04/19-19:57:02.513690 1285 [Zonestats:time(s),used_cap(MB),reclaimable_cap(MB), avg_reclaimable(%), active(#), active_zones(#), open_zones(#)] 213 2744 4679 63 8 8 2
2026/04/19-19:57:02.513722 1285 [DEBUG] DeleteFile: ./db_working_home/000589.log 
2026/04/19-19:57:02.519001 1285 [Zonestats:time(s),used_cap(MB),reclaimable_cap(MB), avg_reclaimable(%), active(#), active_zones(#), open_zones(#)] 213 2729 4566 62 7 7 2
2026/04/19-19:57:02.559765 1282 [DEBUG] Allocating zone(new=0) start: 0x1e8000000 wp: 0x1ebef2e00 lt: 5 file lt: 2
2026/04/19-19:57:02.559779 1282 [DEBUG] Syncing metadata for: /db_working_home/000593.log
2026/04/19-19:57:03.446644 1283 Total Garbage Bytes this interval: 2780307868 bytes
2026/04/19-19:57:03.446661 1283 Cumulative Average Garbage Bytes (over 213 intervals): 1270018496 bytes
2026/04/19-19:57:03.446681 1283 Zone Garbage Stats: [67 7 1 1 1 14 6 10 1 5 9 0 ]
2026/04/19-19:57:03.446685 1283 Total Garbage Bytes: 2780307868 bytes
2026/04/19-19:57:03.689185 1284 [DEBUG] Syncing metadata for: /db_working_home/000592.sst
2026/04/19-19:57:03.689796 1284 [DEBUG] Syncing metadata for: /db_working_home/000592.sst
2026/04/19-19:57:03.690530 1284 [DEBUG] GetFileSize: /db_working_home/000592.sst 
2026/04/19-19:57:03.691682 1284 [DEBUG] New random access file: /db_working_home/000592.sst direct: 1
2026/04/19-19:57:03.692005 1284 [DEBUG] GetFileSize: /db_working_home/000592.sst 
2026/04/19-19:57:03.693012 1284 [DEBUG] Syncing metadata for: /db_working_home/MANIFEST-000194
2026/04/19-19:57:03.704467 1284 [DEBUG] New writable file: /db_working_home/000595.sst direct: 1
2026/04/19-19:57:03.707564 1284 Entering Apply Finish Threshold Function
2026/04/19-19:57:03.707577 1284 Finishing zone: Entering Finish()
2026/04/19-19:57:03.967218 1284 [DEBUG] Allocating zone(new=0) start: 0x1d0000000 wp: 0x1d3f6ca00 lt: 5 file lt: 3
2026/04/19-19:57:03.967235 1284 [Zonestats:time(s),used_cap(MB),reclaimable_cap(MB), avg_reclaimable(%), active(#), active_zones(#), open_zones(#)] 214 2848 4575 61 6 6 3
2026/04/19-19:57:03.967245 1284 [DEBUG] Syncing metadata for: /db_working_home/000595.sst
2026/04/19-19:57:04.228386 1282 [DEBUG] New writable file: /db_working_home/000596.log direct: 0
2026/04/19-19:57:04.229359 1285 [DEBUG] New writable file: /db_working_home/000597.sst direct: 1
2026/04/19-19:57:04.232795 1285 Entering Apply Finish Threshold Function
2026/04/19-19:57:04.232820 1285 [DEBUG] Allocating zone(new=0) start: 0x1c0000000 wp: 0x1c28bd800 lt: 5 file lt: 3
2026/04/19-19:57:04.232829 1285 [Zonestats:time(s),used_cap(MB),reclaimable_cap(MB), avg_reclaimable(%), active(#), active_zones(#), open_zones(#)] 215 2850 4573 61 6 6 4
2026/04/19-19:57:04.232836 1285 [DEBUG] Syncing metadata for: /db_working_home/000597.sst
2026/04/19-19:57:04.432663 1285 [DEBUG] Syncing metadata for: /db_working_home/000597.sst
2026/04/19-19:57:04.440007 1285 [DEBUG] Syncing metadata for: /db_working_home/000597.sst
2026/04/19-19:57:04.440702 1285 [DEBUG] New random access file: /db_working_home/000597.sst direct: 1
2026/04/19-19:57:04.440927 1285 [DEBUG] GetFileSize: /db_working_home/000597.sst 
2026/04/19-19:57:04.446858 1283 Total Garbage Bytes this interval: 2780307884 bytes
2026/04/19-19:57:04.446936 1283 Cumulative Average Garbage Bytes (over 214 intervals): 1277075923 bytes
2026/04/19-19:57:04.446956 1283 Zone Garbage Stats: [67 6 2 1 1 14 6 10 1 5 9 0 ]
2026/04/19-19:57:04.446960 1283 Total Garbage Bytes: 2780307884 bytes
2026/04/19-19:57:04.450167 1285 [DEBUG] Syncing metadata for: /db_working_home/MANIFEST-000194
2026/04/19-19:57:04.450864 1285 [DEBUG] GetFileSize: /db_working_home/000597.sst 
2026/04/19-19:57:04.463104 1285 [DEBUG] Syncing metadata for: /db_working_home/000593.log
2026/04/19-19:57:04.463863 1285 [DEBUG] DeleteFile: ./db_working_home/000458.sst 
2026/04/19-19:57:04.464766 1285 [Zonestats:time(s),used_cap(MB),reclaimable_cap(MB), avg_reclaimable(%), active(#), active_zones(#), open_zones(#)] 215 2812 4483 61 6 6 2
2026/04/19-19:57:04.464811 1285 [DEBUG] DeleteFile: ./db_working_home/000588.sst 
2026/04/19-19:57:04.467634 1285 [Zonestats:time(s),used_cap(MB),reclaimable_cap(MB), avg_reclaimable(%), active(#), active_zones(#), open_zones(#)] 215 2748 4419 61 6 6 2
2026/04/19-19:57:04.467685 1285 [DEBUG] DeleteFile: ./db_working_home/000593.log 
2026/04/19-19:57:04.475243 1285 [Zonestats:time(s),used_cap(MB),reclaimable_cap(MB), avg_reclaimable(%), active(#), active_zones(#), open_zones(#)] 215 2733 4434 61 6 6 2
2026/04/19-19:57:04.477108 1282 [DEBUG] Allocating zone(new=0) start: 0x1e8000000 wp: 0x1ece8bc00 lt: 5 file lt: 2
2026/04/19-19:57:04.477121 1282 [DEBUG] Syncing metadata for: /db_working_home/000596.log
2026/04/19-19:57:04.774293 1284 Entering Apply Finish Threshold Function
2026/04/19-19:57:04.774329 1284 [DEBUG] Allocating zone(new=0) start: 0x1c0000000 wp: 0x1c3811000 lt: 5 file lt: 3
2026/04/19-19:57:04.774338 1284 [Zonestats:time(s),used_cap(MB),reclaimable_cap(MB), avg_reclaimable(%), active(#), active_zones(#), open_zones(#)] 215 2799 4496 61 5 5 3
2026/04/19-19:57:04.774347 1284 [DEBUG] Syncing metadata for: /db_working_home/000595.sst
2026/04/19-19:57:04.820037 1284 [DEBUG] Syncing metadata for: /db_working_home/000595.sst
2026/04/19-19:57:04.824976 1284 [DEBUG] Syncing metadata for: /db_working_home/000595.sst
2026/04/19-19:57:04.825724 1284 [DEBUG] GetFileSize: /db_working_home/000595.sst 
2026/04/19-19:57:04.826707 1284 [DEBUG] New random access file: /db_working_home/000595.sst direct: 1
2026/04/19-19:57:04.827915 1284 [DEBUG] GetFileSize: /db_working_home/000595.sst 
2026/04/19-19:57:04.828887 1284 [DEBUG] Syncing metadata for: /db_working_home/MANIFEST-000194
2026/04/19-19:57:04.835138 1284 [DEBUG] New writable file: /db_working_home/000598.sst direct: 1
2026/04/19-19:57:04.838399 1284 Entering Apply Finish Threshold Function
2026/04/19-19:57:04.838424 1284 [DEBUG] Allocating zone(new=0) start: 0x1c0000000 wp: 0x1c3c3e200 lt: 5 file lt: 4
2026/04/19-19:57:04.838433 1284 [Zonestats:time(s),used_cap(MB),reclaimable_cap(MB), avg_reclaimable(%), active(#), active_zones(#), open_zones(#)] 215 2804 4491 61 5 5 3
2026/04/19-19:57:04.838440 1284 [DEBUG] Syncing metadata for: /db_working_home/000598.sst
2026/04/19-19:57:05.389212 1284 [DEBUG] Syncing metadata for: /db_working_home/000598.sst
2026/04/19-19:57:05.394161 1284 [DEBUG] Syncing metadata for: /db_working_home/000598.sst
2026/04/19-19:57:05.394910 1284 [DEBUG] GetFileSize: /db_working_home/000598.sst 
2026/04/19-19:57:05.394950 1284 [DEBUG] New writable file: /db_working_home/000599.sst direct: 1
2026/04/19-19:57:05.402847 1284 Entering Apply Finish Threshold Function
2026/04/19-19:57:05.402862 1284 Finishing zone: Entering Finish()
2026/04/19-19:57:05.447150 1283 Total Garbage Bytes this interval: 2781951079 bytes
2026/04/19-19:57:05.447167 1283 Cumulative Average Garbage Bytes (over 215 intervals): 1284075342 bytes
2026/04/19-19:57:05.447187 1283 Zone Garbage Stats: [68 6 1 1 1 15 5 10 1 5 9 0 ]
2026/04/19-19:57:05.447191 1283 Total Garbage Bytes: 2781951079 bytes
2026/04/19-19:57:05.663108 1284 [DEBUG] Allocating zone(new=0) start: 0x40000000 wp: 0x427b2800 lt: 5 file lt: 4
2026/04/19-19:57:05.663127 1284 [Zonestats:time(s),used_cap(MB),reclaimable_cap(MB), avg_reclaimable(%), active(#), active_zones(#), open_zones(#)] 216 2861 4434 60 4 4 3
2026/04/19-19:57:05.663137 1284 [DEBUG] Syncing metadata for: /db_working_home/000599.sst
2026/04/19-19:57:05.974763 1282 [DEBUG] New writable file: /db_working_home/000600.log direct: 0
2026/04/19-19:57:05.975725 1285 [DEBUG] New writable file: /db_working_home/000601.sst direct: 1
2026/04/19-19:57:05.979259 1285 Entering Apply Finish Threshold Function
2026/04/19-19:57:05.979286 1285 [DEBUG] Allocating zone(new=1) start: 0x118000000 wp: 0x118000000 lt: 3 file lt: 3
2026/04/19-19:57:05.979294 1285 [Zonestats:time(s),used_cap(MB),reclaimable_cap(MB), avg_reclaimable(%), active(#), active_zones(#), open_zones(#)] 216 2863 4432 60 4 5 4
2026/04/19-19:57:05.979302 1285 [DEBUG] Syncing metadata for: /db_working_home/000601.sst
2026/04/19-19:57:06.195763 1285 [DEBUG] Syncing metadata for: /db_working_home/000601.sst
2026/04/19-19:57:06.198665 1285 [DEBUG] Syncing metadata for: /db_working_home/000601.sst
2026/04/19-19:57:06.206629 1285 [DEBUG] New random access file: /db_working_home/000601.sst direct: 1
2026/04/19-19:57:06.206826 1285 [DEBUG] GetFileSize: /db_working_home/000601.sst 
2026/04/19-19:57:06.208846 1282 [DEBUG] Allocating zone(new=0) start: 0x118000000 wp: 0x118f54400 lt: 3 file lt: 2
2026/04/19-19:57:06.208861 1282 [DEBUG] Syncing metadata for: /db_working_home/000600.log
2026/04/19-19:57:06.215958 1285 [DEBUG] Syncing metadata for: /db_working_home/MANIFEST-000194
2026/04/19-19:57:06.223925 1285 [DEBUG] GetFileSize: /db_working_home/000601.sst 
2026/04/19-19:57:06.230696 1285 [DEBUG] Syncing metadata for: /db_working_home/000596.log
2026/04/19-19:57:06.238741 1285 [DEBUG] DeleteFile: ./db_working_home/000586.sst 
2026/04/19-19:57:06.239332 1285 [Zonestats:time(s),used_cap(MB),reclaimable_cap(MB), avg_reclaimable(%), active(#), active_zones(#), open_zones(#)] 217 2864 4559 61 5 5 3
2026/04/19-19:57:06.239376 1285 [DEBUG] DeleteFile: ./db_working_home/000587.sst 
2026/04/19-19:57:06.239962 1285 [Zonestats:time(s),used_cap(MB),reclaimable_cap(MB), avg_reclaimable(%), active(#), active_zones(#), open_zones(#)] 217 2840 4583 61 5 5 3
2026/04/19-19:57:06.239995 1285 [DEBUG] DeleteFile: ./db_working_home/000590.sst 
2026/04/19-19:57:06.247894 1285 [Zonestats:time(s),used_cap(MB),reclaimable_cap(MB), avg_reclaimable(%), active(#), active_zones(#), open_zones(#)] 217 2825 4598 61 5 5 3
2026/04/19-19:57:06.247948 1285 [DEBUG] DeleteFile: ./db_working_home/000594.sst 
2026/04/19-19:57:06.248541 1285 [Zonestats:time(s),used_cap(MB),reclaimable_cap(MB), avg_reclaimable(%), active(#), active_zones(#), open_zones(#)] 217 2809 4614 62 5 5 3
2026/04/19-19:57:06.248578 1285 [DEBUG] DeleteFile: ./db_working_home/000596.log 
2026/04/19-19:57:06.249167 1285 [Zonestats:time(s),used_cap(MB),reclaimable_cap(MB), avg_reclaimable(%), active(#), active_zones(#), open_zones(#)] 217 2794 4629 62 5 5 3
2026/04/19-19:57:06.447378 1283 Total Garbage Bytes this interval: 2888469469 bytes
2026/04/19-19:57:06.447395 1283 Cumulative Average Garbage Bytes (over 216 intervals): 1291503093 bytes
2026/04/19-19:57:06.447414 1283 Zone Garbage Stats: [67 5 1 1 1 16 6 10 1 5 9 0 ]
2026/04/19-19:57:06.447418 1283 Total Garbage Bytes: 2888469469 bytes
2026/04/19-19:57:06.673288 1284 [DEBUG] Syncing metadata for: /db_working_home/000599.sst
2026/04/19-19:57:06.673907 1284 [DEBUG] Syncing metadata for: /db_working_home/000599.sst
2026/04/19-19:57:06.674691 1284 [DEBUG] GetFileSize: /db_working_home/000599.sst 
2026/04/19-19:57:06.674725 1284 [DEBUG] New writable file: /db_working_home/000602.sst direct: 1
2026/04/19-19:57:06.675498 1284 Entering Apply Finish Threshold Function
2026/04/19-19:57:06.675506 1284 Finishing zone: Entering Finish()
2026/04/19-19:57:06.748736 1284 Finishing zone: Entering Finish()
2026/04/19-19:57:07.154882 1284 [DEBUG] Allocating zone(new=1) start: 0x190000000 wp: 0x190000000 lt: 4 file lt: 4
2026/04/19-19:57:07.154901 1284 [Zonestats:time(s),used_cap(MB),reclaimable_cap(MB), avg_reclaimable(%), active(#), active_zones(#), open_zones(#)] 218 2887 4536 61 3 4 3
2026/04/19-19:57:07.154911 1284 [DEBUG] Syncing metadata for: /db_working_home/000602.sst
2026/04/19-19:57:07.159124 1284 [DEBUG] Syncing metadata for: /db_working_home/000602.sst
2026/04/19-19:57:07.159697 1284 [DEBUG] Syncing metadata for: /db_working_home/000602.sst
2026/04/19-19:57:07.160492 1284 [DEBUG] GetFileSize: /db_working_home/000602.sst 
2026/04/19-19:57:07.161696 1284 [DEBUG] New random access file: /db_working_home/000598.sst direct: 1
2026/04/19-19:57:07.161913 1284 [DEBUG] GetFileSize: /db_working_home/000598.sst 
2026/04/19-19:57:07.162113 1284 [DEBUG] New random access file: /db_working_home/000599.sst direct: 1
2026/04/19-19:57:07.162490 1284 [DEBUG] GetFileSize: /db_working_home/000599.sst 
2026/04/19-19:57:07.162649 1284 [DEBUG] New random access file: /db_working_home/000602.sst direct: 1
2026/04/19-19:57:07.162851 1284 [DEBUG] GetFileSize: /db_working_home/000602.sst 
2026/04/19-19:57:07.163783 1284 [DEBUG] Syncing metadata for: /db_working_home/MANIFEST-000194
2026/04/19-19:57:07.165242 1284 [DEBUG] Syncing metadata for: /db_working_home/MANIFEST-000194
2026/04/19-19:57:07.166050 1284 [DEBUG] DeleteFile: ./db_working_home/000584.sst 
2026/04/19-19:57:07.166633 1284 [Zonestats:time(s),used_cap(MB),reclaimable_cap(MB), avg_reclaimable(%), active(#), active_zones(#), open_zones(#)] 218 2825 4726 62 4 4 2
2026/04/19-19:57:07.166672 1284 [DEBUG] DeleteFile: ./db_working_home/000595.sst 
2026/04/19-19:57:07.167396 1284 [Zonestats:time(s),used_cap(MB),reclaimable_cap(MB), avg_reclaimable(%), active(#), active_zones(#), open_zones(#)] 218 2756 4667 62 4 4 2
2026/04/19-19:57:07.172889 1284 [DEBUG] New writable file: /db_working_home/000603.sst direct: 1
2026/04/19-19:57:07.176048 1284 Entering Apply Finish Threshold Function
2026/04/19-19:57:07.176074 1284 [DEBUG] Allocating zone(new=1) start: 0x1b0000000 wp: 0x1b0000000 lt: 5 file lt: 5
2026/04/19-19:57:07.176090 1284 [Zonestats:time(s),used_cap(MB),reclaimable_cap(MB), avg_reclaimable(%), active(#), active_zones(#), open_zones(#)] 218 2756 4667 62 4 5 3
2026/04/19-19:57:07.176097 1284 [DEBUG] Syncing metadata for: /db_working_home/000603.sst
2026/04/19-19:57:07.447600 1283 Total Garbage Bytes this interval: 2907039029 bytes
2026/04/19-19:57:07.447617 1283 Cumulative Average Garbage Bytes (over 217 intervals): 1298947959 bytes
2026/04/19-19:57:07.447637 1283 Zone Garbage Stats: [66 5 2 1 0 16 6 11 1 5 9 0 ]
2026/04/19-19:57:07.447641 1283 Total Garbage Bytes: 2907039029 bytes
2026/04/19-19:57:07.502543 1282 [DEBUG] New writable file: /db_working_home/000604.log direct: 0
2026/04/19-19:57:07.503418 1285 [DEBUG] New writable file: /db_working_home/000605.sst direct: 1
2026/04/19-19:57:07.509456 1285 Entering Apply Finish Threshold Function
2026/04/19-19:57:07.509473 1285 [DEBUG] Allocating zone(new=0) start: 0x190000000 wp: 0x190000c00 lt: 4 file lt: 3
2026/04/19-19:57:07.509478 1285 [Zonestats:time(s),used_cap(MB),reclaimable_cap(MB), avg_reclaimable(%), active(#), active_zones(#), open_zones(#)] 218 2759 4664 62 5 5 4
2026/04/19-19:57:07.509482 1285 [DEBUG] Syncing metadata for: /db_working_home/000605.sst
2026/04/19-19:57:07.679581 1285 [DEBUG] Syncing metadata for: /db_working_home/000605.sst
2026/04/19-19:57:07.683925 1285 [DEBUG] Syncing metadata for: /db_working_home/000605.sst
2026/04/19-19:57:07.684840 1285 [DEBUG] New random access file: /db_working_home/000605.sst direct: 1
2026/04/19-19:57:07.687699 1285 [DEBUG] GetFileSize: /db_working_home/000605.sst 
2026/04/19-19:57:07.689798 1285 [DEBUG] Syncing metadata for: /db_working_home/MANIFEST-000194
2026/04/19-19:57:07.690463 1285 [DEBUG] GetFileSize: /db_working_home/000605.sst 
2026/04/19-19:57:07.699559 1285 [DEBUG] Syncing metadata for: /db_working_home/000600.log
2026/04/19-19:57:07.703146 1285 [DEBUG] DeleteFile: ./db_working_home/000600.log 
2026/04/19-19:57:07.703731 1285 [Zonestats:time(s),used_cap(MB),reclaimable_cap(MB), avg_reclaimable(%), active(#), active_zones(#), open_zones(#)] 218 2760 4663 62 5 5 2
2026/04/19-19:57:07.750036 1282 [DEBUG] Allocating zone(new=0) start: 0x118000000 wp: 0x119eed400 lt: 3 file lt: 2
2026/04/19-19:57:07.750049 1282 [DEBUG] Syncing metadata for: /db_working_home/000604.log
2026/04/19-19:57:07.966788 1284 [DEBUG] Syncing metadata for: /db_working_home/000603.sst
2026/04/19-19:57:07.967374 1284 [DEBUG] Syncing metadata for: /db_working_home/000603.sst
2026/04/19-19:57:07.968188 1284 [DEBUG] GetFileSize: /db_working_home/000603.sst 
2026/04/19-19:57:07.968230 1284 [DEBUG] New writable file: /db_working_home/000606.sst direct: 1
2026/04/19-19:57:07.974038 1284 Entering Apply Finish Threshold Function
2026/04/19-19:57:07.974067 1284 [DEBUG] Allocating zone(new=1) start: 0x1d0000000 wp: 0x1d0000000 lt: 5 file lt: 5
2026/04/19-19:57:07.974075 1284 [Zonestats:time(s),used_cap(MB),reclaimable_cap(MB), avg_reclaimable(%), active(#), active_zones(#), open_zones(#)] 218 2819 4732 62 5 6 3
2026/04/19-19:57:07.974091 1284 [DEBUG] Syncing metadata for: /db_working_home/000606.sst
2026/04/19-19:57:08.447816 1283 Total Garbage Bytes this interval: 2907039723 bytes
2026/04/19-19:57:08.447833 1283 Cumulative Average Garbage Bytes (over 218 intervals): 1306324526 bytes
2026/04/19-19:57:08.447853 1283 Zone Garbage Stats: [65 6 2 1 0 16 6 11 1 5 9 0 ]
2026/04/19-19:57:08.447857 1283 Total Garbage Bytes: 2907039723 bytes
2026/04/19-19:57:08.748869 1284 [DEBUG] Syncing metadata for: /db_working_home/000606.sst
2026/04/19-19:57:08.752032 1284 [DEBUG] Syncing metadata for: /db_working_home/000606.sst
2026/04/19-19:57:08.752823 1284 [DEBUG] GetFileSize: /db_working_home/000606.sst 
2026/04/19-19:57:08.752863 1284 [DEBUG] New writable file: /db_working_home/000607.sst direct: 1
2026/04/19-19:57:08.753710 1284 Entering Apply Finish Threshold Function
2026/04/19-19:57:08.753736 1284 [DEBUG] Allocating zone(new=1) start: 0x1f8000000 wp: 0x1f8000000 lt: 5 file lt: 5
2026/04/19-19:57:08.753744 1284 [Zonestats:time(s),used_cap(MB),reclaimable_cap(MB), avg_reclaimable(%), active(#), active_zones(#), open_zones(#)] 219 2894 4785 62 6 7 3
2026/04/19-19:57:08.753750 1284 [DEBUG] Syncing metadata for: /db_working_home/000607.sst
2026/04/19-19:57:08.757898 1284 [DEBUG] Syncing metadata for: /db_working_home/000607.sst
2026/04/19-19:57:08.758471 1284 [DEBUG] Syncing metadata for: /db_working_home/000607.sst
2026/04/19-19:57:08.759183 1284 [DEBUG] GetFileSize: /db_working_home/000607.sst 
2026/04/19-19:57:08.760314 1284 [DEBUG] New random access file: /db_working_home/000603.sst direct: 1
2026/04/19-19:57:08.760567 1284 [DEBUG] GetFileSize: /db_working_home/000603.sst 
2026/04/19-19:57:08.760751 1284 [DEBUG] New random access file: /db_working_home/000606.sst direct: 1
2026/04/19-19:57:08.761133 1284 [DEBUG] GetFileSize: /db_working_home/000606.sst 
2026/04/19-19:57:08.761276 1284 [DEBUG] New random access file: /db_working_home/000607.sst direct: 1
2026/04/19-19:57:08.761485 1284 [DEBUG] GetFileSize: /db_working_home/000607.sst 
2026/04/19-19:57:08.762403 1284 [DEBUG] Syncing metadata for: /db_working_home/MANIFEST-000194
2026/04/19-19:57:08.771151 1284 [DEBUG] New writable file: /db_working_home/000608.sst direct: 1
2026/04/19-19:57:08.774353 1284 Entering Apply Finish Threshold Function
2026/04/19-19:57:08.774403 1284 [DEBUG] Allocating zone(new=0) start: 0x190000000 wp: 0x190f4fc00 lt: 4 file lt: 3
2026/04/19-19:57:08.774411 1284 [Zonestats:time(s),used_cap(MB),reclaimable_cap(MB), avg_reclaimable(%), active(#), active_zones(#), open_zones(#)] 219 2894 4913 62 7 7 3
2026/04/19-19:57:08.774418 1284 [DEBUG] Syncing metadata for: /db_working_home/000608.sst
2026/04/19-19:57:09.268310 1284 [DEBUG] Syncing metadata for: /db_working_home/000608.sst
2026/04/19-19:57:09.268898 1284 [DEBUG] Syncing metadata for: /db_working_home/000608.sst
2026/04/19-19:57:09.269692 1284 [DEBUG] GetFileSize: /db_working_home/000608.sst 
2026/04/19-19:57:09.270950 1284 [DEBUG] New random access file: /db_working_home/000608.sst direct: 1
2026/04/19-19:57:09.271168 1284 [DEBUG] GetFileSize: /db_working_home/000608.sst 
2026/04/19-19:57:09.272138 1284 [DEBUG] Syncing metadata for: /db_working_home/MANIFEST-000194
2026/04/19-19:57:09.272875 1284 [DEBUG] DeleteFile: ./db_working_home/000591.sst 
2026/04/19-19:57:09.273563 1284 [Zonestats:time(s),used_cap(MB),reclaimable_cap(MB), avg_reclaimable(%), active(#), active_zones(#), open_zones(#)] 220 2895 4784 62 7 7 2
2026/04/19-19:57:09.273605 1284 [DEBUG] DeleteFile: ./db_working_home/000599.sst 
2026/04/19-19:57:09.274178 1284 [Zonestats:time(s),used_cap(MB),reclaimable_cap(MB), avg_reclaimable(%), active(#), active_zones(#), open_zones(#)] 220 2813 4866 63 7 7 2
2026/04/19-19:57:09.279565 1284 [DEBUG] New writable file: /db_working_home/000609.sst direct: 1
2026/04/19-19:57:09.282673 1284 Entering Apply Finish Threshold Function
2026/04/19-19:57:09.282697 1284 [DEBUG] Allocating zone(new=0) start: 0x1f8000000 wp: 0x1f8003a00 lt: 5 file lt: 4
2026/04/19-19:57:09.282704 1284 [Zonestats:time(s),used_cap(MB),reclaimable_cap(MB), avg_reclaimable(%), active(#), active_zones(#), open_zones(#)] 220 2813 4866 63 7 7 3
2026/04/19-19:57:09.282710 1284 [DEBUG] Syncing metadata for: /db_working_home/000609.sst
2026/04/19-19:57:09.448029 1283 Total Garbage Bytes this interval: 2944302887 bytes
2026/04/19-19:57:09.448135 1283 Cumulative Average Garbage Bytes (over 219 intervals): 1313803880 bytes
2026/04/19-19:57:09.448155 1283 Zone Garbage Stats: [65 7 1 1 0 16 6 10 1 6 9 0 ]
2026/04/19-19:57:09.448159 1283 Total Garbage Bytes: 2944302887 bytes
2026/04/19-19:57:09.652725 1282 [DEBUG] New writable file: /db_working_home/000610.log direct: 0
2026/04/19-19:57:09.656255 1285 [DEBUG] New writable file: /db_working_home/000611.sst direct: 1
2026/04/19-19:57:09.660965 1285 Entering Apply Finish Threshold Function
2026/04/19-19:57:09.660992 1285 [DEBUG] Allocating zone(new=0) start: 0x190000000 wp: 0x193cb5200 lt: 4 file lt: 3
2026/04/19-19:57:09.661000 1285 [Zonestats:time(s),used_cap(MB),reclaimable_cap(MB), avg_reclaimable(%), active(#), active_zones(#), open_zones(#)] 220 2817 4862 63 7 7 4
2026/04/19-19:57:09.661006 1285 [DEBUG] Syncing metadata for: /db_working_home/000611.sst
2026/04/19-19:57:09.836448 1285 [DEBUG] Syncing metadata for: /db_working_home/000611.sst
2026/04/19-19:57:09.840937 1285 [DEBUG] Syncing metadata for: /db_working_home/000611.sst
2026/04/19-19:57:09.841708 1285 [DEBUG] New random access file: /db_working_home/000611.sst direct: 1
2026/04/19-19:57:09.844929 1285 [DEBUG] GetFileSize: /db_working_home/000611.sst 
2026/04/19-19:57:09.848208 1285 [DEBUG] Syncing metadata for: /db_working_home/MANIFEST-000194
2026/04/19-19:57:09.849286 1285 [DEBUG] GetFileSize: /db_working_home/000611.sst 
2026/04/19-19:57:09.859098 1285 [DEBUG] Syncing metadata for: /db_working_home/000604.log
2026/04/19-19:57:09.862676 1285 [DEBUG] DeleteFile: ./db_working_home/000597.sst 
2026/04/19-19:57:09.863263 1285 [Zonestats:time(s),used_cap(MB),reclaimable_cap(MB), avg_reclaimable(%), active(#), active_zones(#), open_zones(#)] 220 2818 4861 63 7 7 2
2026/04/19-19:57:09.863307 1285 [DEBUG] DeleteFile: ./db_working_home/000601.sst 
2026/04/19-19:57:09.863911 1285 [Zonestats:time(s),used_cap(MB),reclaimable_cap(MB), avg_reclaimable(%), active(#), active_zones(#), open_zones(#)] 220 2802 4877 63 7 7 2
2026/04/19-19:57:09.863943 1285 [DEBUG] DeleteFile: ./db_working_home/000604.log 
2026/04/19-19:57:09.864900 1285 [Zonestats:time(s),used_cap(MB),reclaimable_cap(MB), avg_reclaimable(%), active(#), active_zones(#), open_zones(#)] 220 2787 4764 63 6 6 2
2026/04/19-19:57:09.864922 1285 [DEBUG] DeleteFile: ./db_working_home/000605.sst 
2026/04/19-19:57:09.869440 1285 [Zonestats:time(s),used_cap(MB),reclaimable_cap(MB), avg_reclaimable(%), active(#), active_zones(#), open_zones(#)] 220 2771 4780 63 6 6 2
2026/04/19-19:57:09.874550 1282 [DEBUG] Allocating zone(new=0) start: 0x190000000 wp: 0x194c06e00 lt: 4 file lt: 2
2026/04/19-19:57:09.874561 1282 [DEBUG] Syncing metadata for: /db_working_home/000610.log
2026/04/19-19:57:10.065438 1284 [DEBUG] Syncing metadata for: /db_working_home/000609.sst
2026/04/19-19:57:10.066022 1284 [DEBUG] Syncing metadata for: /db_working_home/000609.sst
2026/04/19-19:57:10.066815 1284 [DEBUG] GetFileSize: /db_working_home/000609.sst 
2026/04/19-19:57:10.066853 1284 [DEBUG] New writable file: /db_working_home/000612.sst direct: 1
2026/04/19-19:57:10.072435 1284 Entering Apply Finish Threshold Function
2026/04/19-19:57:10.072462 1284 [DEBUG] Allocating zone(new=0) start: 0x1f8000000 wp: 0x1fb8bba00 lt: 5 file lt: 4
2026/04/19-19:57:10.072469 1284 [Zonestats:time(s),used_cap(MB),reclaimable_cap(MB), avg_reclaimable(%), active(#), active_zones(#), open_zones(#)] 221 2830 4721 62 6 6 3
2026/04/19-19:57:10.072476 1284 [DEBUG] Syncing metadata for: /db_working_home/000612.sst
2026/04/19-19:57:10.442752 1284 [DEBUG] Syncing metadata for: /db_working_home/000612.sst
2026/04/19-19:57:10.443336 1284 [DEBUG] Syncing metadata for: /db_working_home/000612.sst
2026/04/19-19:57:10.444350 1284 [DEBUG] GetFileSize: /db_working_home/000612.sst 
2026/04/19-19:57:10.445486 1284 [DEBUG] New random access file: /db_working_home/000609.sst direct: 1
2026/04/19-19:57:10.448333 1283 Total Garbage Bytes this interval: 2960373308 bytes
2026/04/19-19:57:10.448347 1283 Cumulative Average Garbage Bytes (over 220 intervals): 1321288286 bytes
2026/04/19-19:57:10.448364 1283 Zone Garbage Stats: [66 7 1 1 0 15 7 10 1 6 9 0 ]
2026/04/19-19:57:10.448368 1283 Total Garbage Bytes: 2960373308 bytes
2026/04/19-19:57:10.451404 1284 [DEBUG] GetFileSize: /db_working_home/000609.sst 
2026/04/19-19:57:10.451594 1284 [DEBUG] New random access file: /db_working_home/000612.sst direct: 1
2026/04/19-19:57:10.451908 1284 [DEBUG] GetFileSize: /db_working_home/000612.sst 
2026/04/19-19:57:10.452860 1284 [DEBUG] Syncing metadata for: /db_working_home/MANIFEST-000194
2026/04/19-19:57:10.459064 1284 [DEBUG] New writable file: /db_working_home/000613.sst direct: 1
2026/04/19-19:57:10.462331 1284 Entering Apply Finish Threshold Function
2026/04/19-19:57:10.462344 1284 Finishing zone: Entering Finish()
2026/04/19-19:57:10.921145 1284 [DEBUG] Allocating zone(new=1) start: 0x118000000 wp: 0x118000000 lt: 5 file lt: 5
2026/04/19-19:57:10.921163 1284 [Zonestats:time(s),used_cap(MB),reclaimable_cap(MB), avg_reclaimable(%), active(#), active_zones(#), open_zones(#)] 221 2876 4675 61 5 6 3
2026/04/19-19:57:10.921172 1284 [DEBUG] Syncing metadata for: /db_working_home/000613.sst
2026/04/19-19:57:10.944098 1282 [DEBUG] New writable file: /db_working_home/000614.log direct: 0
2026/04/19-19:57:10.945099 1285 [DEBUG] New writable file: /db_working_home/000615.sst direct: 1
2026/04/19-19:57:10.948129 1285 Entering Apply Finish Threshold Function
2026/04/19-19:57:10.948155 1285 [DEBUG] Allocating zone(new=0) start: 0x1d0000000 wp: 0x1d44c5600 lt: 5 file lt: 3
2026/04/19-19:57:10.948163 1285 [Zonestats:time(s),used_cap(MB),reclaimable_cap(MB), avg_reclaimable(%), active(#), active_zones(#), open_zones(#)] 221 2876 4675 61 6 6 4
2026/04/19-19:57:10.948170 1285 [DEBUG] Syncing metadata for: /db_working_home/000615.sst
2026/04/19-19:57:11.120252 1285 [DEBUG] Syncing metadata for: /db_working_home/000615.sst
2026/04/19-19:57:11.123057 1285 [DEBUG] Syncing metadata for: /db_working_home/000615.sst
2026/04/19-19:57:11.123818 1285 [DEBUG] New random access file: /db_working_home/000615.sst direct: 1
2026/04/19-19:57:11.124101 1285 [DEBUG] GetFileSize: /db_working_home/000615.sst 
2026/04/19-19:57:11.130294 1285 [DEBUG] Syncing metadata for: /db_working_home/MANIFEST-000194
2026/04/19-19:57:11.134227 1285 [DEBUG] GetFileSize: /db_working_home/000615.sst 
2026/04/19-19:57:11.139020 1285 [DEBUG] Syncing metadata for: /db_working_home/000610.log
2026/04/19-19:57:11.143909 1285 [DEBUG] DeleteFile: ./db_working_home/000598.sst 
2026/04/19-19:57:11.147587 1285 [Zonestats:time(s),used_cap(MB),reclaimable_cap(MB), avg_reclaimable(%), active(#), active_zones(#), open_zones(#)] 222 2846 4705 62 6 6 2
2026/04/19-19:57:11.147643 1285 [DEBUG] DeleteFile: ./db_working_home/000608.sst 
2026/04/19-19:57:11.148388 1285 [Zonestats:time(s),used_cap(MB),reclaimable_cap(MB), avg_reclaimable(%), active(#), active_zones(#), open_zones(#)] 222 2801 4750 62 6 6 2
2026/04/19-19:57:11.148424 1285 [DEBUG] DeleteFile: ./db_working_home/000610.log 
2026/04/19-19:57:11.151180 1285 [Zonestats:time(s),used_cap(MB),reclaimable_cap(MB), avg_reclaimable(%), active(#), active_zones(#), open_zones(#)] 222 2785 4766 63 6 6 2
2026/04/19-19:57:11.197057 1282 [DEBUG] Allocating zone(new=0) start: 0x190000000 wp: 0x195b9f800 lt: 4 file lt: 2
2026/04/19-19:57:11.197069 1282 [DEBUG] Syncing metadata for: /db_working_home/000614.log
2026/04/19-19:57:11.448471 1283 Total Garbage Bytes this interval: 3008818333 bytes
2026/04/19-19:57:11.448485 1283 Cumulative Average Garbage Bytes (over 221 intervals): 1328924169 bytes
2026/04/19-19:57:11.448503 1283 Zone Garbage Stats: [65 6 1 2 0 15 6 10 1 6 10 0 ]
2026/04/19-19:57:11.448507 1283 Total Garbage Bytes: 3008818333 bytes
2026/04/19-19:57:12.329129 1284 [DEBUG] Syncing metadata for: /db_working_home/000613.sst
2026/04/19-19:57:12.329716 1284 [DEBUG] Syncing metadata for: /db_working_home/000613.sst
2026/04/19-19:57:12.330532 1284 [DEBUG] GetFileSize: /db_working_home/000613.sst 
2026/04/19-19:57:12.331636 1284 [DEBUG] New random access file: /db_working_home/000613.sst direct: 1
2026/04/19-19:57:12.331954 1284 [DEBUG] GetFileSize: /db_working_home/000613.sst 
2026/04/19-19:57:12.333017 1284 [DEBUG] Syncing metadata for: /db_working_home/MANIFEST-000194
2026/04/19-19:57:12.334308 1284 [DEBUG] New writable file: /db_working_home/000616.sst direct: 1
2026/04/19-19:57:12.335329 1284 Entering Apply Finish Threshold Function
2026/04/19-19:57:12.335345 1284 Finishing zone: Entering Finish()
2026/04/19-19:57:12.448681 1283 Total Garbage Bytes this interval: 3008818333 bytes
2026/04/19-19:57:12.448698 1283 Cumulative Average Garbage Bytes (over 222 intervals): 1336491259 bytes
2026/04/19-19:57:12.448718 1283 Zone Garbage Stats: [65 6 1 2 0 15 6 10 1 6 10 0 ]
2026/04/19-19:57:12.448722 1283 Total Garbage Bytes: 3008818333 bytes
2026/04/19-19:57:12.579952 1284 Finishing zone: Entering Finish()
2026/04/19-19:57:12.600577 1282 [DEBUG] New writable file: /db_working_home/000617.log direct: 0
2026/04/19-19:57:12.601784 1285 [DEBUG] New writable file: /db_working_home/000618.sst direct: 1
2026/04/19-19:57:12.605187 1285 Entering Apply Finish Threshold Function
2026/04/19-19:57:12.605212 1285 [DEBUG] Allocating zone(new=0) start: 0x1b0000000 wp: 0x1b39c3000 lt: 5 file lt: 3
2026/04/19-19:57:12.605220 1285 [Zonestats:time(s),used_cap(MB),reclaimable_cap(MB), avg_reclaimable(%), active(#), active_zones(#), open_zones(#)] 223 2908 4771 62 5 5 3
2026/04/19-19:57:12.605227 1285 [DEBUG] Syncing metadata for: /db_working_home/000618.sst
2026/04/19-19:57:12.751708 1285 [DEBUG] Syncing metadata for: /db_working_home/000618.sst
2026/04/19-19:57:12.752287 1285 [DEBUG] Syncing metadata for: /db_working_home/000618.sst
2026/04/19-19:57:12.753272 1285 [DEBUG] New random access file: /db_working_home/000618.sst direct: 1
2026/04/19-19:57:12.753960 1285 [DEBUG] GetFileSize: /db_working_home/000618.sst 
2026/04/19-19:57:12.756369 1285 [DEBUG] Syncing metadata for: /db_working_home/MANIFEST-000194
2026/04/19-19:57:12.757041 1285 [DEBUG] GetFileSize: /db_working_home/000618.sst 
2026/04/19-19:57:12.757323 1282 [DEBUG] Allocating zone(new=0) start: 0x1b0000000 wp: 0x1b4915200 lt: 5 file lt: 2
2026/04/19-19:57:12.757338 1282 [DEBUG] Syncing metadata for: /db_working_home/000617.log
2026/04/19-19:57:12.763159 1285 [DEBUG] Syncing metadata for: /db_working_home/000614.log
2026/04/19-19:57:12.771356 1285 [DEBUG] DeleteFile: ./db_working_home/000576.sst 
2026/04/19-19:57:12.772381 1285 [Zonestats:time(s),used_cap(MB),reclaimable_cap(MB), avg_reclaimable(%), active(#), active_zones(#), open_zones(#)] 223 2864 4687 62 5 5 2
2026/04/19-19:57:12.772425 1285 [DEBUG] DeleteFile: ./db_working_home/000609.sst 
2026/04/19-19:57:12.773306 1285 [Zonestats:time(s),used_cap(MB),reclaimable_cap(MB), avg_reclaimable(%), active(#), active_zones(#), open_zones(#)] 223 2807 4744 62 5 5 2
2026/04/19-19:57:12.773338 1285 [DEBUG] DeleteFile: ./db_working_home/000614.log 
2026/04/19-19:57:12.774424 1285 [Zonestats:time(s),used_cap(MB),reclaimable_cap(MB), avg_reclaimable(%), active(#), active_zones(#), open_zones(#)] 223 2792 4759 63 5 5 2
2026/04/19-19:57:13.214662 1284 [DEBUG] Allocating zone(new=1) start: 0x1a8000000 wp: 0x1a8000000 lt: 5 file lt: 5
2026/04/19-19:57:13.214681 1284 [Zonestats:time(s),used_cap(MB),reclaimable_cap(MB), avg_reclaimable(%), active(#), active_zones(#), open_zones(#)] 224 2799 4752 62 4 5 3
2026/04/19-19:57:13.214691 1284 [DEBUG] Syncing metadata for: /db_working_home/000616.sst
2026/04/19-19:57:13.218964 1284 [DEBUG] Syncing metadata for: /db_working_home/000616.sst
2026/04/19-19:57:13.219537 1284 [DEBUG] Syncing metadata for: /db_working_home/000616.sst
2026/04/19-19:57:13.220365 1284 [DEBUG] GetFileSize: /db_working_home/000616.sst 
2026/04/19-19:57:13.221507 1284 [DEBUG] New random access file: /db_working_home/000616.sst direct: 1
2026/04/19-19:57:13.221685 1284 [DEBUG] GetFileSize: /db_working_home/000616.sst 
2026/04/19-19:57:13.222621 1284 [DEBUG] Syncing metadata for: /db_working_home/MANIFEST-000194
2026/04/19-19:57:13.231305 1284 [DEBUG] New writable file: /db_working_home/000619.sst direct: 1
2026/04/19-19:57:13.234666 1284 Entering Apply Finish Threshold Function
2026/04/19-19:57:13.234678 1284 Finishing zone: Entering Finish()
2026/04/19-19:57:13.448901 1283 Total Garbage Bytes this interval: 3026849969 bytes
2026/04/19-19:57:13.448919 1283 Cumulative Average Garbage Bytes (over 223 intervals): 1344071343 bytes
2026/04/19-19:57:13.448939 1283 Zone Garbage Stats: [65 5 2 1 1 15 5 10 2 6 10 0 ]
2026/04/19-19:57:13.448943 1283 Total Garbage Bytes: 3026849969 bytes
2026/04/19-19:57:13.480591 1284 [DEBUG] Allocating zone(new=0) start: 0x1a8000000 wp: 0x1a8005400 lt: 5 file lt: 3
2026/04/19-19:57:13.480608 1284 [Zonestats:time(s),used_cap(MB),reclaimable_cap(MB), avg_reclaimable(%), active(#), active_zones(#), open_zones(#)] 224 2803 4876 63 4 4 3
2026/04/19-19:57:13.480618 1284 [DEBUG] Syncing metadata for: /db_working_home/000619.sst
2026/04/19-19:57:13.936462 1282 [DEBUG] New writable file: /db_working_home/000620.log direct: 0
2026/04/19-19:57:13.937446 1285 [DEBUG] New writable file: /db_working_home/000621.sst direct: 1
2026/04/19-19:57:13.940465 1285 Entering Apply Finish Threshold Function
2026/04/19-19:57:13.940494 1285 [DEBUG] Allocating zone(new=1) start: 0x1e8000000 wp: 0x1e8000000 lt: 3 file lt: 3
2026/04/19-19:57:13.940501 1285 [Zonestats:time(s),used_cap(MB),reclaimable_cap(MB), avg_reclaimable(%), active(#), active_zones(#), open_zones(#)] 224 2806 4873 63 4 5 4
2026/04/19-19:57:13.940508 1285 [DEBUG] Syncing metadata for: /db_working_home/000621.sst
2026/04/19-19:57:14.025274 1284 [DEBUG] Syncing metadata for: /db_working_home/000619.sst
2026/04/19-19:57:14.033042 1284 [DEBUG] Syncing metadata for: /db_working_home/000619.sst
2026/04/19-19:57:14.033834 1284 [DEBUG] GetFileSize: /db_working_home/000619.sst 
2026/04/19-19:57:14.033872 1284 [DEBUG] New writable file: /db_working_home/000622.sst direct: 1
2026/04/19-19:57:14.034705 1284 Entering Apply Finish Threshold Function
2026/04/19-19:57:14.034728 1284 [DEBUG] Allocating zone(new=0) start: 0x1a8000000 wp: 0x1aad64e00 lt: 5 file lt: 3
2026/04/19-19:57:14.034737 1284 [Zonestats:time(s),used_cap(MB),reclaimable_cap(MB), avg_reclaimable(%), active(#), active_zones(#), open_zones(#)] 225 2851 4828 62 5 5 4
2026/04/19-19:57:14.034743 1284 [DEBUG] Syncing metadata for: /db_working_home/000622.sst
2026/04/19-19:57:14.043067 1284 [DEBUG] Syncing metadata for: /db_working_home/000622.sst
2026/04/19-19:57:14.043798 1284 [DEBUG] Syncing metadata for: /db_working_home/000622.sst
2026/04/19-19:57:14.051724 1284 [DEBUG] GetFileSize: /db_working_home/000622.sst 
2026/04/19-19:57:14.052810 1284 [DEBUG] New random access file: /db_working_home/000619.sst direct: 1
2026/04/19-19:57:14.053180 1284 [DEBUG] GetFileSize: /db_working_home/000619.sst 
2026/04/19-19:57:14.053348 1284 [DEBUG] New random access file: /db_working_home/000622.sst direct: 1
2026/04/19-19:57:14.060547 1284 [DEBUG] GetFileSize: /db_working_home/000622.sst 
2026/04/19-19:57:14.061521 1284 [DEBUG] Syncing metadata for: /db_working_home/MANIFEST-000194
2026/04/19-19:57:14.062306 1284 [DEBUG] DeleteFile: ./db_working_home/000460.sst 
2026/04/19-19:57:14.070048 1284 [Zonestats:time(s),used_cap(MB),reclaimable_cap(MB), avg_reclaimable(%), active(#), active_zones(#), open_zones(#)] 225 2851 4700 62 5 5 3
2026/04/19-19:57:14.070117 1284 [DEBUG] DeleteFile: ./db_working_home/000602.sst 
2026/04/19-19:57:14.070693 1284 [Zonestats:time(s),used_cap(MB),reclaimable_cap(MB), avg_reclaimable(%), active(#), active_zones(#), open_zones(#)] 225 2851 4700 62 5 5 3
2026/04/19-19:57:14.070728 1284 [DEBUG] DeleteFile: ./db_working_home/000607.sst 
2026/04/19-19:57:14.071450 1284 [Zonestats:time(s),used_cap(MB),reclaimable_cap(MB), avg_reclaimable(%), active(#), active_zones(#), open_zones(#)] 225 2851 4700 62 5 5 3
2026/04/19-19:57:14.090709 1284 [DEBUG] New writable file: /db_working_home/000623.sst direct: 1
2026/04/19-19:57:14.101146 1284 Entering Apply Finish Threshold Function
2026/04/19-19:57:14.101174 1284 [DEBUG] Allocating zone(new=1) start: 0xc0000000 wp: 0xc0000000 lt: 5 file lt: 5
2026/04/19-19:57:14.101182 1284 [Zonestats:time(s),used_cap(MB),reclaimable_cap(MB), avg_reclaimable(%), active(#), active_zones(#), open_zones(#)] 225 2851 4700 62 5 6 4
2026/04/19-19:57:14.101188 1284 [DEBUG] Syncing metadata for: /db_working_home/000623.sst
2026/04/19-19:57:14.118263 1285 [DEBUG] Syncing metadata for: /db_working_home/000621.sst
2026/04/19-19:57:14.121167 1285 [DEBUG] Syncing metadata for: /db_working_home/000621.sst
2026/04/19-19:57:14.121830 1285 [DEBUG] New random access file: /db_working_home/000621.sst direct: 1
2026/04/19-19:57:14.122015 1285 [DEBUG] GetFileSize: /db_working_home/000621.sst 
2026/04/19-19:57:14.124196 1285 [DEBUG] Syncing metadata for: /db_working_home/MANIFEST-000194
2026/04/19-19:57:14.129200 1285 [DEBUG] GetFileSize: /db_working_home/000621.sst 
2026/04/19-19:57:14.136926 1285 [DEBUG] Syncing metadata for: /db_working_home/000617.log
2026/04/19-19:57:14.141850 1285 [DEBUG] DeleteFile: ./db_working_home/000611.sst 
2026/04/19-19:57:14.145142 1285 [Zonestats:time(s),used_cap(MB),reclaimable_cap(MB), avg_reclaimable(%), active(#), active_zones(#), open_zones(#)] 225 2852 4699 62 6 6 2
2026/04/19-19:57:14.145197 1285 [DEBUG] DeleteFile: ./db_working_home/000615.sst 
2026/04/19-19:57:14.145774 1285 [Zonestats:time(s),used_cap(MB),reclaimable_cap(MB), avg_reclaimable(%), active(#), active_zones(#), open_zones(#)] 225 2837 4714 62 6 6 2
2026/04/19-19:57:14.145808 1285 [DEBUG] DeleteFile: ./db_working_home/000617.log 
2026/04/19-19:57:14.147820 1285 [Zonestats:time(s),used_cap(MB),reclaimable_cap(MB), avg_reclaimable(%), active(#), active_zones(#), open_zones(#)] 225 2821 4730 62 6 6 2
2026/04/19-19:57:14.147856 1285 [DEBUG] DeleteFile: ./db_working_home/000618.sst 
2026/04/19-19:57:14.149412 1285 [Zonestats:time(s),used_cap(MB),reclaimable_cap(MB), avg_reclaimable(%), active(#), active_zones(#), open_zones(#)] 225 2806 4745 62 6 6 2
2026/04/19-19:57:14.150175 1282 [DEBUG] Allocating zone(new=0) start: 0x1e8000000 wp: 0x1e8f50e00 lt: 3 file lt: 2
2026/04/19-19:57:14.150190 1282 [DEBUG] Syncing metadata for: /db_working_home/000620.log
2026/04/19-19:57:14.449048 1283 Total Garbage Bytes this interval: 2966231276 bytes
2026/04/19-19:57:14.449158 1283 Cumulative Average Garbage Bytes (over 224 intervals): 1351313129 bytes
2026/04/19-19:57:14.449176 1283 Zone Garbage Stats: [65 5 2 2 0 16 5 10 2 6 9 0 ]
2026/04/19-19:57:14.449180 1283 Total Garbage Bytes: 2966231276 bytes
2026/04/19-19:57:14.656193 1284 [DEBUG] Syncing metadata for: /db_working_home/000623.sst
2026/04/19-19:57:14.656767 1284 [DEBUG] Syncing metadata for: /db_working_home/000623.sst
2026/04/19-19:57:14.657592 1284 [DEBUG] GetFileSize: /db_working_home/000623.sst 
2026/04/19-19:57:14.657629 1284 [DEBUG] New writable file: /db_working_home/000624.sst direct: 1
2026/04/19-19:57:14.663779 1284 Entering Apply Finish Threshold Function
2026/04/19-19:57:14.663794 1284 Finishing zone: Entering Finish()
2026/04/19-19:57:15.129128 1284 [DEBUG] Allocating zone(new=1) start: 0x190000000 wp: 0x190000000 lt: 5 file lt: 5
2026/04/19-19:57:15.129149 1284 [Zonestats:time(s),used_cap(MB),reclaimable_cap(MB), avg_reclaimable(%), active(#), active_zones(#), open_zones(#)] 226 2863 4816 62 5 6 3
2026/04/19-19:57:15.129160 1284 [DEBUG] Syncing metadata for: /db_working_home/000624.sst
2026/04/19-19:57:15.361596 1282 [DEBUG] New writable file: /db_working_home/000625.log direct: 0
2026/04/19-19:57:15.362726 1285 [DEBUG] New writable file: /db_working_home/000626.sst direct: 1
2026/04/19-19:57:15.372715 1285 Entering Apply Finish Threshold Function
2026/04/19-19:57:15.372742 1285 [DEBUG] Allocating zone(new=0) start: 0x1a8000000 wp: 0x1aad65e00 lt: 5 file lt: 3
2026/04/19-19:57:15.372750 1285 [Zonestats:time(s),used_cap(MB),reclaimable_cap(MB), avg_reclaimable(%), active(#), active_zones(#), open_zones(#)] 226 2865 4814 62 6 6 4
2026/04/19-19:57:15.372757 1285 [DEBUG] Syncing metadata for: /db_working_home/000626.sst
2026/04/19-19:57:15.449282 1283 Total Garbage Bytes this interval: 2966230317 bytes
2026/04/19-19:57:15.449295 1283 Cumulative Average Garbage Bytes (over 225 intervals): 1358490538 bytes
2026/04/19-19:57:15.449312 1283 Zone Garbage Stats: [64 5 2 1 0 16 6 10 2 6 9 0 ]
2026/04/19-19:57:15.449316 1283 Total Garbage Bytes: 2966230317 bytes
2026/04/19-19:57:15.573054 1285 [DEBUG] Syncing metadata for: /db_working_home/000626.sst
2026/04/19-19:57:15.575961 1285 [DEBUG] Syncing metadata for: /db_working_home/000626.sst
2026/04/19-19:57:15.583654 1285 [DEBUG] New random access file: /db_working_home/000626.sst direct: 1
2026/04/19-19:57:15.583846 1285 [DEBUG] GetFileSize: /db_working_home/000626.sst 
2026/04/19-19:57:15.593384 1285 [DEBUG] Syncing metadata for: /db_working_home/MANIFEST-000194
2026/04/19-19:57:15.594105 1285 [DEBUG] GetFileSize: /db_working_home/000626.sst 
2026/04/19-19:57:15.606733 1285 [DEBUG] Syncing metadata for: /db_working_home/000620.log
2026/04/19-19:57:15.607433 1285 [DEBUG] DeleteFile: ./db_working_home/000620.log 
2026/04/19-19:57:15.609426 1285 [Zonestats:time(s),used_cap(MB),reclaimable_cap(MB), avg_reclaimable(%), active(#), active_zones(#), open_zones(#)] 226 2865 4814 62 6 6 2
2026/04/19-19:57:15.677291 1282 [DEBUG] Allocating zone(new=0) start: 0x1e8000000 wp: 0x1e9ee9400 lt: 3 file lt: 2
2026/04/19-19:57:15.677304 1282 [DEBUG] Syncing metadata for: /db_working_home/000625.log
2026/04/19-19:57:15.724172 1284 [DEBUG] Syncing metadata for: /db_working_home/000624.sst
2026/04/19-19:57:15.724753 1284 [DEBUG] Syncing metadata for: /db_working_home/000624.sst
2026/04/19-19:57:15.725517 1284 [DEBUG] GetFileSize: /db_working_home/000624.sst 
2026/04/19-19:57:15.725553 1284 [DEBUG] New writable file: /db_working_home/000627.sst direct: 1
2026/04/19-19:57:15.728985 1284 Entering Apply Finish Threshold Function
2026/04/19-19:57:15.729013 1284 [DEBUG] Allocating zone(new=1) start: 0x200000000 wp: 0x200000000 lt: 5 file lt: 5
2026/04/19-19:57:15.729021 1284 [Zonestats:time(s),used_cap(MB),reclaimable_cap(MB), avg_reclaimable(%), active(#), active_zones(#), open_zones(#)] 226 2910 4897 62 6 7 3
2026/04/19-19:57:15.729027 1284 [DEBUG] Syncing metadata for: /db_working_home/000627.sst
2026/04/19-19:57:16.244616 1284 [DEBUG] Syncing metadata for: /db_working_home/000627.sst
2026/04/19-19:57:16.245201 1284 [DEBUG] Syncing metadata for: /db_working_home/000627.sst
2026/04/19-19:57:16.245916 1284 [DEBUG] GetFileSize: /db_working_home/000627.sst 
2026/04/19-19:57:16.245951 1284 [DEBUG] New writable file: /db_working_home/000628.sst direct: 1
2026/04/19-19:57:16.249315 1284 Entering Apply Finish Threshold Function
2026/04/19-19:57:16.249343 1284 [DEBUG] Allocating zone(new=1) start: 0x208000000 wp: 0x208000000 lt: 5 file lt: 5
2026/04/19-19:57:16.249351 1284 [Zonestats:time(s),used_cap(MB),reclaimable_cap(MB), avg_reclaimable(%), active(#), active_zones(#), open_zones(#)] 227 2958 4977 62 7 8 3
2026/04/19-19:57:16.249357 1284 [DEBUG] Syncing metadata for: /db_working_home/000628.sst
2026/04/19-19:57:16.449506 1283 Total Garbage Bytes this interval: 2966232657 bytes
2026/04/19-19:57:16.449526 1283 Cumulative Average Garbage Bytes (over 226 intervals): 1365604442 bytes
2026/04/19-19:57:16.449549 1283 Zone Garbage Stats: [62 8 2 1 0 16 6 10 2 6 9 0 ]
2026/04/19-19:57:16.449553 1283 Total Garbage Bytes: 2966232657 bytes
2026/04/19-19:57:16.751364 1284 [DEBUG] Syncing metadata for: /db_working_home/000628.sst
2026/04/19-19:57:16.751951 1284 [DEBUG] Syncing metadata for: /db_working_home/000628.sst
2026/04/19-19:57:16.752748 1284 [DEBUG] GetFileSize: /db_working_home/000628.sst 
2026/04/19-19:57:16.752786 1284 [DEBUG] New writable file: /db_working_home/000629.sst direct: 1
2026/04/19-19:57:16.753594 1284 Entering Apply Finish Threshold Function
2026/04/19-19:57:16.753621 1284 [DEBUG] Allocating zone(new=1) start: 0x210000000 wp: 0x210000000 lt: 5 file lt: 5
2026/04/19-19:57:16.753629 1284 [Zonestats:time(s),used_cap(MB),reclaimable_cap(MB), avg_reclaimable(%), active(#), active_zones(#), open_zones(#)] 227 3005 5058 62 8 9 3
2026/04/19-19:57:16.753635 1284 [DEBUG] Syncing metadata for: /db_working_home/000629.sst
2026/04/19-19:57:16.757873 1284 [DEBUG] Syncing metadata for: /db_working_home/000629.sst
2026/04/19-19:57:16.758444 1284 [DEBUG] Syncing metadata for: /db_working_home/000629.sst
2026/04/19-19:57:16.759270 1284 [DEBUG] GetFileSize: /db_working_home/000629.sst 
2026/04/19-19:57:16.760465 1284 [DEBUG] New random access file: /db_working_home/000623.sst direct: 1
2026/04/19-19:57:16.760676 1284 [DEBUG] GetFileSize: /db_working_home/000623.sst 
2026/04/19-19:57:16.760846 1284 [DEBUG] New random access file: /db_working_home/000624.sst direct: 1
2026/04/19-19:57:16.761043 1284 [DEBUG] GetFileSize: /db_working_home/000624.sst 
2026/04/19-19:57:16.761192 1284 [DEBUG] New random access file: /db_working_home/000627.sst direct: 1
2026/04/19-19:57:16.761387 1284 [DEBUG] GetFileSize: /db_working_home/000627.sst 
2026/04/19-19:57:16.761525 1284 [DEBUG] New random access file: /db_working_home/000628.sst direct: 1
2026/04/19-19:57:16.761877 1284 [DEBUG] GetFileSize: /db_working_home/000628.sst 
2026/04/19-19:57:16.762003 1284 [DEBUG] New random access file: /db_working_home/000629.sst direct: 1
2026/04/19-19:57:16.762289 1284 [DEBUG] GetFileSize: /db_working_home/000629.sst 
2026/04/19-19:57:16.763215 1284 [DEBUG] Syncing metadata for: /db_working_home/MANIFEST-000194
2026/04/19-19:57:16.764689 1284 [DEBUG] Syncing metadata for: /db_working_home/MANIFEST-000194
2026/04/19-19:57:16.765503 1284 [DEBUG] DeleteFile: ./db_working_home/000484.sst 
2026/04/19-19:57:16.766207 1284 [Zonestats:time(s),used_cap(MB),reclaimable_cap(MB), avg_reclaimable(%), active(#), active_zones(#), open_zones(#)] 227 2910 5153 63 9 9 2
2026/04/19-19:57:16.766247 1284 [DEBUG] DeleteFile: ./db_working_home/000613.sst 
2026/04/19-19:57:16.766904 1284 [Zonestats:time(s),used_cap(MB),reclaimable_cap(MB), avg_reclaimable(%), active(#), active_zones(#), open_zones(#)] 227 2803 5132 64 9 9 2
2026/04/19-19:57:16.770026 1284 [DEBUG] New writable file: /db_working_home/000630.sst direct: 1
2026/04/19-19:57:16.776334 1284 Entering Apply Finish Threshold Function
2026/04/19-19:57:16.776361 1284 [DEBUG] Allocating zone(new=1) start: 0x118000000 wp: 0x118000000 lt: 5 file lt: 5
2026/04/19-19:57:16.776368 1284 [Zonestats:time(s),used_cap(MB),reclaimable_cap(MB), avg_reclaimable(%), active(#), active_zones(#), open_zones(#)] 227 2803 5132 64 9 10 3
2026/04/19-19:57:16.776375 1284 [DEBUG] Syncing metadata for: /db_working_home/000630.sst
2026/04/19-19:57:17.449737 1283 Total Garbage Bytes this interval: 2966232447 bytes
2026/04/19-19:57:17.449757 1283 Cumulative Average Garbage Bytes (over 227 intervals): 1372655666 bytes
2026/04/19-19:57:17.449780 1283 Zone Garbage Stats: [62 10 1 0 0 16 6 10 2 6 9 0 ]
2026/04/19-19:57:17.449785 1283 Total Garbage Bytes: 2966232447 bytes
2026/04/19-19:57:17.569312 1284 [DEBUG] Syncing metadata for: /db_working_home/000630.sst
2026/04/19-19:57:17.569898 1284 [DEBUG] Syncing metadata for: /db_working_home/000630.sst
2026/04/19-19:57:17.570612 1284 [DEBUG] GetFileSize: /db_working_home/000630.sst 
2026/04/19-19:57:17.570649 1284 [DEBUG] New writable file: /db_working_home/000631.sst direct: 1
2026/04/19-19:57:17.576325 1284 Entering Apply Finish Threshold Function
2026/04/19-19:57:17.576352 1284 [DEBUG] Allocating zone(new=1) start: 0x130000000 wp: 0x130000000 lt: 5 file lt: 5
2026/04/19-19:57:17.576360 1284 [Zonestats:time(s),used_cap(MB),reclaimable_cap(MB), avg_reclaimable(%), active(#), active_zones(#), open_zones(#)] 228 2875 5188 64 10 11 3
2026/04/19-19:57:17.576366 1284 [DEBUG] Syncing metadata for: /db_working_home/000631.sst
2026/04/19-19:57:17.741642 1282 [DEBUG] New writable file: /db_working_home/000632.log direct: 0
2026/04/19-19:57:17.742627 1285 [DEBUG] New writable file: /db_working_home/000633.sst direct: 1
2026/04/19-19:57:17.746827 1285 Entering Apply Finish Threshold Function
2026/04/19-19:57:17.746853 1285 [DEBUG] Allocating zone(new=0) start: 0x210000000 wp: 0x210001000 lt: 5 file lt: 3
2026/04/19-19:57:17.746862 1285 [Zonestats:time(s),used_cap(MB),reclaimable_cap(MB), avg_reclaimable(%), active(#), active_zones(#), open_zones(#)] 228 2876 5187 64 11 11 4
2026/04/19-19:57:17.746869 1285 [DEBUG] Syncing metadata for: /db_working_home/000633.sst
2026/04/19-19:57:17.953470 1285 [DEBUG] Syncing metadata for: /db_working_home/000633.sst
2026/04/19-19:57:17.961248 1285 [DEBUG] Syncing metadata for: /db_working_home/000633.sst
2026/04/19-19:57:17.961956 1285 [DEBUG] New random access file: /db_working_home/000633.sst direct: 1
2026/04/19-19:57:17.962141 1285 [DEBUG] GetFileSize: /db_working_home/000633.sst 
2026/04/19-19:57:17.970975 1285 [DEBUG] Syncing metadata for: /db_working_home/MANIFEST-000194
2026/04/19-19:57:17.971677 1285 [DEBUG] GetFileSize: /db_working_home/000633.sst 
2026/04/19-19:57:17.978520 1285 [DEBUG] Syncing metadata for: /db_working_home/000625.log
2026/04/19-19:57:17.986526 1285 [DEBUG] DeleteFile: ./db_working_home/000625.log 
2026/04/19-19:57:17.987127 1285 [Zonestats:time(s),used_cap(MB),reclaimable_cap(MB), avg_reclaimable(%), active(#), active_zones(#), open_zones(#)] 228 2876 5187 64 11 11 2
2026/04/19-19:57:18.029488 1282 [DEBUG] Allocating zone(new=0) start: 0x1e8000000 wp: 0x1eae81600 lt: 3 file lt: 2
2026/04/19-19:57:18.029501 1282 [DEBUG] Syncing metadata for: /db_working_home/000632.log
2026/04/19-19:57:18.394304 1284 [DEBUG] Syncing metadata for: /db_working_home/000631.sst
2026/04/19-19:57:18.394905 1284 [DEBUG] Syncing metadata for: /db_working_home/000631.sst
2026/04/19-19:57:18.395719 1284 [DEBUG] GetFileSize: /db_working_home/000631.sst 
2026/04/19-19:57:18.395757 1284 [DEBUG] New writable file: /db_working_home/000634.sst direct: 1
2026/04/19-19:57:18.401634 1284 Entering Apply Finish Threshold Function
2026/04/19-19:57:18.401663 1284 [DEBUG] Allocating zone(new=1) start: 0x218000000 wp: 0x218000000 lt: 5 file lt: 5
2026/04/19-19:57:18.401672 1284 [Zonestats:time(s),used_cap(MB),reclaimable_cap(MB), avg_reclaimable(%), active(#), active_zones(#), open_zones(#)] 229 2945 5246 64 11 12 3
2026/04/19-19:57:18.401678 1284 [DEBUG] Syncing metadata for: /db_working_home/000634.sst
2026/04/19-19:57:18.449968 1283 Total Garbage Bytes this interval: 2966233329 bytes
2026/04/19-19:57:18.449986 1283 Cumulative Average Garbage Bytes (over 228 intervals): 1379645042 bytes
2026/04/19-19:57:18.450007 1283 Zone Garbage Stats: [60 12 1 0 0 16 6 10 2 6 9 0 ]
2026/04/19-19:57:18.450011 1283 Total Garbage Bytes: 2966233329 bytes
2026/04/19-19:57:18.453269 1284 [DEBUG] Syncing metadata for: /db_working_home/000634.sst
2026/04/19-19:57:18.453853 1284 [DEBUG] Syncing metadata for: /db_working_home/000634.sst
2026/04/19-19:57:18.454565 1284 [DEBUG] GetFileSize: /db_working_home/000634.sst 
2026/04/19-19:57:18.455720 1284 [DEBUG] New random access file: /db_working_home/000630.sst direct: 1
2026/04/19-19:57:18.455972 1284 [DEBUG] GetFileSize: /db_working_home/000630.sst 
2026/04/19-19:57:18.456179 1284 [DEBUG] New random access file: /db_working_home/000631.sst direct: 1
2026/04/19-19:57:18.456420 1284 [DEBUG] GetFileSize: /db_working_home/000631.sst 
2026/04/19-19:57:18.456563 1284 [DEBUG] New random access file: /db_working_home/000634.sst direct: 1
2026/04/19-19:57:18.456731 1284 [DEBUG] GetFileSize: /db_working_home/000634.sst 
2026/04/19-19:57:18.457657 1284 [DEBUG] Syncing metadata for: /db_working_home/MANIFEST-000194
2026/04/19-19:57:18.463944 1284 [DEBUG] New writable file: /db_working_home/000635.sst direct: 1
2026/04/19-19:57:18.467434 1284 Entering Apply Finish Threshold Function
2026/04/19-19:57:18.467460 1284 [DEBUG] Allocator: avoided a finish by relaxing lifetime diff requirement
2026/04/19-19:57:18.467463 1284 [DEBUG] Allocating zone(new=0) start: 0x218000000 wp: 0x2184e9a00 lt: 5 file lt: 5
2026/04/19-19:57:18.467472 1284 [Zonestats:time(s),used_cap(MB),reclaimable_cap(MB), avg_reclaimable(%), active(#), active_zones(#), open_zones(#)] 229 2950 5369 64 12 12 3
2026/04/19-19:57:18.467478 1284 [DEBUG] Syncing metadata for: /db_working_home/000635.sst
2026/04/19-19:57:19.286700 1284 [DEBUG] Syncing metadata for: /db_working_home/000635.sst
2026/04/19-19:57:19.287283 1284 [DEBUG] Syncing metadata for: /db_working_home/000635.sst
2026/04/19-19:57:19.288049 1284 [DEBUG] GetFileSize: /db_working_home/000635.sst 
2026/04/19-19:57:19.288076 1284 [DEBUG] New writable file: /db_working_home/000636.sst direct: 1
2026/04/19-19:57:19.296677 1284 Entering Apply Finish Threshold Function
2026/04/19-19:57:19.296694 1284 [DEBUG] Allocator: avoided a finish by relaxing lifetime diff requirement
2026/04/19-19:57:19.296697 1284 [DEBUG] Allocating zone(new=0) start: 0x218000000 wp: 0x21c503a00 lt: 5 file lt: 5
2026/04/19-19:57:19.296701 1284 [Zonestats:time(s),used_cap(MB),reclaimable_cap(MB), avg_reclaimable(%), active(#), active_zones(#), open_zones(#)] 230 3020 5299 63 12 12 3
2026/04/19-19:57:19.296705 1284 [DEBUG] Syncing metadata for: /db_working_home/000636.sst
2026/04/19-19:57:19.409203 1284 [DEBUG] Syncing metadata for: /db_working_home/000636.sst
2026/04/19-19:57:19.409876 1284 [DEBUG] Syncing metadata for: /db_working_home/000636.sst
2026/04/19-19:57:19.410691 1284 [DEBUG] GetFileSize: /db_working_home/000636.sst 
2026/04/19-19:57:19.411771 1284 [DEBUG] New random access file: /db_working_home/000635.sst direct: 1
2026/04/19-19:57:19.412031 1284 [DEBUG] GetFileSize: /db_working_home/000635.sst 
2026/04/19-19:57:19.412246 1284 [DEBUG] New random access file: /db_working_home/000636.sst direct: 1
2026/04/19-19:57:19.412448 1284 [DEBUG] GetFileSize: /db_working_home/000636.sst 
2026/04/19-19:57:19.413458 1284 [DEBUG] Syncing metadata for: /db_working_home/MANIFEST-000194
2026/04/19-19:57:19.414337 1284 [DEBUG] DeleteFile: ./db_working_home/000397.sst 
2026/04/19-19:57:19.415058 1284 [Zonestats:time(s),used_cap(MB),reclaimable_cap(MB), avg_reclaimable(%), active(#), active_zones(#), open_zones(#)] 230 2985 5206 63 12 12 2
2026/04/19-19:57:19.415110 1284 [DEBUG] DeleteFile: ./db_working_home/000592.sst 
2026/04/19-19:57:19.415768 1284 [Zonestats:time(s),used_cap(MB),reclaimable_cap(MB), avg_reclaimable(%), active(#), active_zones(#), open_zones(#)] 230 2879 5184 64 12 12 2
2026/04/19-19:57:19.415804 1284 [DEBUG] DeleteFile: ./db_working_home/000629.sst 
2026/04/19-19:57:19.416362 1284 [Zonestats:time(s),used_cap(MB),reclaimable_cap(MB), avg_reclaimable(%), active(#), active_zones(#), open_zones(#)] 230 2879 5184 64 12 12 2
2026/04/19-19:57:19.424657 1284 [DEBUG] New writable file: /db_working_home/000637.sst direct: 1
2026/04/19-19:57:19.430560 1284 Entering Apply Finish Threshold Function
2026/04/19-19:57:19.430574 1284 Finishing zone: Entering Finish()
2026/04/19-19:57:19.450195 1283 Total Garbage Bytes this interval: 2880362807 bytes
2026/04/19-19:57:19.450294 1283 Cumulative Average Garbage Bytes (over 229 intervals): 1386198395 bytes
2026/04/19-19:57:19.450318 1283 Zone Garbage Stats: [62 12 0 0 0 16 6 9 2 6 9 0 ]
2026/04/19-19:57:19.450322 1283 Total Garbage Bytes: 2880362807 bytes
2026/04/19-19:57:19.708202 1282 [DEBUG] New writable file: /db_working_home/000638.log direct: 0
2026/04/19-19:57:19.709267 1285 [DEBUG] New writable file: /db_working_home/000639.sst direct: 1
2026/04/19-19:57:19.712866 1285 Entering Apply Finish Threshold Function
2026/04/19-19:57:19.712890 1285 [DEBUG] Allocating zone(new=0) start: 0x210000000 wp: 0x210f50000 lt: 5 file lt: 3
2026/04/19-19:57:19.712897 1285 [Zonestats:time(s),used_cap(MB),reclaimable_cap(MB), avg_reclaimable(%), active(#), active_zones(#), open_zones(#)] 230 2884 5179 64 12 12 3
2026/04/19-19:57:19.712904 1285 [DEBUG] Syncing metadata for: /db_working_home/000639.sst
2026/04/19-19:57:19.859276 1285 [DEBUG] Syncing metadata for: /db_working_home/000639.sst
2026/04/19-19:57:19.860289 1285 [DEBUG] Syncing metadata for: /db_working_home/000639.sst
2026/04/19-19:57:19.861477 1285 [DEBUG] New random access file: /db_working_home/000639.sst direct: 1
2026/04/19-19:57:19.861655 1285 [DEBUG] GetFileSize: /db_working_home/000639.sst 
2026/04/19-19:57:19.863809 1285 [DEBUG] Syncing metadata for: /db_working_home/MANIFEST-000194
2026/04/19-19:57:19.864668 1285 [DEBUG] GetFileSize: /db_working_home/000639.sst 
2026/04/19-19:57:19.870473 1285 [DEBUG] Syncing metadata for: /db_working_home/000632.log
2026/04/19-19:57:19.871656 1285 [DEBUG] DeleteFile: ./db_working_home/000465.sst 
2026/04/19-19:57:19.872760 1285 [Zonestats:time(s),used_cap(MB),reclaimable_cap(MB), avg_reclaimable(%), active(#), active_zones(#), open_zones(#)] 230 2854 5081 64 12 12 1
2026/04/19-19:57:19.872803 1285 [DEBUG] DeleteFile: ./db_working_home/000632.log 
2026/04/19-19:57:19.873363 1285 [Zonestats:time(s),used_cap(MB),reclaimable_cap(MB), avg_reclaimable(%), active(#), active_zones(#), open_zones(#)] 230 2838 5097 64 12 12 1
2026/04/19-19:57:19.888243 1282 [DEBUG] Allocating zone(new=0) start: 0x1e8000000 wp: 0x1ebe1aa00 lt: 3 file lt: 2
2026/04/19-19:57:19.888254 1282 [DEBUG] Syncing metadata for: /db_working_home/000638.log
2026/04/19-19:57:20.126490 1284 [DEBUG] Allocating zone(new=0) start: 0x210000000 wp: 0x211e9ce00 lt: 5 file lt: 3
2026/04/19-19:57:20.126507 1284 [Zonestats:time(s),used_cap(MB),reclaimable_cap(MB), avg_reclaimable(%), active(#), active_zones(#), open_zones(#)] 231 2842 5093 64 11 11 3
2026/04/19-19:57:20.126516 1284 [DEBUG] Syncing metadata for: /db_working_home/000637.sst
2026/04/19-19:57:20.450510 1283 Total Garbage Bytes this interval: 2831835628 bytes
2026/04/19-19:57:20.450531 1283 Cumulative Average Garbage Bytes (over 230 intervals): 1392483774 bytes
2026/04/19-19:57:20.450553 1283 Zone Garbage Stats: [63 11 0 0 1 16 6 8 2 6 9 0 ]
2026/04/19-19:57:20.450557 1283 Total Garbage Bytes: 2831835628 bytes
2026/04/19-19:57:21.124075 1284 [DEBUG] Syncing metadata for: /db_working_home/000637.sst
2026/04/19-19:57:21.124691 1284 [DEBUG] Syncing metadata for: /db_working_home/000637.sst
2026/04/19-19:57:21.125487 1284 [DEBUG] GetFileSize: /db_working_home/000637.sst 
2026/04/19-19:57:21.125525 1284 [DEBUG] New writable file: /db_working_home/000640.sst direct: 1
2026/04/19-19:57:21.126342 1284 Entering Apply Finish Threshold Function
2026/04/19-19:57:21.126353 1284 Finishing zone: Entering Finish()
2026/04/19-19:57:21.228297 1284 [DEBUG] Allocating zone(new=0) start: 0x208000000 wp: 0x20abc3a00 lt: 5 file lt: 3
2026/04/19-19:57:21.228316 1284 [Zonestats:time(s),used_cap(MB),reclaimable_cap(MB), avg_reclaimable(%), active(#), active_zones(#), open_zones(#)] 232 2939 4996 62 10 10 3
2026/04/19-19:57:21.228325 1284 [DEBUG] Syncing metadata for: /db_working_home/000640.sst
2026/04/19-19:57:21.229442 1284 [DEBUG] Syncing metadata for: /db_working_home/000640.sst
2026/04/19-19:57:21.229982 1284 [DEBUG] Syncing metadata for: /db_working_home/000640.sst
2026/04/19-19:57:21.230693 1284 [DEBUG] GetFileSize: /db_working_home/000640.sst 
2026/04/19-19:57:21.231938 1284 [DEBUG] New random access file: /db_working_home/000637.sst direct: 1
2026/04/19-19:57:21.232334 1284 [DEBUG] GetFileSize: /db_working_home/000637.sst 
2026/04/19-19:57:21.232543 1284 [DEBUG] New random access file: /db_working_home/000640.sst direct: 1
2026/04/19-19:57:21.232711 1284 [DEBUG] GetFileSize: /db_working_home/000640.sst 
2026/04/19-19:57:21.233739 1284 [DEBUG] Syncing metadata for: /db_working_home/MANIFEST-000194
2026/04/19-19:57:21.235370 1284 [DEBUG] Syncing metadata for: /db_working_home/MANIFEST-000194
2026/04/19-19:57:21.236161 1284 [DEBUG] DeleteFile: ./db_working_home/000619.sst 
2026/04/19-19:57:21.236835 1284 [Zonestats:time(s),used_cap(MB),reclaimable_cap(MB), avg_reclaimable(%), active(#), active_zones(#), open_zones(#)] 232 2894 5041 63 10 10 2
2026/04/19-19:57:21.236875 1284 [DEBUG] DeleteFile: ./db_working_home/000621.sst 
2026/04/19-19:57:21.237487 1284 [Zonestats:time(s),used_cap(MB),reclaimable_cap(MB), avg_reclaimable(%), active(#), active_zones(#), open_zones(#)] 232 2879 5056 63 10 10 2
2026/04/19-19:57:21.237520 1284 [DEBUG] DeleteFile: ./db_working_home/000622.sst 
2026/04/19-19:57:21.238120 1284 [Zonestats:time(s),used_cap(MB),reclaimable_cap(MB), avg_reclaimable(%), active(#), active_zones(#), open_zones(#)] 232 2879 5056 63 10 10 2
2026/04/19-19:57:21.238152 1284 [DEBUG] DeleteFile: ./db_working_home/000626.sst 
2026/04/19-19:57:21.238770 1284 [Zonestats:time(s),used_cap(MB),reclaimable_cap(MB), avg_reclaimable(%), active(#), active_zones(#), open_zones(#)] 232 2863 5072 63 10 10 2
2026/04/19-19:57:21.238802 1284 [DEBUG] DeleteFile: ./db_working_home/000633.sst 
2026/04/19-19:57:21.239400 1284 [Zonestats:time(s),used_cap(MB),reclaimable_cap(MB), avg_reclaimable(%), active(#), active_zones(#), open_zones(#)] 232 2848 5087 64 10 10 2
2026/04/19-19:57:21.244926 1284 [DEBUG] New writable file: /db_working_home/000641.sst direct: 1
2026/04/19-19:57:21.248205 1284 Entering Apply Finish Threshold Function
2026/04/19-19:57:21.248229 1284 [DEBUG] Allocating zone(new=0) start: 0x208000000 wp: 0x20abc4a00 lt: 5 file lt: 4
2026/04/19-19:57:21.248236 1284 [Zonestats:time(s),used_cap(MB),reclaimable_cap(MB), avg_reclaimable(%), active(#), active_zones(#), open_zones(#)] 232 2848 5087 64 10 10 3
2026/04/19-19:57:21.248243 1284 [DEBUG] Syncing metadata for: /db_working_home/000641.sst
2026/04/19-19:57:21.450702 1283 Total Garbage Bytes this interval: 2911524944 bytes
2026/04/19-19:57:21.450719 1283 Cumulative Average Garbage Bytes (over 231 intervals): 1399059710 bytes
2026/04/19-19:57:21.450740 1283 Zone Garbage Stats: [63 9 1 0 1 17 6 8 2 6 9 0 ]
2026/04/19-19:57:21.450744 1283 Total Garbage Bytes: 2911524944 bytes
2026/04/19-19:57:21.539891 1282 [DEBUG] New writable file: /db_working_home/000642.log direct: 0
2026/04/19-19:57:21.541218 1285 [DEBUG] New writable file: /db_working_home/000643.sst direct: 1
2026/04/19-19:57:21.548114 1285 Entering Apply Finish Threshold Function
2026/04/19-19:57:21.548140 1285 [DEBUG] Allocating zone(new=0) start: 0x200000000 wp: 0x202c33c00 lt: 5 file lt: 3
2026/04/19-19:57:21.548149 1285 [Zonestats:time(s),used_cap(MB),reclaimable_cap(MB), avg_reclaimable(%), active(#), active_zones(#), open_zones(#)] 232 2851 5084 64 10 10 4
2026/04/19-19:57:21.548156 1285 [DEBUG] Syncing metadata for: /db_working_home/000643.sst
2026/04/19-19:57:21.717120 1285 [DEBUG] Syncing metadata for: /db_working_home/000643.sst
2026/04/19-19:57:21.721842 1285 [DEBUG] Syncing metadata for: /db_working_home/000643.sst
2026/04/19-19:57:21.725750 1285 [DEBUG] New random access file: /db_working_home/000643.sst direct: 1
2026/04/19-19:57:21.725941 1285 [DEBUG] GetFileSize: /db_working_home/000643.sst 
2026/04/19-19:57:21.729237 1285 [DEBUG] Syncing metadata for: /db_working_home/MANIFEST-000194
2026/04/19-19:57:21.729926 1285 [DEBUG] GetFileSize: /db_working_home/000643.sst 
2026/04/19-19:57:21.734699 1285 [DEBUG] Syncing metadata for: /db_working_home/000638.log
2026/04/19-19:57:21.739492 1285 [DEBUG] DeleteFile: ./db_working_home/000638.log 
2026/04/19-19:57:21.743329 1285 [Zonestats:time(s),used_cap(MB),reclaimable_cap(MB), avg_reclaimable(%), active(#), active_zones(#), open_zones(#)] 232 2851 4956 63 9 9 2
2026/04/19-19:57:21.808566 1282 [DEBUG] Allocating zone(new=0) start: 0x200000000 wp: 0x203b81e00 lt: 5 file lt: 2
2026/04/19-19:57:21.808580 1282 [DEBUG] Syncing metadata for: /db_working_home/000642.log
2026/04/19-19:57:22.158029 1284 [DEBUG] Syncing metadata for: /db_working_home/000641.sst
2026/04/19-19:57:22.158620 1284 [DEBUG] Syncing metadata for: /db_working_home/000641.sst
2026/04/19-19:57:22.159336 1284 [DEBUG] GetFileSize: /db_working_home/000641.sst 
2026/04/19-19:57:22.159375 1284 [DEBUG] New writable file: /db_working_home/000644.sst direct: 1
2026/04/19-19:57:22.162600 1284 Entering Apply Finish Threshold Function
2026/04/19-19:57:22.162613 1284 Finishing zone: Entering Finish()
2026/04/19-19:57:22.363614 1284 [DEBUG] Allocating zone(new=0) start: 0x1a8000000 wp: 0x1abcb4e00 lt: 5 file lt: 4
2026/04/19-19:57:22.363633 1284 [Zonestats:time(s),used_cap(MB),reclaimable_cap(MB), avg_reclaimable(%), active(#), active_zones(#), open_zones(#)] 233 2926 4881 62 8 8 3
2026/04/19-19:57:22.363642 1284 [DEBUG] Syncing metadata for: /db_working_home/000644.sst
2026/04/19-19:57:22.450917 1283 Total Garbage Bytes this interval: 2847891024 bytes
2026/04/19-19:57:22.450935 1283 Cumulative Average Garbage Bytes (over 232 intervals): 1405304672 bytes
2026/04/19-19:57:22.450959 1283 Zone Garbage Stats: [64 8 2 0 1 16 6 8 2 6 9 0 ]
2026/04/19-19:57:22.450963 1283 Total Garbage Bytes: 2847891024 bytes
2026/04/19-19:57:22.948176 1284 [DEBUG] Syncing metadata for: /db_working_home/000644.sst
2026/04/19-19:57:22.948763 1284 [DEBUG] Syncing metadata for: /db_working_home/000644.sst
2026/04/19-19:57:22.949484 1284 [DEBUG] GetFileSize: /db_working_home/000644.sst 
2026/04/19-19:57:22.950719 1284 [DEBUG] New random access file: /db_working_home/000641.sst direct: 1
2026/04/19-19:57:22.951015 1284 [DEBUG] GetFileSize: /db_working_home/000641.sst 
2026/04/19-19:57:22.951212 1284 [DEBUG] New random access file: /db_working_home/000644.sst direct: 1
2026/04/19-19:57:22.951542 1284 [DEBUG] GetFileSize: /db_working_home/000644.sst 
2026/04/19-19:57:22.952666 1284 [DEBUG] Syncing metadata for: /db_working_home/MANIFEST-000194
2026/04/19-19:57:22.958957 1284 [DEBUG] New writable file: /db_working_home/000645.sst direct: 1
2026/04/19-19:57:22.961998 1284 Entering Apply Finish Threshold Function
2026/04/19-19:57:22.962011 1284 Finishing zone: Entering Finish()
2026/04/19-19:57:23.139571 1284 [DEBUG] Allocating zone(new=1) start: 0x38000000 wp: 0x38000000 lt: 5 file lt: 5
2026/04/19-19:57:23.139590 1284 [Zonestats:time(s),used_cap(MB),reclaimable_cap(MB), avg_reclaimable(%), active(#), active_zones(#), open_zones(#)] 234 2985 4822 61 7 8 3
2026/04/19-19:57:23.139600 1284 [DEBUG] Syncing metadata for: /db_working_home/000645.sst
2026/04/19-19:57:23.261055 1282 [DEBUG] New writable file: /db_working_home/000646.log direct: 0
2026/04/19-19:57:23.263454 1285 [DEBUG] New writable file: /db_working_home/000647.sst direct: 1
2026/04/19-19:57:23.266775 1285 Entering Apply Finish Threshold Function
2026/04/19-19:57:23.266801 1285 [DEBUG] Allocating zone(new=0) start: 0x190000000 wp: 0x192be2000 lt: 5 file lt: 3
2026/04/19-19:57:23.266809 1285 [Zonestats:time(s),used_cap(MB),reclaimable_cap(MB), avg_reclaimable(%), active(#), active_zones(#), open_zones(#)] 234 2986 4821 61 8 8 4
2026/04/19-19:57:23.266815 1285 [DEBUG] Syncing metadata for: /db_working_home/000647.sst
2026/04/19-19:57:23.439428 1285 [DEBUG] Syncing metadata for: /db_working_home/000647.sst
2026/04/19-19:57:23.444535 1285 [DEBUG] Syncing metadata for: /db_working_home/000647.sst
2026/04/19-19:57:23.447536 1285 [DEBUG] New random access file: /db_working_home/000647.sst direct: 1
2026/04/19-19:57:23.447729 1285 [DEBUG] GetFileSize: /db_working_home/000647.sst 
2026/04/19-19:57:23.449971 1285 [DEBUG] Syncing metadata for: /db_working_home/MANIFEST-000194
2026/04/19-19:57:23.450806 1285 [DEBUG] GetFileSize: /db_working_home/000647.sst 
2026/04/19-19:57:23.451065 1283 Total Garbage Bytes this interval: 2911525831 bytes
2026/04/19-19:57:23.451087 1283 Cumulative Average Garbage Bytes (over 233 intervals): 1411769141 bytes
2026/04/19-19:57:23.451107 1283 Zone Garbage Stats: [63 8 2 0 1 16 7 8 2 6 9 0 ]
2026/04/19-19:57:23.451111 1283 Total Garbage Bytes: 2911525831 bytes
2026/04/19-19:57:23.462267 1285 [DEBUG] Syncing metadata for: /db_working_home/000642.log
2026/04/19-19:57:23.465836 1285 [DEBUG] DeleteFile: ./db_working_home/000612.sst 
2026/04/19-19:57:23.466525 1285 [Zonestats:time(s),used_cap(MB),reclaimable_cap(MB), avg_reclaimable(%), active(#), active_zones(#), open_zones(#)] 234 2969 4710 61 8 8 2
2026/04/19-19:57:23.466571 1285 [DEBUG] DeleteFile: ./db_working_home/000637.sst 
2026/04/19-19:57:23.467137 1285 [Zonestats:time(s),used_cap(MB),reclaimable_cap(MB), avg_reclaimable(%), active(#), active_zones(#), open_zones(#)] 234 2880 4799 62 8 8 2
2026/04/19-19:57:23.467170 1285 [DEBUG] DeleteFile: ./db_working_home/000642.log 
2026/04/19-19:57:23.467794 1285 [Zonestats:time(s),used_cap(MB),reclaimable_cap(MB), avg_reclaimable(%), active(#), active_zones(#), open_zones(#)] 234 2864 4815 62 8 8 2
2026/04/19-19:57:23.512936 1282 [DEBUG] Allocating zone(new=0) start: 0x200000000 wp: 0x204b1aa00 lt: 5 file lt: 2
2026/04/19-19:57:23.512950 1282 [DEBUG] Syncing metadata for: /db_working_home/000646.log
2026/04/19-19:57:24.451220 1283 Total Garbage Bytes this interval: 2945404662 bytes
2026/04/19-19:57:24.451345 1283 Cumulative Average Garbage Bytes (over 234 intervals): 1418323139 bytes
2026/04/19-19:57:24.451369 1283 Zone Garbage Stats: [64 8 1 0 1 16 7 8 1 7 9 0 ]
2026/04/19-19:57:24.451373 1283 Total Garbage Bytes: 2945404662 bytes
2026/04/19-19:57:24.690471 1284 [DEBUG] Syncing metadata for: /db_working_home/000645.sst
2026/04/19-19:57:24.691062 1284 [DEBUG] Syncing metadata for: /db_working_home/000645.sst
2026/04/19-19:57:24.691803 1284 [DEBUG] GetFileSize: /db_working_home/000645.sst 
2026/04/19-19:57:24.693031 1284 [DEBUG] New random access file: /db_working_home/000645.sst direct: 1
2026/04/19-19:57:24.693371 1284 [DEBUG] GetFileSize: /db_working_home/000645.sst 
2026/04/19-19:57:24.694394 1284 [DEBUG] Syncing metadata for: /db_working_home/MANIFEST-000194
2026/04/19-19:57:24.700569 1284 [DEBUG] New writable file: /db_working_home/000648.sst direct: 1
2026/04/19-19:57:24.706512 1284 Entering Apply Finish Threshold Function
2026/04/19-19:57:24.706524 1284 Finishing zone: Entering Finish()
2026/04/19-19:57:24.804317 1284 [DEBUG] Allocating zone(new=0) start: 0x190000000 wp: 0x193b30600 lt: 5 file lt: 3
2026/04/19-19:57:24.804337 1284 [Zonestats:time(s),used_cap(MB),reclaimable_cap(MB), avg_reclaimable(%), active(#), active_zones(#), open_zones(#)] 235 2995 4812 61 7 7 3
2026/04/19-19:57:24.804348 1284 [DEBUG] Syncing metadata for: /db_working_home/000648.sst
2026/04/19-19:57:25.269364 1282 [DEBUG] New writable file: /db_working_home/000649.log direct: 0
2026/04/19-19:57:25.270443 1285 [DEBUG] New writable file: /db_working_home/000650.sst direct: 1
2026/04/19-19:57:25.280303 1285 Entering Apply Finish Threshold Function
2026/04/19-19:57:25.280330 1285 [DEBUG] Allocating zone(new=0) start: 0x130000000 wp: 0x1341f5a00 lt: 5 file lt: 3
2026/04/19-19:57:25.280339 1285 [Zonestats:time(s),used_cap(MB),reclaimable_cap(MB), avg_reclaimable(%), active(#), active_zones(#), open_zones(#)] 236 2999 4808 61 7 7 4
2026/04/19-19:57:25.280346 1285 [DEBUG] Syncing metadata for: /db_working_home/000650.sst
2026/04/19-19:57:25.338052 1284 [DEBUG] Syncing metadata for: /db_working_home/000648.sst
2026/04/19-19:57:25.345964 1284 [DEBUG] Syncing metadata for: /db_working_home/000648.sst
2026/04/19-19:57:25.346700 1284 [DEBUG] GetFileSize: /db_working_home/000648.sst 
2026/04/19-19:57:25.346736 1284 [DEBUG] New writable file: /db_working_home/000651.sst direct: 1
2026/04/19-19:57:25.347536 1284 Entering Apply Finish Threshold Function
2026/04/19-19:57:25.347546 1284 Finishing zone: Entering Finish()
2026/04/19-19:57:25.444891 1285 [DEBUG] Syncing metadata for: /db_working_home/000650.sst
2026/04/19-19:57:25.445905 1285 [DEBUG] Syncing metadata for: /db_working_home/000650.sst
2026/04/19-19:57:25.447132 1285 [DEBUG] New random access file: /db_working_home/000650.sst direct: 1
2026/04/19-19:57:25.447807 1285 [DEBUG] GetFileSize: /db_working_home/000650.sst 
2026/04/19-19:57:25.449958 1282 [DEBUG] Allocating zone(new=0) start: 0x130000000 wp: 0x135148200 lt: 5 file lt: 2
2026/04/19-19:57:25.449972 1282 [DEBUG] Syncing metadata for: /db_working_home/000649.log
2026/04/19-19:57:25.450291 1285 [DEBUG] Syncing metadata for: /db_working_home/MANIFEST-000194
2026/04/19-19:57:25.451470 1283 Total Garbage Bytes this interval: 2945404305 bytes
2026/04/19-19:57:25.451478 1283 Cumulative Average Garbage Bytes (over 235 intervals): 1424821357 bytes
2026/04/19-19:57:25.451496 1283 Zone Garbage Stats: [64 7 1 0 1 16 7 8 1 7 9 0 ]
2026/04/19-19:57:25.451500 1283 Total Garbage Bytes: 2945404305 bytes
2026/04/19-19:57:25.451823 1285 [DEBUG] GetFileSize: /db_working_home/000650.sst 
2026/04/19-19:57:25.459890 1285 [DEBUG] Syncing metadata for: /db_working_home/000646.log
2026/04/19-19:57:25.464570 1285 [DEBUG] DeleteFile: ./db_working_home/000603.sst 
2026/04/19-19:57:25.465529 1285 [Zonestats:time(s),used_cap(MB),reclaimable_cap(MB), avg_reclaimable(%), active(#), active_zones(#), open_zones(#)] 236 3003 4676 60 7 7 2
2026/04/19-19:57:25.465573 1285 [DEBUG] DeleteFile: ./db_working_home/000641.sst 
2026/04/19-19:57:25.466135 1285 [Zonestats:time(s),used_cap(MB),reclaimable_cap(MB), avg_reclaimable(%), active(#), active_zones(#), open_zones(#)] 236 2936 4743 61 7 7 2
2026/04/19-19:57:25.466168 1285 [DEBUG] DeleteFile: ./db_working_home/000646.log 
2026/04/19-19:57:25.467219 1285 [Zonestats:time(s),used_cap(MB),reclaimable_cap(MB), avg_reclaimable(%), active(#), active_zones(#), open_zones(#)] 236 2920 4759 61 7 7 2
2026/04/19-19:57:25.705829 1284 Finishing zone: Entering Finish()
2026/04/19-19:57:26.147406 1284 [DEBUG] Allocating zone(new=0) start: 0x118000000 wp: 0x11c288e00 lt: 5 file lt: 3
2026/04/19-19:57:26.147425 1284 [Zonestats:time(s),used_cap(MB),reclaimable_cap(MB), avg_reclaimable(%), active(#), active_zones(#), open_zones(#)] 237 2931 4748 61 5 5 3
2026/04/19-19:57:26.147435 1284 [DEBUG] Syncing metadata for: /db_working_home/000651.sst
2026/04/19-19:57:26.148612 1284 [DEBUG] Syncing metadata for: /db_working_home/000651.sst
2026/04/19-19:57:26.149296 1284 [DEBUG] Syncing metadata for: /db_working_home/000651.sst
2026/04/19-19:57:26.150133 1284 [DEBUG] GetFileSize: /db_working_home/000651.sst 
2026/04/19-19:57:26.151275 1284 [DEBUG] New random access file: /db_working_home/000648.sst direct: 1
2026/04/19-19:57:26.151491 1284 [DEBUG] GetFileSize: /db_working_home/000648.sst 
2026/04/19-19:57:26.151679 1284 [DEBUG] New random access file: /db_working_home/000651.sst direct: 1
2026/04/19-19:57:26.151946 1284 [DEBUG] GetFileSize: /db_working_home/000651.sst 
2026/04/19-19:57:26.153020 1284 [DEBUG] Syncing metadata for: /db_working_home/MANIFEST-000194
2026/04/19-19:57:26.159185 1284 [DEBUG] New writable file: /db_working_home/000652.sst direct: 1
2026/04/19-19:57:26.162505 1284 Entering Apply Finish Threshold Function
2026/04/19-19:57:26.162531 1284 [DEBUG] Allocating zone(new=1) start: 0xb8000000 wp: 0xb8000000 lt: 5 file lt: 5
2026/04/19-19:57:26.162538 1284 [Zonestats:time(s),used_cap(MB),reclaimable_cap(MB), avg_reclaimable(%), active(#), active_zones(#), open_zones(#)] 237 2931 4748 61 5 6 3
2026/04/19-19:57:26.162544 1284 [DEBUG] Syncing metadata for: /db_working_home/000652.sst
2026/04/19-19:57:26.451607 1283 Total Garbage Bytes this interval: 3016607487 bytes
2026/04/19-19:57:26.451625 1283 Cumulative Average Garbage Bytes (over 236 intervals): 1431566213 bytes
2026/04/19-19:57:26.451646 1283 Zone Garbage Stats: [64 7 1 0 1 16 7 9 1 7 9 0 ]
2026/04/19-19:57:26.451650 1283 Total Garbage Bytes: 3016607487 bytes
2026/04/19-19:57:26.514121 1282 [DEBUG] New writable file: /db_working_home/000653.log direct: 0
2026/04/19-19:57:26.515096 1285 [DEBUG] New writable file: /db_working_home/000654.sst direct: 1
2026/04/19-19:57:26.521647 1285 Entering Apply Finish Threshold Function
2026/04/19-19:57:26.521673 1285 [DEBUG] Allocating zone(new=0) start: 0x118000000 wp: 0x11c289800 lt: 5 file lt: 3
2026/04/19-19:57:26.521682 1285 [Zonestats:time(s),used_cap(MB),reclaimable_cap(MB), avg_reclaimable(%), active(#), active_zones(#), open_zones(#)] 237 2934 4745 61 6 6 4
2026/04/19-19:57:26.521689 1285 [DEBUG] Syncing metadata for: /db_working_home/000654.sst
2026/04/19-19:57:26.690861 1285 [DEBUG] Syncing metadata for: /db_working_home/000654.sst
2026/04/19-19:57:26.691984 1285 [DEBUG] Syncing metadata for: /db_working_home/000654.sst
2026/04/19-19:57:26.692644 1285 [DEBUG] New random access file: /db_working_home/000654.sst direct: 1
2026/04/19-19:57:26.693444 1285 [DEBUG] GetFileSize: /db_working_home/000654.sst 
2026/04/19-19:57:26.695782 1285 [DEBUG] Syncing metadata for: /db_working_home/MANIFEST-000194
2026/04/19-19:57:26.700342 1285 [DEBUG] GetFileSize: /db_working_home/000654.sst 
2026/04/19-19:57:26.712866 1285 [DEBUG] Syncing metadata for: /db_working_home/000649.log
2026/04/19-19:57:26.716398 1285 [DEBUG] DeleteFile: ./db_working_home/000639.sst 
2026/04/19-19:57:26.717617 1285 [Zonestats:time(s),used_cap(MB),reclaimable_cap(MB), avg_reclaimable(%), active(#), active_zones(#), open_zones(#)] 237 2935 4616 61 6 6 2
2026/04/19-19:57:26.717661 1285 [DEBUG] DeleteFile: ./db_working_home/000643.sst 
2026/04/19-19:57:26.719803 1285 [Zonestats:time(s),used_cap(MB),reclaimable_cap(MB), avg_reclaimable(%), active(#), active_zones(#), open_zones(#)] 237 2919 4632 61 6 6 2
2026/04/19-19:57:26.719857 1285 [DEBUG] DeleteFile: ./db_working_home/000647.sst 
2026/04/19-19:57:26.720442 1285 [Zonestats:time(s),used_cap(MB),reclaimable_cap(MB), avg_reclaimable(%), active(#), active_zones(#), open_zones(#)] 237 2904 4647 61 6 6 2
2026/04/19-19:57:26.720475 1285 [DEBUG] DeleteFile: ./db_working_home/000649.log 
2026/04/19-19:57:26.721208 1285 [Zonestats:time(s),used_cap(MB),reclaimable_cap(MB), avg_reclaimable(%), active(#), active_zones(#), open_zones(#)] 237 2888 4663 61 6 6 2
2026/04/19-19:57:26.767562 1282 [DEBUG] Allocating zone(new=0) start: 0x130000000 wp: 0x1360e0a00 lt: 5 file lt: 2
2026/04/19-19:57:26.767575 1282 [DEBUG] Syncing metadata for: /db_working_home/000653.log
2026/04/19-19:57:26.826135 1284 [DEBUG] Syncing metadata for: /db_working_home/000652.sst
2026/04/19-19:57:26.826718 1284 [DEBUG] Syncing metadata for: /db_working_home/000652.sst
2026/04/19-19:57:26.827564 1284 [DEBUG] GetFileSize: /db_working_home/000652.sst 
2026/04/19-19:57:26.827601 1284 [DEBUG] New writable file: /db_working_home/000655.sst direct: 1
2026/04/19-19:57:26.833337 1284 Entering Apply Finish Threshold Function
2026/04/19-19:57:26.833349 1284 Finishing zone: Entering Finish()
2026/04/19-19:57:27.385723 1284 [DEBUG] Allocating zone(new=1) start: 0x1b0000000 wp: 0x1b0000000 lt: 5 file lt: 5
2026/04/19-19:57:27.385742 1284 [Zonestats:time(s),used_cap(MB),reclaimable_cap(MB), avg_reclaimable(%), active(#), active_zones(#), open_zones(#)] 238 2946 4733 61 5 6 3
2026/04/19-19:57:27.385753 1284 [DEBUG] Syncing metadata for: /db_working_home/000655.sst
2026/04/19-19:57:27.451837 1283 Total Garbage Bytes this interval: 2939281660 bytes
2026/04/19-19:57:27.451856 1283 Cumulative Average Garbage Bytes (over 237 intervals): 1437927882 bytes
2026/04/19-19:57:27.451877 1283 Zone Garbage Stats: [64 7 0 0 3 16 6 10 1 6 9 0 ]
2026/04/19-19:57:27.451882 1283 Total Garbage Bytes: 2939281660 bytes
2026/04/19-19:57:27.979703 1284 [DEBUG] Syncing metadata for: /db_working_home/000655.sst
2026/04/19-19:57:27.980344 1284 [DEBUG] Syncing metadata for: /db_working_home/000655.sst
2026/04/19-19:57:27.981059 1284 [DEBUG] GetFileSize: /db_working_home/000655.sst 
2026/04/19-19:57:27.981107 1284 [DEBUG] New writable file: /db_working_home/000656.sst direct: 1
2026/04/19-19:57:27.984321 1284 Entering Apply Finish Threshold Function
2026/04/19-19:57:27.984350 1284 [DEBUG] Allocating zone(new=1) start: 0x1e8000000 wp: 0x1e8000000 lt: 5 file lt: 5
2026/04/19-19:57:27.984358 1284 [Zonestats:time(s),used_cap(MB),reclaimable_cap(MB), avg_reclaimable(%), active(#), active_zones(#), open_zones(#)] 238 3003 4804 61 6 7 3
2026/04/19-19:57:27.984365 1284 [DEBUG] Syncing metadata for: /db_working_home/000656.sst
2026/04/19-19:57:27.997233 1282 [DEBUG] New writable file: /db_working_home/000657.log direct: 0
2026/04/19-19:57:27.998205 1285 [DEBUG] New writable file: /db_working_home/000658.sst direct: 1
2026/04/19-19:57:28.005195 1285 Entering Apply Finish Threshold Function
2026/04/19-19:57:28.005222 1285 [DEBUG] Allocating zone(new=0) start: 0x1b0000000 wp: 0x1b3505c00 lt: 5 file lt: 3
2026/04/19-19:57:28.005231 1285 [Zonestats:time(s),used_cap(MB),reclaimable_cap(MB), avg_reclaimable(%), active(#), active_zones(#), open_zones(#)] 239 3003 4804 61 7 7 4
2026/04/19-19:57:28.005237 1285 [DEBUG] Syncing metadata for: /db_working_home/000658.sst
2026/04/19-19:57:28.175487 1285 [DEBUG] Syncing metadata for: /db_working_home/000658.sst
2026/04/19-19:57:28.177956 1285 [DEBUG] Syncing metadata for: /db_working_home/000658.sst
2026/04/19-19:57:28.178658 1285 [DEBUG] New random access file: /db_working_home/000658.sst direct: 1
2026/04/19-19:57:28.182902 1285 [DEBUG] GetFileSize: /db_working_home/000658.sst 
2026/04/19-19:57:28.186627 1285 [DEBUG] Syncing metadata for: /db_working_home/MANIFEST-000194
2026/04/19-19:57:28.187424 1285 [DEBUG] GetFileSize: /db_working_home/000658.sst 
2026/04/19-19:57:28.196939 1285 [DEBUG] Syncing metadata for: /db_working_home/000653.log
2026/04/19-19:57:28.201043 1285 [DEBUG] DeleteFile: ./db_working_home/000653.log 
2026/04/19-19:57:28.203497 1285 [Zonestats:time(s),used_cap(MB),reclaimable_cap(MB), avg_reclaimable(%), active(#), active_zones(#), open_zones(#)] 239 3004 4803 61 7 7 2
2026/04/19-19:57:28.246173 1282 [DEBUG] Allocating zone(new=0) start: 0x1b0000000 wp: 0x1b4459c00 lt: 5 file lt: 2
2026/04/19-19:57:28.246185 1282 [DEBUG] Syncing metadata for: /db_working_home/000657.log
2026/04/19-19:57:28.452054 1283 Total Garbage Bytes this interval: 2971990272 bytes
2026/04/19-19:57:28.452068 1283 Cumulative Average Garbage Bytes (over 238 intervals): 1444373522 bytes
2026/04/19-19:57:28.452098 1283 Zone Garbage Stats: [63 7 0 1 3 16 6 10 1 6 9 0 ]
2026/04/19-19:57:28.452102 1283 Total Garbage Bytes: 2971990272 bytes
2026/04/19-19:57:28.641388 1284 [DEBUG] Syncing metadata for: /db_working_home/000656.sst
2026/04/19-19:57:28.641970 1284 [DEBUG] Syncing metadata for: /db_working_home/000656.sst
2026/04/19-19:57:28.642782 1284 [DEBUG] GetFileSize: /db_working_home/000656.sst 
2026/04/19-19:57:28.642819 1284 [DEBUG] New writable file: /db_working_home/000659.sst direct: 1
2026/04/19-19:57:28.645927 1284 Entering Apply Finish Threshold Function
2026/04/19-19:57:28.645938 1284 Finishing zone: Entering Finish()
2026/04/19-19:57:28.830457 1284 [DEBUG] Allocating zone(new=1) start: 0x1f0000000 wp: 0x1f0000000 lt: 5 file lt: 5
2026/04/19-19:57:28.830474 1284 [Zonestats:time(s),used_cap(MB),reclaimable_cap(MB), avg_reclaimable(%), active(#), active_zones(#), open_zones(#)] 239 3056 4879 61 6 7 3
2026/04/19-19:57:28.830484 1284 [DEBUG] Syncing metadata for: /db_working_home/000659.sst
2026/04/19-19:57:29.441232 1284 [DEBUG] Syncing metadata for: /db_working_home/000659.sst
2026/04/19-19:57:29.444791 1284 [DEBUG] Syncing metadata for: /db_working_home/000659.sst
2026/04/19-19:57:29.445536 1284 [DEBUG] GetFileSize: /db_working_home/000659.sst 
2026/04/19-19:57:29.445575 1284 [DEBUG] New writable file: /db_working_home/000660.sst direct: 1
2026/04/19-19:57:29.451611 1284 Entering Apply Finish Threshold Function
2026/04/19-19:57:29.451711 1284 [DEBUG] Allocating zone(new=1) start: 0x1f8000000 wp: 0x1f8000000 lt: 5 file lt: 5
2026/04/19-19:57:29.451720 1284 [Zonestats:time(s),used_cap(MB),reclaimable_cap(MB), avg_reclaimable(%), active(#), active_zones(#), open_zones(#)] 240 3115 4948 61 7 8 3
2026/04/19-19:57:29.451727 1284 [DEBUG] Syncing metadata for: /db_working_home/000660.sst
2026/04/19-19:57:29.452281 1283 Total Garbage Bytes this interval: 2971990787 bytes
2026/04/19-19:57:29.452298 1283 Cumulative Average Garbage Bytes (over 239 intervals): 1450765226 bytes
2026/04/19-19:57:29.452338 1283 Zone Garbage Stats: [61 9 0 0 4 16 6 10 1 6 9 0 ]
2026/04/19-19:57:29.452343 1283 Total Garbage Bytes: 2971990787 bytes
2026/04/19-19:57:29.901823 1284 [DEBUG] Syncing metadata for: /db_working_home/000660.sst
2026/04/19-19:57:29.902414 1284 [DEBUG] Syncing metadata for: /db_working_home/000660.sst
2026/04/19-19:57:29.903252 1284 [DEBUG] GetFileSize: /db_working_home/000660.sst 
2026/04/19-19:57:29.904263 1284 [DEBUG] New random access file: /db_working_home/000652.sst direct: 1
2026/04/19-19:57:29.904475 1284 [DEBUG] GetFileSize: /db_working_home/000652.sst 
2026/04/19-19:57:29.904660 1284 [DEBUG] New random access file: /db_working_home/000655.sst direct: 1
2026/04/19-19:57:29.904901 1284 [DEBUG] GetFileSize: /db_working_home/000655.sst 
2026/04/19-19:57:29.905046 1284 [DEBUG] New random access file: /db_working_home/000656.sst direct: 1
2026/04/19-19:57:29.905255 1284 [DEBUG] GetFileSize: /db_working_home/000656.sst 
2026/04/19-19:57:29.905398 1284 [DEBUG] New random access file: /db_working_home/000659.sst direct: 1
2026/04/19-19:57:29.905633 1284 [DEBUG] GetFileSize: /db_working_home/000659.sst 
2026/04/19-19:57:29.905775 1284 [DEBUG] New random access file: /db_working_home/000660.sst direct: 1
2026/04/19-19:57:29.905957 1284 [DEBUG] GetFileSize: /db_working_home/000660.sst 
2026/04/19-19:57:29.906965 1284 [DEBUG] Syncing metadata for: /db_working_home/MANIFEST-000194
2026/04/19-19:57:29.908453 1284 [DEBUG] Syncing metadata for: /db_working_home/MANIFEST-000194
2026/04/19-19:57:29.909227 1284 [DEBUG] DeleteFile: ./db_working_home/000623.sst 
2026/04/19-19:57:29.909944 1284 [Zonestats:time(s),used_cap(MB),reclaimable_cap(MB), avg_reclaimable(%), active(#), active_zones(#), open_zones(#)] 240 3114 4949 61 7 7 2
2026/04/19-19:57:29.909987 1284 [DEBUG] DeleteFile: ./db_working_home/000627.sst 
2026/04/19-19:57:29.910653 1284 [Zonestats:time(s),used_cap(MB),reclaimable_cap(MB), avg_reclaimable(%), active(#), active_zones(#), open_zones(#)] 240 3070 4865 61 7 7 2
2026/04/19-19:57:29.910685 1284 [DEBUG] DeleteFile: ./db_working_home/000628.sst 
2026/04/19-19:57:29.911239 1284 [Zonestats:time(s),used_cap(MB),reclaimable_cap(MB), avg_reclaimable(%), active(#), active_zones(#), open_zones(#)] 240 3026 4909 61 7 7 2
2026/04/19-19:57:29.911271 1284 [DEBUG] DeleteFile: ./db_working_home/000645.sst 
2026/04/19-19:57:29.911949 1284 [Zonestats:time(s),used_cap(MB),reclaimable_cap(MB), avg_reclaimable(%), active(#), active_zones(#), open_zones(#)] 240 2907 4900 62 7 7 2
2026/04/19-19:57:29.922881 1284 [DEBUG] New writable file: /db_working_home/000661.sst direct: 1
2026/04/19-19:57:29.926333 1284 Entering Apply Finish Threshold Function
2026/04/19-19:57:29.926358 1284 [DEBUG] Allocating zone(new=0) start: 0x1f8000000 wp: 0x1fa8eb600 lt: 5 file lt: 3
2026/04/19-19:57:29.926395 1284 [Zonestats:time(s),used_cap(MB),reclaimable_cap(MB), avg_reclaimable(%), active(#), active_zones(#), open_zones(#)] 240 2907 4900 62 7 7 3
2026/04/19-19:57:29.926402 1284 [DEBUG] Syncing metadata for: /db_working_home/000661.sst
2026/04/19-19:57:30.341451 1282 [DEBUG] New writable file: /db_working_home/000662.log direct: 0
2026/04/19-19:57:30.342679 1285 [DEBUG] New writable file: /db_working_home/000663.sst direct: 1
2026/04/19-19:57:30.347074 1285 Entering Apply Finish Threshold Function
2026/04/19-19:57:30.347110 1285 [DEBUG] Allocating zone(new=0) start: 0x1f0000000 wp: 0x1f36b9200 lt: 5 file lt: 3
2026/04/19-19:57:30.347119 1285 [Zonestats:time(s),used_cap(MB),reclaimable_cap(MB), avg_reclaimable(%), active(#), active_zones(#), open_zones(#)] 241 2910 4897 62 7 7 4
2026/04/19-19:57:30.347126 1285 [DEBUG] Syncing metadata for: /db_working_home/000663.sst
2026/04/19-19:57:30.452517 1283 Total Garbage Bytes this interval: 2969123260 bytes
2026/04/19-19:57:30.452535 1283 Cumulative Average Garbage Bytes (over 240 intervals): 1457091718 bytes
2026/04/19-19:57:30.452556 1283 Zone Garbage Stats: [64 6 0 0 4 16 6 8 1 6 10 0 ]
2026/04/19-19:57:30.452560 1283 Total Garbage Bytes: 2969123260 bytes
2026/04/19-19:57:30.558891 1285 [DEBUG] Syncing metadata for: /db_working_home/000663.sst
2026/04/19-19:57:30.561268 1285 [DEBUG] Syncing metadata for: /db_working_home/000663.sst
2026/04/19-19:57:30.561930 1285 [DEBUG] New random access file: /db_working_home/000663.sst direct: 1
2026/04/19-19:57:30.562122 1285 [DEBUG] GetFileSize: /db_working_home/000663.sst 
2026/04/19-19:57:30.565488 1285 [DEBUG] Syncing metadata for: /db_working_home/MANIFEST-000194
2026/04/19-19:57:30.573191 1285 [DEBUG] GetFileSize: /db_working_home/000663.sst 
2026/04/19-19:57:30.585410 1285 [DEBUG] Syncing metadata for: /db_working_home/000657.log
2026/04/19-19:57:30.586115 1285 [DEBUG] DeleteFile: ./db_working_home/000657.log 
2026/04/19-19:57:30.586709 1285 [Zonestats:time(s),used_cap(MB),reclaimable_cap(MB), avg_reclaimable(%), active(#), active_zones(#), open_zones(#)] 241 2910 4897 62 7 7 2
2026/04/19-19:57:30.611122 1284 [DEBUG] Syncing metadata for: /db_working_home/000661.sst
2026/04/19-19:57:30.611709 1284 [DEBUG] Syncing metadata for: /db_working_home/000661.sst
2026/04/19-19:57:30.612422 1284 [DEBUG] GetFileSize: /db_working_home/000661.sst 
2026/04/19-19:57:30.612460 1284 [DEBUG] New writable file: /db_working_home/000664.sst direct: 1
2026/04/19-19:57:30.618430 1284 Entering Apply Finish Threshold Function
2026/04/19-19:57:30.618444 1284 Finishing zone: Entering Finish()
2026/04/19-19:57:30.630539 1282 [DEBUG] Allocating zone(new=0) start: 0x1f8000000 wp: 0x1fde88600 lt: 5 file lt: 2
2026/04/19-19:57:30.630552 1282 [DEBUG] Syncing metadata for: /db_working_home/000662.log
2026/04/19-19:57:31.138488 1284 [DEBUG] Allocating zone(new=0) start: 0x1f0000000 wp: 0x1f4609a00 lt: 5 file lt: 3
2026/04/19-19:57:31.138504 1284 [Zonestats:time(s),used_cap(MB),reclaimable_cap(MB), avg_reclaimable(%), active(#), active_zones(#), open_zones(#)] 242 2972 4835 61 6 6 3
2026/04/19-19:57:31.138514 1284 [DEBUG] Syncing metadata for: /db_working_home/000664.sst
2026/04/19-19:57:31.452754 1283 Total Garbage Bytes this interval: 2985478920 bytes
2026/04/19-19:57:31.452773 1283 Cumulative Average Garbage Bytes (over 241 intervals): 1463433573 bytes
2026/04/19-19:57:31.452806 1283 Zone Garbage Stats: [64 6 0 0 4 17 6 8 1 6 10 0 ]
2026/04/19-19:57:31.452810 1283 Total Garbage Bytes: 2985478920 bytes
2026/04/19-19:57:31.536804 1284 [DEBUG] Syncing metadata for: /db_working_home/000664.sst
2026/04/19-19:57:31.537403 1284 [DEBUG] Syncing metadata for: /db_working_home/000664.sst
2026/04/19-19:57:31.538249 1284 [DEBUG] GetFileSize: /db_working_home/000664.sst 
2026/04/19-19:57:31.539754 1284 [DEBUG] New random access file: /db_working_home/000661.sst direct: 1
2026/04/19-19:57:31.540055 1284 [DEBUG] GetFileSize: /db_working_home/000661.sst 
2026/04/19-19:57:31.540250 1284 [DEBUG] New random access file: /db_working_home/000664.sst direct: 1
2026/04/19-19:57:31.540468 1284 [DEBUG] GetFileSize: /db_working_home/000664.sst 
2026/04/19-19:57:31.541452 1284 [DEBUG] Syncing metadata for: /db_working_home/MANIFEST-000194
2026/04/19-19:57:31.543017 1284 [DEBUG] Syncing metadata for: /db_working_home/MANIFEST-000194
2026/04/19-19:57:31.543859 1284 [DEBUG] DeleteFile: ./db_working_home/000648.sst 
2026/04/19-19:57:31.544445 1284 [Zonestats:time(s),used_cap(MB),reclaimable_cap(MB), avg_reclaimable(%), active(#), active_zones(#), open_zones(#)] 242 2965 4842 62 6 6 2
2026/04/19-19:57:31.544489 1284 [DEBUG] DeleteFile: ./db_working_home/000650.sst 
2026/04/19-19:57:31.545106 1284 [Zonestats:time(s),used_cap(MB),reclaimable_cap(MB), avg_reclaimable(%), active(#), active_zones(#), open_zones(#)] 242 2949 4858 62 6 6 2
2026/04/19-19:57:31.545143 1284 [DEBUG] DeleteFile: ./db_working_home/000654.sst 
2026/04/19-19:57:31.545747 1284 [Zonestats:time(s),used_cap(MB),reclaimable_cap(MB), avg_reclaimable(%), active(#), active_zones(#), open_zones(#)] 242 2934 4873 62 6 6 2
2026/04/19-19:57:31.545782 1284 [DEBUG] DeleteFile: ./db_working_home/000658.sst 
2026/04/19-19:57:31.546343 1284 [Zonestats:time(s),used_cap(MB),reclaimable_cap(MB), avg_reclaimable(%), active(#), active_zones(#), open_zones(#)] 242 2919 4888 62 6 6 2
2026/04/19-19:57:31.547292 1284 [DEBUG] Syncing metadata for: /db_working_home/MANIFEST-000194
2026/04/19-19:57:31.553266 1284 [DEBUG] New writable file: /db_working_home/000665.sst direct: 1
2026/04/19-19:57:31.556791 1284 Entering Apply Finish Threshold Function
2026/04/19-19:57:31.556804 1284 Finishing zone: Entering Finish()
2026/04/19-19:57:31.733329 1282 [DEBUG] New writable file: /db_working_home/000666.log direct: 0
2026/04/19-19:57:31.734438 1285 [DEBUG] New writable file: /db_working_home/000667.sst direct: 1
2026/04/19-19:57:31.737989 1285 Entering Apply Finish Threshold Function
2026/04/19-19:57:31.738014 1285 [DEBUG] Allocating zone(new=0) start: 0x1e8000000 wp: 0x1eaea3800 lt: 5 file lt: 3
2026/04/19-19:57:31.738022 1285 [Zonestats:time(s),used_cap(MB),reclaimable_cap(MB), avg_reclaimable(%), active(#), active_zones(#), open_zones(#)] 242 2923 4884 62 6 6 3
2026/04/19-19:57:31.738028 1285 [DEBUG] Syncing metadata for: /db_working_home/000667.sst
2026/04/19-19:57:31.886604 1285 [DEBUG] Syncing metadata for: /db_working_home/000667.sst
2026/04/19-19:57:31.887180 1285 [DEBUG] Syncing metadata for: /db_working_home/000667.sst
2026/04/19-19:57:31.888365 1285 [DEBUG] New random access file: /db_working_home/000667.sst direct: 1
2026/04/19-19:57:31.888955 1285 [DEBUG] GetFileSize: /db_working_home/000667.sst 
2026/04/19-19:57:31.889078 1282 [DEBUG] Allocating zone(new=0) start: 0x1e8000000 wp: 0x1ebdf4000 lt: 5 file lt: 2
2026/04/19-19:57:31.889101 1282 [DEBUG] Syncing metadata for: /db_working_home/000666.log
2026/04/19-19:57:31.894643 1285 [DEBUG] Syncing metadata for: /db_working_home/MANIFEST-000194
2026/04/19-19:57:31.899120 1285 [DEBUG] GetFileSize: /db_working_home/000667.sst 
2026/04/19-19:57:31.904156 1285 [DEBUG] Syncing metadata for: /db_working_home/000662.log
2026/04/19-19:57:31.905273 1285 [DEBUG] DeleteFile: ./db_working_home/000662.log 
2026/04/19-19:57:31.906071 1285 [Zonestats:time(s),used_cap(MB),reclaimable_cap(MB), avg_reclaimable(%), active(#), active_zones(#), open_zones(#)] 242 2924 4883 62 6 6 2
2026/04/19-19:57:31.945292 1284 Finishing zone: Entering Finish()
2026/04/19-19:57:32.166073 1284 [DEBUG] Allocating zone(new=1) start: 0x38000000 wp: 0x38000000 lt: 5 file lt: 5
2026/04/19-19:57:32.166103 1284 [Zonestats:time(s),used_cap(MB),reclaimable_cap(MB), avg_reclaimable(%), active(#), active_zones(#), open_zones(#)] 243 2929 4878 62 4 5 3
2026/04/19-19:57:32.166113 1284 [DEBUG] Syncing metadata for: /db_working_home/000665.sst
2026/04/19-19:57:32.452982 1283 Total Garbage Bytes this interval: 3097558148 bytes
2026/04/19-19:57:32.452999 1283 Cumulative Average Garbage Bytes (over 242 intervals): 1470186154 bytes
2026/04/19-19:57:32.453018 1283 Zone Garbage Stats: [63 5 1 1 1 18 7 9 1 6 10 0 ]
2026/04/19-19:57:32.453022 1283 Total Garbage Bytes: 3097558148 bytes
2026/04/19-19:57:32.991039 1284 [DEBUG] Syncing metadata for: /db_working_home/000665.sst
2026/04/19-19:57:32.991638 1284 [DEBUG] Syncing metadata for: /db_working_home/000665.sst
2026/04/19-19:57:32.992476 1284 [DEBUG] GetFileSize: /db_working_home/000665.sst 
2026/04/19-19:57:32.992514 1284 [DEBUG] New writable file: /db_working_home/000668.sst direct: 1
2026/04/19-19:57:32.998776 1284 Entering Apply Finish Threshold Function
2026/04/19-19:57:32.998806 1284 [DEBUG] Allocating zone(new=1) start: 0xc0000000 wp: 0xc0000000 lt: 5 file lt: 5
2026/04/19-19:57:32.998814 1284 [Zonestats:time(s),used_cap(MB),reclaimable_cap(MB), avg_reclaimable(%), active(#), active_zones(#), open_zones(#)] 243 3002 4933 62 5 6 3
2026/04/19-19:57:32.998821 1284 [DEBUG] Syncing metadata for: /db_working_home/000668.sst
2026/04/19-19:57:33.256424 1284 [DEBUG] Syncing metadata for: /db_working_home/000668.sst
2026/04/19-19:57:33.257060 1284 [DEBUG] Syncing metadata for: /db_working_home/000668.sst
2026/04/19-19:57:33.257857 1284 [DEBUG] GetFileSize: /db_working_home/000668.sst 
2026/04/19-19:57:33.259143 1284 [DEBUG] New random access file: /db_working_home/000665.sst direct: 1
2026/04/19-19:57:33.259405 1284 [DEBUG] GetFileSize: /db_working_home/000665.sst 
2026/04/19-19:57:33.259602 1284 [DEBUG] New random access file: /db_working_home/000668.sst direct: 1
2026/04/19-19:57:33.259784 1284 [DEBUG] GetFileSize: /db_working_home/000668.sst 
2026/04/19-19:57:33.260747 1284 [DEBUG] Syncing metadata for: /db_working_home/MANIFEST-000194
2026/04/19-19:57:33.266754 1284 [DEBUG] New writable file: /db_working_home/000669.sst direct: 1
2026/04/19-19:57:33.270240 1284 Entering Apply Finish Threshold Function
2026/04/19-19:57:33.270270 1284 [DEBUG] Allocating zone(new=1) start: 0x200000000 wp: 0x200000000 lt: 5 file lt: 5
2026/04/19-19:57:33.270277 1284 [Zonestats:time(s),used_cap(MB),reclaimable_cap(MB), avg_reclaimable(%), active(#), active_zones(#), open_zones(#)] 244 3026 5037 62 6 7 3
2026/04/19-19:57:33.270285 1284 [DEBUG] Syncing metadata for: /db_working_home/000669.sst
2026/04/19-19:57:33.386283 1282 [DEBUG] New writable file: /db_working_home/000670.log direct: 0
2026/04/19-19:57:33.387270 1285 [DEBUG] New writable file: /db_working_home/000671.sst direct: 1
2026/04/19-19:57:33.390567 1285 Entering Apply Finish Threshold Function
2026/04/19-19:57:33.390593 1285 [DEBUG] Allocating zone(new=0) start: 0xc0000000 wp: 0xc161c600 lt: 5 file lt: 3
2026/04/19-19:57:33.390601 1285 [Zonestats:time(s),used_cap(MB),reclaimable_cap(MB), avg_reclaimable(%), active(#), active_zones(#), open_zones(#)] 244 3027 5036 62 7 7 4
2026/04/19-19:57:33.390608 1285 [DEBUG] Syncing metadata for: /db_working_home/000671.sst
2026/04/19-19:57:33.453129 1283 Total Garbage Bytes this interval: 3097558186 bytes
2026/04/19-19:57:33.453145 1283 Cumulative Average Garbage Bytes (over 243 intervals): 1476883158 bytes
2026/04/19-19:57:33.453163 1283 Zone Garbage Stats: [61 6 1 1 1 18 7 9 1 6 10 0 ]
2026/04/19-19:57:33.453167 1283 Total Garbage Bytes: 3097558186 bytes
2026/04/19-19:57:33.561464 1285 [DEBUG] Syncing metadata for: /db_working_home/000671.sst
2026/04/19-19:57:33.566353 1285 [DEBUG] Syncing metadata for: /db_working_home/000671.sst
2026/04/19-19:57:33.569970 1285 [DEBUG] New random access file: /db_working_home/000671.sst direct: 1
2026/04/19-19:57:33.570160 1285 [DEBUG] GetFileSize: /db_working_home/000671.sst 
2026/04/19-19:57:33.573167 1285 [DEBUG] Syncing metadata for: /db_working_home/MANIFEST-000194
2026/04/19-19:57:33.573850 1285 [DEBUG] GetFileSize: /db_working_home/000671.sst 
2026/04/19-19:57:33.583255 1285 [DEBUG] Syncing metadata for: /db_working_home/000666.log
2026/04/19-19:57:33.586447 1285 [DEBUG] DeleteFile: ./db_working_home/000338.sst 
2026/04/19-19:57:33.587381 1285 [Zonestats:time(s),used_cap(MB),reclaimable_cap(MB), avg_reclaimable(%), active(#), active_zones(#), open_zones(#)] 244 2998 4937 62 7 7 2
2026/04/19-19:57:33.587426 1285 [DEBUG] DeleteFile: ./db_working_home/000559.sst 
2026/04/19-19:57:33.588090 1285 [Zonestats:time(s),used_cap(MB),reclaimable_cap(MB), avg_reclaimable(%), active(#), active_zones(#), open_zones(#)] 244 2935 4872 62 7 7 2
2026/04/19-19:57:33.588123 1285 [DEBUG] DeleteFile: ./db_working_home/000666.log 
2026/04/19-19:57:33.588686 1285 [Zonestats:time(s),used_cap(MB),reclaimable_cap(MB), avg_reclaimable(%), active(#), active_zones(#), open_zones(#)] 244 2920 4887 62 7 7 2
2026/04/19-19:57:33.625052 1282 [DEBUG] Allocating zone(new=0) start: 0x1e8000000 wp: 0x1ecd8d400 lt: 5 file lt: 2
2026/04/19-19:57:33.625067 1282 [DEBUG] Syncing metadata for: /db_working_home/000670.log
2026/04/19-19:57:34.201338 1284 [DEBUG] Syncing metadata for: /db_working_home/000669.sst
2026/04/19-19:57:34.202390 1284 [DEBUG] Syncing metadata for: /db_working_home/000669.sst
2026/04/19-19:57:34.203130 1284 [DEBUG] GetFileSize: /db_working_home/000669.sst 
2026/04/19-19:57:34.203171 1284 [DEBUG] New writable file: /db_working_home/000672.sst direct: 1
2026/04/19-19:57:34.212247 1284 Entering Apply Finish Threshold Function
2026/04/19-19:57:34.212279 1284 [DEBUG] Allocating zone(new=1) start: 0x148000000 wp: 0x148000000 lt: 5 file lt: 5
2026/04/19-19:57:34.212287 1284 [Zonestats:time(s),used_cap(MB),reclaimable_cap(MB), avg_reclaimable(%), active(#), active_zones(#), open_zones(#)] 245 2989 4946 62 7 8 3
2026/04/19-19:57:34.212295 1284 [DEBUG] Syncing metadata for: /db_working_home/000672.sst
2026/04/19-19:57:34.419379 1284 [DEBUG] Syncing metadata for: /db_working_home/000672.sst
2026/04/19-19:57:34.419979 1284 [DEBUG] Syncing metadata for: /db_working_home/000672.sst
2026/04/19-19:57:34.420809 1284 [DEBUG] GetFileSize: /db_working_home/000672.sst 
2026/04/19-19:57:34.422028 1284 [DEBUG] New random access file: /db_working_home/000669.sst direct: 1
2026/04/19-19:57:34.422304 1284 [DEBUG] GetFileSize: /db_working_home/000669.sst 
2026/04/19-19:57:34.422525 1284 [DEBUG] New random access file: /db_working_home/000672.sst direct: 1
2026/04/19-19:57:34.422710 1284 [DEBUG] GetFileSize: /db_working_home/000672.sst 
2026/04/19-19:57:34.423659 1284 [DEBUG] Syncing metadata for: /db_working_home/MANIFEST-000194
2026/04/19-19:57:34.434923 1284 [DEBUG] New writable file: /db_working_home/000673.sst direct: 1
2026/04/19-19:57:34.437122 1284 Entering Apply Finish Threshold Function
2026/04/19-19:57:34.437138 1284 [DEBUG] Allocating zone(new=0) start: 0x200000000 wp: 0x204019a00 lt: 5 file lt: 3
2026/04/19-19:57:34.437144 1284 [Zonestats:time(s),used_cap(MB),reclaimable_cap(MB), avg_reclaimable(%), active(#), active_zones(#), open_zones(#)] 245 3008 5055 62 8 8 3
2026/04/19-19:57:34.437148 1284 [DEBUG] Syncing metadata for: /db_working_home/000673.sst
2026/04/19-19:57:34.453344 1283 Total Garbage Bytes this interval: 3016529965 bytes
2026/04/19-19:57:34.453419 1283 Cumulative Average Garbage Bytes (over 244 intervals): 1483193186 bytes
2026/04/19-19:57:34.453436 1283 Zone Garbage Stats: [62 8 1 1 1 18 6 8 1 6 10 0 ]
2026/04/19-19:57:34.453440 1283 Total Garbage Bytes: 3016529965 bytes
2026/04/19-19:57:35.132299 1284 Entering Apply Finish Threshold Function
2026/04/19-19:57:35.132331 1284 [DEBUG] Allocating zone(new=0) start: 0x148000000 wp: 0x1491c2200 lt: 5 file lt: 3
2026/04/19-19:57:35.132338 1284 [Zonestats:time(s),used_cap(MB),reclaimable_cap(MB), avg_reclaimable(%), active(#), active_zones(#), open_zones(#)] 246 3075 4988 61 7 7 3
2026/04/19-19:57:35.132347 1284 [DEBUG] Syncing metadata for: /db_working_home/000673.sst
2026/04/19-19:57:35.302233 1284 [DEBUG] Syncing metadata for: /db_working_home/000673.sst
2026/04/19-19:57:35.302817 1284 [DEBUG] Syncing metadata for: /db_working_home/000673.sst
2026/04/19-19:57:35.303698 1284 [DEBUG] GetFileSize: /db_working_home/000673.sst 
2026/04/19-19:57:35.303736 1284 [DEBUG] New writable file: /db_working_home/000674.sst direct: 1
2026/04/19-19:57:35.304705 1284 Entering Apply Finish Threshold Function
2026/04/19-19:57:35.304728 1284 [DEBUG] Allocating zone(new=0) start: 0x148000000 wp: 0x14a156800 lt: 5 file lt: 3
2026/04/19-19:57:35.304736 1284 [Zonestats:time(s),used_cap(MB),reclaimable_cap(MB), avg_reclaimable(%), active(#), active_zones(#), open_zones(#)] 246 3092 4971 61 7 7 3
2026/04/19-19:57:35.304742 1284 [DEBUG] Syncing metadata for: /db_working_home/000674.sst
2026/04/19-19:57:35.305879 1284 [DEBUG] Syncing metadata for: /db_working_home/000674.sst
2026/04/19-19:57:35.306423 1284 [DEBUG] Syncing metadata for: /db_working_home/000674.sst
2026/04/19-19:57:35.307189 1284 [DEBUG] GetFileSize: /db_working_home/000674.sst 
2026/04/19-19:57:35.308358 1284 [DEBUG] New random access file: /db_working_home/000673.sst direct: 1
2026/04/19-19:57:35.308629 1284 [DEBUG] GetFileSize: /db_working_home/000673.sst 
2026/04/19-19:57:35.308802 1284 [DEBUG] New random access file: /db_working_home/000674.sst direct: 1
2026/04/19-19:57:35.309067 1284 [DEBUG] GetFileSize: /db_working_home/000674.sst 
2026/04/19-19:57:35.310074 1284 [DEBUG] Syncing metadata for: /db_working_home/MANIFEST-000194
2026/04/19-19:57:35.310820 1284 [DEBUG] DeleteFile: ./db_working_home/000665.sst 
2026/04/19-19:57:35.311499 1284 [Zonestats:time(s),used_cap(MB),reclaimable_cap(MB), avg_reclaimable(%), active(#), active_zones(#), open_zones(#)] 246 3025 4910 61 6 6 2
2026/04/19-19:57:35.312062 1284 [DEBUG] New writable file: /db_working_home/000675.sst direct: 1
2026/04/19-19:57:35.312847 1284 Entering Apply Finish Threshold Function
2026/04/19-19:57:35.312869 1284 [DEBUG] Allocating zone(new=0) start: 0x148000000 wp: 0x14a158000 lt: 5 file lt: 4
2026/04/19-19:57:35.312876 1284 [Zonestats:time(s),used_cap(MB),reclaimable_cap(MB), avg_reclaimable(%), active(#), active_zones(#), open_zones(#)] 246 3025 4910 61 6 6 3
2026/04/19-19:57:35.312881 1284 [DEBUG] Syncing metadata for: /db_working_home/000675.sst
2026/04/19-19:57:35.317533 1284 [DEBUG] Syncing metadata for: /db_working_home/000675.sst
2026/04/19-19:57:35.321367 1284 [DEBUG] Syncing metadata for: /db_working_home/000675.sst
2026/04/19-19:57:35.322110 1284 [DEBUG] GetFileSize: /db_working_home/000675.sst 
2026/04/19-19:57:35.323114 1284 [DEBUG] New random access file: /db_working_home/000675.sst direct: 1
2026/04/19-19:57:35.323291 1284 [DEBUG] GetFileSize: /db_working_home/000675.sst 
2026/04/19-19:57:35.324228 1284 [DEBUG] Syncing metadata for: /db_working_home/MANIFEST-000194
2026/04/19-19:57:35.325012 1284 [DEBUG] DeleteFile: ./db_working_home/000651.sst 
2026/04/19-19:57:35.325582 1284 [Zonestats:time(s),used_cap(MB),reclaimable_cap(MB), avg_reclaimable(%), active(#), active_zones(#), open_zones(#)] 246 3026 4909 61 6 6 2
2026/04/19-19:57:35.325621 1284 [DEBUG] DeleteFile: ./db_working_home/000663.sst 
2026/04/19-19:57:35.326237 1284 [Zonestats:time(s),used_cap(MB),reclaimable_cap(MB), avg_reclaimable(%), active(#), active_zones(#), open_zones(#)] 246 3011 4924 62 6 6 2
2026/04/19-19:57:35.326271 1284 [DEBUG] DeleteFile: ./db_working_home/000664.sst 
2026/04/19-19:57:35.326913 1284 [Zonestats:time(s),used_cap(MB),reclaimable_cap(MB), avg_reclaimable(%), active(#), active_zones(#), open_zones(#)] 246 2976 4959 62 6 6 2
2026/04/19-19:57:35.326945 1284 [DEBUG] DeleteFile: ./db_working_home/000667.sst 
2026/04/19-19:57:35.327544 1284 [Zonestats:time(s),used_cap(MB),reclaimable_cap(MB), avg_reclaimable(%), active(#), active_zones(#), open_zones(#)] 246 2960 4975 62 6 6 2
2026/04/19-19:57:35.327575 1284 [DEBUG] DeleteFile: ./db_working_home/000671.sst 
2026/04/19-19:57:35.328172 1284 [Zonestats:time(s),used_cap(MB),reclaimable_cap(MB), avg_reclaimable(%), active(#), active_zones(#), open_zones(#)] 246 2945 4990 62 6 6 2
2026/04/19-19:57:35.333608 1284 [DEBUG] New writable file: /db_working_home/000676.sst direct: 1
2026/04/19-19:57:35.336716 1284 Entering Apply Finish Threshold Function
2026/04/19-19:57:35.336740 1284 [DEBUG] Allocating zone(new=0) start: 0x148000000 wp: 0x14a15a000 lt: 5 file lt: 4
2026/04/19-19:57:35.336747 1284 [Zonestats:time(s),used_cap(MB),reclaimable_cap(MB), avg_reclaimable(%), active(#), active_zones(#), open_zones(#)] 246 2945 4990 62 6 6 3
2026/04/19-19:57:35.336754 1284 [DEBUG] Syncing metadata for: /db_working_home/000676.sst
2026/04/19-19:57:35.453612 1283 Total Garbage Bytes this interval: 3085785475 bytes
2026/04/19-19:57:35.453629 1283 Cumulative Average Garbage Bytes (over 245 intervals): 1489734379 bytes
2026/04/19-19:57:35.453649 1283 Zone Garbage Stats: [63 6 1 1 1 18 7 8 1 6 10 0 ]
2026/04/19-19:57:35.453653 1283 Total Garbage Bytes: 3085785475 bytes
2026/04/19-19:57:35.654484 1282 [DEBUG] DeleteFile: ./db_working_home/000031.sst 
2026/04/19-19:57:35.657373 1282 [Zonestats:time(s),used_cap(MB),reclaimable_cap(MB), avg_reclaimable(%), active(#), active_zones(#), open_zones(#)] 246 2920 4887 62 6 6 3
2026/04/19-19:57:35.657441 1282 [DEBUG] DeleteFile: ./db_working_home/000108.sst 
2026/04/19-19:57:35.662010 1282 [Zonestats:time(s),used_cap(MB),reclaimable_cap(MB), avg_reclaimable(%), active(#), active_zones(#), open_zones(#)] 246 2920 4759 61 6 6 3
2026/04/19-19:57:35.662063 1282 [DEBUG] DeleteFile: ./db_working_home/000110.sst 
2026/04/19-19:57:35.665750 1282 [Zonestats:time(s),used_cap(MB),reclaimable_cap(MB), avg_reclaimable(%), active(#), active_zones(#), open_zones(#)] 246 2791 4760 63 6 6 3
2026/04/19-19:57:35.665804 1282 [DEBUG] DeleteFile: ./db_working_home/000122.sst 
2026/04/19-19:57:35.666486 1282 [Zonestats:time(s),used_cap(MB),reclaimable_cap(MB), avg_reclaimable(%), active(#), active_zones(#), open_zones(#)] 246 2772 4651 62 6 6 3
2026/04/19-19:57:35.666523 1282 [DEBUG] DeleteFile: ./db_working_home/000160.sst 
2026/04/19-19:57:35.667183 1282 [Zonestats:time(s),used_cap(MB),reclaimable_cap(MB), avg_reclaimable(%), active(#), active_zones(#), open_zones(#)] 246 2757 4538 62 6 6 3
2026/04/19-19:57:35.667217 1282 [DEBUG] DeleteFile: ./db_working_home/000163.sst 
2026/04/19-19:57:35.672055 1282 [Zonestats:time(s),used_cap(MB),reclaimable_cap(MB), avg_reclaimable(%), active(#), active_zones(#), open_zones(#)] 246 2742 4425 61 6 6 3
2026/04/19-19:57:35.672120 1282 [DEBUG] DeleteFile: ./db_working_home/000165.sst 
2026/04/19-19:57:35.675662 1282 [Zonestats:time(s),used_cap(MB),reclaimable_cap(MB), avg_reclaimable(%), active(#), active_zones(#), open_zones(#)] 246 2741 4426 61 6 6 3
2026/04/19-19:57:35.675717 1282 [DEBUG] DeleteFile: ./db_working_home/000168.sst 
2026/04/19-19:57:35.676422 1282 [Zonestats:time(s),used_cap(MB),reclaimable_cap(MB), avg_reclaimable(%), active(#), active_zones(#), open_zones(#)] 246 2622 4417 62 6 6 3
2026/04/19-19:57:35.676460 1282 [DEBUG] DeleteFile: ./db_working_home/000169.sst 
2026/04/19-19:57:35.677120 1282 [Zonestats:time(s),used_cap(MB),reclaimable_cap(MB), avg_reclaimable(%), active(#), active_zones(#), open_zones(#)] 246 2622 4289 62 6 6 3
2026/04/19-19:57:35.677155 1282 [DEBUG] DeleteFile: ./db_working_home/000180.sst 
2026/04/19-19:57:35.677822 1282 [Zonestats:time(s),used_cap(MB),reclaimable_cap(MB), avg_reclaimable(%), active(#), active_zones(#), open_zones(#)] 246 2558 4225 62 6 6 3
2026/04/19-19:57:35.677855 1282 [DEBUG] DeleteFile: ./db_working_home/000181.sst 
2026/04/19-19:57:35.682451 1282 [Zonestats:time(s),used_cap(MB),reclaimable_cap(MB), avg_reclaimable(%), active(#), active_zones(#), open_zones(#)] 246 2494 4161 62 6 6 3
2026/04/19-19:57:35.682503 1282 [DEBUG] DeleteFile: ./db_working_home/000185.sst 
2026/04/19-19:57:35.686030 1282 [Zonestats:time(s),used_cap(MB),reclaimable_cap(MB), avg_reclaimable(%), active(#), active_zones(#), open_zones(#)] 246 2430 4097 62 6 6 3
2026/04/19-19:57:35.686095 1282 [DEBUG] DeleteFile: ./db_working_home/000186.sst 
2026/04/19-19:57:35.686677 1282 [Zonestats:time(s),used_cap(MB),reclaimable_cap(MB), avg_reclaimable(%), active(#), active_zones(#), open_zones(#)] 246 2366 4161 63 6 6 3
2026/04/19-19:57:35.686715 1282 [DEBUG] DeleteFile: ./db_working_home/000187.sst 
2026/04/19-19:57:35.687367 1282 [Zonestats:time(s),used_cap(MB),reclaimable_cap(MB), avg_reclaimable(%), active(#), active_zones(#), open_zones(#)] 246 2302 4097 64 6 6 3
2026/04/19-19:57:35.687401 1282 [DEBUG] DeleteFile: ./db_working_home/000188.sst 
2026/04/19-19:57:35.687970 1282 [Zonestats:time(s),used_cap(MB),reclaimable_cap(MB), avg_reclaimable(%), active(#), active_zones(#), open_zones(#)] 246 2238 4161 65 6 6 3
2026/04/19-19:57:35.688001 1282 [DEBUG] DeleteFile: ./db_working_home/000189.sst 
2026/04/19-19:57:35.692759 1282 [Zonestats:time(s),used_cap(MB),reclaimable_cap(MB), avg_reclaimable(%), active(#), active_zones(#), open_zones(#)] 246 2174 4097 65 6 6 3
2026/04/19-19:57:35.692813 1282 [DEBUG] DeleteFile: ./db_working_home/000190.sst 
2026/04/19-19:57:35.696319 1282 [Zonestats:time(s),used_cap(MB),reclaimable_cap(MB), avg_reclaimable(%), active(#), active_zones(#), open_zones(#)] 246 2152 3991 64 6 6 3
2026/04/19-19:57:35.696373 1282 [DEBUG] DeleteFile: ./db_working_home/000640.sst 
2026/04/19-19:57:35.698471 1282 [Zonestats:time(s),used_cap(MB),reclaimable_cap(MB), avg_reclaimable(%), active(#), active_zones(#), open_zones(#)] 246 2152 3863 64 6 6 3
2026/04/19-19:57:35.698525 1282 [DEBUG] DeleteFile: ./db_working_home/000674.sst 
2026/04/19-19:57:35.699668 1282 [Zonestats:time(s),used_cap(MB),reclaimable_cap(MB), avg_reclaimable(%), active(#), active_zones(#), open_zones(#)] 246 2152 3863 64 6 6 3
2026/04/19-19:57:35.699814 1282 [DEBUG] New writable file: /db_working_home/000677.log direct: 0
2026/04/19-19:57:35.700821 1285 [DEBUG] New writable file: /db_working_home/000678.sst direct: 1
2026/04/19-19:57:35.705566 1285 Entering Apply Finish Threshold Function
2026/04/19-19:57:35.705595 1285 [DEBUG] Allocating zone(new=0) start: 0xc0000000 wp: 0xc256c600 lt: 5 file lt: 3
2026/04/19-19:57:35.705604 1285 [Zonestats:time(s),used_cap(MB),reclaimable_cap(MB), avg_reclaimable(%), active(#), active_zones(#), open_zones(#)] 246 2152 3863 64 6 6 4
2026/04/19-19:57:35.705610 1285 [DEBUG] Syncing metadata for: /db_working_home/000678.sst
2026/04/19-19:57:35.868192 1285 [DEBUG] Syncing metadata for: /db_working_home/000678.sst
2026/04/19-19:57:35.871852 1285 [DEBUG] Syncing metadata for: /db_working_home/000678.sst
2026/04/19-19:57:35.872513 1285 [DEBUG] New random access file: /db_working_home/000678.sst direct: 1
2026/04/19-19:57:35.872695 1285 [DEBUG] GetFileSize: /db_working_home/000678.sst 
2026/04/19-19:57:35.876390 1285 [DEBUG] Syncing metadata for: /db_working_home/MANIFEST-000194
2026/04/19-19:57:35.877111 1285 [DEBUG] GetFileSize: /db_working_home/000678.sst 
2026/04/19-19:57:35.879360 1285 [DEBUG] Syncing metadata for: /db_working_home/000670.log
2026/04/19-19:57:35.880046 1285 [DEBUG] DeleteFile: ./db_working_home/000670.log 
2026/04/19-19:57:35.880668 1285 [Zonestats:time(s),used_cap(MB),reclaimable_cap(MB), avg_reclaimable(%), active(#), active_zones(#), open_zones(#)] 246 2152 3863 64 6 6 2
2026/04/19-19:57:36.453829 1283 Total Garbage Bytes this interval: 2401281600 bytes
2026/04/19-19:57:36.453846 1283 Cumulative Average Garbage Bytes (over 246 intervals): 1493439856 bytes
2026/04/19-19:57:36.453866 1283 Zone Garbage Stats: [78 3 1 1 2 15 5 8 0 2 8 0 ]
2026/04/19-19:57:36.453870 1283 Total Garbage Bytes: 2401281600 bytes
2026/04/19-19:57:36.506796 1284 Entering Apply Finish Threshold Function
2026/04/19-19:57:36.506813 1284 Finishing zone: Entering Finish()
2026/04/19-19:57:36.790543 1284 [DEBUG] Allocating zone(new=0) start: 0xc0000000 wp: 0xc342a800 lt: 5 file lt: 4
2026/04/19-19:57:36.790562 1284 [Zonestats:time(s),used_cap(MB),reclaimable_cap(MB), avg_reclaimable(%), active(#), active_zones(#), open_zones(#)] 247 2247 3768 62 4 4 2
2026/04/19-19:57:36.790572 1284 [DEBUG] Syncing metadata for: /db_working_home/000676.sst
2026/04/19-19:57:37.148614 1284 [DEBUG] Syncing metadata for: /db_working_home/000676.sst
2026/04/19-19:57:37.149198 1284 [DEBUG] Syncing metadata for: /db_working_home/000676.sst
2026/04/19-19:57:37.149911 1284 [DEBUG] GetFileSize: /db_working_home/000676.sst 
2026/04/19-19:57:37.151332 1284 [DEBUG] New random access file: /db_working_home/000676.sst direct: 1
2026/04/19-19:57:37.151685 1284 [DEBUG] GetFileSize: /db_working_home/000676.sst 
2026/04/19-19:57:37.152696 1284 [DEBUG] Syncing metadata for: /db_working_home/MANIFEST-000194
2026/04/19-19:57:37.153473 1284 [DEBUG] DeleteFile: ./db_working_home/000644.sst 
2026/04/19-19:57:37.154049 1284 [Zonestats:time(s),used_cap(MB),reclaimable_cap(MB), avg_reclaimable(%), active(#), active_zones(#), open_zones(#)] 248 2226 3789 62 4 4 1
2026/04/19-19:57:37.154101 1284 [DEBUG] DeleteFile: ./db_working_home/000673.sst 
2026/04/19-19:57:37.154658 1284 [Zonestats:time(s),used_cap(MB),reclaimable_cap(MB), avg_reclaimable(%), active(#), active_zones(#), open_zones(#)] 248 2147 3868 64 4 4 1
2026/04/19-19:57:37.159968 1284 [DEBUG] New writable file: /db_working_home/000679.sst direct: 1
2026/04/19-19:57:37.162963 1284 Entering Apply Finish Threshold Function
2026/04/19-19:57:37.162973 1284 Finishing zone: Entering Finish()
2026/04/19-19:57:37.454054 1283 Total Garbage Bytes this interval: 2523432295 bytes
2026/04/19-19:57:37.454072 1283 Cumulative Average Garbage Bytes (over 247 intervals): 1497609866 bytes
2026/04/19-19:57:37.454137 1283 Zone Garbage Stats: [78 2 1 1 1 16 4 9 0 2 9 0 ]
2026/04/19-19:57:37.454142 1283 Total Garbage Bytes: 2523432295 bytes
2026/04/19-19:57:37.518071 1284 [DEBUG] Allocating zone(new=1) start: 0x28000000 wp: 0x28000000 lt: 5 file lt: 5
2026/04/19-19:57:37.518106 1284 [Zonestats:time(s),used_cap(MB),reclaimable_cap(MB), avg_reclaimable(%), active(#), active_zones(#), open_zones(#)] 248 2147 3868 64 3 4 2
2026/04/19-19:57:37.518134 1284 [DEBUG] Syncing metadata for: /db_working_home/000679.sst
2026/04/19-19:57:38.192251 1284 [DEBUG] Syncing metadata for: /db_working_home/000679.sst
2026/04/19-19:57:38.192834 1284 [DEBUG] Syncing metadata for: /db_working_home/000679.sst
2026/04/19-19:57:38.193544 1284 [DEBUG] GetFileSize: /db_working_home/000679.sst 
2026/04/19-19:57:38.193579 1284 [DEBUG] New writable file: /db_working_home/000680.sst direct: 1
2026/04/19-19:57:38.199064 1284 Entering Apply Finish Threshold Function
2026/04/19-19:57:38.199100 1284 [DEBUG] Allocating zone(new=1) start: 0x30000000 wp: 0x30000000 lt: 5 file lt: 5
2026/04/19-19:57:38.199108 1284 [Zonestats:time(s),used_cap(MB),reclaimable_cap(MB), avg_reclaimable(%), active(#), active_zones(#), open_zones(#)] 249 2207 3936 64 4 5 2
2026/04/19-19:57:38.199113 1284 [DEBUG] Syncing metadata for: /db_working_home/000680.sst
2026/04/19-19:57:38.454319 1283 Total Garbage Bytes this interval: 2539489540 bytes
2026/04/19-19:57:38.454337 1283 Cumulative Average Garbage Bytes (over 248 intervals): 1501810993 bytes
2026/04/19-19:57:38.454358 1283 Zone Garbage Stats: [76 3 1 1 1 17 4 9 0 2 9 0 ]
2026/04/19-19:57:38.454385 1283 Total Garbage Bytes: 2539489540 bytes
2026/04/19-19:57:38.768225 1284 [DEBUG] Syncing metadata for: /db_working_home/000680.sst
2026/04/19-19:57:38.768797 1284 [DEBUG] Syncing metadata for: /db_working_home/000680.sst
2026/04/19-19:57:38.769513 1284 [DEBUG] GetFileSize: /db_working_home/000680.sst 
2026/04/19-19:57:38.769551 1284 [DEBUG] New writable file: /db_working_home/000681.sst direct: 1
2026/04/19-19:57:38.772782 1284 Entering Apply Finish Threshold Function
2026/04/19-19:57:38.772809 1284 [DEBUG] Allocating zone(new=1) start: 0x38000000 wp: 0x38000000 lt: 5 file lt: 5
2026/04/19-19:57:38.772818 1284 [Zonestats:time(s),used_cap(MB),reclaimable_cap(MB), avg_reclaimable(%), active(#), active_zones(#), open_zones(#)] 249 2260 4011 63 5 6 2
2026/04/19-19:57:38.772824 1284 [DEBUG] Syncing metadata for: /db_working_home/000681.sst
2026/04/19-19:57:39.454566 1283 Total Garbage Bytes this interval: 2539489619 bytes
2026/04/19-19:57:39.454659 1283 Cumulative Average Garbage Bytes (over 249 intervals): 1505978377 bytes
2026/04/19-19:57:39.454681 1283 Zone Garbage Stats: [75 4 1 1 1 17 4 9 0 2 9 0 ]
2026/04/19-19:57:39.454685 1283 Total Garbage Bytes: 2539489619 bytes
2026/04/19-19:57:40.057521 1284 [DEBUG] Syncing metadata for: /db_working_home/000681.sst
2026/04/19-19:57:40.058101 1284 [DEBUG] Syncing metadata for: /db_working_home/000681.sst
2026/04/19-19:57:40.058785 1284 [DEBUG] GetFileSize: /db_working_home/000681.sst 
2026/04/19-19:57:40.058818 1284 [DEBUG] New writable file: /db_working_home/000682.sst direct: 1
2026/04/19-19:57:40.059583 1284 Entering Apply Finish Threshold Function
2026/04/19-19:57:40.059590 1284 Finishing zone: Entering Finish()
2026/04/19-19:57:40.126280 1284 [DEBUG] Allocating zone(new=1) start: 0x58000000 wp: 0x58000000 lt: 5 file lt: 5
2026/04/19-19:57:40.126299 1284 [Zonestats:time(s),used_cap(MB),reclaimable_cap(MB), avg_reclaimable(%), active(#), active_zones(#), open_zones(#)] 251 2380 4019 62 5 6 2
2026/04/19-19:57:40.126308 1284 [DEBUG] Syncing metadata for: /db_working_home/000682.sst
2026/04/19-19:57:40.130532 1284 [DEBUG] Syncing metadata for: /db_working_home/000682.sst
2026/04/19-19:57:40.131114 1284 [DEBUG] Syncing metadata for: /db_working_home/000682.sst
2026/04/19-19:57:40.131846 1284 [DEBUG] GetFileSize: /db_working_home/000682.sst 
2026/04/19-19:57:40.133037 1284 [DEBUG] New random access file: /db_working_home/000679.sst direct: 1
2026/04/19-19:57:40.133295 1284 [DEBUG] GetFileSize: /db_working_home/000679.sst 
2026/04/19-19:57:40.133476 1284 [DEBUG] New random access file: /db_working_home/000680.sst direct: 1
2026/04/19-19:57:40.133709 1284 [DEBUG] GetFileSize: /db_working_home/000680.sst 
2026/04/19-19:57:40.133850 1284 [DEBUG] New random access file: /db_working_home/000681.sst direct: 1
2026/04/19-19:57:40.134162 1284 [DEBUG] GetFileSize: /db_working_home/000681.sst 
2026/04/19-19:57:40.134318 1284 [DEBUG] New random access file: /db_working_home/000682.sst direct: 1
2026/04/19-19:57:40.134471 1284 [DEBUG] GetFileSize: /db_working_home/000682.sst 
2026/04/19-19:57:40.135411 1284 [DEBUG] Syncing metadata for: /db_working_home/MANIFEST-000194
2026/04/19-19:57:40.136236 1284 [DEBUG] DeleteFile: ./db_working_home/000606.sst 
2026/04/19-19:57:40.136935 1284 [Zonestats:time(s),used_cap(MB),reclaimable_cap(MB), avg_reclaimable(%), active(#), active_zones(#), open_zones(#)] 251 2311 4088 63 6 6 1
2026/04/19-19:57:40.136977 1284 [DEBUG] DeleteFile: ./db_working_home/000661.sst 
2026/04/19-19:57:40.137551 1284 [Zonestats:time(s),used_cap(MB),reclaimable_cap(MB), avg_reclaimable(%), active(#), active_zones(#), open_zones(#)] 251 2257 4142 64 6 6 1
2026/04/19-19:57:40.137585 1284 [DEBUG] DeleteFile: ./db_working_home/000675.sst 
2026/04/19-19:57:40.138137 1284 [Zonestats:time(s),used_cap(MB),reclaimable_cap(MB), avg_reclaimable(%), active(#), active_zones(#), open_zones(#)] 251 2257 4142 64 6 6 1
2026/04/19-19:57:40.138170 1284 [DEBUG] DeleteFile: ./db_working_home/000676.sst 
2026/04/19-19:57:40.138720 1284 [Zonestats:time(s),used_cap(MB),reclaimable_cap(MB), avg_reclaimable(%), active(#), active_zones(#), open_zones(#)] 251 2131 4268 66 6 6 1
2026/04/19-19:57:40.144008 1284 [DEBUG] New writable file: /db_working_home/000683.sst direct: 1
2026/04/19-19:57:40.147283 1284 Entering Apply Finish Threshold Function
2026/04/19-19:57:40.147309 1284 [DEBUG] Allocating zone(new=1) start: 0x68000000 wp: 0x68000000 lt: 5 file lt: 5
2026/04/19-19:57:40.147317 1284 [Zonestats:time(s),used_cap(MB),reclaimable_cap(MB), avg_reclaimable(%), active(#), active_zones(#), open_zones(#)] 251 2131 4268 66 6 7 2
2026/04/19-19:57:40.147323 1284 [DEBUG] Syncing metadata for: /db_working_home/000683.sst
2026/04/19-19:57:40.454799 1283 Total Garbage Bytes this interval: 2711993014 bytes
2026/04/19-19:57:40.454816 1283 Cumulative Average Garbage Bytes (over 250 intervals): 1510802436 bytes
2026/04/19-19:57:40.454836 1283 Zone Garbage Stats: [74 6 0 0 1 15 4 10 1 3 9 0 ]
2026/04/19-19:57:40.454840 1283 Total Garbage Bytes: 2711993014 bytes
2026/04/19-19:57:40.739323 1284 [DEBUG] Syncing metadata for: /db_working_home/000683.sst
2026/04/19-19:57:40.739905 1284 [DEBUG] Syncing metadata for: /db_working_home/000683.sst
2026/04/19-19:57:40.740617 1284 [DEBUG] GetFileSize: /db_working_home/000683.sst 
2026/04/19-19:57:40.740654 1284 [DEBUG] New writable file: /db_working_home/000684.sst direct: 1
2026/04/19-19:57:40.743769 1284 Entering Apply Finish Threshold Function
2026/04/19-19:57:40.743795 1284 [DEBUG] Allocating zone(new=1) start: 0x70000000 wp: 0x70000000 lt: 5 file lt: 5
2026/04/19-19:57:40.743803 1284 [Zonestats:time(s),used_cap(MB),reclaimable_cap(MB), avg_reclaimable(%), active(#), active_zones(#), open_zones(#)] 251 2183 4344 66 7 8 2
2026/04/19-19:57:40.743810 1284 [DEBUG] Syncing metadata for: /db_working_home/000684.sst
2026/04/19-19:57:41.455177 1283 Total Garbage Bytes this interval: 2711993230 bytes
2026/04/19-19:57:41.455202 1283 Cumulative Average Garbage Bytes (over 251 intervals): 1515588057 bytes
2026/04/19-19:57:41.455238 1283 Zone Garbage Stats: [73 7 0 0 1 15 4 10 1 3 9 0 ]
2026/04/19-19:57:41.455243 1283 Total Garbage Bytes: 2711993230 bytes
2026/04/19-19:57:41.485858 1284 [DEBUG] Syncing metadata for: /db_working_home/000684.sst
2026/04/19-19:57:41.486443 1284 [DEBUG] Syncing metadata for: /db_working_home/000684.sst
2026/04/19-19:57:41.487168 1284 [DEBUG] GetFileSize: /db_working_home/000684.sst 
2026/04/19-19:57:41.487205 1284 [DEBUG] New writable file: /db_working_home/000685.sst direct: 1
2026/04/19-19:57:41.490270 1284 Entering Apply Finish Threshold Function
2026/04/19-19:57:41.490297 1284 [DEBUG] Allocating zone(new=1) start: 0x78000000 wp: 0x78000000 lt: 5 file lt: 5
2026/04/19-19:57:41.490305 1284 [Zonestats:time(s),used_cap(MB),reclaimable_cap(MB), avg_reclaimable(%), active(#), active_zones(#), open_zones(#)] 252 2252 4403 66 8 9 2
2026/04/19-19:57:41.490311 1284 [DEBUG] Syncing metadata for: /db_working_home/000685.sst
2026/04/19-19:57:41.816551 1284 [DEBUG] Syncing metadata for: /db_working_home/000685.sst
2026/04/19-19:57:41.817136 1284 [DEBUG] Syncing metadata for: /db_working_home/000685.sst
2026/04/19-19:57:41.817845 1284 [DEBUG] GetFileSize: /db_working_home/000685.sst 
2026/04/19-19:57:41.819287 1284 [DEBUG] New random access file: /db_working_home/000683.sst direct: 1
2026/04/19-19:57:41.819569 1284 [DEBUG] GetFileSize: /db_working_home/000683.sst 
2026/04/19-19:57:41.819763 1284 [DEBUG] New random access file: /db_working_home/000684.sst direct: 1
2026/04/19-19:57:41.820008 1284 [DEBUG] GetFileSize: /db_working_home/000684.sst 
2026/04/19-19:57:41.820162 1284 [DEBUG] New random access file: /db_working_home/000685.sst direct: 1
2026/04/19-19:57:41.820371 1284 [DEBUG] GetFileSize: /db_working_home/000685.sst 
2026/04/19-19:57:41.821325 1284 [DEBUG] Syncing metadata for: /db_working_home/MANIFEST-000194
2026/04/19-19:57:41.822077 1284 [DEBUG] DeleteFile: ./db_working_home/000560.sst 
2026/04/19-19:57:41.822859 1284 [Zonestats:time(s),used_cap(MB),reclaimable_cap(MB), avg_reclaimable(%), active(#), active_zones(#), open_zones(#)] 252 2237 4418 66 9 9 1
2026/04/19-19:57:41.822902 1284 [DEBUG] DeleteFile: ./db_working_home/000681.sst 
2026/04/19-19:57:41.823556 1284 [Zonestats:time(s),used_cap(MB),reclaimable_cap(MB), avg_reclaimable(%), active(#), active_zones(#), open_zones(#)] 252 2118 4409 67 9 9 1
2026/04/19-19:57:41.828880 1284 [DEBUG] New writable file: /db_working_home/000686.sst direct: 1
2026/04/19-19:57:41.832425 1284 Entering Apply Finish Threshold Function
2026/04/19-19:57:41.832451 1284 [DEBUG] Allocating zone(new=1) start: 0x38000000 wp: 0x38000000 lt: 5 file lt: 5
2026/04/19-19:57:41.832459 1284 [Zonestats:time(s),used_cap(MB),reclaimable_cap(MB), avg_reclaimable(%), active(#), active_zones(#), open_zones(#)] 252 2118 4409 67 9 10 2
2026/04/19-19:57:41.832466 1284 [DEBUG] Syncing metadata for: /db_working_home/000686.sst
2026/04/19-19:57:42.455421 1283 Total Garbage Bytes this interval: 2664328299 bytes
2026/04/19-19:57:42.455435 1283 Cumulative Average Garbage Bytes (over 252 intervals): 1520146550 bytes
2026/04/19-19:57:42.455453 1283 Zone Garbage Stats: [73 8 0 0 1 15 4 9 1 3 9 0 ]
2026/04/19-19:57:42.455457 1283 Total Garbage Bytes: 2664328299 bytes
2026/04/19-19:57:42.680134 1284 [DEBUG] Syncing metadata for: /db_working_home/000686.sst
2026/04/19-19:57:42.680716 1284 [DEBUG] Syncing metadata for: /db_working_home/000686.sst
2026/04/19-19:57:42.681427 1284 [DEBUG] GetFileSize: /db_working_home/000686.sst 
2026/04/19-19:57:42.682884 1284 [DEBUG] New random access file: /db_working_home/000686.sst direct: 1
2026/04/19-19:57:42.683195 1284 [DEBUG] GetFileSize: /db_working_home/000686.sst 
2026/04/19-19:57:42.684174 1284 [DEBUG] Syncing metadata for: /db_working_home/MANIFEST-000194
2026/04/19-19:57:42.684924 1284 [DEBUG] DeleteFile: ./db_working_home/000476.sst 
2026/04/19-19:57:42.685676 1284 [Zonestats:time(s),used_cap(MB),reclaimable_cap(MB), avg_reclaimable(%), active(#), active_zones(#), open_zones(#)] 253 2144 4383 67 10 10 1
2026/04/19-19:57:42.685718 1284 [DEBUG] DeleteFile: ./db_working_home/000656.sst 
2026/04/19-19:57:42.686387 1284 [Zonestats:time(s),used_cap(MB),reclaimable_cap(MB), avg_reclaimable(%), active(#), active_zones(#), open_zones(#)] 253 2097 4302 67 10 10 1
2026/04/19-19:57:42.691710 1284 [DEBUG] New writable file: /db_working_home/000687.sst direct: 1
2026/04/19-19:57:42.694784 1284 Entering Apply Finish Threshold Function
2026/04/19-19:57:42.694809 1284 [DEBUG] Allocating zone(new=1) start: 0x80000000 wp: 0x80000000 lt: 5 file lt: 5
2026/04/19-19:57:42.694817 1284 [Zonestats:time(s),used_cap(MB),reclaimable_cap(MB), avg_reclaimable(%), active(#), active_zones(#), open_zones(#)] 253 2097 4302 67 10 11 2
2026/04/19-19:57:42.694823 1284 [DEBUG] Syncing metadata for: /db_working_home/000687.sst
2026/04/19-19:57:43.455633 1283 Total Garbage Bytes this interval: 2568456511 bytes
2026/04/19-19:57:43.455667 1283 Cumulative Average Garbage Bytes (over 253 intervals): 1524290067 bytes
2026/04/19-19:57:43.455685 1283 Zone Garbage Stats: [74 9 0 0 1 15 4 7 1 3 9 0 ]
2026/04/19-19:57:43.455689 1283 Total Garbage Bytes: 2568456511 bytes
2026/04/19-19:57:43.467047 1284 [DEBUG] Syncing metadata for: /db_working_home/000687.sst
2026/04/19-19:57:43.467632 1284 [DEBUG] Syncing metadata for: /db_working_home/000687.sst
2026/04/19-19:57:43.468334 1284 [DEBUG] GetFileSize: /db_working_home/000687.sst 
2026/04/19-19:57:43.468369 1284 [DEBUG] New writable file: /db_working_home/000688.sst direct: 1
2026/04/19-19:57:43.471474 1284 Entering Apply Finish Threshold Function
2026/04/19-19:57:43.471500 1284 [DEBUG] Allocating zone(new=1) start: 0x90000000 wp: 0x90000000 lt: 5 file lt: 5
2026/04/19-19:57:43.471508 1284 [Zonestats:time(s),used_cap(MB),reclaimable_cap(MB), avg_reclaimable(%), active(#), active_zones(#), open_zones(#)] 254 2168 4359 66 11 12 2
2026/04/19-19:57:43.471514 1284 [DEBUG] Syncing metadata for: /db_working_home/000688.sst
2026/04/19-19:57:43.541508 1284 [DEBUG] Syncing metadata for: /db_working_home/000688.sst
2026/04/19-19:57:43.542102 1284 [DEBUG] Syncing metadata for: /db_working_home/000688.sst
2026/04/19-19:57:43.542810 1284 [DEBUG] GetFileSize: /db_working_home/000688.sst 
2026/04/19-19:57:43.543769 1284 [DEBUG] New random access file: /db_working_home/000687.sst direct: 1
2026/04/19-19:57:43.544018 1284 [DEBUG] GetFileSize: /db_working_home/000687.sst 
2026/04/19-19:57:43.544231 1284 [DEBUG] New random access file: /db_working_home/000688.sst direct: 1
2026/04/19-19:57:43.544401 1284 [DEBUG] GetFileSize: /db_working_home/000688.sst 
2026/04/19-19:57:43.545329 1284 [DEBUG] Syncing metadata for: /db_working_home/MANIFEST-000194
2026/04/19-19:57:43.546077 1284 [DEBUG] DeleteFile: ./db_working_home/000555.sst 
2026/04/19-19:57:43.546769 1284 [Zonestats:time(s),used_cap(MB),reclaimable_cap(MB), avg_reclaimable(%), active(#), active_zones(#), open_zones(#)] 254 2133 4394 67 12 12 1
2026/04/19-19:57:43.546810 1284 [DEBUG] DeleteFile: ./db_working_home/000634.sst 
2026/04/19-19:57:43.547384 1284 [Zonestats:time(s),used_cap(MB),reclaimable_cap(MB), avg_reclaimable(%), active(#), active_zones(#), open_zones(#)] 254 2128 4399 67 12 12 1
2026/04/19-19:57:43.547419 1284 [DEBUG] DeleteFile: ./db_working_home/000660.sst 
2026/04/19-19:57:43.548059 1284 [Zonestats:time(s),used_cap(MB),reclaimable_cap(MB), avg_reclaimable(%), active(#), active_zones(#), open_zones(#)] 254 2087 4312 67 12 12 1
2026/04/19-19:57:43.553431 1284 [DEBUG] New writable file: /db_working_home/000689.sst direct: 1
2026/04/19-19:57:43.556655 1284 Entering Apply Finish Threshold Function
2026/04/19-19:57:43.556679 1284 [DEBUG] Allocator: avoided a finish by relaxing lifetime diff requirement
2026/04/19-19:57:43.556683 1284 [DEBUG] Allocating zone(new=0) start: 0xb8000000 wp: 0xbaef5200 lt: 5 file lt: 5
2026/04/19-19:57:43.556690 1284 [Zonestats:time(s),used_cap(MB),reclaimable_cap(MB), avg_reclaimable(%), active(#), active_zones(#), open_zones(#)] 254 2087 4312 67 12 12 2
2026/04/19-19:57:43.556696 1284 [DEBUG] Syncing metadata for: /db_working_home/000689.sst
2026/04/19-19:57:44.283117 1284 [DEBUG] Syncing metadata for: /db_working_home/000689.sst
2026/04/19-19:57:44.283765 1284 [DEBUG] Syncing metadata for: /db_working_home/000689.sst
2026/04/19-19:57:44.284720 1284 [DEBUG] GetFileSize: /db_working_home/000689.sst 
2026/04/19-19:57:44.284793 1284 [DEBUG] New writable file: /db_working_home/000690.sst direct: 1
2026/04/19-19:57:44.291068 1284 Entering Apply Finish Threshold Function
2026/04/19-19:57:44.291096 1284 Finishing zone: Entering Finish()
2026/04/19-19:57:44.427288 1284 [DEBUG] Allocating zone(new=1) start: 0x98000000 wp: 0x98000000 lt: 5 file lt: 5
2026/04/19-19:57:44.427320 1284 [Zonestats:time(s),used_cap(MB),reclaimable_cap(MB), avg_reclaimable(%), active(#), active_zones(#), open_zones(#)] 255 2151 4248 66 11 12 2
2026/04/19-19:57:44.427330 1284 [DEBUG] Syncing metadata for: /db_working_home/000690.sst
2026/04/19-19:57:44.455827 1283 Total Garbage Bytes this interval: 2435887031 bytes
2026/04/19-19:57:44.456014 1283 Cumulative Average Garbage Bytes (over 254 intervals): 1527879032 bytes
2026/04/19-19:57:44.456041 1283 Zone Garbage Stats: [74 10 1 0 0 16 4 5 1 3 9 0 ]
2026/04/19-19:57:44.456046 1283 Total Garbage Bytes: 2435887031 bytes
2026/04/19-19:57:44.540956 1284 [DEBUG] Syncing metadata for: /db_working_home/000690.sst
2026/04/19-19:57:44.541540 1284 [DEBUG] Syncing metadata for: /db_working_home/000690.sst
2026/04/19-19:57:44.542259 1284 [DEBUG] GetFileSize: /db_working_home/000690.sst 
2026/04/19-19:57:44.543691 1284 [DEBUG] New random access file: /db_working_home/000689.sst direct: 1
2026/04/19-19:57:44.543993 1284 [DEBUG] GetFileSize: /db_working_home/000689.sst 
2026/04/19-19:57:44.544265 1284 [DEBUG] New random access file: /db_working_home/000690.sst direct: 1
2026/04/19-19:57:44.544441 1284 [DEBUG] GetFileSize: /db_working_home/000690.sst 
2026/04/19-19:57:44.545479 1284 [DEBUG] Syncing metadata for: /db_working_home/MANIFEST-000194
2026/04/19-19:57:44.546406 1284 [DEBUG] DeleteFile: ./db_working_home/000182.sst 
2026/04/19-19:57:44.547132 1284 [Zonestats:time(s),used_cap(MB),reclaimable_cap(MB), avg_reclaimable(%), active(#), active_zones(#), open_zones(#)] 255 2097 4302 67 12 12 1
2026/04/19-19:57:44.547181 1284 [DEBUG] DeleteFile: ./db_working_home/000473.sst 
2026/04/19-19:57:44.547830 1284 [Zonestats:time(s),used_cap(MB),reclaimable_cap(MB), avg_reclaimable(%), active(#), active_zones(#), open_zones(#)] 255 2051 4220 67 12 12 1
2026/04/19-19:57:44.553241 1284 [DEBUG] New writable file: /db_working_home/000691.sst direct: 1
2026/04/19-19:57:44.555972 1284 Entering Apply Finish Threshold Function
2026/04/19-19:57:44.555996 1284 [DEBUG] Allocator: avoided a finish by relaxing lifetime diff requirement
2026/04/19-19:57:44.556000 1284 [DEBUG] Allocating zone(new=0) start: 0x98000000 wp: 0x989b5c00 lt: 5 file lt: 5
2026/04/19-19:57:44.556008 1284 [Zonestats:time(s),used_cap(MB),reclaimable_cap(MB), avg_reclaimable(%), active(#), active_zones(#), open_zones(#)] 255 2051 4220 67 12 12 2
2026/04/19-19:57:44.556014 1284 [DEBUG] Syncing metadata for: /db_working_home/000691.sst
2026/04/19-19:57:45.321915 1284 [DEBUG] Syncing metadata for: /db_working_home/000691.sst
2026/04/19-19:57:45.322477 1284 [DEBUG] Syncing metadata for: /db_working_home/000691.sst
2026/04/19-19:57:45.323185 1284 [DEBUG] GetFileSize: /db_working_home/000691.sst 
2026/04/19-19:57:45.323219 1284 [DEBUG] New writable file: /db_working_home/000692.sst direct: 1
2026/04/19-19:57:45.329126 1284 Entering Apply Finish Threshold Function
2026/04/19-19:57:45.329153 1284 [DEBUG] Allocator: avoided a finish by relaxing lifetime diff requirement
2026/04/19-19:57:45.329157 1284 [DEBUG] Allocating zone(new=0) start: 0x98000000 wp: 0x9c9cf800 lt: 5 file lt: 5
2026/04/19-19:57:45.329165 1284 [Zonestats:time(s),used_cap(MB),reclaimable_cap(MB), avg_reclaimable(%), active(#), active_zones(#), open_zones(#)] 256 2115 4156 66 12 12 2
2026/04/19-19:57:45.329172 1284 [DEBUG] Syncing metadata for: /db_working_home/000692.sst
2026/04/19-19:57:45.456221 1283 Total Garbage Bytes this interval: 2301293624 bytes
2026/04/19-19:57:45.456236 1283 Cumulative Average Garbage Bytes (over 255 intervals): 1530912030 bytes
2026/04/19-19:57:45.456254 1283 Zone Garbage Stats: [76 10 1 0 0 15 4 4 1 3 9 0 ]
2026/04/19-19:57:45.456258 1283 Total Garbage Bytes: 2301293624 bytes
2026/04/19-19:57:45.651700 1284 [DEBUG] Syncing metadata for: /db_working_home/000692.sst
2026/04/19-19:57:45.652281 1284 [DEBUG] Syncing metadata for: /db_working_home/000692.sst
2026/04/19-19:57:45.652987 1284 [DEBUG] GetFileSize: /db_working_home/000692.sst 
2026/04/19-19:57:45.654442 1284 [DEBUG] New random access file: /db_working_home/000691.sst direct: 1
2026/04/19-19:57:45.654723 1284 [DEBUG] GetFileSize: /db_working_home/000691.sst 
2026/04/19-19:57:45.654910 1284 [DEBUG] New random access file: /db_working_home/000692.sst direct: 1
2026/04/19-19:57:45.655124 1284 [DEBUG] GetFileSize: /db_working_home/000692.sst 
2026/04/19-19:57:45.656045 1284 [DEBUG] Syncing metadata for: /db_working_home/MANIFEST-000194
2026/04/19-19:57:45.656842 1284 [DEBUG] DeleteFile: ./db_working_home/000183.sst 
2026/04/19-19:57:45.657612 1284 [Zonestats:time(s),used_cap(MB),reclaimable_cap(MB), avg_reclaimable(%), active(#), active_zones(#), open_zones(#)] 256 2079 3936 65 12 12 1
2026/04/19-19:57:45.657655 1284 [DEBUG] DeleteFile: ./db_working_home/000686.sst 
2026/04/19-19:57:45.658300 1284 [Zonestats:time(s),used_cap(MB),reclaimable_cap(MB), avg_reclaimable(%), active(#), active_zones(#), open_zones(#)] 256 2007 3880 65 11 11 1
2026/04/19-19:57:45.658335 1284 [DEBUG] DeleteFile: ./db_working_home/000690.sst 
2026/04/19-19:57:45.658912 1284 [Zonestats:time(s),used_cap(MB),reclaimable_cap(MB), avg_reclaimable(%), active(#), active_zones(#), open_zones(#)] 256 1997 3890 66 11 11 1
2026/04/19-19:57:45.664213 1284 [DEBUG] New writable file: /db_working_home/000693.sst direct: 1
2026/04/19-19:57:45.667047 1284 Entering Apply Finish Threshold Function
2026/04/19-19:57:45.667057 1284 Finishing zone: Entering Finish()
2026/04/19-19:57:45.874789 1284 [DEBUG] Allocating zone(new=1) start: 0x38000000 wp: 0x38000000 lt: 5 file lt: 5
2026/04/19-19:57:45.874808 1284 [Zonestats:time(s),used_cap(MB),reclaimable_cap(MB), avg_reclaimable(%), active(#), active_zones(#), open_zones(#)] 256 1997 3890 66 10 11 2
2026/04/19-19:57:45.874817 1284 [DEBUG] Syncing metadata for: /db_working_home/000693.sst
2026/04/19-19:57:46.456432 1283 Total Garbage Bytes this interval: 2163255067 bytes
2026/04/19-19:57:46.456451 1283 Cumulative Average Garbage Bytes (over 256 intervals): 1533382120 bytes
2026/04/19-19:57:46.456472 1283 Zone Garbage Stats: [78 9 1 1 0 15 3 4 1 3 8 0 ]
2026/04/19-19:57:46.456476 1283 Total Garbage Bytes: 2163255067 bytes
2026/04/19-19:57:46.617157 1284 [DEBUG] Syncing metadata for: /db_working_home/000693.sst
2026/04/19-19:57:46.617716 1284 [DEBUG] Syncing metadata for: /db_working_home/000693.sst
2026/04/19-19:57:46.618432 1284 [DEBUG] GetFileSize: /db_working_home/000693.sst 
2026/04/19-19:57:46.618467 1284 [DEBUG] New writable file: /db_working_home/000694.sst direct: 1
2026/04/19-19:57:46.624244 1284 Entering Apply Finish Threshold Function
2026/04/19-19:57:46.624269 1284 [DEBUG] Allocating zone(new=1) start: 0x48000000 wp: 0x48000000 lt: 5 file lt: 5
2026/04/19-19:57:46.624277 1284 [Zonestats:time(s),used_cap(MB),reclaimable_cap(MB), avg_reclaimable(%), active(#), active_zones(#), open_zones(#)] 257 2061 3954 65 11 12 2
2026/04/19-19:57:46.624283 1284 [DEBUG] Syncing metadata for: /db_working_home/000694.sst
2026/04/19-19:57:47.152458 1284 [DEBUG] Syncing metadata for: /db_working_home/000694.sst
2026/04/19-19:57:47.153019 1284 [DEBUG] Syncing metadata for: /db_working_home/000694.sst
2026/04/19-19:57:47.153716 1284 [DEBUG] GetFileSize: /db_working_home/000694.sst 
2026/04/19-19:57:47.155121 1284 [DEBUG] New random access file: /db_working_home/000693.sst direct: 1
2026/04/19-19:57:47.155403 1284 [DEBUG] GetFileSize: /db_working_home/000693.sst 
2026/04/19-19:57:47.155586 1284 [DEBUG] New random access file: /db_working_home/000694.sst direct: 1
2026/04/19-19:57:47.155787 1284 [DEBUG] GetFileSize: /db_working_home/000694.sst 
2026/04/19-19:57:47.156716 1284 [DEBUG] Syncing metadata for: /db_working_home/MANIFEST-000194
2026/04/19-19:57:47.157501 1284 [DEBUG] DeleteFile: ./db_working_home/000184.sst 
2026/04/19-19:57:47.158204 1284 [Zonestats:time(s),used_cap(MB),reclaimable_cap(MB), avg_reclaimable(%), active(#), active_zones(#), open_zones(#)] 258 2043 3972 66 12 12 1
2026/04/19-19:57:47.158245 1284 [DEBUG] DeleteFile: ./db_working_home/000630.sst 
2026/04/19-19:57:47.158893 1284 [Zonestats:time(s),used_cap(MB),reclaimable_cap(MB), avg_reclaimable(%), active(#), active_zones(#), open_zones(#)] 258 1977 3910 66 12 12 1
2026/04/19-19:57:47.158927 1284 [DEBUG] DeleteFile: ./db_working_home/000692.sst 
2026/04/19-19:57:47.159483 1284 [Zonestats:time(s),used_cap(MB),reclaimable_cap(MB), avg_reclaimable(%), active(#), active_zones(#), open_zones(#)] 258 1949 3938 66 12 12 1
2026/04/19-19:57:47.164753 1284 [DEBUG] New writable file: /db_working_home/000695.sst direct: 1
2026/04/19-19:57:47.167787 1284 Entering Apply Finish Threshold Function
2026/04/19-19:57:47.167811 1284 [DEBUG] Allocator: avoided a finish by relaxing lifetime diff requirement
2026/04/19-19:57:47.167815 1284 [DEBUG] Allocating zone(new=0) start: 0x90000000 wp: 0x9069f800 lt: 5 file lt: 5
2026/04/19-19:57:47.167822 1284 [Zonestats:time(s),used_cap(MB),reclaimable_cap(MB), avg_reclaimable(%), active(#), active_zones(#), open_zones(#)] 258 1949 3938 66 12 12 2
2026/04/19-19:57:47.167828 1284 [DEBUG] Syncing metadata for: /db_working_home/000695.sst
2026/04/19-19:57:47.456651 1283 Total Garbage Bytes this interval: 2154105214 bytes
2026/04/19-19:57:47.456665 1283 Cumulative Average Garbage Bytes (over 257 intervals): 1535797385 bytes
2026/04/19-19:57:47.456683 1283 Zone Garbage Stats: [79 10 1 0 0 14 3 4 1 3 8 0 ]
2026/04/19-19:57:47.456687 1283 Total Garbage Bytes: 2154105214 bytes
2026/04/19-19:57:48.087726 1284 [DEBUG] Syncing metadata for: /db_working_home/000695.sst
2026/04/19-19:57:48.088306 1284 [DEBUG] Syncing metadata for: /db_working_home/000695.sst
2026/04/19-19:57:48.089016 1284 [DEBUG] GetFileSize: /db_working_home/000695.sst 
2026/04/19-19:57:48.089052 1284 [DEBUG] New writable file: /db_working_home/000696.sst direct: 1
2026/04/19-19:57:48.092013 1284 Entering Apply Finish Threshold Function
2026/04/19-19:57:48.092024 1284 Finishing zone: Entering Finish()
2026/04/19-19:57:48.362753 1284 [DEBUG] Allocating zone(new=1) start: 0x50000000 wp: 0x50000000 lt: 5 file lt: 5
2026/04/19-19:57:48.362772 1284 [Zonestats:time(s),used_cap(MB),reclaimable_cap(MB), avg_reclaimable(%), active(#), active_zones(#), open_zones(#)] 259 2036 3851 65 11 12 2
2026/04/19-19:57:48.362783 1284 [DEBUG] Syncing metadata for: /db_working_home/000696.sst
2026/04/19-19:57:48.428528 1284 [DEBUG] Syncing metadata for: /db_working_home/000696.sst
2026/04/19-19:57:48.429125 1284 [DEBUG] Syncing metadata for: /db_working_home/000696.sst
2026/04/19-19:57:48.429837 1284 [DEBUG] GetFileSize: /db_working_home/000696.sst 
2026/04/19-19:57:48.430692 1284 [DEBUG] New random access file: /db_working_home/000695.sst direct: 1
2026/04/19-19:57:48.430969 1284 [DEBUG] GetFileSize: /db_working_home/000695.sst 
2026/04/19-19:57:48.431156 1284 [DEBUG] New random access file: /db_working_home/000696.sst direct: 1
2026/04/19-19:57:48.431328 1284 [DEBUG] GetFileSize: /db_working_home/000696.sst 
2026/04/19-19:57:48.432195 1284 [DEBUG] Syncing metadata for: /db_working_home/MANIFEST-000194
2026/04/19-19:57:48.432933 1284 [DEBUG] DeleteFile: ./db_working_home/000624.sst 
2026/04/19-19:57:48.433627 1284 [Zonestats:time(s),used_cap(MB),reclaimable_cap(MB), avg_reclaimable(%), active(#), active_zones(#), open_zones(#)] 259 1999 3888 66 12 12 1
2026/04/19-19:57:48.433667 1284 [DEBUG] DeleteFile: ./db_working_home/000655.sst 
2026/04/19-19:57:48.434313 1284 [Zonestats:time(s),used_cap(MB),reclaimable_cap(MB), avg_reclaimable(%), active(#), active_zones(#), open_zones(#)] 259 1946 3813 66 12 12 1
2026/04/19-19:57:48.456825 1283 Total Garbage Bytes this interval: 2058087404 bytes
2026/04/19-19:57:48.456832 1283 Cumulative Average Garbage Bytes (over 258 intervals): 1537821765 bytes
2026/04/19-19:57:48.456840 1283 Zone Garbage Stats: [80 11 1 1 0 14 2 3 1 3 8 0 ]
2026/04/19-19:57:48.456842 1283 Total Garbage Bytes: 2058087404 bytes
2026/04/19-19:57:48.505277 1282 [DEBUG] GetChildrenNoLock: /db_working_home 
2026/04/19-19:57:48.505989 1282 [DEBUG] Syncing metadata for: /db_working_home/000677.log
2026/04/19-19:57:48.506697 1282 [DEBUG] Syncing metadata for: /db_working_home/MANIFEST-000194
2026/04/19-19:57:48.507264 1282 [DEBUG] Syncing metadata for: /db_working_home/MANIFEST-000194
2026/04/19-19:57:48.507884 1282 [DEBUG] GetFileSize: /db_working_home/MANIFEST-000194 
2026/04/19-19:57:48.509367 1282 [DEBUG] CreatDirIfMissing: ./db_working_home to aux: /home/femu/rocksdbTest/zenfs_aux/./db_working_home
2026/04/19-19:57:48.509410 1282 [DEBUG] FileExists: /db_working_home/LOG 
2026/04/19-19:57:48.509500 1282 [DEBUG] Rename file: /db_working_home/LOG to : /db_working_home/LOG.old.1776628668509482
2026/04/19-19:57:48.511248 1282 [DEBUG] GetChildrenNoLock: /db_working_home 
2026/04/19-19:57:48.511452 1282 [DEBUG] GetFileSize: /db_working_home/000677.log 
2026/04/19-19:57:48.511481 1282 [DEBUG] GetFileSize: /db_working_home/MANIFEST-000194 
2026/04/19-19:57:48.512121 1282 [DEBUG] CreatDirIfMissing: ./db_working_home to aux: /home/femu/rocksdbTest/zenfs_aux/./db_working_home
2026/04/19-19:57:48.512136 1282 [DEBUG] CreatDirIfMissing: ./db_working_home to aux: /home/femu/rocksdbTest/zenfs_aux/./db_working_home
2026/04/19-19:57:48.512159 1282 [DEBUG] CreatDirIfMissing: ./db_working_home to aux: /home/femu/rocksdbTest/zenfs_aux/./db_working_home
2026/04/19-19:57:48.512170 1282 [DEBUG] NewDirectory: ./db_working_home to aux: /home/femu/rocksdbTest/zenfs_aux/./db_working_home
2026/04/19-19:57:48.512209 1282 [DEBUG] FileExists: /db_working_home/CURRENT 
2026/04/19-19:57:48.512224 1282 [DEBUG] New random access file: /db_working_home/CURRENT direct: 1
2026/04/19-19:57:48.512248 1282 [DEBUG] New sequential file: /db_working_home/CURRENT direct: 0
2026/04/19-19:57:48.512290 1282 [DEBUG] New sequential file: /db_working_home/MANIFEST-000194 direct: 0
2026/04/19-19:57:48.516812 1319 [DEBUG] New random access file: /db_working_home/000678.sst direct: 1
2026/04/19-19:57:48.516879 1320 [DEBUG] New random access file: /db_working_home/000682.sst direct: 1
2026/04/19-19:57:48.516964 1321 [DEBUG] New random access file: /db_working_home/000680.sst direct: 1
2026/04/19-19:57:48.517066 1322 [DEBUG] New random access file: /db_working_home/000679.sst direct: 1
2026/04/19-19:57:48.517101 1319 [DEBUG] GetFileSize: /db_working_home/000678.sst 
2026/04/19-19:57:48.517265 1325 [DEBUG] New random access file: /db_working_home/000684.sst direct: 1
2026/04/19-19:57:48.517278 1321 [DEBUG] GetFileSize: /db_working_home/000680.sst 
2026/04/19-19:57:48.517289 1319 [DEBUG] New random access file: /db_working_home/000683.sst direct: 1
2026/04/19-19:57:48.517385 1320 [DEBUG] GetFileSize: /db_working_home/000682.sst 
2026/04/19-19:57:48.517440 1327 [DEBUG] New random access file: /db_working_home/000685.sst direct: 1
2026/04/19-19:57:48.517482 1320 [DEBUG] New random access file: /db_working_home/000659.sst direct: 1
2026/04/19-19:57:48.517575 1321 [DEBUG] New random access file: /db_working_home/000695.sst direct: 1
2026/04/19-19:57:48.517574 1325 [DEBUG] GetFileSize: /db_working_home/000684.sst 
2026/04/19-19:57:48.517591 1319 [DEBUG] GetFileSize: /db_working_home/000683.sst 
2026/04/19-19:57:48.517607 1322 [DEBUG] GetFileSize: /db_working_home/000679.sst 
2026/04/19-19:57:48.517768 1323 [DEBUG] New random access file: /db_working_home/000616.sst direct: 1
2026/04/19-19:57:48.517785 1320 [DEBUG] GetFileSize: /db_working_home/000659.sst 
2026/04/19-19:57:48.517844 1324 [DEBUG] New random access file: /db_working_home/000696.sst direct: 1
2026/04/19-19:57:48.517899 1322 [DEBUG] New random access file: /db_working_home/000309.sst direct: 1
2026/04/19-19:57:48.517903 1326 [DEBUG] New random access file: /db_working_home/000652.sst direct: 1
2026/04/19-19:57:48.517965 1328 [DEBUG] New random access file: /db_working_home/000668.sst direct: 1
2026/04/19-19:57:48.518043 1329 [DEBUG] New random access file: /db_working_home/000538.sst direct: 1
2026/04/19-19:57:48.518053 1320 [DEBUG] New random access file: /db_working_home/000537.sst direct: 1
2026/04/19-19:57:48.518069 1322 [DEBUG] GetFileSize: /db_working_home/000309.sst 
2026/04/19-19:57:48.518300 1327 [DEBUG] GetFileSize: /db_working_home/000685.sst 
2026/04/19-19:57:48.518352 1326 [DEBUG] GetFileSize: /db_working_home/000652.sst 
2026/04/19-19:57:48.518380 1323 [DEBUG] GetFileSize: /db_working_home/000616.sst 
2026/04/19-19:57:48.518387 1329 [DEBUG] GetFileSize: /db_working_home/000538.sst 
2026/04/19-19:57:48.518396 1324 [DEBUG] GetFileSize: /db_working_home/000696.sst 
2026/04/19-19:57:48.518421 1328 [DEBUG] GetFileSize: /db_working_home/000668.sst 
2026/04/19-19:57:48.518445 1330 [DEBUG] New random access file: /db_working_home/000539.sst direct: 1
2026/04/19-19:57:48.518692 1324 [DEBUG] New random access file: /db_working_home/000687.sst direct: 1
2026/04/19-19:57:48.518725 1329 [DEBUG] New random access file: /db_working_home/000542.sst direct: 1
2026/04/19-19:57:48.518732 1320 [DEBUG] GetFileSize: /db_working_home/000537.sst 
2026/04/19-19:57:48.518762 1326 [DEBUG] New random access file: /db_working_home/000631.sst direct: 1
2026/04/19-19:57:48.518861 1328 [DEBUG] New random access file: /db_working_home/000689.sst direct: 1
2026/04/19-19:57:48.518933 1322 [DEBUG] New random access file: /db_working_home/000688.sst direct: 1
2026/04/19-19:57:48.518950 1324 [DEBUG] GetFileSize: /db_working_home/000687.sst 
2026/04/19-19:57:48.519004 1329 [DEBUG] GetFileSize: /db_working_home/000542.sst 
2026/04/19-19:57:48.519006 1323 [DEBUG] New random access file: /db_working_home/000693.sst direct: 1
2026/04/19-19:57:48.519065 1325 [DEBUG] New random access file: /db_working_home/000635.sst direct: 1
2026/04/19-19:57:48.519092 1327 [DEBUG] New random access file: /db_working_home/000583.sst direct: 1
2026/04/19-19:57:48.519164 1329 [DEBUG] New random access file: /db_working_home/000568.sst direct: 1
2026/04/19-19:57:48.519172 1330 [DEBUG] GetFileSize: /db_working_home/000539.sst 
2026/04/19-19:57:48.519256 1328 [DEBUG] GetFileSize: /db_working_home/000689.sst 
2026/04/19-19:57:48.519301 1321 [DEBUG] GetFileSize: /db_working_home/000695.sst 
2026/04/19-19:57:48.519385 1325 [DEBUG] GetFileSize: /db_working_home/000635.sst 
2026/04/19-19:57:48.519408 1324 [DEBUG] New random access file: /db_working_home/000565.sst direct: 1
2026/04/19-19:57:48.519413 1327 [DEBUG] GetFileSize: /db_working_home/000583.sst 
2026/04/19-19:57:48.519418 1329 [DEBUG] GetFileSize: /db_working_home/000568.sst 
2026/04/19-19:57:48.519509 1329 [DEBUG] New random access file: /db_working_home/000691.sst direct: 1
2026/04/19-19:57:48.519541 1327 [DEBUG] New random access file: /db_working_home/000546.sst direct: 1
2026/04/19-19:57:48.519544 1326 [DEBUG] GetFileSize: /db_working_home/000631.sst 
2026/04/19-19:57:48.519557 1319 [DEBUG] New random access file: /db_working_home/000543.sst direct: 1
2026/04/19-19:57:48.519596 1322 [DEBUG] GetFileSize: /db_working_home/000688.sst 
2026/04/19-19:57:48.519646 1323 [DEBUG] GetFileSize: /db_working_home/000693.sst 
2026/04/19-19:57:48.519670 1324 [DEBUG] GetFileSize: /db_working_home/000565.sst 
2026/04/19-19:57:48.519685 1322 [DEBUG] New random access file: /db_working_home/000672.sst direct: 1
2026/04/19-19:57:48.519761 1326 [DEBUG] New random access file: /db_working_home/000411.sst direct: 1
2026/04/19-19:57:48.519791 1324 [DEBUG] New random access file: /db_working_home/000582.sst direct: 1
2026/04/19-19:57:48.519808 1327 [DEBUG] GetFileSize: /db_working_home/000546.sst 
2026/04/19-19:57:48.519828 1331 [DEBUG] New random access file: /db_working_home/000669.sst direct: 1
2026/04/19-19:57:48.519846 1319 [DEBUG] GetFileSize: /db_working_home/000543.sst 
2026/04/19-19:57:48.519902 1322 [DEBUG] GetFileSize: /db_working_home/000672.sst 
2026/04/19-19:57:48.519915 1326 [DEBUG] GetFileSize: /db_working_home/000411.sst 
2026/04/19-19:57:48.519942 1327 [DEBUG] New random access file: /db_working_home/000405.sst direct: 1
2026/04/19-19:57:48.519949 1282 [DEBUG] New random access file: /db_working_home/000694.sst direct: 1
2026/04/19-19:57:48.520020 1326 [DEBUG] New random access file: /db_working_home/000636.sst direct: 1
2026/04/19-19:57:48.520024 1322 [DEBUG] New random access file: /db_working_home/000404.sst direct: 1
2026/04/19-19:57:48.520047 1324 [DEBUG] GetFileSize: /db_working_home/000582.sst 
2026/04/19-19:57:48.520128 1282 [DEBUG] GetFileSize: /db_working_home/000694.sst 
2026/04/19-19:57:48.520264 1326 [DEBUG] GetFileSize: /db_working_home/000636.sst 
2026/04/19-19:57:48.520269 1327 [DEBUG] GetFileSize: /db_working_home/000405.sst 
2026/04/19-19:57:48.520321 1282 [DEBUG] New random access file: /db_working_home/000500.sst direct: 1
2026/04/19-19:57:48.520354 1326 [DEBUG] New random access file: /db_working_home/000355.sst direct: 1
2026/04/19-19:57:48.520390 1322 [DEBUG] GetFileSize: /db_working_home/000404.sst 
2026/04/19-19:57:48.520431 1333 [DEBUG] New random access file: /db_working_home/000499.sst direct: 1
2026/04/19-19:57:48.520454 1282 [DEBUG] GetFileSize: /db_working_home/000500.sst 
2026/04/19-19:57:48.520512 1330 [DEBUG] New random access file: /db_working_home/000501.sst direct: 1
2026/04/19-19:57:48.520522 1319 [DEBUG] New random access file: /db_working_home/000062.sst direct: 1
2026/04/19-19:57:48.520588 1326 [DEBUG] GetFileSize: /db_working_home/000355.sst 
2026/04/19-19:57:48.520645 1322 [DEBUG] New random access file: /db_working_home/000153.sst direct: 1
2026/04/19-19:57:48.520709 1319 [DEBUG] GetFileSize: /db_working_home/000062.sst 
2026/04/19-19:57:48.520720 1329 [DEBUG] GetFileSize: /db_working_home/000691.sst 
2026/04/19-19:57:48.520762 1319 [DEBUG] New random access file: /db_working_home/000329.sst direct: 1
2026/04/19-19:57:48.520886 1319 [DEBUG] GetFileSize: /db_working_home/000329.sst 
2026/04/19-19:57:48.520935 1333 [DEBUG] GetFileSize: /db_working_home/000499.sst 
2026/04/19-19:57:48.520949 1322 [DEBUG] GetFileSize: /db_working_home/000153.sst 
2026/04/19-19:57:48.521205 1331 [DEBUG] GetFileSize: /db_working_home/000669.sst 
2026/04/19-19:57:48.521531 1330 [DEBUG] GetFileSize: /db_working_home/000501.sst 
2026/04/19-19:57:48.521936 1282 [DEBUG] New random access file: /db_working_home/000356.sst direct: 1
2026/04/19-19:57:48.522147 1282 [DEBUG] GetFileSize: /db_working_home/000356.sst 
2026/04/19-19:57:48.522304 1332 [DEBUG] New random access file: /db_working_home/000408.sst direct: 1
2026/04/19-19:57:48.522720 1332 [DEBUG] GetFileSize: /db_working_home/000408.sst 
2026/04/19-19:57:48.523205 1282 [DEBUG] FileExists: /db_working_home/IDENTITY 
2026/04/19-19:57:48.523214 1282 [DEBUG] New sequential file: /db_working_home/IDENTITY direct: 0
2026/04/19-19:57:48.523258 1282 [DEBUG] GetChildrenNoLock: /db_working_home 
2026/04/19-19:57:48.523372 1282 [DEBUG] CreatDirIfMissing: ./db_working_home to aux: /home/femu/rocksdbTest/zenfs_aux/./db_working_home
2026/04/19-19:57:48.523380 1282 [DEBUG] NewDirectory: ./db_working_home to aux: /home/femu/rocksdbTest/zenfs_aux/./db_working_home
2026/04/19-19:57:48.523392 1282 [DEBUG] GetChildrenNoLock: /db_working_home 
2026/04/19-19:57:48.523501 1282 [DEBUG] New sequential file: /db_working_home/000677.log direct: 0
2026/04/19-19:57:48.523515 1282 [DEBUG] GetFileSize: /db_working_home/000677.log 
2026/04/19-19:57:48.523523 1282 [DEBUG] GetFileSize: /db_working_home/000677.log 
2026/04/19-19:57:48.523528 1282 [DEBUG] Reopen writable file: /db_working_home/000677.log 
2026/04/19-19:57:48.523536 1282 [DEBUG] Syncing metadata for: /db_working_home/000677.log
2026/04/19-19:57:48.524096 1282 [DEBUG] New writable file: /db_working_home/000699.log direct: 0
2026/04/19-19:57:48.524654 1282 [DEBUG] New writable file: /db_working_home/MANIFEST-000700 direct: 0
2026/04/19-19:57:48.525326 1282 Entering Apply Finish Threshold Function
2026/04/19-19:57:48.525337 1282 [DEBUG] Allocating zone(new=0) start: 0x20000000 wp: 0x20037800 lt: 0 file lt: 0
2026/04/19-19:57:48.525341 1282 [Zonestats:time(s),used_cap(MB),reclaimable_cap(MB), avg_reclaimable(%), active(#), active_zones(#), open_zones(#)] 259 1946 3813 66 12 12 1
2026/04/19-19:57:48.525344 1282 [DEBUG] Syncing metadata for: /db_working_home/MANIFEST-000700
2026/04/19-19:57:48.526377 1282 [DEBUG] Syncing metadata for: /db_working_home/MANIFEST-000700
2026/04/19-19:57:48.526903 1282 [DEBUG] New writable file: /db_working_home/000700.dbtmp direct: 0
2026/04/19-19:57:48.527422 1282 Entering Apply Finish Threshold Function
2026/04/19-19:57:48.527432 1282 [DEBUG] Allocating zone(new=0) start: 0x18000000 wp: 0x18011c00 lt: 0 file lt: 0
2026/04/19-19:57:48.527436 1282 [Zonestats:time(s),used_cap(MB),reclaimable_cap(MB), avg_reclaimable(%), active(#), active_zones(#), open_zones(#)] 259 1946 3813 66 12 12 2
2026/04/19-19:57:48.527438 1282 [DEBUG] Syncing metadata for: /db_working_home/000700.dbtmp
2026/04/19-19:57:48.528445 1282 [DEBUG] Syncing metadata for: /db_working_home/000700.dbtmp
2026/04/19-19:57:48.528950 1282 [DEBUG] Syncing metadata for: /db_working_home/000700.dbtmp
2026/04/19-19:57:48.529450 1282 [DEBUG] Syncing metadata for: /db_working_home/000700.dbtmp
2026/04/19-19:57:48.529973 1282 [DEBUG] Rename file: /db_working_home/000700.dbtmp to : /db_working_home/CURRENT
2026/04/19-19:57:48.531953 1282 [DEBUG] New writable file: /db_working_home/OPTIONS-000701.dbtmp direct: 0
2026/04/19-19:57:48.532639 1282 Entering Apply Finish Threshold Function
2026/04/19-19:57:48.532647 1282 [DEBUG] Allocating zone(new=0) start: 0x18000000 wp: 0x18011e00 lt: 0 file lt: 0
2026/04/19-19:57:48.532650 1282 [Zonestats:time(s),used_cap(MB),reclaimable_cap(MB), avg_reclaimable(%), active(#), active_zones(#), open_zones(#)] 259 1946 3813 66 12 12 2
2026/04/19-19:57:48.532652 1282 [DEBUG] Syncing metadata for: /db_working_home/OPTIONS-000701.dbtmp
2026/04/19-19:57:48.533656 1282 [DEBUG] Syncing metadata for: /db_working_home/OPTIONS-000701.dbtmp
2026/04/19-19:57:48.534156 1282 [DEBUG] Syncing metadata for: /db_working_home/OPTIONS-000701.dbtmp
2026/04/19-19:57:48.534654 1282 [DEBUG] Syncing metadata for: /db_working_home/OPTIONS-000701.dbtmp
2026/04/19-19:57:48.535193 1282 [DEBUG] New sequential file: /db_working_home/OPTIONS-000701.dbtmp direct: 0
2026/04/19-19:57:48.535988 1282 [DEBUG] GetFileSize: /db_working_home/OPTIONS-000701.dbtmp 
2026/04/19-19:57:48.535995 1282 [DEBUG] Rename file: /db_working_home/OPTIONS-000701.dbtmp to : /db_working_home/OPTIONS-000702
2026/04/19-19:57:48.536521 1282 [DEBUG] NewDirectory: ./db_working_home to aux: /home/femu/rocksdbTest/zenfs_aux/./db_working_home
2026/04/19-19:57:48.537459 1282 [DEBUG] GetChildrenNoLock: /db_working_home 
2026/04/19-19:57:48.537529 1282 [DEBUG] DeleteFile: ./db_working_home/OPTIONS-000007 
2026/04/19-19:57:48.538040 1282 [Zonestats:time(s),used_cap(MB),reclaimable_cap(MB), avg_reclaimable(%), active(#), active_zones(#), open_zones(#)] 259 1946 3813 66 12 12 1
2026/04/19-19:57:48.538186 1282 [DEBUG] GetChildrenNoLock: /db_working_home 
2026/04/19-19:57:48.538258 1282 [DEBUG] GetChildrenNoLock: /db_working_home 
2026/04/19-19:57:48.538349 1282 [DEBUG] DeleteFile: ./db_working_home/000677.log 
2026/04/19-19:57:48.538879 1282 [Zonestats:time(s),used_cap(MB),reclaimable_cap(MB), avg_reclaimable(%), active(#), active_zones(#), open_zones(#)] 259 1946 3813 66 12 12 1
2026/04/19-19:57:48.538894 1282 [DEBUG] DeleteFile: ./db_working_home/MANIFEST-000194 
2026/04/19-19:57:48.539445 1282 [Zonestats:time(s),used_cap(MB),reclaimable_cap(MB), avg_reclaimable(%), active(#), active_zones(#), open_zones(#)] 259 1945 3814 66 12 12 1
2026/04/19-19:57:48.841132 1282 [DEBUG] GetChildrenNoLock: /db_working_home 
2026/04/19-19:57:48.841502 1282 [DEBUG] Syncing metadata for: /db_working_home/000699.log
2026/04/19-19:57:48.842112 1282 [DEBUG] Syncing metadata for: /db_working_home/MANIFEST-000700
2026/04/19-19:57:48.842658 1282 [DEBUG] Syncing metadata for: /db_working_home/MANIFEST-000700
2026/04/19-19:57:48.843267 1282 [DEBUG] GetFileSize: /db_working_home/MANIFEST-000700 
2026/04/19-19:57:48.874870 1282 ZenFS shutting down
2026/04/19-19:57:48.874877 1282 [DEBUG] Zone 0x18000000 used capacity: 17048 bytes (0 MB)
2026/04/19-19:57:48.874880 1282 [DEBUG] Zone 0x20000000 used capacity: 15675 bytes (0 MB)
2026/04/19-19:57:48.874881 1282 [DEBUG] Zone 0x28000000 used capacity: 63216612 bytes (60 MB)
2026/04/19-19:57:48.874883 1282 [DEBUG] Zone 0x30000000 used capacity: 55585201 bytes (53 MB)
2026/04/19-19:57:48.874884 1282 [DEBUG] Zone 0x38000000 used capacity: 67213873 bytes (64 MB)
2026/04/19-19:57:48.874885 1282 [DEBUG] Zone 0x40000000 used capacity: 25548075 bytes (24 MB)
2026/04/19-19:57:48.874886 1282 [DEBUG] Zone 0x48000000 used capacity: 48304685 bytes (46 MB)
2026/04/19-19:57:48.874887 1282 [DEBUG] Zone 0x50000000 used capacity: 6566927 bytes (6 MB)
2026/04/19-19:57:48.874888 1282 [DEBUG] Zone 0x58000000 used capacity: 5798 bytes (0 MB)
2026/04/19-19:57:48.874889 1282 [DEBUG] Zone 0x60000000 used capacity: 67216562 bytes (64 MB)
2026/04/19-19:57:48.874890 1282 [DEBUG] Zone 0x68000000 used capacity: 54787880 bytes (52 MB)
2026/04/19-19:57:48.874892 1282 [DEBUG] Zone 0x70000000 used capacity: 72143256 bytes (68 MB)
2026/04/19-19:57:48.874893 1282 [DEBUG] Zone 0x78000000 used capacity: 32149864 bytes (30 MB)
2026/04/19-19:57:48.874894 1282 [DEBUG] Zone 0x80000000 used capacity: 74862810 bytes (71 MB)
2026/04/19-19:57:48.874895 1282 [DEBUG] Zone 0x88000000 used capacity: 4623 bytes (0 MB)
2026/04/19-19:57:48.874896 1282 [DEBUG] Zone 0x90000000 used capacity: 98800516 bytes (94 MB)
2026/04/19-19:57:48.874897 1282 [DEBUG] Zone 0x98000000 used capacity: 67213868 bytes (64 MB)
2026/04/19-19:57:48.874898 1282 [DEBUG] Zone 0xB8000000 used capacity: 116453418 bytes (111 MB)
2026/04/19-19:57:48.874899 1282 [DEBUG] Zone 0xC0000000 used capacity: 38643146 bytes (36 MB)
2026/04/19-19:57:48.874900 1282 [DEBUG] Zone 0xD0000000 used capacity: 2555 bytes (0 MB)
2026/04/19-19:57:48.874901 1282 [DEBUG] Zone 0xE0000000 used capacity: 65612209 bytes (62 MB)
2026/04/19-19:57:48.874902 1282 [DEBUG] Zone 0xF8000000 used capacity: 13443 bytes (0 MB)
2026/04/19-19:57:48.874902 1282 [DEBUG] Zone 0x108000000 used capacity: 3590 bytes (0 MB)
2026/04/19-19:57:48.874903 1282 [DEBUG] Zone 0x110000000 used capacity: 72107553 bytes (68 MB)
2026/04/19-19:57:48.874904 1282 [DEBUG] Zone 0x120000000 used capacity: 67214452 bytes (64 MB)
2026/04/19-19:57:48.874905 1282 [DEBUG] Zone 0x130000000 used capacity: 69163517 bytes (65 MB)
2026/04/19-19:57:48.874906 1282 [DEBUG] Zone 0x140000000 used capacity: 67216627 bytes (64 MB)
2026/04/19-19:57:48.874907 1282 [DEBUG] Zone 0x148000000 used capacity: 18620509 bytes (17 MB)
2026/04/19-19:57:48.874908 1282 [DEBUG] Zone 0x150000000 used capacity: 67215315 bytes (64 MB)
2026/04/19-19:57:48.874909 1282 [DEBUG] Zone 0x158000000 used capacity: 43405943 bytes (41 MB)
2026/04/19-19:57:48.874910 1282 [DEBUG] Zone 0x160000000 used capacity: 10441207 bytes (9 MB)
2026/04/19-19:57:48.874911 1282 [DEBUG] Zone 0x168000000 used capacity: 13085928 bytes (12 MB)
2026/04/19-19:57:48.874912 1282 [DEBUG] Zone 0x178000000 used capacity: 67216876 bytes (64 MB)
2026/04/19-19:57:48.874913 1282 [DEBUG] Zone 0x180000000 used capacity: 67216520 bytes (64 MB)
2026/04/19-19:57:48.874914 1282 [DEBUG] Zone 0x198000000 used capacity: 14946749 bytes (14 MB)
2026/04/19-19:57:48.874915 1282 [DEBUG] Zone 0x1A0000000 used capacity: 67215320 bytes (64 MB)
2026/04/19-19:57:48.874916 1282 [DEBUG] Zone 0x1A8000000 used capacity: 21113 bytes (0 MB)
2026/04/19-19:57:48.874917 1282 [DEBUG] Zone 0x1B8000000 used capacity: 51722610 bytes (49 MB)
2026/04/19-19:57:48.874918 1282 [DEBUG] Zone 0x1C0000000 used capacity: 10307619 bytes (9 MB)
2026/04/19-19:57:48.874918 1282 [DEBUG] Zone 0x1C8000000 used capacity: 67215264 bytes (64 MB)
2026/04/19-19:57:48.874919 1282 [DEBUG] Zone 0x1D8000000 used capacity: 42214598 bytes (40 MB)
2026/04/19-19:57:48.874920 1282 [DEBUG] Zone 0x1E0000000 used capacity: 67214522 bytes (64 MB)
2026/04/19-19:57:48.874921 1282 [DEBUG] Zone 0x1F0000000 used capacity: 57381097 bytes (54 MB)
2026/04/19-19:57:48.874922 1282 [DEBUG] Zone 0x200000000 used capacity: 67213818 bytes (64 MB)
2026/04/19-19:57:48.874923 1282 [DEBUG] Zone 0x218000000 used capacity: 77702170 bytes (74 MB)
2026/04/19-19:57:48.874927 1282 Total Garbage Bytes this interval: 2058315647 bytes
2026/04/19-19:57:48.874928 1282 Cumulative Average Garbage Bytes (over 259 intervals): 1539831394 bytes
2026/04/19-19:57:48.874936 1282 Zone Garbage Stats: [80 12 1 1 0 14 2 3 1 3 8 0 ]
2026/04/19-19:57:48.874938 1282 Total Garbage Bytes: 2058315647 bytes
2026/04/19-19:57:48.874939 1282   Files:
2026/04/19-19:57:48.874940 1282     /db_working_home/000062.sst                   sz: 4623 lh: 3 sparse: 0
2026/04/19-19:57:48.874942 1282           Extent 0 {start=0x8aac9e00, zone=17, len=4623} 
2026/04/19-19:57:48.874944 1282     /db_working_home/000153.sst                   sz: 2555 lh: 3 sparse: 0
2026/04/19-19:57:48.874945 1282           Extent 0 {start=0xd0000000, zone=26, len=2555} 
2026/04/19-19:57:48.874947 1282     /db_working_home/000309.sst                   sz: 13443 lh: 5 sparse: 0
2026/04/19-19:57:48.874952 1282           Extent 0 {start=0xf8000000, zone=31, len=13443} 
2026/04/19-19:57:48.874954 1282     /db_working_home/000329.sst                   sz: 3590 lh: 5 sparse: 0
2026/04/19-19:57:48.874955 1282           Extent 0 {start=0x108000000, zone=33, len=3590} 
2026/04/19-19:57:48.874956 1282     /db_working_home/000355.sst                   sz: 67216562 lh: 5 sparse: 0
2026/04/19-19:57:48.874958 1282           Extent 0 {start=0x60000000, zone=12, len=67216562} 
2026/04/19-19:57:48.874959 1282     /db_working_home/000356.sst                   sz: 65612209 lh: 5 sparse: 0
2026/04/19-19:57:48.874961 1282           Extent 0 {start=0xe0000000, zone=28, len=65612209} 
2026/04/19-19:57:48.874962 1282     /db_working_home/000404.sst                   sz: 67216876 lh: 5 sparse: 0
2026/04/19-19:57:48.874963 1282           Extent 0 {start=0x178000000, zone=47, len=67216876} 
2026/04/19-19:57:48.874964 1282     /db_working_home/000405.sst                   sz: 67216520 lh: 5 sparse: 0
2026/04/19-19:57:48.874966 1282           Extent 0 {start=0x180000000, zone=48, len=67216520} 
2026/04/19-19:57:48.874967 1282     /db_working_home/000408.sst                   sz: 67216627 lh: 5 sparse: 0
2026/04/19-19:57:48.874968 1282           Extent 0 {start=0x140000000, zone=40, len=67216627} 
2026/04/19-19:57:48.874969 1282     /db_working_home/000411.sst                   sz: 13085928 lh: 5 sparse: 0
2026/04/19-19:57:48.874971 1282           Extent 0 {start=0x168000000, zone=45, len=13085928} 
2026/04/19-19:57:48.874973 1282     /db_working_home/000499.sst                   sz: 67214452 lh: 5 sparse: 0
2026/04/19-19:57:48.874974 1282           Extent 0 {start=0x120000000, zone=36, len=67214452} 
2026/04/19-19:57:48.874975 1282     /db_working_home/000500.sst                   sz: 14946749 lh: 5 sparse: 0
2026/04/19-19:57:48.874976 1282           Extent 0 {start=0x198000000, zone=51, len=14946749} 
2026/04/19-19:57:48.874977 1282     /db_working_home/000501.sst                   sz: 67215320 lh: 5 sparse: 0
2026/04/19-19:57:48.874978 1282           Extent 0 {start=0x1a0000000, zone=52, len=67215320} 
2026/04/19-19:57:48.874980 1282     /db_working_home/000537.sst                   sz: 72107553 lh: 5 sparse: 0
2026/04/19-19:57:48.874981 1282           Extent 0 {start=0x110000000, zone=34, len=72107553} 
2026/04/19-19:57:48.874982 1282     /db_working_home/000538.sst                   sz: 43405943 lh: 5 sparse: 0
2026/04/19-19:57:48.874983 1282           Extent 0 {start=0x158000000, zone=43, len=43405943} 
2026/04/19-19:57:48.874984 1282     /db_working_home/000539.sst                   sz: 51722610 lh: 5 sparse: 0
2026/04/19-19:57:48.874985 1282           Extent 0 {start=0x1b8000000, zone=55, len=51722610} 
2026/04/19-19:57:48.874987 1282     /db_working_home/000542.sst                   sz: 42214598 lh: 5 sparse: 0
2026/04/19-19:57:48.874988 1282           Extent 0 {start=0x1d8000000, zone=59, len=42214598} 
2026/04/19-19:57:48.874989 1282     /db_working_home/000543.sst                   sz: 67214522 lh: 5 sparse: 0
2026/04/19-19:57:48.874990 1282           Extent 0 {start=0x1e0000000, zone=60, len=67214522} 
2026/04/19-19:57:48.874992 1282     /db_working_home/000546.sst                   sz: 25548075 lh: 5 sparse: 0
2026/04/19-19:57:48.874993 1282           Extent 0 {start=0x40000000, zone=8, len=25548075} 
2026/04/19-19:57:48.874994 1282     /db_working_home/000565.sst                   sz: 67215315 lh: 5 sparse: 0
2026/04/19-19:57:48.874995 1282           Extent 0 {start=0x150000000, zone=42, len=67215315} 
2026/04/19-19:57:48.874996 1282     /db_working_home/000568.sst                   sz: 10441207 lh: 5 sparse: 0
2026/04/19-19:57:48.874997 1282           Extent 0 {start=0x160000000, zone=44, len=10441207} 
2026/04/19-19:57:48.874999 1282     /db_working_home/000582.sst                   sz: 67215264 lh: 5 sparse: 0
2026/04/19-19:57:48.875000 1282           Extent 0 {start=0x1c8000000, zone=57, len=67215264} 
2026/04/19-19:57:48.875001 1282     /db_working_home/000583.sst                   sz: 10307619 lh: 5 sparse: 0
2026/04/19-19:57:48.875005 1282           Extent 0 {start=0x1c0000000, zone=56, len=10307619} 
2026/04/19-19:57:48.875006 1282     /db_working_home/000616.sst                   sz: 21113 lh: 5 sparse: 0
2026/04/19-19:57:48.875007 1282           Extent 0 {start=0x1a8000000, zone=53, len=21113} 
2026/04/19-19:57:48.875008 1282     /db_working_home/000631.sst                   sz: 69163517 lh: 5 sparse: 0
2026/04/19-19:57:48.875009 1282           Extent 0 {start=0x130000000, zone=38, len=69163517} 
2026/04/19-19:57:48.875010 1282     /db_working_home/000635.sst                   sz: 67215119 lh: 5 sparse: 0
2026/04/19-19:57:48.875011 1282           Extent 0 {start=0x2184e9a00, zone=67, len=67215119} 
2026/04/19-19:57:48.875012 1282     /db_working_home/000636.sst                   sz: 10487051 lh: 5 sparse: 0
2026/04/19-19:57:48.875013 1282           Extent 0 {start=0x21c503a00, zone=67, len=10487051} 
2026/04/19-19:57:48.875014 1282     /db_working_home/000652.sst                   sz: 49238084 lh: 5 sparse: 0
2026/04/19-19:57:48.875015 1282           Extent 0 {start=0xb8000000, zone=23, len=49238084} 
2026/04/19-19:57:48.875017 1282     /db_working_home/000659.sst                   sz: 57381097 lh: 5 sparse: 0
2026/04/19-19:57:48.875018 1282           Extent 0 {start=0x1f0000000, zone=62, len=57381097} 
2026/04/19-19:57:48.875019 1282     /db_working_home/000668.sst                   sz: 23184527 lh: 5 sparse: 0
2026/04/19-19:57:48.875020 1282           Extent 0 {start=0xc0000000, zone=24, len=23184527} 
2026/04/19-19:57:48.875021 1282     /db_working_home/000669.sst                   sz: 67213818 lh: 5 sparse: 0
2026/04/19-19:57:48.875022 1282           Extent 0 {start=0x200000000, zone=64, len=67213818} 
2026/04/19-19:57:48.875023 1282     /db_working_home/000672.sst                   sz: 18620509 lh: 5 sparse: 0
2026/04/19-19:57:48.875024 1282           Extent 0 {start=0x148000000, zone=41, len=18620509} 
2026/04/19-19:57:48.875026 1282     /db_working_home/000678.sst                   sz: 15458619 lh: 3 sparse: 0
2026/04/19-19:57:48.875027 1282           Extent 0 {start=0xc256c600, zone=24, len=15458619} 
2026/04/19-19:57:48.875028 1282     /db_working_home/000679.sst                   sz: 63216612 lh: 5 sparse: 0
2026/04/19-19:57:48.875029 1282           Extent 0 {start=0x28000000, zone=5, len=63216612} 
2026/04/19-19:57:48.875030 1282     /db_working_home/000680.sst                   sz: 55585201 lh: 5 sparse: 0
2026/04/19-19:57:48.875031 1282           Extent 0 {start=0x30000000, zone=6, len=55585201} 
2026/04/19-19:57:48.875033 1282     /db_working_home/000682.sst                   sz: 5798 lh: 5 sparse: 0
2026/04/19-19:57:48.875034 1282           Extent 0 {start=0x58000000, zone=11, len=5798} 
2026/04/19-19:57:48.875035 1282     /db_working_home/000683.sst                   sz: 54787880 lh: 5 sparse: 0
2026/04/19-19:57:48.875036 1282           Extent 0 {start=0x68000000, zone=13, len=54787880} 
2026/04/19-19:57:48.875037 1282     /db_working_home/000684.sst                   sz: 72143256 lh: 5 sparse: 0
2026/04/19-19:57:48.875038 1282           Extent 0 {start=0x70000000, zone=14, len=72143256} 
2026/04/19-19:57:48.875039 1282     /db_working_home/000685.sst                   sz: 32149864 lh: 5 sparse: 0
2026/04/19-19:57:48.875040 1282           Extent 0 {start=0x78000000, zone=15, len=32149864} 
2026/04/19-19:57:48.875041 1282     /db_working_home/000687.sst                   sz: 74862810 lh: 5 sparse: 0
2026/04/19-19:57:48.875042 1282           Extent 0 {start=0x80000000, zone=16, len=74862810} 
2026/04/19-19:57:48.875044 1282     /db_working_home/000688.sst                   sz: 6944572 lh: 5 sparse: 0
2026/04/19-19:57:48.875045 1282           Extent 0 {start=0x90000000, zone=18, len=6944572} 
2026/04/19-19:57:48.875046 1282     /db_working_home/000689.sst                   sz: 67215334 lh: 5 sparse: 0
2026/04/19-19:57:48.875047 1282           Extent 0 {start=0xbaef5200, zone=23, len=67215334} 
2026/04/19-19:57:48.875048 1282     /db_working_home/000691.sst                   sz: 67213868 lh: 5 sparse: 0
2026/04/19-19:57:48.875055 1282           Extent 0 {start=0x989b5c00, zone=19, len=67213868} 
2026/04/19-19:57:48.875057 1282     /db_working_home/000693.sst                   sz: 67213873 lh: 5 sparse: 0
2026/04/19-19:57:48.875058 1282           Extent 0 {start=0x38000000, zone=7, len=67213873} 
2026/04/19-19:57:48.875059 1282     /db_working_home/000694.sst                   sz: 48304685 lh: 5 sparse: 0
2026/04/19-19:57:48.875060 1282           Extent 0 {start=0x48000000, zone=9, len=48304685} 
2026/04/19-19:57:48.875062 1282     /db_working_home/000695.sst                   sz: 91855944 lh: 5 sparse: 0
2026/04/19-19:57:48.875063 1282           Extent 0 {start=0x9069f800, zone=18, len=91855944} 
2026/04/19-19:57:48.875064 1282     /db_working_home/000696.sst                   sz: 6566927 lh: 5 sparse: 0
2026/04/19-19:57:48.875065 1282           Extent 0 {start=0x50000000, zone=10, len=6566927} 
2026/04/19-19:57:48.875066 1282     /db_working_home/000699.log                   sz: 0 lh: 2 sparse: 1
2026/04/19-19:57:48.875068 1282     /db_working_home/CURRENT                      sz: 16 lh: 0 sparse: 0
2026/04/19-19:57:48.875069 1282           Extent 0 {start=0x18011c00, zone=3, len=16} 
2026/04/19-19:57:48.875070 1282     /db_working_home/IDENTITY                     sz: 36 lh: 0 sparse: 0
2026/04/19-19:57:48.875071 1282           Extent 0 {start=0x18000000, zone=3, len=36} 
2026/04/19-19:57:48.875072 1282     /db_working_home/MANIFEST-000700              sz: 15675 lh: 0 sparse: 0
2026/04/19-19:57:48.875073 1282           Extent 0 {start=0x20037800, zone=4, len=15675} 
2026/04/19-19:57:48.875074 1282     /db_working_home/OPTIONS-000196               sz: 8498 lh: 0 sparse: 0
2026/04/19-19:57:48.875075 1282           Extent 0 {start=0x1800fa00, zone=3, len=8498} 
2026/04/19-19:57:48.875077 1282     /db_working_home/OPTIONS-000702               sz: 8498 lh: 0 sparse: 0
2026/04/19-19:57:48.875078 1282           Extent 0 {start=0x18011e00, zone=3, len=8498} 
2026/04/19-19:57:48.875079 1282 Sum of all files: 1945 MB of data 
2026/04/19-19:57:49.457015 1283 Total Garbage Bytes this interval: 2058315647 bytes
2026/04/19-19:57:49.457236 1283 Cumulative Average Garbage Bytes (over 260 intervals): 1541825564 bytes
2026/04/19-19:57:49.457257 1283 Zone Garbage Stats: [80 12 1 1 0 14 2 3 1 3 8 0 ]
2026/04/19-19:57:49.457261 1283 Total Garbage Bytes: 2058315647 bytes
