2026/04/19-18:10:02.562086 1626 New Zoned Block Device: /dev/nvme0n1
2026/04/19-18:10:02.562342 1626 Zone block device nr zones: 128 max active: 14 max open: 14 
2026/04/19-18:10:02.562830 1626 ZenFS initializing
2026/04/19-18:10:02.562835 1626 ZenFS parameters: block device: /dev/nvme0n1, aux filesystem: PosixFileSystem
2026/04/19-18:10:02.562836 1626 ZenFS initializing
2026/04/19-18:10:02.562849 1626 Found OK superblock in zone 0 seq: 1
2026/04/19-18:10:02.562855 1626 Recovered from zone: 0
2026/04/19-18:10:02.562864 1626 Rolling to metazone 1
2026/04/19-18:10:03.592850 1626 Superblock sequence 2
2026/04/19-18:10:03.592865 1626 Finish threshold 90
2026/04/19-18:10:03.592869 1626 Filesystem mount OK
2026/04/19-18:10:03.592871 1626 Resetting unused IO Zones..
2026/04/19-18:10:03.592881 1626   Done
2026/04/19-18:10:03.592883 1626 GC is disabled
2026/04/19-18:10:03.592985 1626   Files:
2026/04/19-18:10:03.592990 1626 Sum of all files: 0 MB of data 
2026/04/19-18:10:04.593391 1628 Zone Garbage Stats: [125 0 0 0 0 0 0 0 0 0 0 0 ]
2026/04/19-18:10:04.593410 1628 Total Garbage Bytes: 0 bytes
2026/04/19-18:10:05.593615 1628 Zone Garbage Stats: [125 0 0 0 0 0 0 0 0 0 0 0 ]
2026/04/19-18:10:05.593639 1628 Total Garbage Bytes: 0 bytes
2026/04/19-18:10:06.593845 1628 Zone Garbage Stats: [125 0 0 0 0 0 0 0 0 0 0 0 ]
2026/04/19-18:10:06.593865 1628 Total Garbage Bytes: 0 bytes
2026/04/19-18:10:07.594096 1628 Zone Garbage Stats: [125 0 0 0 0 0 0 0 0 0 0 0 ]
2026/04/19-18:10:07.594251 1628 Total Garbage Bytes: 0 bytes
2026/04/19-18:10:08.594520 1628 Zone Garbage Stats: [125 0 0 0 0 0 0 0 0 0 0 0 ]
2026/04/19-18:10:08.595148 1628 Total Garbage Bytes: 0 bytes
2026/04/19-18:10:09.597840 1628 Zone Garbage Stats: [125 0 0 0 0 0 0 0 0 0 0 0 ]
2026/04/19-18:10:09.597955 1628 Total Garbage Bytes: 0 bytes
2026/04/19-18:10:10.598175 1628 Zone Garbage Stats: [125 0 0 0 0 0 0 0 0 0 0 0 ]
2026/04/19-18:10:10.598192 1628 Total Garbage Bytes: 0 bytes
2026/04/19-18:10:11.598384 1628 Zone Garbage Stats: [125 0 0 0 0 0 0 0 0 0 0 0 ]
2026/04/19-18:10:11.598398 1628 Total Garbage Bytes: 0 bytes
2026/04/19-18:10:12.598593 1628 Zone Garbage Stats: [125 0 0 0 0 0 0 0 0 0 0 0 ]
2026/04/19-18:10:12.598709 1628 Total Garbage Bytes: 0 bytes
2026/04/19-18:10:13.598905 1628 Zone Garbage Stats: [125 0 0 0 0 0 0 0 0 0 0 0 ]
2026/04/19-18:10:13.598920 1628 Total Garbage Bytes: 0 bytes
2026/04/19-18:10:14.599128 1628 Zone Garbage Stats: [125 0 0 0 0 0 0 0 0 0 0 0 ]
2026/04/19-18:10:14.599145 1628 Total Garbage Bytes: 0 bytes
2026/04/19-18:10:15.599340 1628 Zone Garbage Stats: [125 0 0 0 0 0 0 0 0 0 0 0 ]
2026/04/19-18:10:15.599356 1628 Total Garbage Bytes: 0 bytes
2026/04/19-18:10:16.599554 1628 Zone Garbage Stats: [125 0 0 0 0 0 0 0 0 0 0 0 ]
2026/04/19-18:10:16.599573 1628 Total Garbage Bytes: 0 bytes
2026/04/19-18:10:17.599767 1628 Zone Garbage Stats: [125 0 0 0 0 0 0 0 0 0 0 0 ]
2026/04/19-18:10:17.599827 1628 Total Garbage Bytes: 0 bytes
2026/04/19-18:10:18.600048 1628 Zone Garbage Stats: [125 0 0 0 0 0 0 0 0 0 0 0 ]
2026/04/19-18:10:18.600068 1628 Total Garbage Bytes: 0 bytes
2026/04/19-18:10:19.600325 1628 Zone Garbage Stats: [125 0 0 0 0 0 0 0 0 0 0 0 ]
2026/04/19-18:10:19.600345 1628 Total Garbage Bytes: 0 bytes
2026/04/19-18:10:20.600684 1628 Zone Garbage Stats: [125 0 0 0 0 0 0 0 0 0 0 0 ]
2026/04/19-18:10:20.600710 1628 Total Garbage Bytes: 0 bytes
2026/04/19-18:10:21.601046 1628 Zone Garbage Stats: [125 0 0 0 0 0 0 0 0 0 0 0 ]
2026/04/19-18:10:21.601180 1628 Total Garbage Bytes: 0 bytes
2026/04/19-18:10:22.601384 1628 Zone Garbage Stats: [125 0 0 0 0 0 0 0 0 0 0 0 ]
2026/04/19-18:10:22.601527 1628 Total Garbage Bytes: 0 bytes
2026/04/19-18:10:23.513038 1626 [DEBUG] CreatDirIfMissing: ./db_working_home to aux: /home/femu/rocksdbTest/zenfs_aux/./db_working_home
2026/04/19-18:10:23.513345 1626 [DEBUG] FileExists: /db_working_home/LOG 
2026/04/19-18:10:23.513895 1626 [DEBUG] GetChildrenNoLock: /db_working_home 
2026/04/19-18:10:23.513984 1626 [DEBUG] DeleteFile: ./db_working_home/LOG 
2026/04/19-18:10:23.514011 1626 [Zonestats:time(s),used_cap(MB),reclaimable_cap(MB), avg_reclaimable(%), active(#), active_zones(#), open_zones(#)] 21 0 0 0 0 0 0
2026/04/19-18:10:23.514017 1626 [DEBUG] GetChildrenNoLock: /db_working_home/archive 
2026/04/19-18:10:23.514036 1626 [DEBUG] DeleteFile: ./db_working_home/LOCK 
2026/04/19-18:10:23.514060 1626 [Zonestats:time(s),used_cap(MB),reclaimable_cap(MB), avg_reclaimable(%), active(#), active_zones(#), open_zones(#)] 21 0 0 0 0 0 0
2026/04/19-18:10:23.514104 1626 [DEBUG] DeleteDir: ./db_working_home aux: /home/femu/rocksdbTest/zenfs_aux/./db_working_home
2026/04/19-18:10:23.514107 1626 [DEBUG] GetChildrenNoLock: /db_working_home 
2026/04/19-18:10:23.514141 1626 [DEBUG] DeleteDir: ./db_working_home/archive aux: /home/femu/rocksdbTest/zenfs_aux/./db_working_home/archive
2026/04/19-18:10:23.514144 1626 [DEBUG] GetChildrenNoLock: /db_working_home/archive 
2026/04/19-18:10:23.514277 1626 [DEBUG] CreatDirIfMissing: ./db_working_home to aux: /home/femu/rocksdbTest/zenfs_aux/./db_working_home
2026/04/19-18:10:23.514303 1626 [DEBUG] FileExists: /db_working_home/LOG 
2026/04/19-18:10:23.514577 1626 [DEBUG] GetChildrenNoLock: /db_working_home 
2026/04/19-18:10:23.514825 1626 [DEBUG] CreatDirIfMissing: ./db_working_home to aux: /home/femu/rocksdbTest/zenfs_aux/./db_working_home
2026/04/19-18:10:23.514829 1626 [DEBUG] CreatDirIfMissing: ./db_working_home to aux: /home/femu/rocksdbTest/zenfs_aux/./db_working_home
2026/04/19-18:10:23.514843 1626 [DEBUG] CreatDirIfMissing: ./db_working_home to aux: /home/femu/rocksdbTest/zenfs_aux/./db_working_home
2026/04/19-18:10:23.514846 1626 [DEBUG] NewDirectory: ./db_working_home to aux: /home/femu/rocksdbTest/zenfs_aux/./db_working_home
2026/04/19-18:10:23.514872 1626 [DEBUG] FileExists: /db_working_home/CURRENT 
2026/04/19-18:10:23.514915 1626 [DEBUG] New writable file: /db_working_home/000000.dbtmp direct: 0
2026/04/19-18:10:23.515513 1626 Entering Apply Finish Threshold Function
2026/04/19-18:10:23.515523 1626 [DEBUG] Allocating zone(new=1) start: 0x18000000 wp: 0x18000000 lt: 0 file lt: 0
2026/04/19-18:10:23.515525 1626 [Zonestats:time(s),used_cap(MB),reclaimable_cap(MB), avg_reclaimable(%), active(#), active_zones(#), open_zones(#)] 21 0 0 0 0 1 1
2026/04/19-18:10:23.515528 1626 [DEBUG] Syncing metadata for: /db_working_home/000000.dbtmp
2026/04/19-18:10:23.516524 1626 [DEBUG] Syncing metadata for: /db_working_home/000000.dbtmp
2026/04/19-18:10:23.517024 1626 [DEBUG] Syncing metadata for: /db_working_home/000000.dbtmp
2026/04/19-18:10:23.517522 1626 [DEBUG] Syncing metadata for: /db_working_home/000000.dbtmp
2026/04/19-18:10:23.518057 1626 [DEBUG] Rename file: /db_working_home/000000.dbtmp to : /db_working_home/IDENTITY
2026/04/19-18:10:23.518561 1626 [DEBUG] NewDirectory: ./db_working_home to aux: /home/femu/rocksdbTest/zenfs_aux/./db_working_home
2026/04/19-18:10:23.519860 1626 [DEBUG] FileExists: /db_working_home/MANIFEST-000001 
2026/04/19-18:10:23.519876 1626 [DEBUG] New writable file: /db_working_home/MANIFEST-000001 direct: 0
2026/04/19-18:10:23.520411 1626 Entering Apply Finish Threshold Function
2026/04/19-18:10:23.520418 1626 [DEBUG] Allocating zone(new=0) start: 0x18000000 wp: 0x18000200 lt: 0 file lt: 0
2026/04/19-18:10:23.520420 1626 [Zonestats:time(s),used_cap(MB),reclaimable_cap(MB), avg_reclaimable(%), active(#), active_zones(#), open_zones(#)] 21 0 127 99 1 1 1
2026/04/19-18:10:23.520422 1626 [DEBUG] Syncing metadata for: /db_working_home/MANIFEST-000001
2026/04/19-18:10:23.521410 1626 [DEBUG] Syncing metadata for: /db_working_home/MANIFEST-000001
2026/04/19-18:10:23.521906 1626 [DEBUG] Syncing metadata for: /db_working_home/MANIFEST-000001
2026/04/19-18:10:23.522400 1626 [DEBUG] Syncing metadata for: /db_working_home/MANIFEST-000001
2026/04/19-18:10:23.522918 1626 [DEBUG] New writable file: /db_working_home/000001.dbtmp direct: 0
2026/04/19-18:10:23.523429 1626 Entering Apply Finish Threshold Function
2026/04/19-18:10:23.523437 1626 [DEBUG] Allocating zone(new=0) start: 0x18000000 wp: 0x18000400 lt: 0 file lt: 0
2026/04/19-18:10:23.523439 1626 [Zonestats:time(s),used_cap(MB),reclaimable_cap(MB), avg_reclaimable(%), active(#), active_zones(#), open_zones(#)] 21 0 127 99 1 1 1
2026/04/19-18:10:23.523440 1626 [DEBUG] Syncing metadata for: /db_working_home/000001.dbtmp
2026/04/19-18:10:23.524428 1626 [DEBUG] Syncing metadata for: /db_working_home/000001.dbtmp
2026/04/19-18:10:23.524922 1626 [DEBUG] Syncing metadata for: /db_working_home/000001.dbtmp
2026/04/19-18:10:23.525419 1626 [DEBUG] Syncing metadata for: /db_working_home/000001.dbtmp
2026/04/19-18:10:23.525963 1626 [DEBUG] Rename file: /db_working_home/000001.dbtmp to : /db_working_home/CURRENT
2026/04/19-18:10:23.526480 1626 [DEBUG] New random access file: /db_working_home/CURRENT direct: 1
2026/04/19-18:10:23.526488 1626 [DEBUG] New sequential file: /db_working_home/CURRENT direct: 0
2026/04/19-18:10:23.526622 1626 [DEBUG] New sequential file: /db_working_home/MANIFEST-000001 direct: 0
2026/04/19-18:10:23.528406 1626 [DEBUG] GetChildrenNoLock: /db_working_home 
2026/04/19-18:10:23.528523 1626 [DEBUG] CreatDirIfMissing: ./db_working_home to aux: /home/femu/rocksdbTest/zenfs_aux/./db_working_home
2026/04/19-18:10:23.528538 1626 [DEBUG] NewDirectory: ./db_working_home to aux: /home/femu/rocksdbTest/zenfs_aux/./db_working_home
2026/04/19-18:10:23.528558 1626 [DEBUG] GetChildrenNoLock: /db_working_home 
2026/04/19-18:10:23.528603 1626 [DEBUG] New writable file: /db_working_home/000004.log direct: 0
2026/04/19-18:10:23.529270 1626 [DEBUG] New writable file: /db_working_home/MANIFEST-000005 direct: 0
2026/04/19-18:10:23.529892 1626 Entering Apply Finish Threshold Function
2026/04/19-18:10:23.529914 1626 [DEBUG] Allocating zone(new=0) start: 0x18000000 wp: 0x18000600 lt: 0 file lt: 0
2026/04/19-18:10:23.529945 1626 [Zonestats:time(s),used_cap(MB),reclaimable_cap(MB), avg_reclaimable(%), active(#), active_zones(#), open_zones(#)] 21 0 127 99 1 1 1
2026/04/19-18:10:23.529951 1626 [DEBUG] Syncing metadata for: /db_working_home/MANIFEST-000005
2026/04/19-18:10:23.531019 1626 [DEBUG] Syncing metadata for: /db_working_home/MANIFEST-000005
2026/04/19-18:10:23.531581 1626 [DEBUG] New writable file: /db_working_home/000005.dbtmp direct: 0
2026/04/19-18:10:23.532139 1626 Entering Apply Finish Threshold Function
2026/04/19-18:10:23.532160 1626 [DEBUG] Allocating zone(new=1) start: 0x20000000 wp: 0x20000000 lt: 0 file lt: 0
2026/04/19-18:10:23.532165 1626 [Zonestats:time(s),used_cap(MB),reclaimable_cap(MB), avg_reclaimable(%), active(#), active_zones(#), open_zones(#)] 21 0 127 99 1 2 2
2026/04/19-18:10:23.532170 1626 [DEBUG] Syncing metadata for: /db_working_home/000005.dbtmp
2026/04/19-18:10:23.533212 1626 [DEBUG] Syncing metadata for: /db_working_home/000005.dbtmp
2026/04/19-18:10:23.533749 1626 [DEBUG] Syncing metadata for: /db_working_home/000005.dbtmp
2026/04/19-18:10:23.534283 1626 [DEBUG] Syncing metadata for: /db_working_home/000005.dbtmp
2026/04/19-18:10:23.534889 1626 [DEBUG] Rename file: /db_working_home/000005.dbtmp to : /db_working_home/CURRENT
2026/04/19-18:10:23.537285 1626 [DEBUG] New writable file: /db_working_home/OPTIONS-000006.dbtmp direct: 0
2026/04/19-18:10:23.538234 1626 Entering Apply Finish Threshold Function
2026/04/19-18:10:23.538254 1626 [DEBUG] Allocating zone(new=0) start: 0x20000000 wp: 0x20000200 lt: 0 file lt: 0
2026/04/19-18:10:23.538260 1626 [Zonestats:time(s),used_cap(MB),reclaimable_cap(MB), avg_reclaimable(%), active(#), active_zones(#), open_zones(#)] 21 0 255 99 2 2 2
2026/04/19-18:10:23.538265 1626 [DEBUG] Syncing metadata for: /db_working_home/OPTIONS-000006.dbtmp
2026/04/19-18:10:23.539344 1626 [DEBUG] Syncing metadata for: /db_working_home/OPTIONS-000006.dbtmp
2026/04/19-18:10:23.539885 1626 [DEBUG] Syncing metadata for: /db_working_home/OPTIONS-000006.dbtmp
2026/04/19-18:10:23.540413 1626 [DEBUG] Syncing metadata for: /db_working_home/OPTIONS-000006.dbtmp
2026/04/19-18:10:23.541021 1626 [DEBUG] New sequential file: /db_working_home/OPTIONS-000006.dbtmp direct: 0
2026/04/19-18:10:23.543746 1626 [DEBUG] GetFileSize: /db_working_home/OPTIONS-000006.dbtmp 
2026/04/19-18:10:23.543762 1626 [DEBUG] Rename file: /db_working_home/OPTIONS-000006.dbtmp to : /db_working_home/OPTIONS-000007
2026/04/19-18:10:23.544335 1626 [DEBUG] NewDirectory: ./db_working_home to aux: /home/femu/rocksdbTest/zenfs_aux/./db_working_home
2026/04/19-18:10:23.545543 1626 [DEBUG] GetChildrenNoLock: /db_working_home 
2026/04/19-18:10:23.545641 1626 [DEBUG] GetChildrenNoLock: /db_working_home 
2026/04/19-18:10:23.545697 1626 [DEBUG] GetChildrenNoLock: /db_working_home 
2026/04/19-18:10:23.545751 1626 [DEBUG] DeleteFile: ./db_working_home/MANIFEST-000001 
2026/04/19-18:10:23.546301 1626 [Zonestats:time(s),used_cap(MB),reclaimable_cap(MB), avg_reclaimable(%), active(#), active_zones(#), open_zones(#)] 21 0 255 99 2 2 1
2026/04/19-18:10:23.554810 1626 [DEBUG] Allocating zone(new=1) start: 0x28000000 wp: 0x28000000 lt: 2 file lt: 2
2026/04/19-18:10:23.554818 1626 [DEBUG] Syncing metadata for: /db_working_home/000004.log
2026/04/19-18:10:23.601711 1628 Zone Garbage Stats: [122 1 0 0 0 0 0 0 0 0 0 0 ]
2026/04/19-18:10:23.601724 1628 Total Garbage Bytes: 702 bytes
2026/04/19-18:10:23.746511 1626 [DEBUG] New writable file: /db_working_home/000008.log direct: 0
2026/04/19-18:10:23.747502 1630 [DEBUG] New writable file: /db_working_home/000009.sst direct: 1
2026/04/19-18:10:23.751723 1626 [DEBUG] Allocating zone(new=1) start: 0x30000000 wp: 0x30000000 lt: 2 file lt: 2
2026/04/19-18:10:23.751728 1626 [DEBUG] Syncing metadata for: /db_working_home/000008.log
2026/04/19-18:10:23.752844 1630 Entering Apply Finish Threshold Function
2026/04/19-18:10:23.752870 1630 [DEBUG] Allocating zone(new=1) start: 0x38000000 wp: 0x38000000 lt: 3 file lt: 3
2026/04/19-18:10:23.752883 1630 [Zonestats:time(s),used_cap(MB),reclaimable_cap(MB), avg_reclaimable(%), active(#), active_zones(#), open_zones(#)] 21 15 368 96 3 5 4
2026/04/19-18:10:23.752890 1630 [DEBUG] Syncing metadata for: /db_working_home/000009.sst
2026/04/19-18:10:23.928671 1630 [DEBUG] Syncing metadata for: /db_working_home/000009.sst
2026/04/19-18:10:23.931846 1630 [DEBUG] Syncing metadata for: /db_working_home/000009.sst
2026/04/19-18:10:23.932525 1630 [DEBUG] New random access file: /db_working_home/000009.sst direct: 1
2026/04/19-18:10:23.932758 1630 [DEBUG] GetFileSize: /db_working_home/000009.sst 
2026/04/19-18:10:23.935228 1630 [DEBUG] Syncing metadata for: /db_working_home/MANIFEST-000005
2026/04/19-18:10:23.935860 1630 [DEBUG] GetFileSize: /db_working_home/000009.sst 
2026/04/19-18:10:23.944634 1630 [DEBUG] Syncing metadata for: /db_working_home/000004.log
2026/04/19-18:10:23.948491 1630 [DEBUG] DeleteFile: ./db_working_home/000004.log 
2026/04/19-18:10:23.949217 1630 [Zonestats:time(s),used_cap(MB),reclaimable_cap(MB), avg_reclaimable(%), active(#), active_zones(#), open_zones(#)] 21 25 486 95 4 4 2
2026/04/19-18:10:24.016506 1626 [DEBUG] New writable file: /db_working_home/000010.log direct: 0
2026/04/19-18:10:24.017423 1630 [DEBUG] New writable file: /db_working_home/000011.sst direct: 1
2026/04/19-18:10:24.020549 1630 Entering Apply Finish Threshold Function
2026/04/19-18:10:24.020560 1630 Finishing zone: Entering Finish()
2026/04/19-18:10:24.021424 1626 [DEBUG] Allocating zone(new=1) start: 0x28000000 wp: 0x28000000 lt: 2 file lt: 2
2026/04/19-18:10:24.021429 1626 [DEBUG] Syncing metadata for: /db_working_home/000010.log
2026/04/19-18:10:24.220141 1626 [DEBUG] New writable file: /db_working_home/000012.log direct: 0
2026/04/19-18:10:24.601913 1628 Zone Garbage Stats: [120 1 0 0 0 0 0 0 0 0 0 0 ]
2026/04/19-18:10:24.601977 1628 Total Garbage Bytes: 702 bytes
2026/04/19-18:10:25.034622 1630 [DEBUG] Allocating zone(new=1) start: 0x40000000 wp: 0x40000000 lt: 3 file lt: 3
2026/04/19-18:10:25.034649 1630 [Zonestats:time(s),used_cap(MB),reclaimable_cap(MB), avg_reclaimable(%), active(#), active_zones(#), open_zones(#)] 23 45 594 92 4 5 4
2026/04/19-18:10:25.034659 1630 [DEBUG] Syncing metadata for: /db_working_home/000011.sst
2026/04/19-18:10:25.176251 1630 [DEBUG] Syncing metadata for: /db_working_home/000011.sst
2026/04/19-18:10:25.176824 1630 [DEBUG] Syncing metadata for: /db_working_home/000011.sst
2026/04/19-18:10:25.177459 1630 [DEBUG] New random access file: /db_working_home/000011.sst direct: 1
2026/04/19-18:10:25.177640 1630 [DEBUG] GetFileSize: /db_working_home/000011.sst 
2026/04/19-18:10:25.179915 1630 [DEBUG] Syncing metadata for: /db_working_home/MANIFEST-000005
2026/04/19-18:10:25.180563 1630 [DEBUG] GetFileSize: /db_working_home/000011.sst 
2026/04/19-18:10:25.185830 1630 [DEBUG] Syncing metadata for: /db_working_home/000008.log
2026/04/19-18:10:25.186504 1630 [DEBUG] DeleteFile: ./db_working_home/000008.log 
2026/04/19-18:10:25.187222 1630 [Zonestats:time(s),used_cap(MB),reclaimable_cap(MB), avg_reclaimable(%), active(#), active_zones(#), open_zones(#)] 23 45 594 92 4 4 2
2026/04/19-18:10:25.187394 1630 [DEBUG] New writable file: /db_working_home/000013.sst direct: 1
2026/04/19-18:10:25.190096 1630 Entering Apply Finish Threshold Function
2026/04/19-18:10:25.190106 1630 Finishing zone: Entering Finish()
2026/04/19-18:10:25.195239 1626 [DEBUG] Allocating zone(new=1) start: 0x30000000 wp: 0x30000000 lt: 2 file lt: 2
2026/04/19-18:10:25.195250 1626 [DEBUG] Syncing metadata for: /db_working_home/000012.log
2026/04/19-18:10:25.395843 1626 [DEBUG] New writable file: /db_working_home/000014.log direct: 0
2026/04/19-18:10:25.602158 1628 Zone Garbage Stats: [119 1 0 0 0 0 0 0 0 1 0 0 ]
2026/04/19-18:10:25.602171 1628 Total Garbage Bytes: 936 bytes
2026/04/19-18:10:26.205743 1630 [DEBUG] Allocating zone(new=1) start: 0x48000000 wp: 0x48000000 lt: 3 file lt: 3
2026/04/19-18:10:26.205757 1630 [Zonestats:time(s),used_cap(MB),reclaimable_cap(MB), avg_reclaimable(%), active(#), active_zones(#), open_zones(#)] 24 60 707 92 4 5 4
2026/04/19-18:10:26.205766 1630 [DEBUG] Syncing metadata for: /db_working_home/000013.sst
2026/04/19-18:10:26.345971 1630 [DEBUG] Syncing metadata for: /db_working_home/000013.sst
2026/04/19-18:10:26.346545 1630 [DEBUG] Syncing metadata for: /db_working_home/000013.sst
2026/04/19-18:10:26.347177 1630 [DEBUG] New random access file: /db_working_home/000013.sst direct: 1
2026/04/19-18:10:26.347359 1630 [DEBUG] GetFileSize: /db_working_home/000013.sst 
2026/04/19-18:10:26.349670 1630 [DEBUG] Syncing metadata for: /db_working_home/MANIFEST-000005
2026/04/19-18:10:26.350334 1630 [DEBUG] GetFileSize: /db_working_home/000013.sst 
2026/04/19-18:10:26.357421 1630 [DEBUG] Syncing metadata for: /db_working_home/000010.log
2026/04/19-18:10:26.358127 1630 [DEBUG] DeleteFile: ./db_working_home/000010.log 
2026/04/19-18:10:26.359153 1630 [Zonestats:time(s),used_cap(MB),reclaimable_cap(MB), avg_reclaimable(%), active(#), active_zones(#), open_zones(#)] 24 61 706 92 4 4 2
2026/04/19-18:10:26.359327 1630 [DEBUG] New writable file: /db_working_home/000015.sst direct: 1
2026/04/19-18:10:26.363635 1630 Entering Apply Finish Threshold Function
2026/04/19-18:10:26.363646 1630 Finishing zone: Entering Finish()
2026/04/19-18:10:26.365563 1629 [DEBUG] New writable file: /db_working_home/000016.sst direct: 1
2026/04/19-18:10:26.367634 1626 [DEBUG] Allocating zone(new=1) start: 0x28000000 wp: 0x28000000 lt: 2 file lt: 2
2026/04/19-18:10:26.367646 1626 [DEBUG] Syncing metadata for: /db_working_home/000014.log
2026/04/19-18:10:26.371192 1629 Entering Apply Finish Threshold Function
2026/04/19-18:10:26.371217 1629 [DEBUG] Allocating zone(new=1) start: 0x50000000 wp: 0x50000000 lt: 3 file lt: 3
2026/04/19-18:10:26.371225 1629 [Zonestats:time(s),used_cap(MB),reclaimable_cap(MB), avg_reclaimable(%), active(#), active_zones(#), open_zones(#)] 24 61 706 92 4 6 4
2026/04/19-18:10:26.371231 1629 [DEBUG] Syncing metadata for: /db_working_home/000016.sst
2026/04/19-18:10:26.599528 1626 [DEBUG] New writable file: /db_working_home/000017.log direct: 0
2026/04/19-18:10:26.602361 1628 Zone Garbage Stats: [117 1 0 0 0 0 0 0 0 2 0 0 ]
2026/04/19-18:10:26.602374 1628 Total Garbage Bytes: 1127 bytes
2026/04/19-18:10:26.974076 1629 [DEBUG] Syncing metadata for: /db_working_home/000016.sst
2026/04/19-18:10:26.974901 1629 [DEBUG] Syncing metadata for: /db_working_home/000016.sst
2026/04/19-18:10:26.976010 1629 [DEBUG] GetFileSize: /db_working_home/000016.sst 
2026/04/19-18:10:26.977518 1629 [DEBUG] New random access file: /db_working_home/000016.sst direct: 1
2026/04/19-18:10:26.977798 1629 [DEBUG] GetFileSize: /db_working_home/000016.sst 
2026/04/19-18:10:26.979326 1629 [DEBUG] Syncing metadata for: /db_working_home/MANIFEST-000005
2026/04/19-18:10:27.602555 1628 Zone Garbage Stats: [117 2 0 0 0 0 0 0 0 2 0 0 ]
2026/04/19-18:10:27.602701 1628 Total Garbage Bytes: 1316 bytes
2026/04/19-18:10:27.757115 1630 Finishing zone: Entering Finish()
2026/04/19-18:10:28.413000 1630 [DEBUG] Allocating zone(new=1) start: 0x58000000 wp: 0x58000000 lt: 3 file lt: 3
2026/04/19-18:10:28.413050 1630 [Zonestats:time(s),used_cap(MB),reclaimable_cap(MB), avg_reclaimable(%), active(#), active_zones(#), open_zones(#)] 26 122 901 88 4 5 4
2026/04/19-18:10:28.413088 1630 [DEBUG] Syncing metadata for: /db_working_home/000015.sst
2026/04/19-18:10:28.558008 1630 [DEBUG] Syncing metadata for: /db_working_home/000015.sst
2026/04/19-18:10:28.558595 1630 [DEBUG] Syncing metadata for: /db_working_home/000015.sst
2026/04/19-18:10:28.559268 1630 [DEBUG] New random access file: /db_working_home/000015.sst direct: 1
2026/04/19-18:10:28.559450 1630 [DEBUG] GetFileSize: /db_working_home/000015.sst 
2026/04/19-18:10:28.562230 1630 [DEBUG] Syncing metadata for: /db_working_home/MANIFEST-000005
2026/04/19-18:10:28.562893 1630 [DEBUG] GetFileSize: /db_working_home/000015.sst 
2026/04/19-18:10:28.567665 1630 [DEBUG] Syncing metadata for: /db_working_home/000012.log
2026/04/19-18:10:28.568427 1630 [DEBUG] DeleteFile: ./db_working_home/000009.sst 
2026/04/19-18:10:28.569198 1630 [Zonestats:time(s),used_cap(MB),reclaimable_cap(MB), avg_reclaimable(%), active(#), active_zones(#), open_zones(#)] 26 123 900 87 5 5 2
2026/04/19-18:10:28.569242 1630 [DEBUG] DeleteFile: ./db_working_home/000011.sst 
2026/04/19-18:10:28.569891 1630 [Zonestats:time(s),used_cap(MB),reclaimable_cap(MB), avg_reclaimable(%), active(#), active_zones(#), open_zones(#)] 26 107 788 87 5 5 2
2026/04/19-18:10:28.569944 1630 [DEBUG] DeleteFile: ./db_working_home/000012.log 
2026/04/19-18:10:28.570589 1630 [Zonestats:time(s),used_cap(MB),reclaimable_cap(MB), avg_reclaimable(%), active(#), active_zones(#), open_zones(#)] 26 92 675 87 4 4 2
2026/04/19-18:10:28.570611 1630 [DEBUG] DeleteFile: ./db_working_home/000013.sst 
2026/04/19-18:10:28.571247 1630 [Zonestats:time(s),used_cap(MB),reclaimable_cap(MB), avg_reclaimable(%), active(#), active_zones(#), open_zones(#)] 26 76 563 88 4 4 2
2026/04/19-18:10:28.571440 1630 [DEBUG] New writable file: /db_working_home/000018.sst direct: 1
2026/04/19-18:10:28.575659 1630 Entering Apply Finish Threshold Function
2026/04/19-18:10:28.575668 1630 Finishing zone: Entering Finish()
2026/04/19-18:10:28.578427 1626 [DEBUG] Allocating zone(new=1) start: 0x30000000 wp: 0x30000000 lt: 2 file lt: 2
2026/04/19-18:10:28.578438 1626 [DEBUG] Syncing metadata for: /db_working_home/000017.log
2026/04/19-18:10:28.602887 1628 Zone Garbage Stats: [119 1 0 0 0 0 0 1 0 0 0 0 ]
2026/04/19-18:10:28.602900 1628 Total Garbage Bytes: 891 bytes
2026/04/19-18:10:28.781363 1626 [DEBUG] New writable file: /db_working_home/000019.log direct: 0
2026/04/19-18:10:29.594464 1630 [DEBUG] Allocating zone(new=1) start: 0x38000000 wp: 0x38000000 lt: 3 file lt: 3
2026/04/19-18:10:29.594480 1630 [Zonestats:time(s),used_cap(MB),reclaimable_cap(MB), avg_reclaimable(%), active(#), active_zones(#), open_zones(#)] 27 91 676 88 4 5 4
2026/04/19-18:10:29.594489 1630 [DEBUG] Syncing metadata for: /db_working_home/000018.sst
2026/04/19-18:10:29.603113 1628 Zone Garbage Stats: [118 1 0 0 0 0 0 1 0 1 0 0 ]
2026/04/19-18:10:29.603126 1628 Total Garbage Bytes: 1072 bytes
2026/04/19-18:10:29.746496 1630 [DEBUG] Syncing metadata for: /db_working_home/000018.sst
2026/04/19-18:10:29.747073 1630 [DEBUG] Syncing metadata for: /db_working_home/000018.sst
2026/04/19-18:10:29.747731 1630 [DEBUG] New random access file: /db_working_home/000018.sst direct: 1
2026/04/19-18:10:29.747916 1630 [DEBUG] GetFileSize: /db_working_home/000018.sst 
2026/04/19-18:10:29.750436 1630 [DEBUG] Syncing metadata for: /db_working_home/MANIFEST-000005
2026/04/19-18:10:29.751101 1630 [DEBUG] GetFileSize: /db_working_home/000018.sst 
2026/04/19-18:10:29.755853 1630 [DEBUG] Syncing metadata for: /db_working_home/000014.log
2026/04/19-18:10:29.756558 1630 [DEBUG] DeleteFile: ./db_working_home/000014.log 
2026/04/19-18:10:29.757239 1630 [Zonestats:time(s),used_cap(MB),reclaimable_cap(MB), avg_reclaimable(%), active(#), active_zones(#), open_zones(#)] 27 92 675 87 4 4 2
2026/04/19-18:10:29.757401 1630 [DEBUG] New writable file: /db_working_home/000020.sst direct: 1
2026/04/19-18:10:29.763940 1626 [DEBUG] Allocating zone(new=0) start: 0x38000000 wp: 0x38f71600 lt: 3 file lt: 2
2026/04/19-18:10:29.763952 1626 [DEBUG] Syncing metadata for: /db_working_home/000019.log
2026/04/19-18:10:29.765960 1630 Entering Apply Finish Threshold Function
2026/04/19-18:10:29.765984 1630 [DEBUG] Allocating zone(new=1) start: 0x28000000 wp: 0x28000000 lt: 3 file lt: 3
2026/04/19-18:10:29.765992 1630 [Zonestats:time(s),used_cap(MB),reclaimable_cap(MB), avg_reclaimable(%), active(#), active_zones(#), open_zones(#)] 27 92 675 87 4 5 4
2026/04/19-18:10:29.765998 1630 [DEBUG] Syncing metadata for: /db_working_home/000020.sst
2026/04/19-18:10:29.980059 1626 [DEBUG] New writable file: /db_working_home/000021.log direct: 0
2026/04/19-18:10:29.989418 1630 [DEBUG] Syncing metadata for: /db_working_home/000020.sst
2026/04/19-18:10:29.989996 1630 [DEBUG] Syncing metadata for: /db_working_home/000020.sst
2026/04/19-18:10:29.990639 1630 [DEBUG] New random access file: /db_working_home/000020.sst direct: 1
2026/04/19-18:10:29.990818 1630 [DEBUG] GetFileSize: /db_working_home/000020.sst 
2026/04/19-18:10:29.992845 1630 [DEBUG] Syncing metadata for: /db_working_home/MANIFEST-000005
2026/04/19-18:10:29.993498 1630 [DEBUG] GetFileSize: /db_working_home/000020.sst 
2026/04/19-18:10:29.998252 1630 [DEBUG] Syncing metadata for: /db_working_home/000017.log
2026/04/19-18:10:30.001577 1630 [DEBUG] DeleteFile: ./db_working_home/000017.log 
2026/04/19-18:10:30.004396 1630 [Zonestats:time(s),used_cap(MB),reclaimable_cap(MB), avg_reclaimable(%), active(#), active_zones(#), open_zones(#)] 27 107 660 85 4 4 2
2026/04/19-18:10:30.004623 1630 [DEBUG] New writable file: /db_working_home/000022.sst direct: 1
2026/04/19-18:10:30.006333 1629 [DEBUG] New writable file: /db_working_home/000023.sst direct: 1
2026/04/19-18:10:30.008937 1630 Entering Apply Finish Threshold Function
2026/04/19-18:10:30.008948 1630 Finishing zone: Entering Finish()
2026/04/19-18:10:30.011720 1626 [DEBUG] Allocating zone(new=1) start: 0x30000000 wp: 0x30000000 lt: 2 file lt: 2
2026/04/19-18:10:30.011732 1626 [DEBUG] Syncing metadata for: /db_working_home/000021.log
2026/04/19-18:10:30.012469 1629 Entering Apply Finish Threshold Function
2026/04/19-18:10:30.012499 1629 [DEBUG] Allocating zone(new=1) start: 0x40000000 wp: 0x40000000 lt: 3 file lt: 3
2026/04/19-18:10:30.012507 1629 [Zonestats:time(s),used_cap(MB),reclaimable_cap(MB), avg_reclaimable(%), active(#), active_zones(#), open_zones(#)] 28 107 660 85 4 6 4
2026/04/19-18:10:30.012513 1629 [DEBUG] Syncing metadata for: /db_working_home/000023.sst
2026/04/19-18:10:30.248452 1626 [DEBUG] New writable file: /db_working_home/000024.log direct: 0
2026/04/19-18:10:30.603348 1628 Zone Garbage Stats: [117 1 0 0 0 0 0 1 0 1 0 0 ]
2026/04/19-18:10:30.603361 1628 Total Garbage Bytes: 1072 bytes
2026/04/19-18:10:30.621477 1629 [DEBUG] Syncing metadata for: /db_working_home/000023.sst
2026/04/19-18:10:30.622065 1629 [DEBUG] Syncing metadata for: /db_working_home/000023.sst
2026/04/19-18:10:30.623263 1629 [DEBUG] GetFileSize: /db_working_home/000023.sst 
2026/04/19-18:10:30.625151 1629 [DEBUG] New random access file: /db_working_home/000023.sst direct: 1
2026/04/19-18:10:30.625516 1629 [DEBUG] GetFileSize: /db_working_home/000023.sst 
2026/04/19-18:10:30.627005 1629 [DEBUG] Syncing metadata for: /db_working_home/MANIFEST-000005
2026/04/19-18:10:30.634819 1629 [DEBUG] New writable file: /db_working_home/000025.sst direct: 1
2026/04/19-18:10:30.638373 1629 Entering Apply Finish Threshold Function
2026/04/19-18:10:30.638384 1629 Finishing zone: Entering Finish()
2026/04/19-18:10:31.604453 1628 Zone Garbage Stats: [117 1 0 0 0 0 0 1 0 1 0 0 ]
2026/04/19-18:10:31.604484 1628 Total Garbage Bytes: 1072 bytes
2026/04/19-18:10:31.818288 1629 [DEBUG] Allocating zone(new=1) start: 0x48000000 wp: 0x48000000 lt: 4 file lt: 4
2026/04/19-18:10:31.818323 1629 [Zonestats:time(s),used_cap(MB),reclaimable_cap(MB), avg_reclaimable(%), active(#), active_zones(#), open_zones(#)] 29 168 855 83 5 6 4
2026/04/19-18:10:31.818342 1629 [DEBUG] Syncing metadata for: /db_working_home/000025.sst
2026/04/19-18:10:32.262714 1630 [DEBUG] Allocating zone(new=1) start: 0x60000000 wp: 0x60000000 lt: 3 file lt: 3
2026/04/19-18:10:32.262782 1630 [Zonestats:time(s),used_cap(MB),reclaimable_cap(MB), avg_reclaimable(%), active(#), active_zones(#), open_zones(#)] 30 168 855 83 5 6 5
2026/04/19-18:10:32.262799 1630 [DEBUG] Syncing metadata for: /db_working_home/000022.sst
2026/04/19-18:10:32.469228 1630 [DEBUG] Syncing metadata for: /db_working_home/000022.sst
2026/04/19-18:10:32.476313 1630 [DEBUG] Syncing metadata for: /db_working_home/000022.sst
2026/04/19-18:10:32.477118 1630 [DEBUG] New random access file: /db_working_home/000022.sst direct: 1
2026/04/19-18:10:32.477353 1630 [DEBUG] GetFileSize: /db_working_home/000022.sst 
2026/04/19-18:10:32.486122 1630 [DEBUG] Syncing metadata for: /db_working_home/MANIFEST-000005
2026/04/19-18:10:32.486891 1630 [DEBUG] GetFileSize: /db_working_home/000022.sst 
2026/04/19-18:10:32.491731 1630 [DEBUG] Syncing metadata for: /db_working_home/000019.log
2026/04/19-18:10:32.499159 1630 [DEBUG] DeleteFile: ./db_working_home/000015.sst 
2026/04/19-18:10:32.499967 1630 [Zonestats:time(s),used_cap(MB),reclaimable_cap(MB), avg_reclaimable(%), active(#), active_zones(#), open_zones(#)] 30 169 854 83 6 6 3
2026/04/19-18:10:32.500031 1630 [DEBUG] DeleteFile: ./db_working_home/000018.sst 
2026/04/19-18:10:32.500594 1630 [Zonestats:time(s),used_cap(MB),reclaimable_cap(MB), avg_reclaimable(%), active(#), active_zones(#), open_zones(#)] 30 154 869 84 6 6 3
2026/04/19-18:10:32.500626 1630 [DEBUG] DeleteFile: ./db_working_home/000019.log 
2026/04/19-18:10:32.501273 1630 [Zonestats:time(s),used_cap(MB),reclaimable_cap(MB), avg_reclaimable(%), active(#), active_zones(#), open_zones(#)] 30 138 757 84 5 5 3
2026/04/19-18:10:32.501294 1630 [DEBUG] DeleteFile: ./db_working_home/000020.sst 
2026/04/19-18:10:32.508820 1630 [Zonestats:time(s),used_cap(MB),reclaimable_cap(MB), avg_reclaimable(%), active(#), active_zones(#), open_zones(#)] 30 123 644 83 5 5 3
2026/04/19-18:10:32.509098 1630 [DEBUG] New writable file: /db_working_home/000026.sst direct: 1
2026/04/19-18:10:32.513088 1630 Entering Apply Finish Threshold Function
2026/04/19-18:10:32.513097 1630 Finishing zone: Entering Finish()
2026/04/19-18:10:32.518459 1626 [DEBUG] Allocating zone(new=1) start: 0x28000000 wp: 0x28000000 lt: 2 file lt: 2
2026/04/19-18:10:32.518471 1626 [DEBUG] Syncing metadata for: /db_working_home/000024.log
2026/04/19-18:10:32.604684 1628 Zone Garbage Stats: [117 1 0 0 0 0 0 2 0 0 0 0 ]
2026/04/19-18:10:32.604795 1628 Total Garbage Bytes: 1050 bytes
2026/04/19-18:10:32.654408 1629 [DEBUG] Syncing metadata for: /db_working_home/000025.sst
2026/04/19-18:10:32.658449 1629 [DEBUG] Syncing metadata for: /db_working_home/000025.sst
2026/04/19-18:10:32.659502 1629 [DEBUG] GetFileSize: /db_working_home/000025.sst 
2026/04/19-18:10:32.659543 1629 [DEBUG] New writable file: /db_working_home/000027.sst direct: 1
2026/04/19-18:10:32.662649 1629 Entering Apply Finish Threshold Function
2026/04/19-18:10:32.662658 1629 Finishing zone: Entering Finish()
2026/04/19-18:10:32.788915 1626 [DEBUG] New writable file: /db_working_home/000028.log direct: 0
2026/04/19-18:10:33.604978 1628 Zone Garbage Stats: [117 1 0 0 0 0 0 2 0 0 0 0 ]
2026/04/19-18:10:33.604990 1628 Total Garbage Bytes: 1050 bytes
2026/04/19-18:10:33.647876 1629 [DEBUG] Allocating zone(new=1) start: 0x38000000 wp: 0x38000000 lt: 4 file lt: 4
2026/04/19-18:10:33.647890 1629 [Zonestats:time(s),used_cap(MB),reclaimable_cap(MB), avg_reclaimable(%), active(#), active_zones(#), open_zones(#)] 31 202 821 80 5 6 4
2026/04/19-18:10:33.647899 1629 [DEBUG] Syncing metadata for: /db_working_home/000027.sst
2026/04/19-18:10:33.960169 1629 [DEBUG] Syncing metadata for: /db_working_home/000027.sst
2026/04/19-18:10:33.960980 1629 [DEBUG] Syncing metadata for: /db_working_home/000027.sst
2026/04/19-18:10:33.962065 1629 [DEBUG] GetFileSize: /db_working_home/000027.sst 
2026/04/19-18:10:33.963480 1629 [DEBUG] New random access file: /db_working_home/000025.sst direct: 1
2026/04/19-18:10:33.963974 1629 [DEBUG] GetFileSize: /db_working_home/000025.sst 
2026/04/19-18:10:33.964184 1629 [DEBUG] New random access file: /db_working_home/000027.sst direct: 1
2026/04/19-18:10:33.964555 1629 [DEBUG] GetFileSize: /db_working_home/000027.sst 
2026/04/19-18:10:33.965459 1629 [DEBUG] Syncing metadata for: /db_working_home/MANIFEST-000005
2026/04/19-18:10:34.254628 1630 [DEBUG] Allocating zone(new=0) start: 0x38000000 wp: 0x39c7ae00 lt: 4 file lt: 3
2026/04/19-18:10:34.254651 1630 [Zonestats:time(s),used_cap(MB),reclaimable_cap(MB), avg_reclaimable(%), active(#), active_zones(#), open_zones(#)] 32 230 921 79 5 5 4
2026/04/19-18:10:34.254664 1630 [DEBUG] Syncing metadata for: /db_working_home/000026.sst
2026/04/19-18:10:34.397649 1630 [DEBUG] Syncing metadata for: /db_working_home/000026.sst
2026/04/19-18:10:34.398226 1630 [DEBUG] Syncing metadata for: /db_working_home/000026.sst
2026/04/19-18:10:34.398873 1630 [DEBUG] New random access file: /db_working_home/000026.sst direct: 1
2026/04/19-18:10:34.399076 1630 [DEBUG] GetFileSize: /db_working_home/000026.sst 
2026/04/19-18:10:34.401551 1630 [DEBUG] Syncing metadata for: /db_working_home/MANIFEST-000005
2026/04/19-18:10:34.402220 1630 [DEBUG] GetFileSize: /db_working_home/000026.sst 
2026/04/19-18:10:34.406993 1630 [DEBUG] Syncing metadata for: /db_working_home/000021.log
2026/04/19-18:10:34.407750 1630 [DEBUG] DeleteFile: ./db_working_home/000016.sst 
2026/04/19-18:10:34.408460 1630 [Zonestats:time(s),used_cap(MB),reclaimable_cap(MB), avg_reclaimable(%), active(#), active_zones(#), open_zones(#)] 32 200 823 80 5 5 2
2026/04/19-18:10:34.408502 1630 [DEBUG] DeleteFile: ./db_working_home/000021.log 
2026/04/19-18:10:34.409159 1630 [Zonestats:time(s),used_cap(MB),reclaimable_cap(MB), avg_reclaimable(%), active(#), active_zones(#), open_zones(#)] 32 184 711 79 4 4 2
2026/04/19-18:10:34.409182 1630 [DEBUG] DeleteFile: ./db_working_home/000023.sst 
2026/04/19-18:10:34.409820 1630 [Zonestats:time(s),used_cap(MB),reclaimable_cap(MB), avg_reclaimable(%), active(#), active_zones(#), open_zones(#)] 32 138 629 81 4 4 2
2026/04/19-18:10:34.410037 1630 [DEBUG] New writable file: /db_working_home/000029.sst direct: 1
2026/04/19-18:10:34.412870 1630 Entering Apply Finish Threshold Function
2026/04/19-18:10:34.412879 1630 Finishing zone: Entering Finish()
2026/04/19-18:10:34.416701 1626 [DEBUG] Allocating zone(new=1) start: 0x30000000 wp: 0x30000000 lt: 2 file lt: 2
2026/04/19-18:10:34.416712 1626 [DEBUG] Syncing metadata for: /db_working_home/000028.log
2026/04/19-18:10:34.605176 1628 Zone Garbage Stats: [118 1 0 0 0 1 0 0 0 1 0 0 ]
2026/04/19-18:10:34.605191 1628 Total Garbage Bytes: 1113 bytes
2026/04/19-18:10:34.620970 1626 [DEBUG] New writable file: /db_working_home/000030.log direct: 0
2026/04/19-18:10:35.197400 1630 [DEBUG] Allocating zone(new=1) start: 0x40000000 wp: 0x40000000 lt: 3 file lt: 3
2026/04/19-18:10:35.197415 1630 [Zonestats:time(s),used_cap(MB),reclaimable_cap(MB), avg_reclaimable(%), active(#), active_zones(#), open_zones(#)] 33 153 742 82 4 5 4
2026/04/19-18:10:35.197425 1630 [DEBUG] Syncing metadata for: /db_working_home/000029.sst
2026/04/19-18:10:35.341251 1630 [DEBUG] Syncing metadata for: /db_working_home/000029.sst
2026/04/19-18:10:35.341826 1630 [DEBUG] Syncing metadata for: /db_working_home/000029.sst
2026/04/19-18:10:35.342459 1630 [DEBUG] New random access file: /db_working_home/000029.sst direct: 1
2026/04/19-18:10:35.342639 1630 [DEBUG] GetFileSize: /db_working_home/000029.sst 
2026/04/19-18:10:35.345012 1630 [DEBUG] Syncing metadata for: /db_working_home/MANIFEST-000005
2026/04/19-18:10:35.345683 1630 [DEBUG] GetFileSize: /db_working_home/000029.sst 
2026/04/19-18:10:35.352731 1630 [DEBUG] Syncing metadata for: /db_working_home/000024.log
2026/04/19-18:10:35.355788 1630 [DEBUG] DeleteFile: ./db_working_home/000024.log 
2026/04/19-18:10:35.357820 1629 [DEBUG] New writable file: /db_working_home/000031.sst direct: 1
2026/04/19-18:10:35.358402 1630 [Zonestats:time(s),used_cap(MB),reclaimable_cap(MB), avg_reclaimable(%), active(#), active_zones(#), open_zones(#)] 33 153 742 82 4 4 2
2026/04/19-18:10:35.358567 1630 [DEBUG] New writable file: /db_working_home/000032.sst direct: 1
2026/04/19-18:10:35.361237 1629 Entering Apply Finish Threshold Function
2026/04/19-18:10:35.361246 1629 Finishing zone: Entering Finish()
2026/04/19-18:10:35.361686 1630 Entering Apply Finish Threshold Function
2026/04/19-18:10:35.361711 1630 [DEBUG] Allocating zone(new=1) start: 0x28000000 wp: 0x28000000 lt: 3 file lt: 3
2026/04/19-18:10:35.361717 1630 [Zonestats:time(s),used_cap(MB),reclaimable_cap(MB), avg_reclaimable(%), active(#), active_zones(#), open_zones(#)] 33 153 742 82 4 5 3
2026/04/19-18:10:35.361723 1630 [DEBUG] Syncing metadata for: /db_working_home/000032.sst
2026/04/19-18:10:35.365224 1626 [DEBUG] Allocating zone(new=1) start: 0x50000000 wp: 0x50000000 lt: 2 file lt: 2
2026/04/19-18:10:35.365235 1626 [DEBUG] Syncing metadata for: /db_working_home/000030.log
2026/04/19-18:10:35.604665 1626 [DEBUG] New writable file: /db_working_home/000033.log direct: 0
2026/04/19-18:10:35.605383 1628 Zone Garbage Stats: [116 1 0 0 0 1 0 1 0 1 0 0 ]
2026/04/19-18:10:35.605397 1628 Total Garbage Bytes: 1408 bytes
2026/04/19-18:10:35.605561 1630 [DEBUG] Syncing metadata for: /db_working_home/000032.sst
2026/04/19-18:10:35.606838 1630 [DEBUG] Syncing metadata for: /db_working_home/000032.sst
2026/04/19-18:10:35.607820 1630 [DEBUG] New random access file: /db_working_home/000032.sst direct: 1
2026/04/19-18:10:35.608009 1630 [DEBUG] GetFileSize: /db_working_home/000032.sst 
2026/04/19-18:10:35.610619 1630 [DEBUG] Syncing metadata for: /db_working_home/MANIFEST-000005
2026/04/19-18:10:35.611265 1630 [DEBUG] GetFileSize: /db_working_home/000032.sst 
2026/04/19-18:10:35.616659 1630 [DEBUG] Syncing metadata for: /db_working_home/000028.log
2026/04/19-18:10:35.617577 1630 [DEBUG] DeleteFile: ./db_working_home/000028.log 
2026/04/19-18:10:35.618485 1630 [Zonestats:time(s),used_cap(MB),reclaimable_cap(MB), avg_reclaimable(%), active(#), active_zones(#), open_zones(#)] 33 169 854 83 5 5 2
2026/04/19-18:10:35.618676 1630 [DEBUG] New writable file: /db_working_home/000034.sst direct: 1
2026/04/19-18:10:35.621647 1630 Entering Apply Finish Threshold Function
2026/04/19-18:10:35.621656 1630 Finishing zone: Entering Finish()
2026/04/19-18:10:35.624837 1626 [DEBUG] Allocating zone(new=1) start: 0x30000000 wp: 0x30000000 lt: 2 file lt: 2
2026/04/19-18:10:35.624848 1626 [DEBUG] Syncing metadata for: /db_working_home/000033.log
2026/04/19-18:10:35.855354 1626 [DEBUG] New writable file: /db_working_home/000035.log direct: 0
2026/04/19-18:10:36.605583 1628 Zone Garbage Stats: [116 1 0 0 0 1 0 1 0 1 0 0 ]
2026/04/19-18:10:36.605595 1628 Total Garbage Bytes: 1408 bytes
2026/04/19-18:10:37.306979 1629 [DEBUG] Allocating zone(new=1) start: 0x58000000 wp: 0x58000000 lt: 3 file lt: 3
2026/04/19-18:10:37.307008 1629 [Zonestats:time(s),used_cap(MB),reclaimable_cap(MB), avg_reclaimable(%), active(#), active_zones(#), open_zones(#)] 35 184 967 83 5 6 4
2026/04/19-18:10:37.307017 1629 [DEBUG] Syncing metadata for: /db_working_home/000031.sst
2026/04/19-18:10:37.403948 1630 [DEBUG] Allocating zone(new=1) start: 0x68000000 wp: 0x68000000 lt: 3 file lt: 3
2026/04/19-18:10:37.403963 1630 [Zonestats:time(s),used_cap(MB),reclaimable_cap(MB), avg_reclaimable(%), active(#), active_zones(#), open_zones(#)] 35 184 967 83 5 6 5
2026/04/19-18:10:37.403973 1630 [DEBUG] Syncing metadata for: /db_working_home/000034.sst
2026/04/19-18:10:37.605712 1628 Zone Garbage Stats: [114 1 0 0 0 1 0 1 0 3 0 0 ]
2026/04/19-18:10:37.605794 1628 Total Garbage Bytes: 1657 bytes
2026/04/19-18:10:37.606829 1630 [DEBUG] Syncing metadata for: /db_working_home/000034.sst
2026/04/19-18:10:37.609170 1630 [DEBUG] Syncing metadata for: /db_working_home/000034.sst
2026/04/19-18:10:37.609829 1630 [DEBUG] New random access file: /db_working_home/000034.sst direct: 1
2026/04/19-18:10:37.610022 1630 [DEBUG] GetFileSize: /db_working_home/000034.sst 
2026/04/19-18:10:37.618302 1630 [DEBUG] Syncing metadata for: /db_working_home/MANIFEST-000005
2026/04/19-18:10:37.619013 1630 [DEBUG] GetFileSize: /db_working_home/000034.sst 
2026/04/19-18:10:37.623766 1630 [DEBUG] Syncing metadata for: /db_working_home/000030.log
2026/04/19-18:10:37.631516 1630 [DEBUG] DeleteFile: ./db_working_home/000030.log 
2026/04/19-18:10:37.632209 1630 [Zonestats:time(s),used_cap(MB),reclaimable_cap(MB), avg_reclaimable(%), active(#), active_zones(#), open_zones(#)] 35 184 967 83 5 5 3
2026/04/19-18:10:37.632381 1630 [DEBUG] New writable file: /db_working_home/000036.sst direct: 1
2026/04/19-18:10:37.635291 1630 Entering Apply Finish Threshold Function
2026/04/19-18:10:37.635301 1630 Finishing zone: Entering Finish()
2026/04/19-18:10:37.640751 1626 [DEBUG] Allocating zone(new=1) start: 0x50000000 wp: 0x50000000 lt: 2 file lt: 2
2026/04/19-18:10:37.640758 1626 [DEBUG] Syncing metadata for: /db_working_home/000035.log
2026/04/19-18:10:37.982373 1629 [DEBUG] Syncing metadata for: /db_working_home/000031.sst
2026/04/19-18:10:37.982944 1629 [DEBUG] Syncing metadata for: /db_working_home/000031.sst
2026/04/19-18:10:37.983234 1626 [DEBUG] New writable file: /db_working_home/000037.log direct: 0
2026/04/19-18:10:37.984025 1629 [DEBUG] GetFileSize: /db_working_home/000031.sst 
2026/04/19-18:10:37.985870 1629 [DEBUG] New random access file: /db_working_home/000031.sst direct: 1
2026/04/19-18:10:37.986313 1629 [DEBUG] GetFileSize: /db_working_home/000031.sst 
2026/04/19-18:10:37.987205 1629 [DEBUG] Syncing metadata for: /db_working_home/MANIFEST-000005
2026/04/19-18:10:37.988580 1629 [DEBUG] Syncing metadata for: /db_working_home/MANIFEST-000005
2026/04/19-18:10:37.995224 1629 [DEBUG] New writable file: /db_working_home/000038.sst direct: 1
2026/04/19-18:10:37.998534 1629 Entering Apply Finish Threshold Function
2026/04/19-18:10:37.998544 1629 Finishing zone: Entering Finish()
2026/04/19-18:10:38.606022 1628 Zone Garbage Stats: [114 1 0 0 0 1 0 1 0 3 0 0 ]
2026/04/19-18:10:38.606037 1628 Total Garbage Bytes: 1657 bytes
2026/04/19-18:10:39.175225 1629 [DEBUG] Allocating zone(new=1) start: 0x70000000 wp: 0x70000000 lt: 5 file lt: 5
2026/04/19-18:10:39.175240 1629 [Zonestats:time(s),used_cap(MB),reclaimable_cap(MB), avg_reclaimable(%), active(#), active_zones(#), open_zones(#)] 37 246 1161 82 5 6 4
2026/04/19-18:10:39.175258 1629 [DEBUG] Syncing metadata for: /db_working_home/000038.sst
2026/04/19-18:10:39.606235 1628 Zone Garbage Stats: [113 1 0 0 0 1 0 2 0 3 0 0 ]
2026/04/19-18:10:39.606252 1628 Total Garbage Bytes: 1760 bytes
2026/04/19-18:10:39.918584 1629 [DEBUG] Syncing metadata for: /db_working_home/000038.sst
2026/04/19-18:10:39.919159 1629 [DEBUG] Syncing metadata for: /db_working_home/000038.sst
2026/04/19-18:10:39.920823 1629 [DEBUG] GetFileSize: /db_working_home/000038.sst 
2026/04/19-18:10:39.923122 1630 Finishing zone: Entering Finish()
2026/04/19-18:10:39.923860 1629 [DEBUG] New writable file: /db_working_home/000039.sst direct: 1
2026/04/19-18:10:39.931551 1629 Entering Apply Finish Threshold Function
2026/04/19-18:10:39.931565 1629 [DEBUG] Allocating zone(new=1) start: 0x78000000 wp: 0x78000000 lt: 5 file lt: 5
2026/04/19-18:10:39.931569 1629 [Zonestats:time(s),used_cap(MB),reclaimable_cap(MB), avg_reclaimable(%), active(#), active_zones(#), open_zones(#)] 37 310 1225 79 5 6 4
2026/04/19-18:10:39.931573 1629 [DEBUG] Syncing metadata for: /db_working_home/000039.sst
2026/04/19-18:10:40.606370 1628 Zone Garbage Stats: [112 1 0 0 0 1 0 2 0 4 0 0 ]
2026/04/19-18:10:40.606384 1628 Total Garbage Bytes: 1900 bytes
2026/04/19-18:10:40.652300 1629 [DEBUG] Syncing metadata for: /db_working_home/000039.sst
2026/04/19-18:10:40.652873 1629 [DEBUG] Syncing metadata for: /db_working_home/000039.sst
2026/04/19-18:10:40.654575 1629 [DEBUG] GetFileSize: /db_working_home/000039.sst 
2026/04/19-18:10:40.655218 1629 [DEBUG] New writable file: /db_working_home/000040.sst direct: 1
2026/04/19-18:10:40.659610 1629 Entering Apply Finish Threshold Function
2026/04/19-18:10:40.659618 1629 Finishing zone: Entering Finish()
2026/04/19-18:10:41.211536 1630 [DEBUG] Allocating zone(new=1) start: 0x80000000 wp: 0x80000000 lt: 3 file lt: 3
2026/04/19-18:10:41.212161 1630 [Zonestats:time(s),used_cap(MB),reclaimable_cap(MB), avg_reclaimable(%), active(#), active_zones(#), open_zones(#)] 39 374 1289 77 5 6 4
2026/04/19-18:10:41.214017 1630 [DEBUG] Syncing metadata for: /db_working_home/000036.sst
2026/04/19-18:10:41.511714 1630 [DEBUG] Syncing metadata for: /db_working_home/000036.sst
2026/04/19-18:10:41.512295 1630 [DEBUG] Syncing metadata for: /db_working_home/000036.sst
2026/04/19-18:10:41.513947 1630 [DEBUG] New random access file: /db_working_home/000036.sst direct: 1
2026/04/19-18:10:41.514243 1630 [DEBUG] GetFileSize: /db_working_home/000036.sst 
2026/04/19-18:10:41.517184 1630 [DEBUG] Syncing metadata for: /db_working_home/MANIFEST-000005
2026/04/19-18:10:41.517842 1630 [DEBUG] GetFileSize: /db_working_home/000036.sst 
2026/04/19-18:10:41.523224 1630 [DEBUG] Syncing metadata for: /db_working_home/000033.log
2026/04/19-18:10:41.524833 1630 [DEBUG] DeleteFile: ./db_working_home/000022.sst 
2026/04/19-18:10:41.525599 1630 [Zonestats:time(s),used_cap(MB),reclaimable_cap(MB), avg_reclaimable(%), active(#), active_zones(#), open_zones(#)] 39 375 1288 77 6 6 2
2026/04/19-18:10:41.525652 1630 [DEBUG] DeleteFile: ./db_working_home/000026.sst 
2026/04/19-18:10:41.526313 1630 [Zonestats:time(s),used_cap(MB),reclaimable_cap(MB), avg_reclaimable(%), active(#), active_zones(#), open_zones(#)] 39 359 1304 78 6 6 2
2026/04/19-18:10:41.526348 1630 [DEBUG] DeleteFile: ./db_working_home/000029.sst 
2026/04/19-18:10:41.527311 1630 [Zonestats:time(s),used_cap(MB),reclaimable_cap(MB), avg_reclaimable(%), active(#), active_zones(#), open_zones(#)] 39 344 1191 77 6 6 2
2026/04/19-18:10:41.527343 1630 [DEBUG] DeleteFile: ./db_working_home/000033.log 
2026/04/19-18:10:41.527998 1630 [Zonestats:time(s),used_cap(MB),reclaimable_cap(MB), avg_reclaimable(%), active(#), active_zones(#), open_zones(#)] 39 328 1079 76 5 5 2
2026/04/19-18:10:41.528227 1630 [DEBUG] New writable file: /db_working_home/000041.sst direct: 1
2026/04/19-18:10:41.535917 1626 [DEBUG] Allocating zone(new=0) start: 0x80000000 wp: 0x80f70e00 lt: 3 file lt: 2
2026/04/19-18:10:41.535927 1626 [DEBUG] Syncing metadata for: /db_working_home/000037.log
2026/04/19-18:10:41.546827 1630 Entering Apply Finish Threshold Function
2026/04/19-18:10:41.546842 1630 [DEBUG] Allocating zone(new=1) start: 0x30000000 wp: 0x30000000 lt: 3 file lt: 3
2026/04/19-18:10:41.546846 1630 [Zonestats:time(s),used_cap(MB),reclaimable_cap(MB), avg_reclaimable(%), active(#), active_zones(#), open_zones(#)] 39 329 1078 76 5 6 4
2026/04/19-18:10:41.546848 1630 [DEBUG] Syncing metadata for: /db_working_home/000041.sst
2026/04/19-18:10:41.558879 1629 [DEBUG] Allocating zone(new=1) start: 0x40000000 wp: 0x40000000 lt: 5 file lt: 5
2026/04/19-18:10:41.558894 1629 [Zonestats:time(s),used_cap(MB),reclaimable_cap(MB), avg_reclaimable(%), active(#), active_zones(#), open_zones(#)] 39 329 1078 76 5 6 5
2026/04/19-18:10:41.558903 1629 [DEBUG] Syncing metadata for: /db_working_home/000040.sst
2026/04/19-18:10:41.606644 1628 Zone Garbage Stats: [112 1 0 0 0 3 0 1 1 2 0 0 ]
2026/04/19-18:10:41.606660 1628 Total Garbage Bytes: 16197982 bytes
2026/04/19-18:10:41.797294 1630 [DEBUG] Syncing metadata for: /db_working_home/000041.sst
2026/04/19-18:10:41.801819 1630 [DEBUG] Syncing metadata for: /db_working_home/000041.sst
2026/04/19-18:10:41.802273 1629 [DEBUG] Syncing metadata for: /db_working_home/000040.sst
2026/04/19-18:10:41.809720 1629 [DEBUG] Syncing metadata for: /db_working_home/000040.sst
2026/04/19-18:10:41.810406 1630 [DEBUG] New random access file: /db_working_home/000041.sst direct: 1
2026/04/19-18:10:41.810544 1629 [DEBUG] GetFileSize: /db_working_home/000040.sst 
2026/04/19-18:10:41.810598 1630 [DEBUG] GetFileSize: /db_working_home/000041.sst 
2026/04/19-18:10:41.811955 1629 [DEBUG] New random access file: /db_working_home/000038.sst direct: 1
2026/04/19-18:10:41.812247 1629 [DEBUG] GetFileSize: /db_working_home/000038.sst 
2026/04/19-18:10:41.812423 1629 [DEBUG] New random access file: /db_working_home/000039.sst direct: 1
2026/04/19-18:10:41.812666 1629 [DEBUG] GetFileSize: /db_working_home/000039.sst 
2026/04/19-18:10:41.812796 1629 [DEBUG] New random access file: /db_working_home/000040.sst direct: 1
2026/04/19-18:10:41.812973 1629 [DEBUG] GetFileSize: /db_working_home/000040.sst 
2026/04/19-18:10:41.813134 1630 [DEBUG] Syncing metadata for: /db_working_home/MANIFEST-000005
2026/04/19-18:10:41.813793 1630 [DEBUG] GetFileSize: /db_working_home/000041.sst 
2026/04/19-18:10:41.823665 1630 [DEBUG] Syncing metadata for: /db_working_home/000035.log
2026/04/19-18:10:41.824112 1629 [DEBUG] Syncing metadata for: /db_working_home/MANIFEST-000005
2026/04/19-18:10:41.830990 1630 [DEBUG] DeleteFile: ./db_working_home/000035.log 
2026/04/19-18:10:41.831703 1629 [DEBUG] DeleteFile: ./db_working_home/000025.sst 
2026/04/19-18:10:41.832420 1630 [Zonestats:time(s),used_cap(MB),reclaimable_cap(MB), avg_reclaimable(%), active(#), active_zones(#), open_zones(#)] 39 349 1186 77 5 5 2
2026/04/19-18:10:41.833026 1629 [Zonestats:time(s),used_cap(MB),reclaimable_cap(MB), avg_reclaimable(%), active(#), active_zones(#), open_zones(#)] 39 285 1122 79 5 5 2
2026/04/19-18:10:41.833068 1629 [DEBUG] DeleteFile: ./db_working_home/000027.sst 
2026/04/19-18:10:41.833715 1629 [Zonestats:time(s),used_cap(MB),reclaimable_cap(MB), avg_reclaimable(%), active(#), active_zones(#), open_zones(#)] 39 257 1022 79 5 5 2
2026/04/19-18:10:41.833750 1629 [DEBUG] DeleteFile: ./db_working_home/000031.sst 
2026/04/19-18:10:41.834390 1629 [Zonestats:time(s),used_cap(MB),reclaimable_cap(MB), avg_reclaimable(%), active(#), active_zones(#), open_zones(#)] 39 210 941 81 5 5 2
2026/04/19-18:10:41.851945 1629 [DEBUG] New writable file: /db_working_home/000042.sst direct: 1
2026/04/19-18:10:41.873336 1629 Entering Apply Finish Threshold Function
2026/04/19-18:10:41.873345 1629 Finishing zone: Entering Finish()
2026/04/19-18:10:41.913389 1626 [DEBUG] New writable file: /db_working_home/000043.log direct: 0
2026/04/19-18:10:41.915227 1630 [DEBUG] New writable file: /db_working_home/000044.sst direct: 1
2026/04/19-18:10:41.917453 1626 [DEBUG] Allocating zone(new=0) start: 0x40000000 wp: 0x40aa7000 lt: 5 file lt: 2
2026/04/19-18:10:41.917457 1626 [DEBUG] Syncing metadata for: /db_working_home/000043.log
2026/04/19-18:10:41.919501 1630 Entering Apply Finish Threshold Function
2026/04/19-18:10:41.919526 1630 [DEBUG] Allocating zone(new=1) start: 0x38000000 wp: 0x38000000 lt: 3 file lt: 3
2026/04/19-18:10:41.919533 1630 [Zonestats:time(s),used_cap(MB),reclaimable_cap(MB), avg_reclaimable(%), active(#), active_zones(#), open_zones(#)] 39 215 936 81 5 6 4
2026/04/19-18:10:41.919540 1630 [DEBUG] Syncing metadata for: /db_working_home/000044.sst
2026/04/19-18:10:42.147631 1626 [DEBUG] New writable file: /db_working_home/000045.log direct: 0
2026/04/19-18:10:42.156925 1630 [DEBUG] Syncing metadata for: /db_working_home/000044.sst
2026/04/19-18:10:42.157530 1630 [DEBUG] Syncing metadata for: /db_working_home/000044.sst
2026/04/19-18:10:42.159138 1630 [DEBUG] New random access file: /db_working_home/000044.sst direct: 1
2026/04/19-18:10:42.159477 1630 [DEBUG] GetFileSize: /db_working_home/000044.sst 
2026/04/19-18:10:42.162410 1630 [DEBUG] Syncing metadata for: /db_working_home/MANIFEST-000005
2026/04/19-18:10:42.163087 1630 [DEBUG] GetFileSize: /db_working_home/000044.sst 
2026/04/19-18:10:42.168016 1630 [DEBUG] Syncing metadata for: /db_working_home/000037.log
2026/04/19-18:10:42.168935 1630 [DEBUG] DeleteFile: ./db_working_home/000037.log 
2026/04/19-18:10:42.169719 1630 [Zonestats:time(s),used_cap(MB),reclaimable_cap(MB), avg_reclaimable(%), active(#), active_zones(#), open_zones(#)] 40 231 1048 81 6 6 2
2026/04/19-18:10:42.169893 1630 [DEBUG] New writable file: /db_working_home/000046.sst direct: 1
2026/04/19-18:10:42.172706 1630 Entering Apply Finish Threshold Function
2026/04/19-18:10:42.172716 1630 Finishing zone: Entering Finish()
2026/04/19-18:10:42.181540 1626 [DEBUG] Allocating zone(new=0) start: 0x80000000 wp: 0x81f0d600 lt: 3 file lt: 2
2026/04/19-18:10:42.181546 1626 [DEBUG] Syncing metadata for: /db_working_home/000045.log
2026/04/19-18:10:42.390549 1626 [DEBUG] New writable file: /db_working_home/000047.log direct: 0
2026/04/19-18:10:42.610051 1628 Zone Garbage Stats: [115 1 0 0 0 2 0 0 0 2 0 0 ]
2026/04/19-18:10:42.611495 1628 Total Garbage Bytes: 1353 bytes
2026/04/19-18:10:43.613579 1628 Zone Garbage Stats: [115 1 0 0 0 2 0 0 0 2 0 0 ]
2026/04/19-18:10:43.613609 1628 Total Garbage Bytes: 1353 bytes
2026/04/19-18:10:43.810514 1629 [DEBUG] Allocating zone(new=1) start: 0x48000000 wp: 0x48000000 lt: 3 file lt: 3
2026/04/19-18:10:43.810605 1629 [Zonestats:time(s),used_cap(MB),reclaimable_cap(MB), avg_reclaimable(%), active(#), active_zones(#), open_zones(#)] 41 246 1033 80 5 6 4
2026/04/19-18:10:43.810636 1629 [DEBUG] Syncing metadata for: /db_working_home/000042.sst
2026/04/19-18:10:43.992624 1630 [DEBUG] Allocating zone(new=1) start: 0x50000000 wp: 0x50000000 lt: 3 file lt: 3
2026/04/19-18:10:43.992643 1630 [Zonestats:time(s),used_cap(MB),reclaimable_cap(MB), avg_reclaimable(%), active(#), active_zones(#), open_zones(#)] 41 246 1033 80 5 6 5
2026/04/19-18:10:43.992653 1630 [DEBUG] Syncing metadata for: /db_working_home/000046.sst
2026/04/19-18:10:44.273448 1630 [DEBUG] Syncing metadata for: /db_working_home/000046.sst
2026/04/19-18:10:44.276393 1630 [DEBUG] Syncing metadata for: /db_working_home/000046.sst
2026/04/19-18:10:44.277160 1630 [DEBUG] New random access file: /db_working_home/000046.sst direct: 1
2026/04/19-18:10:44.277421 1630 [DEBUG] GetFileSize: /db_working_home/000046.sst 
2026/04/19-18:10:44.281598 1630 [DEBUG] Syncing metadata for: /db_working_home/MANIFEST-000005
2026/04/19-18:10:44.282325 1630 [DEBUG] GetFileSize: /db_working_home/000046.sst 
2026/04/19-18:10:44.287113 1630 [DEBUG] Syncing metadata for: /db_working_home/000043.log
2026/04/19-18:10:44.291875 1630 [DEBUG] DeleteFile: ./db_working_home/000043.log 
2026/04/19-18:10:44.295269 1630 [Zonestats:time(s),used_cap(MB),reclaimable_cap(MB), avg_reclaimable(%), active(#), active_zones(#), open_zones(#)] 42 246 1161 82 6 6 3
2026/04/19-18:10:44.295506 1630 [DEBUG] New writable file: /db_working_home/000048.sst direct: 1
2026/04/19-18:10:44.299768 1630 Entering Apply Finish Threshold Function
2026/04/19-18:10:44.299777 1630 Finishing zone: Entering Finish()
2026/04/19-18:10:44.302414 1626 [DEBUG] Allocating zone(new=0) start: 0x50000000 wp: 0x50f71a00 lt: 3 file lt: 2
2026/04/19-18:10:44.302425 1626 [DEBUG] Syncing metadata for: /db_working_home/000047.log
2026/04/19-18:10:44.530374 1626 [DEBUG] New writable file: /db_working_home/000049.log direct: 0
2026/04/19-18:10:44.613832 1628 Zone Garbage Stats: [113 1 0 0 0 2 0 0 0 4 0 0 ]
2026/04/19-18:10:44.613849 1628 Total Garbage Bytes: 1843 bytes
2026/04/19-18:10:44.676685 1629 [DEBUG] Syncing metadata for: /db_working_home/000042.sst
2026/04/19-18:10:44.677256 1629 [DEBUG] Syncing metadata for: /db_working_home/000042.sst
2026/04/19-18:10:44.678341 1629 [DEBUG] GetFileSize: /db_working_home/000042.sst 
2026/04/19-18:10:44.678390 1629 [DEBUG] New writable file: /db_working_home/000050.sst direct: 1
2026/04/19-18:10:44.681474 1629 Entering Apply Finish Threshold Function
2026/04/19-18:10:44.681484 1629 Finishing zone: Entering Finish()
2026/04/19-18:10:45.614039 1628 Zone Garbage Stats: [113 1 0 0 0 2 0 0 0 4 0 0 ]
2026/04/19-18:10:45.614053 1628 Total Garbage Bytes: 1843 bytes
2026/04/19-18:10:45.703179 1629 [DEBUG] Allocating zone(new=1) start: 0x58000000 wp: 0x58000000 lt: 3 file lt: 3
2026/04/19-18:10:45.703194 1629 [Zonestats:time(s),used_cap(MB),reclaimable_cap(MB), avg_reclaimable(%), active(#), active_zones(#), open_zones(#)] 43 318 1217 79 5 6 4
2026/04/19-18:10:45.703203 1629 [DEBUG] Syncing metadata for: /db_working_home/000050.sst
2026/04/19-18:10:45.754513 1629 [DEBUG] Syncing metadata for: /db_working_home/000050.sst
2026/04/19-18:10:45.755082 1629 [DEBUG] Syncing metadata for: /db_working_home/000050.sst
2026/04/19-18:10:45.756143 1629 [DEBUG] GetFileSize: /db_working_home/000050.sst 
2026/04/19-18:10:45.757603 1629 [DEBUG] New random access file: /db_working_home/000042.sst direct: 1
2026/04/19-18:10:45.758077 1629 [DEBUG] GetFileSize: /db_working_home/000042.sst 
2026/04/19-18:10:45.758275 1629 [DEBUG] New random access file: /db_working_home/000050.sst direct: 1
2026/04/19-18:10:45.758632 1629 [DEBUG] GetFileSize: /db_working_home/000050.sst 
2026/04/19-18:10:45.759510 1629 [DEBUG] Syncing metadata for: /db_working_home/MANIFEST-000005
2026/04/19-18:10:45.760916 1629 [DEBUG] Syncing metadata for: /db_working_home/MANIFEST-000005
2026/04/19-18:10:45.762318 1629 [DEBUG] Syncing metadata for: /db_working_home/MANIFEST-000005
2026/04/19-18:10:45.924466 1630 [DEBUG] Allocating zone(new=1) start: 0x60000000 wp: 0x60000000 lt: 3 file lt: 3
2026/04/19-18:10:45.924480 1630 [Zonestats:time(s),used_cap(MB),reclaimable_cap(MB), avg_reclaimable(%), active(#), active_zones(#), open_zones(#)] 43 323 1340 80 5 6 4
2026/04/19-18:10:45.924489 1630 [DEBUG] Syncing metadata for: /db_working_home/000048.sst
2026/04/19-18:10:46.069035 1630 [DEBUG] Syncing metadata for: /db_working_home/000048.sst
2026/04/19-18:10:46.069608 1630 [DEBUG] Syncing metadata for: /db_working_home/000048.sst
2026/04/19-18:10:46.070239 1630 [DEBUG] New random access file: /db_working_home/000048.sst direct: 1
2026/04/19-18:10:46.070413 1630 [DEBUG] GetFileSize: /db_working_home/000048.sst 
2026/04/19-18:10:46.072785 1630 [DEBUG] Syncing metadata for: /db_working_home/MANIFEST-000005
2026/04/19-18:10:46.073451 1630 [DEBUG] GetFileSize: /db_working_home/000048.sst 
2026/04/19-18:10:46.078212 1630 [DEBUG] Syncing metadata for: /db_working_home/000045.log
2026/04/19-18:10:46.081375 1630 [DEBUG] DeleteFile: ./db_working_home/000032.sst 
2026/04/19-18:10:46.083961 1630 [Zonestats:time(s),used_cap(MB),reclaimable_cap(MB), avg_reclaimable(%), active(#), active_zones(#), open_zones(#)] 44 323 1340 80 6 6 2
2026/04/19-18:10:46.084015 1630 [DEBUG] DeleteFile: ./db_working_home/000034.sst 
2026/04/19-18:10:46.085938 1629 [DEBUG] New writable file: /db_working_home/000051.sst direct: 1
2026/04/19-18:10:46.086511 1630 [Zonestats:time(s),used_cap(MB),reclaimable_cap(MB), avg_reclaimable(%), active(#), active_zones(#), open_zones(#)] 44 308 1227 79 6 6 2
2026/04/19-18:10:46.086564 1630 [DEBUG] DeleteFile: ./db_working_home/000036.sst 
2026/04/19-18:10:46.087560 1630 [Zonestats:time(s),used_cap(MB),reclaimable_cap(MB), avg_reclaimable(%), active(#), active_zones(#), open_zones(#)] 44 293 1242 80 6 6 2
2026/04/19-18:10:46.087595 1630 [DEBUG] DeleteFile: ./db_working_home/000041.sst 
2026/04/19-18:10:46.088263 1630 [Zonestats:time(s),used_cap(MB),reclaimable_cap(MB), avg_reclaimable(%), active(#), active_zones(#), open_zones(#)] 44 277 1130 80 6 6 2
2026/04/19-18:10:46.088296 1630 [DEBUG] DeleteFile: ./db_working_home/000045.log 
2026/04/19-18:10:46.088939 1630 [Zonestats:time(s),used_cap(MB),reclaimable_cap(MB), avg_reclaimable(%), active(#), active_zones(#), open_zones(#)] 44 262 1017 79 5 5 2
2026/04/19-18:10:46.089096 1630 [DEBUG] New writable file: /db_working_home/000052.sst direct: 1
2026/04/19-18:10:46.089302 1629 Entering Apply Finish Threshold Function
2026/04/19-18:10:46.089312 1629 Finishing zone: Entering Finish()
2026/04/19-18:10:46.091882 1630 Entering Apply Finish Threshold Function
2026/04/19-18:10:46.091907 1630 [DEBUG] Allocating zone(new=1) start: 0x28000000 wp: 0x28000000 lt: 3 file lt: 3
2026/04/19-18:10:46.091913 1630 [Zonestats:time(s),used_cap(MB),reclaimable_cap(MB), avg_reclaimable(%), active(#), active_zones(#), open_zones(#)] 44 262 1017 79 5 6 3
2026/04/19-18:10:46.091919 1630 [DEBUG] Syncing metadata for: /db_working_home/000052.sst
2026/04/19-18:10:46.095577 1626 [DEBUG] Allocating zone(new=0) start: 0x58000000 wp: 0x584a8e00 lt: 3 file lt: 2
2026/04/19-18:10:46.095588 1626 [DEBUG] Syncing metadata for: /db_working_home/000049.log
2026/04/19-18:10:46.328590 1626 [DEBUG] New writable file: /db_working_home/000053.log direct: 0
2026/04/19-18:10:46.329856 1630 [DEBUG] Syncing metadata for: /db_working_home/000052.sst
2026/04/19-18:10:46.331141 1630 [DEBUG] Syncing metadata for: /db_working_home/000052.sst
2026/04/19-18:10:46.332119 1630 [DEBUG] New random access file: /db_working_home/000052.sst direct: 1
2026/04/19-18:10:46.332583 1630 [DEBUG] GetFileSize: /db_working_home/000052.sst 
2026/04/19-18:10:46.335009 1630 [DEBUG] Syncing metadata for: /db_working_home/MANIFEST-000005
2026/04/19-18:10:46.335651 1630 [DEBUG] GetFileSize: /db_working_home/000052.sst 
2026/04/19-18:10:46.340538 1630 [DEBUG] Syncing metadata for: /db_working_home/000047.log
2026/04/19-18:10:46.341217 1630 [DEBUG] DeleteFile: ./db_working_home/000047.log 
2026/04/19-18:10:46.342021 1630 [Zonestats:time(s),used_cap(MB),reclaimable_cap(MB), avg_reclaimable(%), active(#), active_zones(#), open_zones(#)] 44 277 1130 80 6 6 2
2026/04/19-18:10:46.342198 1630 [DEBUG] New writable file: /db_working_home/000054.sst direct: 1
2026/04/19-18:10:46.344727 1630 Entering Apply Finish Threshold Function
2026/04/19-18:10:46.344736 1630 Finishing zone: Entering Finish()
2026/04/19-18:10:46.348022 1626 [DEBUG] Allocating zone(new=0) start: 0x50000000 wp: 0x51f0de00 lt: 3 file lt: 2
2026/04/19-18:10:46.348032 1626 [DEBUG] Syncing metadata for: /db_working_home/000053.log
2026/04/19-18:10:46.557126 1626 [DEBUG] New writable file: /db_working_home/000055.log direct: 0
2026/04/19-18:10:46.614243 1628 Zone Garbage Stats: [114 1 0 0 0 2 1 0 0 1 1 0 ]
2026/04/19-18:10:46.614257 1628 Total Garbage Bytes: 16373511 bytes
2026/04/19-18:10:47.614444 1628 Zone Garbage Stats: [114 1 0 0 0 2 1 0 0 1 1 0 ]
2026/04/19-18:10:47.614530 1628 Total Garbage Bytes: 16373511 bytes
2026/04/19-18:10:48.026146 1629 [DEBUG] Allocating zone(new=1) start: 0x30000000 wp: 0x30000000 lt: 3 file lt: 3
2026/04/19-18:10:48.026160 1629 [Zonestats:time(s),used_cap(MB),reclaimable_cap(MB), avg_reclaimable(%), active(#), active_zones(#), open_zones(#)] 46 292 1115 79 5 6 4
2026/04/19-18:10:48.026169 1629 [DEBUG] Syncing metadata for: /db_working_home/000051.sst
2026/04/19-18:10:48.141840 1630 [DEBUG] Allocating zone(new=1) start: 0x68000000 wp: 0x68000000 lt: 3 file lt: 3
2026/04/19-18:10:48.141855 1630 [Zonestats:time(s),used_cap(MB),reclaimable_cap(MB), avg_reclaimable(%), active(#), active_zones(#), open_zones(#)] 46 292 1115 79 5 6 5
2026/04/19-18:10:48.141863 1630 [DEBUG] Syncing metadata for: /db_working_home/000054.sst
2026/04/19-18:10:48.338681 1630 [DEBUG] Syncing metadata for: /db_working_home/000054.sst
2026/04/19-18:10:48.346292 1630 [DEBUG] Syncing metadata for: /db_working_home/000054.sst
2026/04/19-18:10:48.346963 1630 [DEBUG] New random access file: /db_working_home/000054.sst direct: 1
2026/04/19-18:10:48.347146 1630 [DEBUG] GetFileSize: /db_working_home/000054.sst 
2026/04/19-18:10:48.355528 1630 [DEBUG] Syncing metadata for: /db_working_home/MANIFEST-000005
2026/04/19-18:10:48.356220 1630 [DEBUG] GetFileSize: /db_working_home/000054.sst 
2026/04/19-18:10:48.360983 1630 [DEBUG] Syncing metadata for: /db_working_home/000049.log
2026/04/19-18:10:48.368744 1630 [DEBUG] DeleteFile: ./db_working_home/000049.log 
2026/04/19-18:10:48.369323 1630 [Zonestats:time(s),used_cap(MB),reclaimable_cap(MB), avg_reclaimable(%), active(#), active_zones(#), open_zones(#)] 46 292 1243 80 6 6 3
2026/04/19-18:10:48.369472 1630 [DEBUG] New writable file: /db_working_home/000056.sst direct: 1
2026/04/19-18:10:48.372040 1630 Entering Apply Finish Threshold Function
2026/04/19-18:10:48.372050 1630 Finishing zone: Entering Finish()
2026/04/19-18:10:48.377616 1626 [DEBUG] Allocating zone(new=0) start: 0x68000000 wp: 0x68f71e00 lt: 3 file lt: 2
2026/04/19-18:10:48.377627 1626 [DEBUG] Syncing metadata for: /db_working_home/000055.log
2026/04/19-18:10:48.607449 1626 [DEBUG] New writable file: /db_working_home/000057.log direct: 0
2026/04/19-18:10:48.614721 1628 Zone Garbage Stats: [112 1 0 0 0 2 1 0 0 3 1 0 ]
2026/04/19-18:10:48.614735 1628 Total Garbage Bytes: 16374081 bytes
2026/04/19-18:10:48.675377 1629 [DEBUG] Syncing metadata for: /db_working_home/000051.sst
2026/04/19-18:10:48.676189 1629 [DEBUG] Syncing metadata for: /db_working_home/000051.sst
2026/04/19-18:10:48.677244 1629 [DEBUG] GetFileSize: /db_working_home/000051.sst 
2026/04/19-18:10:48.677289 1629 [DEBUG] New writable file: /db_working_home/000058.sst direct: 1
2026/04/19-18:10:48.680288 1629 Entering Apply Finish Threshold Function
2026/04/19-18:10:48.680299 1629 Finishing zone: Entering Finish()
2026/04/19-18:10:49.614920 1628 Zone Garbage Stats: [112 1 0 0 0 2 1 0 0 3 1 0 ]
2026/04/19-18:10:49.614954 1628 Total Garbage Bytes: 16374081 bytes
2026/04/19-18:10:49.907697 1629 [DEBUG] Allocating zone(new=1) start: 0x80000000 wp: 0x80000000 lt: 3 file lt: 3
2026/04/19-18:10:49.907712 1629 [Zonestats:time(s),used_cap(MB),reclaimable_cap(MB), avg_reclaimable(%), active(#), active_zones(#), open_zones(#)] 47 350 1313 78 5 6 4
2026/04/19-18:10:49.907720 1629 [DEBUG] Syncing metadata for: /db_working_home/000058.sst
2026/04/19-18:10:49.946462 1629 [DEBUG] Syncing metadata for: /db_working_home/000058.sst
2026/04/19-18:10:49.947036 1629 [DEBUG] Syncing metadata for: /db_working_home/000058.sst
2026/04/19-18:10:49.948105 1629 [DEBUG] GetFileSize: /db_working_home/000058.sst 
2026/04/19-18:10:49.949347 1629 [DEBUG] New random access file: /db_working_home/000051.sst direct: 1
2026/04/19-18:10:49.950007 1629 [DEBUG] GetFileSize: /db_working_home/000051.sst 
2026/04/19-18:10:49.950175 1629 [DEBUG] New random access file: /db_working_home/000058.sst direct: 1
2026/04/19-18:10:49.950541 1629 [DEBUG] GetFileSize: /db_working_home/000058.sst 
2026/04/19-18:10:49.951447 1629 [DEBUG] Syncing metadata for: /db_working_home/MANIFEST-000005
2026/04/19-18:10:49.952848 1629 [DEBUG] Syncing metadata for: /db_working_home/MANIFEST-000005
2026/04/19-18:10:49.960072 1629 [DEBUG] New writable file: /db_working_home/000059.sst direct: 1
2026/04/19-18:10:49.963127 1629 Entering Apply Finish Threshold Function
2026/04/19-18:10:49.963153 1629 [DEBUG] Allocating zone(new=1) start: 0x88000000 wp: 0x88000000 lt: 5 file lt: 5
2026/04/19-18:10:49.963161 1629 [Zonestats:time(s),used_cap(MB),reclaimable_cap(MB), avg_reclaimable(%), active(#), active_zones(#), open_zones(#)] 47 354 1437 80 6 7 4
2026/04/19-18:10:49.963167 1629 [DEBUG] Syncing metadata for: /db_working_home/000059.sst
2026/04/19-18:10:50.044772 1629 [DEBUG] Syncing metadata for: /db_working_home/000059.sst
2026/04/19-18:10:50.045590 1629 [DEBUG] Syncing metadata for: /db_working_home/000059.sst
2026/04/19-18:10:50.046642 1629 [DEBUG] GetFileSize: /db_working_home/000059.sst 
2026/04/19-18:10:50.048128 1629 [DEBUG] New random access file: /db_working_home/000059.sst direct: 1
2026/04/19-18:10:50.048517 1629 [DEBUG] GetFileSize: /db_working_home/000059.sst 
2026/04/19-18:10:50.049390 1629 [DEBUG] Syncing metadata for: /db_working_home/MANIFEST-000005
2026/04/19-18:10:50.056051 1629 [DEBUG] New writable file: /db_working_home/000060.sst direct: 1
2026/04/19-18:10:50.059020 1629 Entering Apply Finish Threshold Function
2026/04/19-18:10:50.059045 1629 [DEBUG] Allocating zone(new=1) start: 0x90000000 wp: 0x90000000 lt: 5 file lt: 5
2026/04/19-18:10:50.059051 1629 [Zonestats:time(s),used_cap(MB),reclaimable_cap(MB), avg_reclaimable(%), active(#), active_zones(#), open_zones(#)] 48 362 1557 81 7 8 4
2026/04/19-18:10:50.059058 1629 [DEBUG] Syncing metadata for: /db_working_home/000060.sst
2026/04/19-18:10:50.486220 1630 [DEBUG] Allocating zone(new=0) start: 0x88000000 wp: 0x88829c00 lt: 5 file lt: 3
2026/04/19-18:10:50.486236 1630 [Zonestats:time(s),used_cap(MB),reclaimable_cap(MB), avg_reclaimable(%), active(#), active_zones(#), open_zones(#)] 48 362 1557 81 7 7 5
2026/04/19-18:10:50.486245 1630 [DEBUG] Syncing metadata for: /db_working_home/000056.sst
2026/04/19-18:10:50.615135 1628 Zone Garbage Stats: [109 2 0 0 0 2 1 1 0 3 2 0 ]
2026/04/19-18:10:50.615149 1628 Total Garbage Bytes: 32747426 bytes
2026/04/19-18:10:50.672988 1629 [DEBUG] Syncing metadata for: /db_working_home/000060.sst
2026/04/19-18:10:50.680595 1629 [DEBUG] Syncing metadata for: /db_working_home/000060.sst
2026/04/19-18:10:50.681329 1629 [DEBUG] GetFileSize: /db_working_home/000060.sst 
2026/04/19-18:10:50.681367 1629 [DEBUG] New writable file: /db_working_home/000061.sst direct: 1
2026/04/19-18:10:50.685059 1630 [DEBUG] Syncing metadata for: /db_working_home/000056.sst
2026/04/19-18:10:50.685629 1630 [DEBUG] Syncing metadata for: /db_working_home/000056.sst
2026/04/19-18:10:50.686250 1630 [DEBUG] New random access file: /db_working_home/000056.sst direct: 1
2026/04/19-18:10:50.686424 1630 [DEBUG] GetFileSize: /db_working_home/000056.sst 
2026/04/19-18:10:50.687332 1629 Entering Apply Finish Threshold Function
2026/04/19-18:10:50.687346 1629 Finishing zone: Entering Finish()
2026/04/19-18:10:50.689375 1630 [DEBUG] Syncing metadata for: /db_working_home/MANIFEST-000005
2026/04/19-18:10:50.690058 1630 [DEBUG] GetFileSize: /db_working_home/000056.sst 
2026/04/19-18:10:50.694979 1630 [DEBUG] Syncing metadata for: /db_working_home/000053.log
2026/04/19-18:10:50.695880 1630 [DEBUG] DeleteFile: ./db_working_home/000044.sst 
2026/04/19-18:10:50.696732 1630 [Zonestats:time(s),used_cap(MB),reclaimable_cap(MB), avg_reclaimable(%), active(#), active_zones(#), open_zones(#)] 48 413 1506 78 7 7 2
2026/04/19-18:10:50.696774 1630 [DEBUG] DeleteFile: ./db_working_home/000046.sst 
2026/04/19-18:10:50.697522 1630 [Zonestats:time(s),used_cap(MB),reclaimable_cap(MB), avg_reclaimable(%), active(#), active_zones(#), open_zones(#)] 48 398 1521 79 7 7 2
2026/04/19-18:10:50.697557 1630 [DEBUG] DeleteFile: ./db_working_home/000048.sst 
2026/04/19-18:10:50.698510 1630 [Zonestats:time(s),used_cap(MB),reclaimable_cap(MB), avg_reclaimable(%), active(#), active_zones(#), open_zones(#)] 48 382 1409 78 7 7 2
2026/04/19-18:10:50.698543 1630 [DEBUG] DeleteFile: ./db_working_home/000050.sst 
2026/04/19-18:10:50.699407 1630 [Zonestats:time(s),used_cap(MB),reclaimable_cap(MB), avg_reclaimable(%), active(#), active_zones(#), open_zones(#)] 48 378 1285 77 7 7 2
2026/04/19-18:10:50.699437 1630 [DEBUG] DeleteFile: ./db_working_home/000053.log 
2026/04/19-18:10:50.700305 1630 [Zonestats:time(s),used_cap(MB),reclaimable_cap(MB), avg_reclaimable(%), active(#), active_zones(#), open_zones(#)] 48 362 1173 76 6 6 2
2026/04/19-18:10:50.700325 1630 [DEBUG] DeleteFile: ./db_working_home/000058.sst 
2026/04/19-18:10:50.701210 1630 [Zonestats:time(s),used_cap(MB),reclaimable_cap(MB), avg_reclaimable(%), active(#), active_zones(#), open_zones(#)] 48 358 1049 74 5 5 2
2026/04/19-18:10:50.701380 1630 [DEBUG] New writable file: /db_working_home/000062.sst direct: 1
2026/04/19-18:10:50.704075 1630 Entering Apply Finish Threshold Function
2026/04/19-18:10:50.704085 1630 Finishing zone: Entering Finish()
2026/04/19-18:10:50.707834 1626 [DEBUG] Allocating zone(new=1) start: 0x38000000 wp: 0x38000000 lt: 2 file lt: 2
2026/04/19-18:10:50.707843 1626 [DEBUG] Syncing metadata for: /db_working_home/000057.log
2026/04/19-18:10:50.920965 1626 [DEBUG] New writable file: /db_working_home/000063.log direct: 0
2026/04/19-18:10:51.615360 1628 Zone Garbage Stats: [113 1 0 0 0 2 1 1 0 1 1 0 ]
2026/04/19-18:10:51.615373 1628 Total Garbage Bytes: 16373751 bytes
2026/04/19-18:10:51.931123 1630 [DEBUG] Allocating zone(new=1) start: 0x50000000 wp: 0x50000000 lt: 3 file lt: 3
2026/04/19-18:10:51.931138 1630 [Zonestats:time(s),used_cap(MB),reclaimable_cap(MB), avg_reclaimable(%), active(#), active_zones(#), open_zones(#)] 49 373 1162 75 5 6 4
2026/04/19-18:10:51.931164 1630 [DEBUG] Syncing metadata for: /db_working_home/000062.sst
2026/04/19-18:10:52.077157 1630 [DEBUG] Syncing metadata for: /db_working_home/000062.sst
2026/04/19-18:10:52.077731 1630 [DEBUG] Syncing metadata for: /db_working_home/000062.sst
2026/04/19-18:10:52.078742 1630 [DEBUG] New random access file: /db_working_home/000062.sst direct: 1
2026/04/19-18:10:52.078941 1630 [DEBUG] GetFileSize: /db_working_home/000062.sst 
2026/04/19-18:10:52.081536 1630 [DEBUG] Syncing metadata for: /db_working_home/MANIFEST-000005
2026/04/19-18:10:52.082192 1630 [DEBUG] GetFileSize: /db_working_home/000062.sst 
2026/04/19-18:10:52.087138 1630 [DEBUG] Syncing metadata for: /db_working_home/000055.log
2026/04/19-18:10:52.088053 1630 [DEBUG] DeleteFile: ./db_working_home/000055.log 
2026/04/19-18:10:52.088841 1630 [Zonestats:time(s),used_cap(MB),reclaimable_cap(MB), avg_reclaimable(%), active(#), active_zones(#), open_zones(#)] 50 374 1289 77 6 6 2
2026/04/19-18:10:52.088998 1630 [DEBUG] New writable file: /db_working_home/000064.sst direct: 1
2026/04/19-18:10:52.091644 1630 Entering Apply Finish Threshold Function
2026/04/19-18:10:52.091653 1630 Finishing zone: Entering Finish()
2026/04/19-18:10:52.095568 1626 [DEBUG] Allocating zone(new=0) start: 0x68000000 wp: 0x69f0ea00 lt: 3 file lt: 2
2026/04/19-18:10:52.095579 1626 [DEBUG] Syncing metadata for: /db_working_home/000063.log
2026/04/19-18:10:52.289307 1626 [DEBUG] New writable file: /db_working_home/000065.log direct: 0
2026/04/19-18:10:52.501416 1629 [DEBUG] Allocating zone(new=1) start: 0x58000000 wp: 0x58000000 lt: 5 file lt: 5
2026/04/19-18:10:52.501435 1629 [Zonestats:time(s),used_cap(MB),reclaimable_cap(MB), avg_reclaimable(%), active(#), active_zones(#), open_zones(#)] 50 389 1274 76 5 6 4
2026/04/19-18:10:52.501444 1629 [DEBUG] Syncing metadata for: /db_working_home/000061.sst
2026/04/19-18:10:52.615510 1628 Zone Garbage Stats: [111 1 0 0 0 2 1 2 0 2 1 0 ]
2026/04/19-18:10:52.615615 1628 Total Garbage Bytes: 16374445 bytes
2026/04/19-18:10:53.030860 1629 [DEBUG] Syncing metadata for: /db_working_home/000061.sst
2026/04/19-18:10:53.031646 1629 [DEBUG] Syncing metadata for: /db_working_home/000061.sst
2026/04/19-18:10:53.032729 1629 [DEBUG] GetFileSize: /db_working_home/000061.sst 
2026/04/19-18:10:53.034203 1629 [DEBUG] New random access file: /db_working_home/000060.sst direct: 1
2026/04/19-18:10:53.034623 1629 [DEBUG] GetFileSize: /db_working_home/000060.sst 
2026/04/19-18:10:53.034820 1629 [DEBUG] New random access file: /db_working_home/000061.sst direct: 1
2026/04/19-18:10:53.035229 1629 [DEBUG] GetFileSize: /db_working_home/000061.sst 
2026/04/19-18:10:53.036157 1629 [DEBUG] Syncing metadata for: /db_working_home/MANIFEST-000005
2026/04/19-18:10:53.049522 1629 [DEBUG] New writable file: /db_working_home/000066.sst direct: 1
2026/04/19-18:10:53.053048 1629 Entering Apply Finish Threshold Function
2026/04/19-18:10:53.053059 1629 Finishing zone: Entering Finish()
2026/04/19-18:10:53.615812 1628 Zone Garbage Stats: [111 1 0 0 0 2 1 2 0 2 1 0 ]
2026/04/19-18:10:53.615826 1628 Total Garbage Bytes: 16374445 bytes
2026/04/19-18:10:54.132495 1630 [DEBUG] Allocating zone(new=1) start: 0x60000000 wp: 0x60000000 lt: 3 file lt: 3
2026/04/19-18:10:54.132511 1630 [Zonestats:time(s),used_cap(MB),reclaimable_cap(MB), avg_reclaimable(%), active(#), active_zones(#), open_zones(#)] 52 438 1353 75 5 6 4
2026/04/19-18:10:54.132528 1630 [DEBUG] Syncing metadata for: /db_working_home/000064.sst
2026/04/19-18:10:54.266561 1629 [DEBUG] Allocating zone(new=1) start: 0x80000000 wp: 0x80000000 lt: 3 file lt: 3
2026/04/19-18:10:54.266577 1629 [Zonestats:time(s),used_cap(MB),reclaimable_cap(MB), avg_reclaimable(%), active(#), active_zones(#), open_zones(#)] 52 438 1353 75 5 6 5
2026/04/19-18:10:54.266592 1629 [DEBUG] Syncing metadata for: /db_working_home/000066.sst
2026/04/19-18:10:54.285160 1630 [DEBUG] Syncing metadata for: /db_working_home/000064.sst
2026/04/19-18:10:54.288341 1630 [DEBUG] Syncing metadata for: /db_working_home/000064.sst
2026/04/19-18:10:54.289043 1630 [DEBUG] New random access file: /db_working_home/000064.sst direct: 1
2026/04/19-18:10:54.289231 1630 [DEBUG] GetFileSize: /db_working_home/000064.sst 
2026/04/19-18:10:54.292146 1630 [DEBUG] Syncing metadata for: /db_working_home/MANIFEST-000005
2026/04/19-18:10:54.292799 1630 [DEBUG] GetFileSize: /db_working_home/000064.sst 
2026/04/19-18:10:54.297565 1630 [DEBUG] Syncing metadata for: /db_working_home/000057.log
2026/04/19-18:10:54.302244 1630 [DEBUG] DeleteFile: ./db_working_home/000042.sst 
2026/04/19-18:10:54.305840 1630 [Zonestats:time(s),used_cap(MB),reclaimable_cap(MB), avg_reclaimable(%), active(#), active_zones(#), open_zones(#)] 52 397 1394 77 6 6 3
2026/04/19-18:10:54.305894 1630 [DEBUG] DeleteFile: ./db_working_home/000051.sst 
2026/04/19-18:10:54.306594 1630 [Zonestats:time(s),used_cap(MB),reclaimable_cap(MB), avg_reclaimable(%), active(#), active_zones(#), open_zones(#)] 52 354 1309 78 6 6 3
2026/04/19-18:10:54.306629 1630 [DEBUG] DeleteFile: ./db_working_home/000057.log 
2026/04/19-18:10:54.307370 1630 [Zonestats:time(s),used_cap(MB),reclaimable_cap(MB), avg_reclaimable(%), active(#), active_zones(#), open_zones(#)] 52 339 1196 77 5 5 3
2026/04/19-18:10:54.307597 1630 [DEBUG] New writable file: /db_working_home/000067.sst direct: 1
2026/04/19-18:10:54.314971 1626 [DEBUG] Allocating zone(new=0) start: 0x60000000 wp: 0x60f71200 lt: 3 file lt: 2
2026/04/19-18:10:54.314983 1626 [DEBUG] Syncing metadata for: /db_working_home/000065.log
2026/04/19-18:10:54.315415 1630 Entering Apply Finish Threshold Function
2026/04/19-18:10:54.315443 1630 [DEBUG] Allocating zone(new=1) start: 0x30000000 wp: 0x30000000 lt: 3 file lt: 3
2026/04/19-18:10:54.315451 1630 [Zonestats:time(s),used_cap(MB),reclaimable_cap(MB), avg_reclaimable(%), active(#), active_zones(#), open_zones(#)] 52 339 1196 77 5 6 5
2026/04/19-18:10:54.315457 1630 [DEBUG] Syncing metadata for: /db_working_home/000067.sst
2026/04/19-18:10:54.581586 1626 [DEBUG] New writable file: /db_working_home/000068.log direct: 0
2026/04/19-18:10:54.593078 1630 [DEBUG] Syncing metadata for: /db_working_home/000067.sst
2026/04/19-18:10:54.597510 1630 [DEBUG] Syncing metadata for: /db_working_home/000067.sst
2026/04/19-18:10:54.601230 1630 [DEBUG] New random access file: /db_working_home/000067.sst direct: 1
2026/04/19-18:10:54.601421 1630 [DEBUG] GetFileSize: /db_working_home/000067.sst 
2026/04/19-18:10:54.607591 1630 [DEBUG] Syncing metadata for: /db_working_home/MANIFEST-000005
2026/04/19-18:10:54.611083 1630 [DEBUG] GetFileSize: /db_working_home/000067.sst 
2026/04/19-18:10:54.615856 1630 [DEBUG] Syncing metadata for: /db_working_home/000063.log
2026/04/19-18:10:54.616016 1628 Zone Garbage Stats: [111 2 0 0 0 2 0 2 0 3 1 0 ]
2026/04/19-18:10:54.616029 1628 Total Garbage Bytes: 16374902 bytes
2026/04/19-18:10:54.620466 1630 [DEBUG] DeleteFile: ./db_working_home/000063.log 
2026/04/19-18:10:54.623962 1630 [Zonestats:time(s),used_cap(MB),reclaimable_cap(MB), avg_reclaimable(%), active(#), active_zones(#), open_zones(#)] 52 354 1309 78 6 6 3
2026/04/19-18:10:54.624142 1630 [DEBUG] New writable file: /db_working_home/000069.sst direct: 1
2026/04/19-18:10:54.626726 1630 Entering Apply Finish Threshold Function
2026/04/19-18:10:54.626736 1630 Finishing zone: Entering Finish()
2026/04/19-18:10:54.631849 1626 [DEBUG] Allocating zone(new=0) start: 0x68000000 wp: 0x6aeab600 lt: 3 file lt: 2
2026/04/19-18:10:54.631857 1626 [DEBUG] Syncing metadata for: /db_working_home/000068.log
2026/04/19-18:10:54.934945 1626 [DEBUG] New writable file: /db_working_home/000070.log direct: 0
2026/04/19-18:10:55.252826 1629 [DEBUG] Syncing metadata for: /db_working_home/000066.sst
2026/04/19-18:10:55.253376 1629 [DEBUG] Syncing metadata for: /db_working_home/000066.sst
2026/04/19-18:10:55.254438 1629 [DEBUG] GetFileSize: /db_working_home/000066.sst 
2026/04/19-18:10:55.254476 1629 [DEBUG] New writable file: /db_working_home/000071.sst direct: 1
2026/04/19-18:10:55.258352 1629 Entering Apply Finish Threshold Function
2026/04/19-18:10:55.258363 1629 Finishing zone: Entering Finish()
2026/04/19-18:10:55.619251 1628 Zone Garbage Stats: [111 1 0 0 0 2 0 2 0 3 1 0 ]
2026/04/19-18:10:55.619267 1628 Total Garbage Bytes: 16374717 bytes
2026/04/19-18:10:56.283393 1629 [DEBUG] Allocating zone(new=1) start: 0x38000000 wp: 0x38000000 lt: 3 file lt: 3
2026/04/19-18:10:56.284599 1629 [Zonestats:time(s),used_cap(MB),reclaimable_cap(MB), avg_reclaimable(%), active(#), active_zones(#), open_zones(#)] 54 426 1365 76 5 6 4
2026/04/19-18:10:56.284620 1629 [DEBUG] Syncing metadata for: /db_working_home/000071.sst
2026/04/19-18:10:56.340711 1629 [DEBUG] Syncing metadata for: /db_working_home/000071.sst
2026/04/19-18:10:56.341287 1629 [DEBUG] Syncing metadata for: /db_working_home/000071.sst
2026/04/19-18:10:56.342444 1629 [DEBUG] GetFileSize: /db_working_home/000071.sst 
2026/04/19-18:10:56.346154 1629 [DEBUG] New random access file: /db_working_home/000066.sst direct: 1
2026/04/19-18:10:56.346680 1629 [DEBUG] GetFileSize: /db_working_home/000066.sst 
2026/04/19-18:10:56.347058 1629 [DEBUG] New random access file: /db_working_home/000071.sst direct: 1
2026/04/19-18:10:56.347239 1629 [DEBUG] GetFileSize: /db_working_home/000071.sst 
2026/04/19-18:10:56.348661 1629 [DEBUG] Syncing metadata for: /db_working_home/MANIFEST-000005
2026/04/19-18:10:56.350584 1629 [DEBUG] Syncing metadata for: /db_working_home/MANIFEST-000005
2026/04/19-18:10:56.357218 1629 [DEBUG] New writable file: /db_working_home/000072.sst direct: 1
2026/04/19-18:10:56.360257 1629 Entering Apply Finish Threshold Function
2026/04/19-18:10:56.360283 1629 [DEBUG] Allocating zone(new=1) start: 0x48000000 wp: 0x48000000 lt: 5 file lt: 5
2026/04/19-18:10:56.360290 1629 [Zonestats:time(s),used_cap(MB),reclaimable_cap(MB), avg_reclaimable(%), active(#), active_zones(#), open_zones(#)] 54 431 1488 77 6 7 4
2026/04/19-18:10:56.360297 1629 [DEBUG] Syncing metadata for: /db_working_home/000072.sst
2026/04/19-18:10:56.497535 1629 [DEBUG] Syncing metadata for: /db_working_home/000072.sst
2026/04/19-18:10:56.498118 1629 [DEBUG] Syncing metadata for: /db_working_home/000072.sst
2026/04/19-18:10:56.499025 1629 [DEBUG] GetFileSize: /db_working_home/000072.sst 
2026/04/19-18:10:56.500428 1629 [DEBUG] New random access file: /db_working_home/000072.sst direct: 1
2026/04/19-18:10:56.500907 1629 [DEBUG] GetFileSize: /db_working_home/000072.sst 
2026/04/19-18:10:56.501781 1629 [DEBUG] Syncing metadata for: /db_working_home/MANIFEST-000005
2026/04/19-18:10:56.508437 1629 [DEBUG] New writable file: /db_working_home/000073.sst direct: 1
2026/04/19-18:10:56.511505 1629 Entering Apply Finish Threshold Function
2026/04/19-18:10:56.511515 1629 Finishing zone: Entering Finish()
2026/04/19-18:10:56.619499 1628 Zone Garbage Stats: [109 2 0 0 0 2 1 2 0 3 1 0 ]
2026/04/19-18:10:56.619514 1628 Total Garbage Bytes: 16375188 bytes
2026/04/19-18:10:56.733273 1630 [DEBUG] Allocating zone(new=1) start: 0x98000000 wp: 0x98000000 lt: 3 file lt: 3
2026/04/19-18:10:56.733288 1630 [Zonestats:time(s),used_cap(MB),reclaimable_cap(MB), avg_reclaimable(%), active(#), active_zones(#), open_zones(#)] 54 444 1603 78 6 7 4
2026/04/19-18:10:56.733297 1630 [DEBUG] Syncing metadata for: /db_working_home/000069.sst
2026/04/19-18:10:56.882411 1630 [DEBUG] Syncing metadata for: /db_working_home/000069.sst
2026/04/19-18:10:56.882988 1630 [DEBUG] Syncing metadata for: /db_working_home/000069.sst
2026/04/19-18:10:56.884001 1630 [DEBUG] New random access file: /db_working_home/000069.sst direct: 1
2026/04/19-18:10:56.884431 1630 [DEBUG] GetFileSize: /db_working_home/000069.sst 
2026/04/19-18:10:56.886873 1630 [DEBUG] Syncing metadata for: /db_working_home/MANIFEST-000005
2026/04/19-18:10:56.887524 1630 [DEBUG] GetFileSize: /db_working_home/000069.sst 
2026/04/19-18:10:56.892485 1630 [DEBUG] Syncing metadata for: /db_working_home/000065.log
2026/04/19-18:10:56.893493 1630 [DEBUG] DeleteFile: ./db_working_home/000052.sst 
2026/04/19-18:10:56.894301 1630 [Zonestats:time(s),used_cap(MB),reclaimable_cap(MB), avg_reclaimable(%), active(#), active_zones(#), open_zones(#)] 54 444 1603 78 7 7 2
2026/04/19-18:10:56.894348 1630 [DEBUG] DeleteFile: ./db_working_home/000054.sst 
2026/04/19-18:10:56.894967 1630 [Zonestats:time(s),used_cap(MB),reclaimable_cap(MB), avg_reclaimable(%), active(#), active_zones(#), open_zones(#)] 54 429 1618 79 7 7 2
2026/04/19-18:10:56.895002 1630 [DEBUG] DeleteFile: ./db_working_home/000056.sst 
2026/04/19-18:10:56.895866 1630 [Zonestats:time(s),used_cap(MB),reclaimable_cap(MB), avg_reclaimable(%), active(#), active_zones(#), open_zones(#)] 54 414 1633 79 7 7 2
2026/04/19-18:10:56.895913 1630 [DEBUG] DeleteFile: ./db_working_home/000059.sst 
2026/04/19-18:10:56.896856 1630 [Zonestats:time(s),used_cap(MB),reclaimable_cap(MB), avg_reclaimable(%), active(#), active_zones(#), open_zones(#)] 54 405 1514 78 7 7 2
2026/04/19-18:10:56.896889 1630 [DEBUG] DeleteFile: ./db_working_home/000062.sst 
2026/04/19-18:10:56.897751 1630 [Zonestats:time(s),used_cap(MB),reclaimable_cap(MB), avg_reclaimable(%), active(#), active_zones(#), open_zones(#)] 54 390 1401 78 7 7 2
2026/04/19-18:10:56.897782 1630 [DEBUG] DeleteFile: ./db_working_home/000065.log 
2026/04/19-18:10:56.898569 1630 [Zonestats:time(s),used_cap(MB),reclaimable_cap(MB), avg_reclaimable(%), active(#), active_zones(#), open_zones(#)] 54 374 1417 79 7 7 2
2026/04/19-18:10:56.898589 1630 [DEBUG] DeleteFile: ./db_working_home/000071.sst 
2026/04/19-18:10:56.899561 1630 [Zonestats:time(s),used_cap(MB),reclaimable_cap(MB), avg_reclaimable(%), active(#), active_zones(#), open_zones(#)] 54 370 1293 77 6 6 2
2026/04/19-18:10:56.899776 1630 [DEBUG] New writable file: /db_working_home/000074.sst direct: 1
2026/04/19-18:10:56.903591 1630 Entering Apply Finish Threshold Function
2026/04/19-18:10:56.903601 1630 Finishing zone: Entering Finish()
2026/04/19-18:10:56.906441 1626 [DEBUG] Allocating zone(new=0) start: 0x98000000 wp: 0x98f71600 lt: 3 file lt: 2
2026/04/19-18:10:56.906453 1626 [DEBUG] Syncing metadata for: /db_working_home/000070.log
2026/04/19-18:10:57.101993 1626 [DEBUG] New writable file: /db_working_home/000075.log direct: 0
2026/04/19-18:10:57.621133 1628 Zone Garbage Stats: [112 1 0 0 0 2 1 2 0 1 1 0 ]
2026/04/19-18:10:57.622034 1628 Total Garbage Bytes: 16374111 bytes
2026/04/19-18:10:58.358356 1629 [DEBUG] Allocating zone(new=1) start: 0x28000000 wp: 0x28000000 lt: 5 file lt: 5
2026/04/19-18:10:58.358377 1629 [Zonestats:time(s),used_cap(MB),reclaimable_cap(MB), avg_reclaimable(%), active(#), active_zones(#), open_zones(#)] 56 385 1278 76 5 6 4
2026/04/19-18:10:58.358393 1629 [DEBUG] Syncing metadata for: /db_working_home/000073.sst
2026/04/19-18:10:58.430432 1630 [DEBUG] Allocating zone(new=1) start: 0x38000000 wp: 0x38000000 lt: 3 file lt: 3
2026/04/19-18:10:58.430450 1630 [Zonestats:time(s),used_cap(MB),reclaimable_cap(MB), avg_reclaimable(%), active(#), active_zones(#), open_zones(#)] 56 385 1278 76 5 6 5
2026/04/19-18:10:58.430460 1630 [DEBUG] Syncing metadata for: /db_working_home/000074.sst
2026/04/19-18:10:58.622226 1628 Zone Garbage Stats: [110 1 0 0 0 2 1 2 0 3 1 0 ]
2026/04/19-18:10:58.622241 1628 Total Garbage Bytes: 32745222 bytes
2026/04/19-18:10:58.636502 1630 [DEBUG] Syncing metadata for: /db_working_home/000074.sst
2026/04/19-18:10:58.643833 1630 [DEBUG] Syncing metadata for: /db_working_home/000074.sst
2026/04/19-18:10:58.644559 1630 [DEBUG] New random access file: /db_working_home/000074.sst direct: 1
2026/04/19-18:10:58.644752 1630 [DEBUG] GetFileSize: /db_working_home/000074.sst 
2026/04/19-18:10:58.653389 1630 [DEBUG] Syncing metadata for: /db_working_home/MANIFEST-000005
2026/04/19-18:10:58.654123 1630 [DEBUG] GetFileSize: /db_working_home/000074.sst 
2026/04/19-18:10:58.661253 1630 [DEBUG] Syncing metadata for: /db_working_home/000068.log
2026/04/19-18:10:58.669019 1630 [DEBUG] DeleteFile: ./db_working_home/000068.log 
2026/04/19-18:10:58.671117 1630 [Zonestats:time(s),used_cap(MB),reclaimable_cap(MB), avg_reclaimable(%), active(#), active_zones(#), open_zones(#)] 56 385 1278 76 5 5 3
2026/04/19-18:10:58.671283 1630 [DEBUG] New writable file: /db_working_home/000076.sst direct: 1
2026/04/19-18:10:58.674965 1630 Entering Apply Finish Threshold Function
2026/04/19-18:10:58.674975 1630 Finishing zone: Entering Finish()
2026/04/19-18:10:58.677850 1626 [DEBUG] Allocating zone(new=1) start: 0x50000000 wp: 0x50000000 lt: 2 file lt: 2
2026/04/19-18:10:58.677858 1626 [DEBUG] Syncing metadata for: /db_working_home/000075.log
2026/04/19-18:10:58.926166 1626 [DEBUG] New writable file: /db_working_home/000077.log direct: 0
2026/04/19-18:10:59.260371 1629 [DEBUG] Syncing metadata for: /db_working_home/000073.sst
2026/04/19-18:10:59.260947 1629 [DEBUG] Syncing metadata for: /db_working_home/000073.sst
2026/04/19-18:10:59.262050 1629 [DEBUG] GetFileSize: /db_working_home/000073.sst 
2026/04/19-18:10:59.262083 1629 [DEBUG] New writable file: /db_working_home/000078.sst direct: 1
2026/04/19-18:10:59.267944 1629 Entering Apply Finish Threshold Function
2026/04/19-18:10:59.267956 1629 Finishing zone: Entering Finish()
2026/04/19-18:10:59.622420 1628 Zone Garbage Stats: [110 1 0 0 0 2 1 2 0 3 1 0 ]
2026/04/19-18:10:59.622433 1628 Total Garbage Bytes: 32745222 bytes
2026/04/19-18:11:00.187937 1629 [DEBUG] Allocating zone(new=1) start: 0x68000000 wp: 0x68000000 lt: 5 file lt: 5
2026/04/19-18:11:00.187951 1629 [Zonestats:time(s),used_cap(MB),reclaimable_cap(MB), avg_reclaimable(%), active(#), active_zones(#), open_zones(#)] 58 464 1455 75 5 6 4
2026/04/19-18:11:00.187959 1629 [DEBUG] Syncing metadata for: /db_working_home/000078.sst
2026/04/19-18:11:00.622549 1628 Zone Garbage Stats: [109 1 0 0 0 3 1 2 0 3 1 0 ]
2026/04/19-18:11:00.622565 1628 Total Garbage Bytes: 32745507 bytes
2026/04/19-18:11:00.746090 1629 [DEBUG] Syncing metadata for: /db_working_home/000078.sst
2026/04/19-18:11:00.746917 1629 [DEBUG] Syncing metadata for: /db_working_home/000078.sst
2026/04/19-18:11:00.747969 1629 [DEBUG] GetFileSize: /db_working_home/000078.sst 
2026/04/19-18:11:00.749494 1629 [DEBUG] New random access file: /db_working_home/000073.sst direct: 1
2026/04/19-18:11:00.749945 1629 [DEBUG] GetFileSize: /db_working_home/000073.sst 
2026/04/19-18:11:00.750115 1629 [DEBUG] New random access file: /db_working_home/000078.sst direct: 1
2026/04/19-18:11:00.750527 1629 [DEBUG] GetFileSize: /db_working_home/000078.sst 
2026/04/19-18:11:00.751447 1629 [DEBUG] Syncing metadata for: /db_working_home/MANIFEST-000005
2026/04/19-18:11:00.764211 1629 [DEBUG] New writable file: /db_working_home/000079.sst direct: 1
2026/04/19-18:11:00.767364 1629 Entering Apply Finish Threshold Function
2026/04/19-18:11:00.767375 1629 Finishing zone: Entering Finish()
2026/04/19-18:11:00.998448 1630 [DEBUG] Allocating zone(new=1) start: 0x88000000 wp: 0x88000000 lt: 3 file lt: 3
2026/04/19-18:11:00.998462 1630 [Zonestats:time(s),used_cap(MB),reclaimable_cap(MB), avg_reclaimable(%), active(#), active_zones(#), open_zones(#)] 58 515 1532 74 5 6 4
2026/04/19-18:11:00.998471 1630 [DEBUG] Syncing metadata for: /db_working_home/000076.sst
2026/04/19-18:11:01.143425 1630 [DEBUG] Syncing metadata for: /db_working_home/000076.sst
2026/04/19-18:11:01.144213 1630 [DEBUG] Syncing metadata for: /db_working_home/000076.sst
2026/04/19-18:11:01.145194 1630 [DEBUG] New random access file: /db_working_home/000076.sst direct: 1
2026/04/19-18:11:01.145654 1630 [DEBUG] GetFileSize: /db_working_home/000076.sst 
2026/04/19-18:11:01.148105 1630 [DEBUG] Syncing metadata for: /db_working_home/MANIFEST-000005
2026/04/19-18:11:01.148757 1630 [DEBUG] GetFileSize: /db_working_home/000076.sst 
2026/04/19-18:11:01.153639 1630 [DEBUG] Syncing metadata for: /db_working_home/000070.log
2026/04/19-18:11:01.154609 1630 [DEBUG] DeleteFile: ./db_working_home/000038.sst 
2026/04/19-18:11:01.155485 1630 [Zonestats:time(s),used_cap(MB),reclaimable_cap(MB), avg_reclaimable(%), active(#), active_zones(#), open_zones(#)] 59 467 1580 77 6 6 2
2026/04/19-18:11:01.155529 1630 [DEBUG] DeleteFile: ./db_working_home/000060.sst 
2026/04/19-18:11:01.156341 1630 [Zonestats:time(s),used_cap(MB),reclaimable_cap(MB), avg_reclaimable(%), active(#), active_zones(#), open_zones(#)] 59 416 1503 78 6 6 2
2026/04/19-18:11:01.156374 1630 [DEBUG] DeleteFile: ./db_working_home/000070.log 
2026/04/19-18:11:01.157153 1630 [Zonestats:time(s),used_cap(MB),reclaimable_cap(MB), avg_reclaimable(%), active(#), active_zones(#), open_zones(#)] 59 400 1519 79 6 6 2
2026/04/19-18:11:01.157319 1630 [DEBUG] New writable file: /db_working_home/000080.sst direct: 1
2026/04/19-18:11:01.160032 1630 Entering Apply Finish Threshold Function
2026/04/19-18:11:01.160042 1630 Finishing zone: Entering Finish()
2026/04/19-18:11:01.163678 1626 [DEBUG] Allocating zone(new=0) start: 0x98000000 wp: 0x99f0ea00 lt: 3 file lt: 2
2026/04/19-18:11:01.163690 1626 [DEBUG] Syncing metadata for: /db_working_home/000077.log
2026/04/19-18:11:01.362397 1626 [DEBUG] New writable file: /db_working_home/000081.log direct: 0
2026/04/19-18:11:01.622745 1628 Zone Garbage Stats: [110 1 0 0 0 2 1 1 0 4 1 0 ]
2026/04/19-18:11:01.622758 1628 Total Garbage Bytes: 32745220 bytes
2026/04/19-18:11:02.080926 1629 [DEBUG] Allocating zone(new=1) start: 0x70000000 wp: 0x70000000 lt: 3 file lt: 3
2026/04/19-18:11:02.080940 1629 [Zonestats:time(s),used_cap(MB),reclaimable_cap(MB), avg_reclaimable(%), active(#), active_zones(#), open_zones(#)] 60 415 1504 78 5 6 4
2026/04/19-18:11:02.080951 1629 [DEBUG] Syncing metadata for: /db_working_home/000079.sst
2026/04/19-18:11:02.622950 1628 Zone Garbage Stats: [109 1 0 0 0 2 1 2 0 4 1 0 ]
2026/04/19-18:11:02.623123 1628 Total Garbage Bytes: 32745699 bytes
2026/04/19-18:11:02.753965 1629 [DEBUG] Syncing metadata for: /db_working_home/000079.sst
2026/04/19-18:11:02.754536 1629 [DEBUG] Syncing metadata for: /db_working_home/000079.sst
2026/04/19-18:11:02.755595 1629 [DEBUG] GetFileSize: /db_working_home/000079.sst 
2026/04/19-18:11:02.755628 1629 [DEBUG] New writable file: /db_working_home/000082.sst direct: 1
2026/04/19-18:11:02.758627 1629 Entering Apply Finish Threshold Function
2026/04/19-18:11:02.758637 1629 Finishing zone: Entering Finish()
2026/04/19-18:11:03.232296 1630 [DEBUG] Allocating zone(new=1) start: 0x90000000 wp: 0x90000000 lt: 3 file lt: 3
2026/04/19-18:11:03.232310 1630 [Zonestats:time(s),used_cap(MB),reclaimable_cap(MB), avg_reclaimable(%), active(#), active_zones(#), open_zones(#)] 61 472 1575 76 5 6 4
2026/04/19-18:11:03.232319 1630 [DEBUG] Syncing metadata for: /db_working_home/000080.sst
2026/04/19-18:11:03.379941 1630 [DEBUG] Syncing metadata for: /db_working_home/000080.sst
2026/04/19-18:11:03.380512 1630 [DEBUG] Syncing metadata for: /db_working_home/000080.sst
2026/04/19-18:11:03.381495 1630 [DEBUG] New random access file: /db_working_home/000080.sst direct: 1
2026/04/19-18:11:03.381671 1630 [DEBUG] GetFileSize: /db_working_home/000080.sst 
2026/04/19-18:11:03.384316 1630 [DEBUG] Syncing metadata for: /db_working_home/MANIFEST-000005
2026/04/19-18:11:03.384986 1630 [DEBUG] GetFileSize: /db_working_home/000080.sst 
2026/04/19-18:11:03.389917 1630 [DEBUG] Syncing metadata for: /db_working_home/000075.log
2026/04/19-18:11:03.390819 1630 [DEBUG] DeleteFile: ./db_working_home/000075.log 
2026/04/19-18:11:03.391500 1630 [Zonestats:time(s),used_cap(MB),reclaimable_cap(MB), avg_reclaimable(%), active(#), active_zones(#), open_zones(#)] 61 473 1574 76 5 5 2
2026/04/19-18:11:03.391650 1630 [DEBUG] New writable file: /db_working_home/000083.sst direct: 1
2026/04/19-18:11:03.394257 1630 Entering Apply Finish Threshold Function
2026/04/19-18:11:03.394267 1630 Finishing zone: Entering Finish()
2026/04/19-18:11:03.398170 1626 [DEBUG] Allocating zone(new=1) start: 0x50000000 wp: 0x50000000 lt: 2 file lt: 2
2026/04/19-18:11:03.398181 1626 [DEBUG] Syncing metadata for: /db_working_home/000081.log
2026/04/19-18:11:03.602240 1626 [DEBUG] New writable file: /db_working_home/000084.log direct: 0
2026/04/19-18:11:03.623324 1628 Zone Garbage Stats: [108 1 0 0 0 2 1 2 0 5 1 0 ]
2026/04/19-18:11:03.623337 1628 Total Garbage Bytes: 32745843 bytes
2026/04/19-18:11:03.987826 1629 [DEBUG] Allocating zone(new=1) start: 0xa0000000 wp: 0xa0000000 lt: 3 file lt: 3
2026/04/19-18:11:03.987840 1629 [Zonestats:time(s),used_cap(MB),reclaimable_cap(MB), avg_reclaimable(%), active(#), active_zones(#), open_zones(#)] 61 488 1687 77 5 6 4
2026/04/19-18:11:03.987849 1629 [DEBUG] Syncing metadata for: /db_working_home/000082.sst
2026/04/19-18:11:04.038224 1629 [DEBUG] Syncing metadata for: /db_working_home/000082.sst
2026/04/19-18:11:04.038797 1629 [DEBUG] Syncing metadata for: /db_working_home/000082.sst
2026/04/19-18:11:04.039851 1629 [DEBUG] GetFileSize: /db_working_home/000082.sst 
2026/04/19-18:11:04.041272 1629 [DEBUG] New random access file: /db_working_home/000079.sst direct: 1
2026/04/19-18:11:04.041816 1629 [DEBUG] GetFileSize: /db_working_home/000079.sst 
2026/04/19-18:11:04.042044 1629 [DEBUG] New random access file: /db_working_home/000082.sst direct: 1
2026/04/19-18:11:04.042357 1629 [DEBUG] GetFileSize: /db_working_home/000082.sst 
2026/04/19-18:11:04.043226 1629 [DEBUG] Syncing metadata for: /db_working_home/MANIFEST-000005
2026/04/19-18:11:04.044606 1629 [DEBUG] Syncing metadata for: /db_working_home/MANIFEST-000005
2026/04/19-18:11:04.051228 1629 [DEBUG] New writable file: /db_working_home/000085.sst direct: 1
2026/04/19-18:11:04.054205 1629 Entering Apply Finish Threshold Function
2026/04/19-18:11:04.054231 1629 [DEBUG] Allocating zone(new=1) start: 0xa8000000 wp: 0xa8000000 lt: 4 file lt: 4
2026/04/19-18:11:04.054238 1629 [Zonestats:time(s),used_cap(MB),reclaimable_cap(MB), avg_reclaimable(%), active(#), active_zones(#), open_zones(#)] 62 493 1810 78 6 7 4
2026/04/19-18:11:04.054245 1629 [DEBUG] Syncing metadata for: /db_working_home/000085.sst
2026/04/19-18:11:04.623525 1628 Zone Garbage Stats: [106 2 0 0 0 2 2 2 0 5 1 0 ]
2026/04/19-18:11:04.623538 1628 Total Garbage Bytes: 32746346 bytes
2026/04/19-18:11:04.665798 1629 [DEBUG] Syncing metadata for: /db_working_home/000085.sst
2026/04/19-18:11:04.666587 1629 [DEBUG] Syncing metadata for: /db_working_home/000085.sst
2026/04/19-18:11:04.667644 1629 [DEBUG] GetFileSize: /db_working_home/000085.sst 
2026/04/19-18:11:04.667678 1629 [DEBUG] New writable file: /db_working_home/000086.sst direct: 1
2026/04/19-18:11:04.670639 1629 Entering Apply Finish Threshold Function
2026/04/19-18:11:04.670649 1629 Finishing zone: Entering Finish()
2026/04/19-18:11:05.511550 1630 [DEBUG] Allocating zone(new=1) start: 0xb0000000 wp: 0xb0000000 lt: 3 file lt: 3
2026/04/19-18:11:05.511564 1630 [Zonestats:time(s),used_cap(MB),reclaimable_cap(MB), avg_reclaimable(%), active(#), active_zones(#), open_zones(#)] 63 550 1881 77 6 7 4
2026/04/19-18:11:05.511573 1630 [DEBUG] Syncing metadata for: /db_working_home/000083.sst
2026/04/19-18:11:05.623724 1628 Zone Garbage Stats: [105 2 0 0 0 2 2 2 0 6 1 0 ]
2026/04/19-18:11:05.623737 1628 Total Garbage Bytes: 32746550 bytes
2026/04/19-18:11:05.653175 1630 [DEBUG] Syncing metadata for: /db_working_home/000083.sst
2026/04/19-18:11:05.653749 1630 [DEBUG] Syncing metadata for: /db_working_home/000083.sst
2026/04/19-18:11:05.654573 1630 [DEBUG] New random access file: /db_working_home/000083.sst direct: 1
2026/04/19-18:11:05.654767 1630 [DEBUG] GetFileSize: /db_working_home/000083.sst 
2026/04/19-18:11:05.657392 1630 [DEBUG] Syncing metadata for: /db_working_home/MANIFEST-000005
2026/04/19-18:11:05.658050 1630 [DEBUG] GetFileSize: /db_working_home/000083.sst 
2026/04/19-18:11:05.662980 1630 [DEBUG] Syncing metadata for: /db_working_home/000077.log
2026/04/19-18:11:05.663957 1630 [DEBUG] DeleteFile: ./db_working_home/000064.sst 
2026/04/19-18:11:05.664802 1630 [Zonestats:time(s),used_cap(MB),reclaimable_cap(MB), avg_reclaimable(%), active(#), active_zones(#), open_zones(#)] 63 551 1880 77 7 7 2
2026/04/19-18:11:05.664844 1630 [DEBUG] DeleteFile: ./db_working_home/000067.sst 
2026/04/19-18:11:05.665683 1630 [Zonestats:time(s),used_cap(MB),reclaimable_cap(MB), avg_reclaimable(%), active(#), active_zones(#), open_zones(#)] 63 535 1768 76 7 7 2
2026/04/19-18:11:05.665718 1630 [DEBUG] DeleteFile: ./db_working_home/000069.sst 
2026/04/19-18:11:05.666495 1630 [Zonestats:time(s),used_cap(MB),reclaimable_cap(MB), avg_reclaimable(%), active(#), active_zones(#), open_zones(#)] 63 520 1783 77 7 7 2
2026/04/19-18:11:05.666529 1630 [DEBUG] DeleteFile: ./db_working_home/000074.sst 
2026/04/19-18:11:05.667473 1630 [Zonestats:time(s),used_cap(MB),reclaimable_cap(MB), avg_reclaimable(%), active(#), active_zones(#), open_zones(#)] 63 504 1671 76 7 7 2
2026/04/19-18:11:05.667504 1630 [DEBUG] DeleteFile: ./db_working_home/000077.log 
2026/04/19-18:11:05.668373 1630 [Zonestats:time(s),used_cap(MB),reclaimable_cap(MB), avg_reclaimable(%), active(#), active_zones(#), open_zones(#)] 63 489 1558 76 6 6 2
2026/04/19-18:11:05.668517 1630 [DEBUG] New writable file: /db_working_home/000087.sst direct: 1
2026/04/19-18:11:05.671125 1630 Entering Apply Finish Threshold Function
2026/04/19-18:11:05.671135 1630 Finishing zone: Entering Finish()
2026/04/19-18:11:05.674976 1626 [DEBUG] Allocating zone(new=0) start: 0xa0000000 wp: 0xa04e2400 lt: 3 file lt: 2
2026/04/19-18:11:05.674988 1626 [DEBUG] Syncing metadata for: /db_working_home/000084.log
2026/04/19-18:11:05.871429 1626 [DEBUG] New writable file: /db_working_home/000088.log direct: 0
2026/04/19-18:11:05.883635 1629 [DEBUG] Allocating zone(new=1) start: 0x30000000 wp: 0x30000000 lt: 4 file lt: 4
2026/04/19-18:11:05.883649 1629 [Zonestats:time(s),used_cap(MB),reclaimable_cap(MB), avg_reclaimable(%), active(#), active_zones(#), open_zones(#)] 63 504 1543 75 5 6 4
2026/04/19-18:11:05.883659 1629 [DEBUG] Syncing metadata for: /db_working_home/000086.sst
2026/04/19-18:11:06.488191 1629 [DEBUG] Syncing metadata for: /db_working_home/000086.sst
2026/04/19-18:11:06.488978 1629 [DEBUG] Syncing metadata for: /db_working_home/000086.sst
2026/04/19-18:11:06.490068 1629 [DEBUG] GetFileSize: /db_working_home/000086.sst 
2026/04/19-18:11:06.491439 1629 [DEBUG] New random access file: /db_working_home/000085.sst direct: 1
2026/04/19-18:11:06.491996 1629 [DEBUG] GetFileSize: /db_working_home/000085.sst 
2026/04/19-18:11:06.492168 1629 [DEBUG] New random access file: /db_working_home/000086.sst direct: 1
2026/04/19-18:11:06.492576 1629 [DEBUG] GetFileSize: /db_working_home/000086.sst 
2026/04/19-18:11:06.493480 1629 [DEBUG] Syncing metadata for: /db_working_home/MANIFEST-000005
2026/04/19-18:11:06.502860 1629 [DEBUG] New writable file: /db_working_home/000089.sst direct: 1
2026/04/19-18:11:06.505730 1629 Entering Apply Finish Threshold Function
2026/04/19-18:11:06.505740 1629 Finishing zone: Entering Finish()
2026/04/19-18:11:06.623927 1628 Zone Garbage Stats: [108 1 0 0 0 2 3 2 0 3 1 0 ]
2026/04/19-18:11:06.623940 1628 Total Garbage Bytes: 16375551 bytes
2026/04/19-18:11:07.536217 1629 [DEBUG] Allocating zone(new=1) start: 0x38000000 wp: 0x38000000 lt: 3 file lt: 3
2026/04/19-18:11:07.536231 1629 [Zonestats:time(s),used_cap(MB),reclaimable_cap(MB), avg_reclaimable(%), active(#), active_zones(#), open_zones(#)] 65 560 1615 74 5 6 4
2026/04/19-18:11:07.536239 1629 [DEBUG] Syncing metadata for: /db_working_home/000089.sst
2026/04/19-18:11:07.624127 1628 Zone Garbage Stats: [107 1 0 0 0 2 4 2 0 3 1 0 ]
2026/04/19-18:11:07.624217 1628 Total Garbage Bytes: 16375824 bytes
2026/04/19-18:11:08.031259 1629 [DEBUG] Syncing metadata for: /db_working_home/000089.sst
2026/04/19-18:11:08.031830 1629 [DEBUG] Syncing metadata for: /db_working_home/000089.sst
2026/04/19-18:11:08.032901 1629 [DEBUG] GetFileSize: /db_working_home/000089.sst 
2026/04/19-18:11:08.035080 1629 [DEBUG] New random access file: /db_working_home/000089.sst direct: 1
2026/04/19-18:11:08.035810 1629 [DEBUG] GetFileSize: /db_working_home/000089.sst 
2026/04/19-18:11:08.036745 1629 [DEBUG] Syncing metadata for: /db_working_home/MANIFEST-000005
2026/04/19-18:11:08.038143 1629 [DEBUG] Syncing metadata for: /db_working_home/MANIFEST-000005
2026/04/19-18:11:08.044803 1629 [DEBUG] New writable file: /db_working_home/000090.sst direct: 1
2026/04/19-18:11:08.045345 1630 [DEBUG] Allocating zone(new=1) start: 0x60000000 wp: 0x60000000 lt: 3 file lt: 3
2026/04/19-18:11:08.045361 1630 [Zonestats:time(s),used_cap(MB),reclaimable_cap(MB), avg_reclaimable(%), active(#), active_zones(#), open_zones(#)] 66 606 1697 73 5 6 4
2026/04/19-18:11:08.045370 1630 [DEBUG] Syncing metadata for: /db_working_home/000087.sst
2026/04/19-18:11:08.047900 1629 Entering Apply Finish Threshold Function
2026/04/19-18:11:08.047909 1629 Finishing zone: Entering Finish()
2026/04/19-18:11:08.190274 1630 [DEBUG] Syncing metadata for: /db_working_home/000087.sst
2026/04/19-18:11:08.190864 1630 [DEBUG] Syncing metadata for: /db_working_home/000087.sst
2026/04/19-18:11:08.191641 1630 [DEBUG] New random access file: /db_working_home/000087.sst direct: 1
2026/04/19-18:11:08.191893 1630 [DEBUG] GetFileSize: /db_working_home/000087.sst 
2026/04/19-18:11:08.194440 1630 [DEBUG] Syncing metadata for: /db_working_home/MANIFEST-000005
2026/04/19-18:11:08.195434 1630 [DEBUG] GetFileSize: /db_working_home/000087.sst 
2026/04/19-18:11:08.200371 1630 [DEBUG] Syncing metadata for: /db_working_home/000081.log
2026/04/19-18:11:08.201347 1630 [DEBUG] DeleteFile: ./db_working_home/000066.sst 
2026/04/19-18:11:08.202236 1630 [Zonestats:time(s),used_cap(MB),reclaimable_cap(MB), avg_reclaimable(%), active(#), active_zones(#), open_zones(#)] 66 566 1737 75 6 6 2
2026/04/19-18:11:08.202280 1630 [DEBUG] DeleteFile: ./db_working_home/000076.sst 
2026/04/19-18:11:08.203072 1630 [Zonestats:time(s),used_cap(MB),reclaimable_cap(MB), avg_reclaimable(%), active(#), active_zones(#), open_zones(#)] 66 550 1625 74 6 6 2
2026/04/19-18:11:08.203107 1630 [DEBUG] DeleteFile: ./db_working_home/000079.sst 
2026/04/19-18:11:08.203967 1630 [Zonestats:time(s),used_cap(MB),reclaimable_cap(MB), avg_reclaimable(%), active(#), active_zones(#), open_zones(#)] 66 493 1554 75 6 6 2
2026/04/19-18:11:08.204001 1630 [DEBUG] DeleteFile: ./db_working_home/000080.sst 
2026/04/19-18:11:08.204876 1630 [Zonestats:time(s),used_cap(MB),reclaimable_cap(MB), avg_reclaimable(%), active(#), active_zones(#), open_zones(#)] 66 478 1441 75 6 6 2
2026/04/19-18:11:08.204907 1630 [DEBUG] DeleteFile: ./db_working_home/000081.log 
2026/04/19-18:11:08.205767 1630 [Zonestats:time(s),used_cap(MB),reclaimable_cap(MB), avg_reclaimable(%), active(#), active_zones(#), open_zones(#)] 66 462 1329 74 5 5 2
2026/04/19-18:11:08.205787 1630 [DEBUG] DeleteFile: ./db_working_home/000083.sst 
2026/04/19-18:11:08.206423 1630 [Zonestats:time(s),used_cap(MB),reclaimable_cap(MB), avg_reclaimable(%), active(#), active_zones(#), open_zones(#)] 66 447 1216 73 5 5 2
2026/04/19-18:11:08.206596 1630 [DEBUG] New writable file: /db_working_home/000091.sst direct: 1
2026/04/19-18:11:08.209350 1630 Entering Apply Finish Threshold Function
2026/04/19-18:11:08.209360 1630 Finishing zone: Entering Finish()
2026/04/19-18:11:08.212857 1626 [DEBUG] Allocating zone(new=1) start: 0x50000000 wp: 0x50000000 lt: 2 file lt: 2
2026/04/19-18:11:08.212869 1626 [DEBUG] Syncing metadata for: /db_working_home/000088.log
2026/04/19-18:11:08.423971 1626 [DEBUG] New writable file: /db_working_home/000092.log direct: 0
2026/04/19-18:11:08.624407 1628 Zone Garbage Stats: [111 1 0 0 0 2 2 2 0 1 1 0 ]
2026/04/19-18:11:08.624419 1628 Total Garbage Bytes: 16374824 bytes
2026/04/19-18:11:09.427432 1629 [DEBUG] Allocating zone(new=1) start: 0x70000000 wp: 0x70000000 lt: 4 file lt: 4
2026/04/19-18:11:09.427447 1629 [Zonestats:time(s),used_cap(MB),reclaimable_cap(MB), avg_reclaimable(%), active(#), active_zones(#), open_zones(#)] 67 462 1329 74 5 6 4
2026/04/19-18:11:09.427456 1629 [DEBUG] Syncing metadata for: /db_working_home/000090.sst
2026/04/19-18:11:09.624630 1628 Zone Garbage Stats: [110 1 0 0 0 2 2 3 0 1 1 0 ]
2026/04/19-18:11:09.624643 1628 Total Garbage Bytes: 16374949 bytes
2026/04/19-18:11:10.497908 1629 [DEBUG] Syncing metadata for: /db_working_home/000090.sst
2026/04/19-18:11:10.498504 1629 [DEBUG] Syncing metadata for: /db_working_home/000090.sst
2026/04/19-18:11:10.499589 1629 [DEBUG] GetFileSize: /db_working_home/000090.sst 
2026/04/19-18:11:10.499624 1629 [DEBUG] New writable file: /db_working_home/000093.sst direct: 1
2026/04/19-18:11:10.502720 1629 Entering Apply Finish Threshold Function
2026/04/19-18:11:10.502730 1629 Finishing zone: Entering Finish()
2026/04/19-18:11:10.564577 1630 [DEBUG] Allocating zone(new=1) start: 0x80000000 wp: 0x80000000 lt: 3 file lt: 3
2026/04/19-18:11:10.564612 1630 [Zonestats:time(s),used_cap(MB),reclaimable_cap(MB), avg_reclaimable(%), active(#), active_zones(#), open_zones(#)] 68 561 1358 70 5 6 4
2026/04/19-18:11:10.564621 1630 [DEBUG] Syncing metadata for: /db_working_home/000091.sst
2026/04/19-18:11:10.624846 1628 Zone Garbage Stats: [109 1 0 0 0 2 2 3 0 2 1 0 ]
2026/04/19-18:11:10.624858 1628 Total Garbage Bytes: 16375217 bytes
2026/04/19-18:11:10.713622 1630 [DEBUG] Syncing metadata for: /db_working_home/000091.sst
2026/04/19-18:11:10.714197 1630 [DEBUG] Syncing metadata for: /db_working_home/000091.sst
2026/04/19-18:11:10.715209 1630 [DEBUG] New random access file: /db_working_home/000091.sst direct: 1
2026/04/19-18:11:10.715388 1630 [DEBUG] GetFileSize: /db_working_home/000091.sst 
2026/04/19-18:11:10.718500 1630 [DEBUG] Syncing metadata for: /db_working_home/MANIFEST-000005
2026/04/19-18:11:10.719186 1630 [DEBUG] GetFileSize: /db_working_home/000091.sst 
2026/04/19-18:11:10.724116 1630 [DEBUG] Syncing metadata for: /db_working_home/000084.log
2026/04/19-18:11:10.725016 1630 [DEBUG] DeleteFile: ./db_working_home/000084.log 
2026/04/19-18:11:10.725805 1630 [Zonestats:time(s),used_cap(MB),reclaimable_cap(MB), avg_reclaimable(%), active(#), active_zones(#), open_zones(#)] 68 561 1486 72 6 6 2
2026/04/19-18:11:10.726062 1630 [DEBUG] New writable file: /db_working_home/000094.sst direct: 1
2026/04/19-18:11:10.730042 1630 Entering Apply Finish Threshold Function
2026/04/19-18:11:10.730052 1630 Finishing zone: Entering Finish()
2026/04/19-18:11:10.732445 1626 [DEBUG] Allocating zone(new=0) start: 0xa0000000 wp: 0xa147ec00 lt: 3 file lt: 2
2026/04/19-18:11:10.732456 1626 [DEBUG] Syncing metadata for: /db_working_home/000092.log
2026/04/19-18:11:10.926125 1626 [DEBUG] New writable file: /db_working_home/000095.log direct: 0
2026/04/19-18:11:11.111806 1629 [DEBUG] Allocating zone(new=1) start: 0x88000000 wp: 0x88000000 lt: 4 file lt: 4
2026/04/19-18:11:11.111821 1629 [Zonestats:time(s),used_cap(MB),reclaimable_cap(MB), avg_reclaimable(%), active(#), active_zones(#), open_zones(#)] 69 576 1471 71 5 6 4
2026/04/19-18:11:11.111846 1629 [DEBUG] Syncing metadata for: /db_working_home/000093.sst
2026/04/19-18:11:11.208948 1629 [DEBUG] Syncing metadata for: /db_working_home/000093.sst
2026/04/19-18:11:11.209751 1629 [DEBUG] Syncing metadata for: /db_working_home/000093.sst
2026/04/19-18:11:11.210819 1629 [DEBUG] GetFileSize: /db_working_home/000093.sst 
2026/04/19-18:11:11.212340 1629 [DEBUG] New random access file: /db_working_home/000090.sst direct: 1
2026/04/19-18:11:11.212769 1629 [DEBUG] GetFileSize: /db_working_home/000090.sst 
2026/04/19-18:11:11.212956 1629 [DEBUG] New random access file: /db_working_home/000093.sst direct: 1
2026/04/19-18:11:11.213349 1629 [DEBUG] GetFileSize: /db_working_home/000093.sst 
2026/04/19-18:11:11.214212 1629 [DEBUG] Syncing metadata for: /db_working_home/MANIFEST-000005
2026/04/19-18:11:11.220935 1629 [DEBUG] New writable file: /db_working_home/000096.sst direct: 1
2026/04/19-18:11:11.224018 1629 Entering Apply Finish Threshold Function
2026/04/19-18:11:11.224044 1629 [DEBUG] Allocating zone(new=1) start: 0x90000000 wp: 0x90000000 lt: 5 file lt: 5
2026/04/19-18:11:11.224051 1629 [Zonestats:time(s),used_cap(MB),reclaimable_cap(MB), avg_reclaimable(%), active(#), active_zones(#), open_zones(#)] 69 585 1590 73 6 7 4
2026/04/19-18:11:11.224057 1629 [DEBUG] Syncing metadata for: /db_working_home/000096.sst
2026/04/19-18:11:11.625057 1628 Zone Garbage Stats: [107 2 0 1 0 2 2 3 0 2 1 0 ]
2026/04/19-18:11:11.625070 1628 Total Garbage Bytes: 16375666 bytes
2026/04/19-18:11:11.700105 1629 [DEBUG] Syncing metadata for: /db_working_home/000096.sst
2026/04/19-18:11:11.700919 1629 [DEBUG] Syncing metadata for: /db_working_home/000096.sst
2026/04/19-18:11:11.701620 1629 [DEBUG] GetFileSize: /db_working_home/000096.sst 
2026/04/19-18:11:11.701654 1629 [DEBUG] New writable file: /db_working_home/000097.sst direct: 1
2026/04/19-18:11:11.704559 1629 Entering Apply Finish Threshold Function
2026/04/19-18:11:11.704570 1629 Finishing zone: Entering Finish()
2026/04/19-18:11:12.627130 1628 Zone Garbage Stats: [107 2 0 1 0 2 2 3 0 2 1 0 ]
2026/04/19-18:11:12.627215 1628 Total Garbage Bytes: 16375666 bytes
2026/04/19-18:11:12.785122 1630 [DEBUG] Allocating zone(new=0) start: 0x88000000 wp: 0x8885ee00 lt: 4 file lt: 3
2026/04/19-18:11:12.785136 1630 [Zonestats:time(s),used_cap(MB),reclaimable_cap(MB), avg_reclaimable(%), active(#), active_zones(#), open_zones(#)] 70 629 1674 72 6 6 4
2026/04/19-18:11:12.785153 1630 [DEBUG] Syncing metadata for: /db_working_home/000094.sst
2026/04/19-18:11:12.930810 1630 [DEBUG] Syncing metadata for: /db_working_home/000094.sst
2026/04/19-18:11:12.931426 1630 [DEBUG] Syncing metadata for: /db_working_home/000094.sst
2026/04/19-18:11:12.932490 1630 [DEBUG] New random access file: /db_working_home/000094.sst direct: 1
2026/04/19-18:11:12.932870 1630 [DEBUG] GetFileSize: /db_working_home/000094.sst 
2026/04/19-18:11:12.935839 1630 [DEBUG] Syncing metadata for: /db_working_home/MANIFEST-000005
2026/04/19-18:11:12.936566 1630 [DEBUG] GetFileSize: /db_working_home/000094.sst 
2026/04/19-18:11:12.941436 1630 [DEBUG] Syncing metadata for: /db_working_home/000088.log
2026/04/19-18:11:12.942463 1630 [DEBUG] DeleteFile: ./db_working_home/000082.sst 
2026/04/19-18:11:12.943145 1630 [Zonestats:time(s),used_cap(MB),reclaimable_cap(MB), avg_reclaimable(%), active(#), active_zones(#), open_zones(#)] 70 640 1663 72 6 6 2
2026/04/19-18:11:12.943197 1630 [DEBUG] DeleteFile: ./db_working_home/000086.sst 
2026/04/19-18:11:12.943910 1630 [Zonestats:time(s),used_cap(MB),reclaimable_cap(MB), avg_reclaimable(%), active(#), active_zones(#), open_zones(#)] 70 584 1591 73 6 6 2
2026/04/19-18:11:12.943944 1630 [DEBUG] DeleteFile: ./db_working_home/000088.log 
2026/04/19-18:11:12.944741 1630 [Zonestats:time(s),used_cap(MB),reclaimable_cap(MB), avg_reclaimable(%), active(#), active_zones(#), open_zones(#)] 70 568 1479 72 5 5 2
2026/04/19-18:11:12.944762 1630 [DEBUG] DeleteFile: ./db_working_home/000089.sst 
2026/04/19-18:11:12.945634 1630 [Zonestats:time(s),used_cap(MB),reclaimable_cap(MB), avg_reclaimable(%), active(#), active_zones(#), open_zones(#)] 70 522 1397 72 5 5 2
2026/04/19-18:11:12.945863 1630 [DEBUG] New writable file: /db_working_home/000098.sst direct: 1
2026/04/19-18:11:12.949069 1630 Entering Apply Finish Threshold Function
2026/04/19-18:11:12.949080 1630 Finishing zone: Entering Finish()
2026/04/19-18:11:12.952793 1626 [DEBUG] Allocating zone(new=1) start: 0x30000000 wp: 0x30000000 lt: 2 file lt: 2
2026/04/19-18:11:12.952804 1626 [DEBUG] Syncing metadata for: /db_working_home/000095.log
2026/04/19-18:11:13.055171 1629 [DEBUG] Allocating zone(new=1) start: 0x38000000 wp: 0x38000000 lt: 5 file lt: 5
2026/04/19-18:11:13.055187 1629 [Zonestats:time(s),used_cap(MB),reclaimable_cap(MB), avg_reclaimable(%), active(#), active_zones(#), open_zones(#)] 71 530 1517 74 5 6 4
2026/04/19-18:11:13.055195 1629 [DEBUG] Syncing metadata for: /db_working_home/000097.sst
2026/04/19-18:11:13.173446 1626 [DEBUG] New writable file: /db_working_home/000099.log direct: 0
2026/04/19-18:11:13.627439 1628 Zone Garbage Stats: [108 1 0 1 0 2 1 3 0 3 1 0 ]
2026/04/19-18:11:13.627459 1628 Total Garbage Bytes: 16375272 bytes
2026/04/19-18:11:14.495671 1629 Entering Apply Finish Threshold Function
2026/04/19-18:11:14.495712 1629 [DEBUG] Allocating zone(new=1) start: 0x50000000 wp: 0x50000000 lt: 5 file lt: 5
2026/04/19-18:11:14.495728 1629 [Zonestats:time(s),used_cap(MB),reclaimable_cap(MB), avg_reclaimable(%), active(#), active_zones(#), open_zones(#)] 72 665 1510 69 5 6 4
2026/04/19-18:11:14.495735 1629 [DEBUG] Syncing metadata for: /db_working_home/000097.sst
2026/04/19-18:11:14.501838 1629 [DEBUG] Syncing metadata for: /db_working_home/000097.sst
2026/04/19-18:11:14.502408 1629 [DEBUG] Syncing metadata for: /db_working_home/000097.sst
2026/04/19-18:11:14.504029 1629 [DEBUG] GetFileSize: /db_working_home/000097.sst 
2026/04/19-18:11:14.504089 1629 [DEBUG] New writable file: /db_working_home/000100.sst direct: 1
2026/04/19-18:11:14.507693 1629 Entering Apply Finish Threshold Function
2026/04/19-18:11:14.507718 1629 [DEBUG] Allocating zone(new=1) start: 0x98000000 wp: 0x98000000 lt: 5 file lt: 5
2026/04/19-18:11:14.507735 1629 [Zonestats:time(s),used_cap(MB),reclaimable_cap(MB), avg_reclaimable(%), active(#), active_zones(#), open_zones(#)] 72 665 1638 71 6 7 4
2026/04/19-18:11:14.507742 1629 [DEBUG] Syncing metadata for: /db_working_home/000100.sst
2026/04/19-18:11:14.627757 1628 Zone Garbage Stats: [106 3 0 1 0 2 1 3 0 3 1 0 ]
2026/04/19-18:11:14.627893 1628 Total Garbage Bytes: 16375645 bytes
2026/04/19-18:11:14.867880 1629 [DEBUG] Syncing metadata for: /db_working_home/000100.sst
2026/04/19-18:11:14.868471 1629 [DEBUG] Syncing metadata for: /db_working_home/000100.sst
2026/04/19-18:11:14.869599 1629 [DEBUG] GetFileSize: /db_working_home/000100.sst 
2026/04/19-18:11:14.871185 1629 [DEBUG] New random access file: /db_working_home/000096.sst direct: 1
2026/04/19-18:11:14.871925 1629 [DEBUG] GetFileSize: /db_working_home/000096.sst 
2026/04/19-18:11:14.872164 1629 [DEBUG] New random access file: /db_working_home/000097.sst direct: 1
2026/04/19-18:11:14.872639 1629 [DEBUG] GetFileSize: /db_working_home/000097.sst 
2026/04/19-18:11:14.872783 1629 [DEBUG] New random access file: /db_working_home/000100.sst direct: 1
2026/04/19-18:11:14.873226 1629 [DEBUG] GetFileSize: /db_working_home/000100.sst 
2026/04/19-18:11:14.874189 1629 [DEBUG] Syncing metadata for: /db_working_home/MANIFEST-000005
2026/04/19-18:11:14.884738 1629 [DEBUG] New writable file: /db_working_home/000101.sst direct: 1
2026/04/19-18:11:14.887754 1629 Entering Apply Finish Threshold Function
2026/04/19-18:11:14.887764 1629 Finishing zone: Entering Finish()
2026/04/19-18:11:15.566676 1630 [DEBUG] Allocating zone(new=0) start: 0x50000000 wp: 0x50041600 lt: 5 file lt: 3
2026/04/19-18:11:15.566690 1630 [Zonestats:time(s),used_cap(MB),reclaimable_cap(MB), avg_reclaimable(%), active(#), active_zones(#), open_zones(#)] 73 699 1732 71 6 6 4
2026/04/19-18:11:15.566699 1630 [DEBUG] Syncing metadata for: /db_working_home/000098.sst
2026/04/19-18:11:15.628085 1628 Zone Garbage Stats: [106 2 0 1 0 2 1 3 0 4 1 0 ]
2026/04/19-18:11:15.628100 1628 Total Garbage Bytes: 16375704 bytes
2026/04/19-18:11:15.714275 1630 [DEBUG] Syncing metadata for: /db_working_home/000098.sst
2026/04/19-18:11:15.714846 1630 [DEBUG] Syncing metadata for: /db_working_home/000098.sst
2026/04/19-18:11:15.715858 1630 [DEBUG] New random access file: /db_working_home/000098.sst direct: 1
2026/04/19-18:11:15.716290 1630 [DEBUG] GetFileSize: /db_working_home/000098.sst 
2026/04/19-18:11:15.719240 1630 [DEBUG] Syncing metadata for: /db_working_home/MANIFEST-000005
2026/04/19-18:11:15.719904 1630 [DEBUG] GetFileSize: /db_working_home/000098.sst 
2026/04/19-18:11:15.724760 1630 [DEBUG] Syncing metadata for: /db_working_home/000092.log
2026/04/19-18:11:15.725826 1630 [DEBUG] DeleteFile: ./db_working_home/000061.sst 
2026/04/19-18:11:15.727340 1630 [Zonestats:time(s),used_cap(MB),reclaimable_cap(MB), avg_reclaimable(%), active(#), active_zones(#), open_zones(#)] 73 665 1638 71 6 6 2
2026/04/19-18:11:15.727389 1630 [DEBUG] DeleteFile: ./db_working_home/000085.sst 
2026/04/19-18:11:15.728050 1630 [Zonestats:time(s),used_cap(MB),reclaimable_cap(MB), avg_reclaimable(%), active(#), active_zones(#), open_zones(#)] 73 608 1567 72 6 6 2
2026/04/19-18:11:15.728086 1630 [DEBUG] DeleteFile: ./db_working_home/000090.sst 
2026/04/19-18:11:15.728938 1630 [Zonestats:time(s),used_cap(MB),reclaimable_cap(MB), avg_reclaimable(%), active(#), active_zones(#), open_zones(#)] 73 509 1538 75 6 6 2
2026/04/19-18:11:15.728970 1630 [DEBUG] DeleteFile: ./db_working_home/000092.log 
2026/04/19-18:11:15.729621 1630 [Zonestats:time(s),used_cap(MB),reclaimable_cap(MB), avg_reclaimable(%), active(#), active_zones(#), open_zones(#)] 73 493 1426 74 5 5 2
2026/04/19-18:11:15.729788 1630 [DEBUG] New writable file: /db_working_home/000102.sst direct: 1
2026/04/19-18:11:15.733662 1630 Entering Apply Finish Threshold Function
2026/04/19-18:11:15.733672 1630 Finishing zone: Entering Finish()
2026/04/19-18:11:15.738212 1626 [DEBUG] Allocating zone(new=1) start: 0x58000000 wp: 0x58000000 lt: 2 file lt: 2
2026/04/19-18:11:15.738224 1626 [DEBUG] Syncing metadata for: /db_working_home/000099.log
2026/04/19-18:11:15.952758 1626 [DEBUG] New writable file: /db_working_home/000103.log direct: 0
2026/04/19-18:11:16.445166 1629 [DEBUG] Allocating zone(new=1) start: 0x70000000 wp: 0x70000000 lt: 3 file lt: 3
2026/04/19-18:11:16.445180 1629 [Zonestats:time(s),used_cap(MB),reclaimable_cap(MB), avg_reclaimable(%), active(#), active_zones(#), open_zones(#)] 74 508 1539 75 5 6 4
2026/04/19-18:11:16.445189 1629 [DEBUG] Syncing metadata for: /db_working_home/000101.sst
2026/04/19-18:11:16.628291 1628 Zone Garbage Stats: [108 2 0 0 0 2 0 2 1 4 1 0 ]
2026/04/19-18:11:16.628304 1628 Total Garbage Bytes: 16375035 bytes
2026/04/19-18:11:16.904470 1629 [DEBUG] Syncing metadata for: /db_working_home/000101.sst
2026/04/19-18:11:16.905281 1629 [DEBUG] Syncing metadata for: /db_working_home/000101.sst
2026/04/19-18:11:16.906339 1629 [DEBUG] GetFileSize: /db_working_home/000101.sst 
2026/04/19-18:11:16.906373 1629 [DEBUG] New writable file: /db_working_home/000104.sst direct: 1
2026/04/19-18:11:16.909343 1629 Entering Apply Finish Threshold Function
2026/04/19-18:11:16.909354 1629 Finishing zone: Entering Finish()
2026/04/19-18:11:17.628496 1628 Zone Garbage Stats: [108 2 0 0 0 2 0 2 1 4 1 0 ]
2026/04/19-18:11:17.628581 1628 Total Garbage Bytes: 16375035 bytes
2026/04/19-18:11:17.728642 1630 [DEBUG] Allocating zone(new=1) start: 0xa0000000 wp: 0xa0000000 lt: 3 file lt: 3
2026/04/19-18:11:17.728657 1630 [Zonestats:time(s),used_cap(MB),reclaimable_cap(MB), avg_reclaimable(%), active(#), active_zones(#), open_zones(#)] 75 551 1624 74 5 6 4
2026/04/19-18:11:17.728666 1630 [DEBUG] Syncing metadata for: /db_working_home/000102.sst
2026/04/19-18:11:17.877123 1630 [DEBUG] Syncing metadata for: /db_working_home/000102.sst
2026/04/19-18:11:17.877696 1630 [DEBUG] Syncing metadata for: /db_working_home/000102.sst
2026/04/19-18:11:17.878680 1630 [DEBUG] New random access file: /db_working_home/000102.sst direct: 1
2026/04/19-18:11:17.878858 1630 [DEBUG] GetFileSize: /db_working_home/000102.sst 
2026/04/19-18:11:17.880991 1630 [DEBUG] Syncing metadata for: /db_working_home/MANIFEST-000005
2026/04/19-18:11:17.881631 1630 [DEBUG] GetFileSize: /db_working_home/000102.sst 
2026/04/19-18:11:17.886572 1630 [DEBUG] Syncing metadata for: /db_working_home/000095.log
2026/04/19-18:11:17.887488 1630 [DEBUG] DeleteFile: ./db_working_home/000095.log 
2026/04/19-18:11:17.888392 1630 [Zonestats:time(s),used_cap(MB),reclaimable_cap(MB), avg_reclaimable(%), active(#), active_zones(#), open_zones(#)] 75 551 1624 74 5 5 2
2026/04/19-18:11:17.888556 1630 [DEBUG] New writable file: /db_working_home/000105.sst direct: 1
2026/04/19-18:11:17.891255 1630 Entering Apply Finish Threshold Function
2026/04/19-18:11:17.891266 1630 Finishing zone: Entering Finish()
2026/04/19-18:11:17.896639 1626 [DEBUG] Allocating zone(new=1) start: 0x30000000 wp: 0x30000000 lt: 2 file lt: 2
2026/04/19-18:11:17.896650 1626 [DEBUG] Syncing metadata for: /db_working_home/000103.log
2026/04/19-18:11:18.096237 1626 [DEBUG] New writable file: /db_working_home/000106.log direct: 0
2026/04/19-18:11:18.340302 1629 [DEBUG] Allocating zone(new=1) start: 0xa8000000 wp: 0xa8000000 lt: 3 file lt: 3
2026/04/19-18:11:18.340316 1629 [Zonestats:time(s),used_cap(MB),reclaimable_cap(MB), avg_reclaimable(%), active(#), active_zones(#), open_zones(#)] 76 566 1737 75 5 6 4
2026/04/19-18:11:18.340324 1629 [DEBUG] Syncing metadata for: /db_working_home/000104.sst
2026/04/19-18:11:18.379204 1629 [DEBUG] Syncing metadata for: /db_working_home/000104.sst
2026/04/19-18:11:18.380019 1629 [DEBUG] Syncing metadata for: /db_working_home/000104.sst
2026/04/19-18:11:18.381068 1629 [DEBUG] GetFileSize: /db_working_home/000104.sst 
2026/04/19-18:11:18.382626 1629 [DEBUG] New random access file: /db_working_home/000101.sst direct: 1
2026/04/19-18:11:18.382970 1629 [DEBUG] GetFileSize: /db_working_home/000101.sst 
2026/04/19-18:11:18.383155 1629 [DEBUG] New random access file: /db_working_home/000104.sst direct: 1
2026/04/19-18:11:18.383525 1629 [DEBUG] GetFileSize: /db_working_home/000104.sst 
2026/04/19-18:11:18.384405 1629 [DEBUG] Syncing metadata for: /db_working_home/MANIFEST-000005
2026/04/19-18:11:18.391040 1629 [DEBUG] New writable file: /db_working_home/000107.sst direct: 1
2026/04/19-18:11:18.394083 1629 Entering Apply Finish Threshold Function
2026/04/19-18:11:18.394108 1629 [DEBUG] Allocating zone(new=1) start: 0xb0000000 wp: 0xb0000000 lt: 5 file lt: 5
2026/04/19-18:11:18.394115 1629 [Zonestats:time(s),used_cap(MB),reclaimable_cap(MB), avg_reclaimable(%), active(#), active_zones(#), open_zones(#)] 76 570 1861 76 6 7 4
2026/04/19-18:11:18.394122 1629 [DEBUG] Syncing metadata for: /db_working_home/000107.sst
2026/04/19-18:11:18.628774 1628 Zone Garbage Stats: [105 3 0 0 0 2 0 3 1 5 1 0 ]
2026/04/19-18:11:18.628788 1628 Total Garbage Bytes: 16376408 bytes
2026/04/19-18:11:19.086502 1629 [DEBUG] Syncing metadata for: /db_working_home/000107.sst
2026/04/19-18:11:19.087360 1629 [DEBUG] Syncing metadata for: /db_working_home/000107.sst
2026/04/19-18:11:19.088053 1629 [DEBUG] GetFileSize: /db_working_home/000107.sst 
2026/04/19-18:11:19.088086 1629 [DEBUG] New writable file: /db_working_home/000108.sst direct: 1
2026/04/19-18:11:19.094338 1629 Entering Apply Finish Threshold Function
2026/04/19-18:11:19.094351 1629 Finishing zone: Entering Finish()
2026/04/19-18:11:19.628997 1628 Zone Garbage Stats: [105 3 0 0 0 2 0 3 1 5 1 0 ]
2026/04/19-18:11:19.629010 1628 Total Garbage Bytes: 16376408 bytes
2026/04/19-18:11:20.014894 1629 [DEBUG] Allocating zone(new=1) start: 0xb8000000 wp: 0xb8000000 lt: 5 file lt: 5
2026/04/19-18:11:20.014908 1629 [Zonestats:time(s),used_cap(MB),reclaimable_cap(MB), avg_reclaimable(%), active(#), active_zones(#), open_zones(#)] 78 634 1925 75 6 7 4
2026/04/19-18:11:20.014916 1629 [DEBUG] Syncing metadata for: /db_working_home/000108.sst
2026/04/19-18:11:20.073624 1630 [DEBUG] Allocating zone(new=1) start: 0xc0000000 wp: 0xc0000000 lt: 3 file lt: 3
2026/04/19-18:11:20.073638 1630 [Zonestats:time(s),used_cap(MB),reclaimable_cap(MB), avg_reclaimable(%), active(#), active_zones(#), open_zones(#)] 78 634 1925 75 6 7 5
2026/04/19-18:11:20.073646 1630 [DEBUG] Syncing metadata for: /db_working_home/000105.sst
2026/04/19-18:11:20.245373 1630 [DEBUG] Syncing metadata for: /db_working_home/000105.sst
2026/04/19-18:11:20.251074 1630 [DEBUG] Syncing metadata for: /db_working_home/000105.sst
2026/04/19-18:11:20.253284 1630 [DEBUG] New random access file: /db_working_home/000105.sst direct: 1
2026/04/19-18:11:20.253471 1630 [DEBUG] GetFileSize: /db_working_home/000105.sst 
2026/04/19-18:11:20.256852 1630 [DEBUG] Syncing metadata for: /db_working_home/MANIFEST-000005
2026/04/19-18:11:20.257806 1630 [DEBUG] GetFileSize: /db_working_home/000105.sst 
2026/04/19-18:11:20.268417 1630 [DEBUG] Syncing metadata for: /db_working_home/000099.log
2026/04/19-18:11:20.270373 1630 [DEBUG] DeleteFile: ./db_working_home/000087.sst 
2026/04/19-18:11:20.272448 1630 [Zonestats:time(s),used_cap(MB),reclaimable_cap(MB), avg_reclaimable(%), active(#), active_zones(#), open_zones(#)] 78 635 1924 75 7 7 3
2026/04/19-18:11:20.272502 1630 [DEBUG] DeleteFile: ./db_working_home/000091.sst 
2026/04/19-18:11:20.273724 1630 [Zonestats:time(s),used_cap(MB),reclaimable_cap(MB), avg_reclaimable(%), active(#), active_zones(#), open_zones(#)] 78 619 1812 74 7 7 3
2026/04/19-18:11:20.273760 1630 [DEBUG] DeleteFile: ./db_working_home/000094.sst 
2026/04/19-18:11:20.274334 1630 [Zonestats:time(s),used_cap(MB),reclaimable_cap(MB), avg_reclaimable(%), active(#), active_zones(#), open_zones(#)] 78 604 1827 75 7 7 3
2026/04/19-18:11:20.274366 1630 [DEBUG] DeleteFile: ./db_working_home/000099.log 
2026/04/19-18:11:20.275072 1630 [Zonestats:time(s),used_cap(MB),reclaimable_cap(MB), avg_reclaimable(%), active(#), active_zones(#), open_zones(#)] 78 588 1715 74 6 6 3
2026/04/19-18:11:20.275241 1630 [DEBUG] New writable file: /db_working_home/000109.sst direct: 1
2026/04/19-18:11:20.281636 1626 [DEBUG] Allocating zone(new=0) start: 0xc0000000 wp: 0xc0f71200 lt: 3 file lt: 2
2026/04/19-18:11:20.281647 1626 [DEBUG] Syncing metadata for: /db_working_home/000106.log
2026/04/19-18:11:20.283399 1630 Entering Apply Finish Threshold Function
2026/04/19-18:11:20.283426 1630 [DEBUG] Allocating zone(new=1) start: 0x58000000 wp: 0x58000000 lt: 3 file lt: 3
2026/04/19-18:11:20.283434 1630 [Zonestats:time(s),used_cap(MB),reclaimable_cap(MB), avg_reclaimable(%), active(#), active_zones(#), open_zones(#)] 78 588 1715 74 6 7 5
2026/04/19-18:11:20.283441 1630 [DEBUG] Syncing metadata for: /db_working_home/000109.sst
2026/04/19-18:11:20.550455 1626 [DEBUG] New writable file: /db_working_home/000110.log direct: 0
2026/04/19-18:11:20.563933 1630 [DEBUG] Syncing metadata for: /db_working_home/000109.sst
2026/04/19-18:11:20.564507 1630 [DEBUG] Syncing metadata for: /db_working_home/000109.sst
2026/04/19-18:11:20.565133 1630 [DEBUG] New random access file: /db_working_home/000109.sst direct: 1
2026/04/19-18:11:20.565739 1630 [DEBUG] GetFileSize: /db_working_home/000109.sst 
2026/04/19-18:11:20.568051 1630 [DEBUG] Syncing metadata for: /db_working_home/MANIFEST-000005
2026/04/19-18:11:20.574194 1630 [DEBUG] GetFileSize: /db_working_home/000109.sst 
2026/04/19-18:11:20.580002 1630 [DEBUG] Syncing metadata for: /db_working_home/000103.log
2026/04/19-18:11:20.582853 1630 [DEBUG] DeleteFile: ./db_working_home/000103.log 
2026/04/19-18:11:20.583556 1630 [Zonestats:time(s),used_cap(MB),reclaimable_cap(MB), avg_reclaimable(%), active(#), active_zones(#), open_zones(#)] 78 603 1700 73 6 6 3
2026/04/19-18:11:20.583703 1630 [DEBUG] New writable file: /db_working_home/000111.sst direct: 1
2026/04/19-18:11:20.590042 1626 [DEBUG] Allocating zone(new=0) start: 0xa8000000 wp: 0xa8383e00 lt: 3 file lt: 2
2026/04/19-18:11:20.590053 1626 [DEBUG] Syncing metadata for: /db_working_home/000110.log
2026/04/19-18:11:20.592091 1630 Entering Apply Finish Threshold Function
2026/04/19-18:11:20.592102 1630 Finishing zone: Entering Finish()
2026/04/19-18:11:20.629200 1628 Zone Garbage Stats: [106 2 0 0 0 3 0 3 1 3 2 0 ]
2026/04/19-18:11:20.629215 1628 Total Garbage Bytes: 32572124 bytes
2026/04/19-18:11:20.808771 1626 [DEBUG] New writable file: /db_working_home/000112.log direct: 0
2026/04/19-18:11:21.164539 1629 [DEBUG] Syncing metadata for: /db_working_home/000108.sst
2026/04/19-18:11:21.165400 1629 [DEBUG] Syncing metadata for: /db_working_home/000108.sst
2026/04/19-18:11:21.166454 1629 [DEBUG] GetFileSize: /db_working_home/000108.sst 
2026/04/19-18:11:21.166486 1629 [DEBUG] New writable file: /db_working_home/000113.sst direct: 1
2026/04/19-18:11:21.172197 1629 Entering Apply Finish Threshold Function
2026/04/19-18:11:21.172210 1629 Finishing zone: Entering Finish()
2026/04/19-18:11:21.629405 1628 Zone Garbage Stats: [106 2 0 0 0 3 0 3 1 3 2 0 ]
2026/04/19-18:11:21.629419 1628 Total Garbage Bytes: 32572124 bytes
2026/04/19-18:11:22.092739 1629 [DEBUG] Allocating zone(new=1) start: 0x30000000 wp: 0x30000000 lt: 5 file lt: 5
2026/04/19-18:11:22.092753 1629 [Zonestats:time(s),used_cap(MB),reclaimable_cap(MB), avg_reclaimable(%), active(#), active_zones(#), open_zones(#)] 80 683 1748 71 5 6 4
2026/04/19-18:11:22.092762 1629 [DEBUG] Syncing metadata for: /db_working_home/000113.sst
2026/04/19-18:11:22.629609 1628 Zone Garbage Stats: [105 2 0 0 0 4 0 3 1 3 2 0 ]
2026/04/19-18:11:22.629684 1628 Total Garbage Bytes: 32572440 bytes
2026/04/19-18:11:22.835158 1629 [DEBUG] Syncing metadata for: /db_working_home/000113.sst
2026/04/19-18:11:22.836021 1629 [DEBUG] Syncing metadata for: /db_working_home/000113.sst
2026/04/19-18:11:22.837071 1629 [DEBUG] GetFileSize: /db_working_home/000113.sst 
2026/04/19-18:11:22.837103 1629 [DEBUG] New writable file: /db_working_home/000114.sst direct: 1
2026/04/19-18:11:22.846420 1629 Entering Apply Finish Threshold Function
2026/04/19-18:11:22.846432 1629 Finishing zone: Entering Finish()
2026/04/19-18:11:22.972037 1630 [DEBUG] Allocating zone(new=1) start: 0x60000000 wp: 0x60000000 lt: 3 file lt: 3
2026/04/19-18:11:22.972051 1630 [Zonestats:time(s),used_cap(MB),reclaimable_cap(MB), avg_reclaimable(%), active(#), active_zones(#), open_zones(#)] 80 747 1812 70 5 6 4
2026/04/19-18:11:22.972061 1630 [DEBUG] Syncing metadata for: /db_working_home/000111.sst
2026/04/19-18:11:23.116665 1630 [DEBUG] Syncing metadata for: /db_working_home/000111.sst
2026/04/19-18:11:23.117239 1630 [DEBUG] Syncing metadata for: /db_working_home/000111.sst
2026/04/19-18:11:23.118226 1630 [DEBUG] New random access file: /db_working_home/000111.sst direct: 1
2026/04/19-18:11:23.118404 1630 [DEBUG] GetFileSize: /db_working_home/000111.sst 
2026/04/19-18:11:23.121050 1630 [DEBUG] Syncing metadata for: /db_working_home/MANIFEST-000005
2026/04/19-18:11:23.121710 1630 [DEBUG] GetFileSize: /db_working_home/000111.sst 
2026/04/19-18:11:23.126637 1630 [DEBUG] Syncing metadata for: /db_working_home/000106.log
2026/04/19-18:11:23.127556 1630 [DEBUG] DeleteFile: ./db_working_home/000106.log 
2026/04/19-18:11:23.128355 1630 [Zonestats:time(s),used_cap(MB),reclaimable_cap(MB), avg_reclaimable(%), active(#), active_zones(#), open_zones(#)] 81 747 1940 72 6 6 2
2026/04/19-18:11:23.128504 1630 [DEBUG] New writable file: /db_working_home/000115.sst direct: 1
2026/04/19-18:11:23.131259 1630 Entering Apply Finish Threshold Function
2026/04/19-18:11:23.131269 1630 Finishing zone: Entering Finish()
2026/04/19-18:11:23.134859 1626 [DEBUG] Allocating zone(new=0) start: 0xc0000000 wp: 0xc1f0d000 lt: 3 file lt: 2
2026/04/19-18:11:23.134871 1626 [DEBUG] Syncing metadata for: /db_working_home/000112.log
2026/04/19-18:11:23.331312 1626 [DEBUG] New writable file: /db_working_home/000116.log direct: 0
2026/04/19-18:11:23.629875 1628 Zone Garbage Stats: [104 2 0 0 0 4 0 3 1 4 2 0 ]
2026/04/19-18:11:23.629889 1628 Total Garbage Bytes: 32572614 bytes
2026/04/19-18:11:23.965715 1629 [DEBUG] Allocating zone(new=1) start: 0x80000000 wp: 0x80000000 lt: 5 file lt: 5
2026/04/19-18:11:23.965729 1629 [Zonestats:time(s),used_cap(MB),reclaimable_cap(MB), avg_reclaimable(%), active(#), active_zones(#), open_zones(#)] 81 762 1925 71 5 6 4
2026/04/19-18:11:23.965738 1629 [DEBUG] Syncing metadata for: /db_working_home/000114.sst
2026/04/19-18:11:24.630077 1628 Zone Garbage Stats: [103 2 0 0 0 5 0 3 1 4 2 0 ]
2026/04/19-18:11:24.630090 1628 Total Garbage Bytes: 32573003 bytes
2026/04/19-18:11:24.714540 1629 [DEBUG] Syncing metadata for: /db_working_home/000114.sst
2026/04/19-18:11:24.715426 1629 [DEBUG] Syncing metadata for: /db_working_home/000114.sst
2026/04/19-18:11:24.716479 1629 [DEBUG] GetFileSize: /db_working_home/000114.sst 
2026/04/19-18:11:24.716510 1629 [DEBUG] New writable file: /db_working_home/000117.sst direct: 1
2026/04/19-18:11:24.719471 1629 Entering Apply Finish Threshold Function
2026/04/19-18:11:24.719482 1629 Finishing zone: Entering Finish()
2026/04/19-18:11:25.259808 1630 [DEBUG] Allocating zone(new=1) start: 0xc8000000 wp: 0xc8000000 lt: 3 file lt: 3
2026/04/19-18:11:25.259822 1630 [Zonestats:time(s),used_cap(MB),reclaimable_cap(MB), avg_reclaimable(%), active(#), active_zones(#), open_zones(#)] 83 826 1989 70 5 6 4
2026/04/19-18:11:25.259831 1630 [DEBUG] Syncing metadata for: /db_working_home/000115.sst
2026/04/19-18:11:25.401440 1630 [DEBUG] Syncing metadata for: /db_working_home/000115.sst
2026/04/19-18:11:25.402015 1630 [DEBUG] Syncing metadata for: /db_working_home/000115.sst
2026/04/19-18:11:25.402996 1630 [DEBUG] New random access file: /db_working_home/000115.sst direct: 1
2026/04/19-18:11:25.403172 1630 [DEBUG] GetFileSize: /db_working_home/000115.sst 
2026/04/19-18:11:25.405816 1630 [DEBUG] Syncing metadata for: /db_working_home/MANIFEST-000005
2026/04/19-18:11:25.406477 1630 [DEBUG] GetFileSize: /db_working_home/000115.sst 
2026/04/19-18:11:25.411401 1630 [DEBUG] Syncing metadata for: /db_working_home/000110.log
2026/04/19-18:11:25.412268 1630 [DEBUG] DeleteFile: ./db_working_home/000110.log 
2026/04/19-18:11:25.413067 1630 [Zonestats:time(s),used_cap(MB),reclaimable_cap(MB), avg_reclaimable(%), active(#), active_zones(#), open_zones(#)] 83 827 2116 71 6 6 2
2026/04/19-18:11:25.413236 1630 [DEBUG] New writable file: /db_working_home/000118.sst direct: 1
2026/04/19-18:11:25.415913 1630 Entering Apply Finish Threshold Function
2026/04/19-18:11:25.415923 1630 Finishing zone: Entering Finish()
2026/04/19-18:11:25.419749 1626 [DEBUG] Allocating zone(new=0) start: 0xc8000000 wp: 0xc8f71e00 lt: 3 file lt: 2
2026/04/19-18:11:25.419766 1626 [DEBUG] Syncing metadata for: /db_working_home/000116.log
2026/04/19-18:11:25.629091 1626 [DEBUG] New writable file: /db_working_home/000119.log direct: 0
2026/04/19-18:11:25.630281 1628 Zone Garbage Stats: [102 2 0 0 0 5 0 3 1 5 2 0 ]
2026/04/19-18:11:25.630294 1628 Total Garbage Bytes: 32573223 bytes
2026/04/19-18:11:25.835531 1629 [DEBUG] Allocating zone(new=1) start: 0xd0000000 wp: 0xd0000000 lt: 5 file lt: 5
2026/04/19-18:11:25.835545 1629 [Zonestats:time(s),used_cap(MB),reclaimable_cap(MB), avg_reclaimable(%), active(#), active_zones(#), open_zones(#)] 83 842 2101 71 5 6 4
2026/04/19-18:11:25.835555 1629 [DEBUG] Syncing metadata for: /db_working_home/000117.sst
2026/04/19-18:11:26.064394 1629 [DEBUG] Syncing metadata for: /db_working_home/000117.sst
2026/04/19-18:11:26.064970 1629 [DEBUG] Syncing metadata for: /db_working_home/000117.sst
2026/04/19-18:11:26.066042 1629 [DEBUG] GetFileSize: /db_working_home/000117.sst 
2026/04/19-18:11:26.067597 1629 [DEBUG] New random access file: /db_working_home/000107.sst direct: 1
2026/04/19-18:11:26.067988 1629 [DEBUG] GetFileSize: /db_working_home/000107.sst 
2026/04/19-18:11:26.068161 1629 [DEBUG] New random access file: /db_working_home/000108.sst direct: 1
2026/04/19-18:11:26.068634 1629 [DEBUG] GetFileSize: /db_working_home/000108.sst 
2026/04/19-18:11:26.068777 1629 [DEBUG] New random access file: /db_working_home/000113.sst direct: 1
2026/04/19-18:11:26.069287 1629 [DEBUG] GetFileSize: /db_working_home/000113.sst 
2026/04/19-18:11:26.069412 1629 [DEBUG] New random access file: /db_working_home/000114.sst direct: 1
2026/04/19-18:11:26.069944 1629 [DEBUG] GetFileSize: /db_working_home/000114.sst 
2026/04/19-18:11:26.070069 1629 [DEBUG] New random access file: /db_working_home/000117.sst direct: 1
2026/04/19-18:11:26.070530 1629 [DEBUG] GetFileSize: /db_working_home/000117.sst 
2026/04/19-18:11:26.071387 1629 [DEBUG] Syncing metadata for: /db_working_home/MANIFEST-000005
2026/04/19-18:11:26.091671 1629 [DEBUG] New writable file: /db_working_home/000120.sst direct: 1
2026/04/19-18:11:26.096044 1629 Entering Apply Finish Threshold Function
2026/04/19-18:11:26.096056 1629 Finishing zone: Entering Finish()
2026/04/19-18:11:26.630504 1628 Zone Garbage Stats: [101 2 0 0 0 6 0 3 1 5 2 0 ]
2026/04/19-18:11:26.630518 1628 Total Garbage Bytes: 32573345 bytes
2026/04/19-18:11:27.216847 1630 [DEBUG] Allocating zone(new=1) start: 0xd8000000 wp: 0xd8000000 lt: 3 file lt: 3
2026/04/19-18:11:27.216861 1630 [Zonestats:time(s),used_cap(MB),reclaimable_cap(MB), avg_reclaimable(%), active(#), active_zones(#), open_zones(#)] 85 862 2209 71 5 6 4
2026/04/19-18:11:27.216879 1630 [DEBUG] Syncing metadata for: /db_working_home/000118.sst
2026/04/19-18:11:27.359020 1630 [DEBUG] Syncing metadata for: /db_working_home/000118.sst
2026/04/19-18:11:27.359593 1630 [DEBUG] Syncing metadata for: /db_working_home/000118.sst
2026/04/19-18:11:27.360603 1630 [DEBUG] New random access file: /db_working_home/000118.sst direct: 1
2026/04/19-18:11:27.360796 1630 [DEBUG] GetFileSize: /db_working_home/000118.sst 
2026/04/19-18:11:27.363397 1630 [DEBUG] Syncing metadata for: /db_working_home/MANIFEST-000005
2026/04/19-18:11:27.364408 1630 [DEBUG] GetFileSize: /db_working_home/000118.sst 
2026/04/19-18:11:27.369169 1630 [DEBUG] Syncing metadata for: /db_working_home/000112.log
2026/04/19-18:11:27.369966 1630 [DEBUG] DeleteFile: ./db_working_home/000039.sst 
2026/04/19-18:11:27.370784 1630 [Zonestats:time(s),used_cap(MB),reclaimable_cap(MB), avg_reclaimable(%), active(#), active_zones(#), open_zones(#)] 85 814 2257 73 6 6 2
2026/04/19-18:11:27.370828 1630 [DEBUG] DeleteFile: ./db_working_home/000078.sst 
2026/04/19-18:11:27.371475 1630 [Zonestats:time(s),used_cap(MB),reclaimable_cap(MB), avg_reclaimable(%), active(#), active_zones(#), open_zones(#)] 85 763 2180 74 6 6 2
2026/04/19-18:11:27.371509 1630 [DEBUG] DeleteFile: ./db_working_home/000097.sst 
2026/04/19-18:11:27.372371 1630 [Zonestats:time(s),used_cap(MB),reclaimable_cap(MB), avg_reclaimable(%), active(#), active_zones(#), open_zones(#)] 85 635 2180 77 6 6 2
2026/04/19-18:11:27.372405 1630 [DEBUG] DeleteFile: ./db_working_home/000100.sst 
2026/04/19-18:11:27.373268 1630 [Zonestats:time(s),used_cap(MB),reclaimable_cap(MB), avg_reclaimable(%), active(#), active_zones(#), open_zones(#)] 85 601 2086 77 6 6 2
2026/04/19-18:11:27.373300 1630 [DEBUG] DeleteFile: ./db_working_home/000112.log 
2026/04/19-18:11:27.374088 1630 [Zonestats:time(s),used_cap(MB),reclaimable_cap(MB), avg_reclaimable(%), active(#), active_zones(#), open_zones(#)] 85 586 2101 78 6 6 2
2026/04/19-18:11:27.374270 1630 [DEBUG] New writable file: /db_working_home/000121.sst direct: 1
2026/04/19-18:11:27.377434 1630 Entering Apply Finish Threshold Function
2026/04/19-18:11:27.377444 1630 Finishing zone: Entering Finish()
2026/04/19-18:11:27.382251 1626 [DEBUG] Allocating zone(new=0) start: 0xd8000000 wp: 0xd8f71a00 lt: 3 file lt: 2
2026/04/19-18:11:27.382262 1626 [DEBUG] Syncing metadata for: /db_working_home/000119.log
2026/04/19-18:11:27.578150 1626 [DEBUG] New writable file: /db_working_home/000122.log direct: 0
2026/04/19-18:11:27.630712 1628 Zone Garbage Stats: [104 1 0 0 0 5 0 2 0 5 3 0 ]
2026/04/19-18:11:27.630827 1628 Total Garbage Bytes: 49213083 bytes
2026/04/19-18:11:27.847878 1629 [DEBUG] Allocating zone(new=1) start: 0x38000000 wp: 0x38000000 lt: 3 file lt: 3
2026/04/19-18:11:27.847893 1629 [Zonestats:time(s),used_cap(MB),reclaimable_cap(MB), avg_reclaimable(%), active(#), active_zones(#), open_zones(#)] 85 601 2086 77 5 6 4
2026/04/19-18:11:27.847916 1629 [DEBUG] Syncing metadata for: /db_working_home/000120.sst
2026/04/19-18:11:28.631054 1628 Zone Garbage Stats: [103 1 0 0 0 5 0 2 0 6 3 0 ]
2026/04/19-18:11:28.631068 1628 Total Garbage Bytes: 49213317 bytes
2026/04/19-18:11:28.794884 1629 [DEBUG] Syncing metadata for: /db_working_home/000120.sst
2026/04/19-18:11:28.795463 1629 [DEBUG] Syncing metadata for: /db_working_home/000120.sst
2026/04/19-18:11:28.796566 1629 [DEBUG] GetFileSize: /db_working_home/000120.sst 
2026/04/19-18:11:28.796608 1629 [DEBUG] New writable file: /db_working_home/000123.sst direct: 1
2026/04/19-18:11:28.799840 1629 Entering Apply Finish Threshold Function
2026/04/19-18:11:28.799850 1629 Finishing zone: Entering Finish()
2026/04/19-18:11:29.154905 1630 [DEBUG] Allocating zone(new=1) start: 0x68000000 wp: 0x68000000 lt: 3 file lt: 3
2026/04/19-18:11:29.154920 1630 [Zonestats:time(s),used_cap(MB),reclaimable_cap(MB), avg_reclaimable(%), active(#), active_zones(#), open_zones(#)] 87 686 2129 75 5 6 4
2026/04/19-18:11:29.154929 1630 [DEBUG] Syncing metadata for: /db_working_home/000121.sst
2026/04/19-18:11:29.302582 1630 [DEBUG] Syncing metadata for: /db_working_home/000121.sst
2026/04/19-18:11:29.303156 1630 [DEBUG] Syncing metadata for: /db_working_home/000121.sst
2026/04/19-18:11:29.304168 1630 [DEBUG] New random access file: /db_working_home/000121.sst direct: 1
2026/04/19-18:11:29.304599 1630 [DEBUG] GetFileSize: /db_working_home/000121.sst 
2026/04/19-18:11:29.307060 1630 [DEBUG] Syncing metadata for: /db_working_home/MANIFEST-000005
2026/04/19-18:11:29.307767 1630 [DEBUG] GetFileSize: /db_working_home/000121.sst 
2026/04/19-18:11:29.313106 1630 [DEBUG] Syncing metadata for: /db_working_home/000116.log
2026/04/19-18:11:29.314057 1630 [DEBUG] DeleteFile: ./db_working_home/000116.log 
2026/04/19-18:11:29.314629 1630 [Zonestats:time(s),used_cap(MB),reclaimable_cap(MB), avg_reclaimable(%), active(#), active_zones(#), open_zones(#)] 87 686 2257 76 6 6 2
2026/04/19-18:11:29.314908 1630 [DEBUG] New writable file: /db_working_home/000124.sst direct: 1
2026/04/19-18:11:29.318195 1630 Entering Apply Finish Threshold Function
2026/04/19-18:11:29.318205 1630 Finishing zone: Entering Finish()
2026/04/19-18:11:29.321751 1626 [DEBUG] Allocating zone(new=0) start: 0xc8000000 wp: 0xc9f0dc00 lt: 3 file lt: 2
2026/04/19-18:11:29.321763 1626 [DEBUG] Syncing metadata for: /db_working_home/000122.log
2026/04/19-18:11:29.515820 1626 [DEBUG] New writable file: /db_working_home/000125.log direct: 0
2026/04/19-18:11:29.610174 1629 [DEBUG] Allocating zone(new=1) start: 0x78000000 wp: 0x78000000 lt: 3 file lt: 3
2026/04/19-18:11:29.610187 1629 [Zonestats:time(s),used_cap(MB),reclaimable_cap(MB), avg_reclaimable(%), active(#), active_zones(#), open_zones(#)] 87 701 2242 76 5 6 4
2026/04/19-18:11:29.610196 1629 [DEBUG] Syncing metadata for: /db_working_home/000123.sst
2026/04/19-18:11:29.631264 1628 Zone Garbage Stats: [101 1 0 0 1 5 0 2 0 7 3 0 ]
2026/04/19-18:11:29.631278 1628 Total Garbage Bytes: 81952795 bytes
2026/04/19-18:11:29.689454 1629 [DEBUG] Syncing metadata for: /db_working_home/000123.sst
2026/04/19-18:11:29.690027 1629 [DEBUG] Syncing metadata for: /db_working_home/000123.sst
2026/04/19-18:11:29.691081 1629 [DEBUG] GetFileSize: /db_working_home/000123.sst 
2026/04/19-18:11:29.692496 1629 [DEBUG] New random access file: /db_working_home/000120.sst direct: 1
2026/04/19-18:11:29.693044 1629 [DEBUG] GetFileSize: /db_working_home/000120.sst 
2026/04/19-18:11:29.693249 1629 [DEBUG] New random access file: /db_working_home/000123.sst direct: 1
2026/04/19-18:11:29.693574 1629 [DEBUG] GetFileSize: /db_working_home/000123.sst 
2026/04/19-18:11:29.694474 1629 [DEBUG] Syncing metadata for: /db_working_home/MANIFEST-000005
2026/04/19-18:11:29.701109 1629 [DEBUG] New writable file: /db_working_home/000126.sst direct: 1
2026/04/19-18:11:29.704206 1629 Entering Apply Finish Threshold Function
2026/04/19-18:11:29.704232 1629 [DEBUG] Allocating zone(new=1) start: 0x98000000 wp: 0x98000000 lt: 4 file lt: 4
2026/04/19-18:11:29.704240 1629 [Zonestats:time(s),used_cap(MB),reclaimable_cap(MB), avg_reclaimable(%), active(#), active_zones(#), open_zones(#)] 87 709 2362 76 6 7 4
2026/04/19-18:11:29.704246 1629 [DEBUG] Syncing metadata for: /db_working_home/000126.sst
2026/04/19-18:11:29.820340 1629 [DEBUG] Syncing metadata for: /db_working_home/000126.sst
2026/04/19-18:11:29.820914 1629 [DEBUG] Syncing metadata for: /db_working_home/000126.sst
2026/04/19-18:11:29.821981 1629 [DEBUG] GetFileSize: /db_working_home/000126.sst 
2026/04/19-18:11:29.823434 1629 [DEBUG] New random access file: /db_working_home/000126.sst direct: 1
2026/04/19-18:11:29.823865 1629 [DEBUG] GetFileSize: /db_working_home/000126.sst 
2026/04/19-18:11:29.824712 1629 [DEBUG] Syncing metadata for: /db_working_home/MANIFEST-000005
2026/04/19-18:11:29.825471 1629 [DEBUG] DeleteFile: ./db_working_home/000123.sst 
2026/04/19-18:11:29.826334 1629 [Zonestats:time(s),used_cap(MB),reclaimable_cap(MB), avg_reclaimable(%), active(#), active_zones(#), open_zones(#)] 87 712 2359 76 6 6 3
2026/04/19-18:11:29.832889 1629 [DEBUG] New writable file: /db_working_home/000127.sst direct: 1
2026/04/19-18:11:29.835721 1629 Entering Apply Finish Threshold Function
2026/04/19-18:11:29.835756 1629 [DEBUG] Allocating zone(new=1) start: 0x78000000 wp: 0x78000000 lt: 4 file lt: 4
2026/04/19-18:11:29.835764 1629 [Zonestats:time(s),used_cap(MB),reclaimable_cap(MB), avg_reclaimable(%), active(#), active_zones(#), open_zones(#)] 87 712 2359 76 6 7 4
2026/04/19-18:11:29.835770 1629 [DEBUG] Syncing metadata for: /db_working_home/000127.sst
2026/04/19-18:11:30.221691 1629 [DEBUG] Syncing metadata for: /db_working_home/000127.sst
2026/04/19-18:11:30.222482 1629 [DEBUG] Syncing metadata for: /db_working_home/000127.sst
2026/04/19-18:11:30.223552 1629 [DEBUG] GetFileSize: /db_working_home/000127.sst 
2026/04/19-18:11:30.223585 1629 [DEBUG] New writable file: /db_working_home/000128.sst direct: 1
2026/04/19-18:11:30.226562 1629 Entering Apply Finish Threshold Function
2026/04/19-18:11:30.226571 1629 Finishing zone: Entering Finish()
2026/04/19-18:11:30.631470 1628 Zone Garbage Stats: [100 2 0 0 1 5 0 2 0 7 3 0 ]
2026/04/19-18:11:30.631484 1628 Total Garbage Bytes: 81953047 bytes
2026/04/19-18:11:31.386067 1630 [DEBUG] Allocating zone(new=0) start: 0x98000000 wp: 0x98ac9200 lt: 4 file lt: 3
2026/04/19-18:11:31.386082 1630 [Zonestats:time(s),used_cap(MB),reclaimable_cap(MB), avg_reclaimable(%), active(#), active_zones(#), open_zones(#)] 89 748 2451 76 6 6 4
2026/04/19-18:11:31.386104 1630 [DEBUG] Syncing metadata for: /db_working_home/000124.sst
2026/04/19-18:11:31.530716 1630 [DEBUG] Syncing metadata for: /db_working_home/000124.sst
2026/04/19-18:11:31.531304 1630 [DEBUG] Syncing metadata for: /db_working_home/000124.sst
2026/04/19-18:11:31.532326 1630 [DEBUG] New random access file: /db_working_home/000124.sst direct: 1
2026/04/19-18:11:31.532503 1630 [DEBUG] GetFileSize: /db_working_home/000124.sst 
2026/04/19-18:11:31.535114 1630 [DEBUG] Syncing metadata for: /db_working_home/MANIFEST-000005
2026/04/19-18:11:31.535826 1630 [DEBUG] GetFileSize: /db_working_home/000124.sst 
2026/04/19-18:11:31.540660 1630 [DEBUG] Syncing metadata for: /db_working_home/000119.log
2026/04/19-18:11:31.541499 1630 [DEBUG] DeleteFile: ./db_working_home/000098.sst 
2026/04/19-18:11:31.542211 1630 [Zonestats:time(s),used_cap(MB),reclaimable_cap(MB), avg_reclaimable(%), active(#), active_zones(#), open_zones(#)] 89 749 2322 75 6 6 2
2026/04/19-18:11:31.542255 1630 [DEBUG] DeleteFile: ./db_working_home/000102.sst 
2026/04/19-18:11:31.543062 1630 [Zonestats:time(s),used_cap(MB),reclaimable_cap(MB), avg_reclaimable(%), active(#), active_zones(#), open_zones(#)] 89 733 2210 75 6 6 2
2026/04/19-18:11:31.543096 1630 [DEBUG] DeleteFile: ./db_working_home/000104.sst 
2026/04/19-18:11:31.543957 1630 [Zonestats:time(s),used_cap(MB),reclaimable_cap(MB), avg_reclaimable(%), active(#), active_zones(#), open_zones(#)] 89 730 2085 74 6 6 2
2026/04/19-18:11:31.543989 1630 [DEBUG] DeleteFile: ./db_working_home/000105.sst 
2026/04/19-18:11:31.544856 1630 [Zonestats:time(s),used_cap(MB),reclaimable_cap(MB), avg_reclaimable(%), active(#), active_zones(#), open_zones(#)] 89 714 1973 73 6 6 2
2026/04/19-18:11:31.544889 1630 [DEBUG] DeleteFile: ./db_working_home/000109.sst 
2026/04/19-18:11:31.545764 1630 [Zonestats:time(s),used_cap(MB),reclaimable_cap(MB), avg_reclaimable(%), active(#), active_zones(#), open_zones(#)] 89 699 1860 72 6 6 2
2026/04/19-18:11:31.545797 1630 [DEBUG] DeleteFile: ./db_working_home/000111.sst 
2026/04/19-18:11:31.546655 1630 [Zonestats:time(s),used_cap(MB),reclaimable_cap(MB), avg_reclaimable(%), active(#), active_zones(#), open_zones(#)] 89 684 1747 71 6 6 2
2026/04/19-18:11:31.546687 1630 [DEBUG] DeleteFile: ./db_working_home/000115.sst 
2026/04/19-18:11:31.547472 1630 [Zonestats:time(s),used_cap(MB),reclaimable_cap(MB), avg_reclaimable(%), active(#), active_zones(#), open_zones(#)] 89 668 1763 72 6 6 2
2026/04/19-18:11:31.547502 1630 [DEBUG] DeleteFile: ./db_working_home/000119.log 
2026/04/19-18:11:31.548374 1630 [Zonestats:time(s),used_cap(MB),reclaimable_cap(MB), avg_reclaimable(%), active(#), active_zones(#), open_zones(#)] 89 652 1779 73 6 6 2
2026/04/19-18:11:31.548570 1630 [DEBUG] New writable file: /db_working_home/000129.sst direct: 1
2026/04/19-18:11:31.552046 1630 Entering Apply Finish Threshold Function
2026/04/19-18:11:31.552056 1630 Finishing zone: Entering Finish()
2026/04/19-18:11:31.555353 1626 [DEBUG] Allocating zone(new=0) start: 0xd8000000 wp: 0xd9f0e600 lt: 3 file lt: 2
2026/04/19-18:11:31.555362 1626 [DEBUG] Syncing metadata for: /db_working_home/000125.log
2026/04/19-18:11:31.631675 1628 Zone Garbage Stats: [106 1 0 0 1 5 0 2 0 3 2 0 ]
2026/04/19-18:11:31.631688 1628 Total Garbage Bytes: 32572118 bytes
2026/04/19-18:11:31.729093 1629 [DEBUG] Allocating zone(new=1) start: 0x50000000 wp: 0x50000000 lt: 4 file lt: 4
2026/04/19-18:11:31.729110 1629 [Zonestats:time(s),used_cap(MB),reclaimable_cap(MB), avg_reclaimable(%), active(#), active_zones(#), open_zones(#)] 89 665 1766 72 5 6 4
2026/04/19-18:11:31.729119 1629 [DEBUG] Syncing metadata for: /db_working_home/000128.sst
2026/04/19-18:11:31.773667 1626 [DEBUG] New writable file: /db_working_home/000130.log direct: 0
2026/04/19-18:11:32.632012 1628 Zone Garbage Stats: [105 1 0 0 1 5 0 2 1 3 2 0 ]
2026/04/19-18:11:32.633360 1628 Total Garbage Bytes: 32572566 bytes
2026/04/19-18:11:32.732801 1629 [DEBUG] Syncing metadata for: /db_working_home/000128.sst
2026/04/19-18:11:32.733610 1629 [DEBUG] Syncing metadata for: /db_working_home/000128.sst
2026/04/19-18:11:32.734751 1629 [DEBUG] GetFileSize: /db_working_home/000128.sst 
2026/04/19-18:11:32.736484 1629 [DEBUG] New random access file: /db_working_home/000127.sst direct: 1
2026/04/19-18:11:32.737083 1629 [DEBUG] GetFileSize: /db_working_home/000127.sst 
2026/04/19-18:11:32.737394 1629 [DEBUG] New random access file: /db_working_home/000128.sst direct: 1
2026/04/19-18:11:32.737767 1629 [DEBUG] GetFileSize: /db_working_home/000128.sst 
2026/04/19-18:11:32.739181 1629 [DEBUG] Syncing metadata for: /db_working_home/MANIFEST-000005
2026/04/19-18:11:32.741103 1629 [DEBUG] Syncing metadata for: /db_working_home/MANIFEST-000005
2026/04/19-18:11:32.751669 1629 [DEBUG] New writable file: /db_working_home/000131.sst direct: 1
2026/04/19-18:11:32.754861 1629 Entering Apply Finish Threshold Function
2026/04/19-18:11:32.754871 1629 Finishing zone: Entering Finish()
2026/04/19-18:11:33.272355 1629 [DEBUG] Allocating zone(new=1) start: 0x58000000 wp: 0x58000000 lt: 3 file lt: 3
2026/04/19-18:11:33.272373 1629 [Zonestats:time(s),used_cap(MB),reclaimable_cap(MB), avg_reclaimable(%), active(#), active_zones(#), open_zones(#)] 91 760 1799 70 5 6 4
2026/04/19-18:11:33.272390 1629 [DEBUG] Syncing metadata for: /db_working_home/000131.sst
2026/04/19-18:11:33.633608 1628 Zone Garbage Stats: [104 1 0 1 1 5 0 2 1 3 2 0 ]
2026/04/19-18:11:33.633629 1628 Total Garbage Bytes: 32572909 bytes
2026/04/19-18:11:33.732155 1629 [DEBUG] Syncing metadata for: /db_working_home/000131.sst
2026/04/19-18:11:33.732964 1629 [DEBUG] Syncing metadata for: /db_working_home/000131.sst
2026/04/19-18:11:33.734073 1629 [DEBUG] GetFileSize: /db_working_home/000131.sst 
2026/04/19-18:11:33.734116 1629 [DEBUG] New writable file: /db_working_home/000132.sst direct: 1
2026/04/19-18:11:33.737114 1629 Entering Apply Finish Threshold Function
2026/04/19-18:11:33.737125 1629 Finishing zone: Entering Finish()
2026/04/19-18:11:33.968930 1630 [DEBUG] Allocating zone(new=1) start: 0x60000000 wp: 0x60000000 lt: 3 file lt: 3
2026/04/19-18:11:33.969019 1630 [Zonestats:time(s),used_cap(MB),reclaimable_cap(MB), avg_reclaimable(%), active(#), active_zones(#), open_zones(#)] 91 802 1885 70 5 6 4
2026/04/19-18:11:33.969048 1630 [DEBUG] Syncing metadata for: /db_working_home/000129.sst
2026/04/19-18:11:34.125252 1630 [DEBUG] Syncing metadata for: /db_working_home/000129.sst
2026/04/19-18:11:34.125827 1630 [DEBUG] Syncing metadata for: /db_working_home/000129.sst
2026/04/19-18:11:34.126888 1630 [DEBUG] New random access file: /db_working_home/000129.sst direct: 1
2026/04/19-18:11:34.127139 1630 [DEBUG] GetFileSize: /db_working_home/000129.sst 
2026/04/19-18:11:34.130611 1630 [DEBUG] Syncing metadata for: /db_working_home/MANIFEST-000005
2026/04/19-18:11:34.131302 1630 [DEBUG] GetFileSize: /db_working_home/000129.sst 
2026/04/19-18:11:34.136201 1630 [DEBUG] Syncing metadata for: /db_working_home/000122.log
2026/04/19-18:11:34.137205 1630 [DEBUG] DeleteFile: ./db_working_home/000101.sst 
2026/04/19-18:11:34.138148 1630 [Zonestats:time(s),used_cap(MB),reclaimable_cap(MB), avg_reclaimable(%), active(#), active_zones(#), open_zones(#)] 92 776 1911 71 6 6 2
2026/04/19-18:11:34.138199 1630 [DEBUG] DeleteFile: ./db_working_home/000120.sst 
2026/04/19-18:11:34.138907 1630 [Zonestats:time(s),used_cap(MB),reclaimable_cap(MB), avg_reclaimable(%), active(#), active_zones(#), open_zones(#)] 92 690 1869 73 6 6 2
2026/04/19-18:11:34.138941 1630 [DEBUG] DeleteFile: ./db_working_home/000122.log 
2026/04/19-18:11:34.139815 1630 [Zonestats:time(s),used_cap(MB),reclaimable_cap(MB), avg_reclaimable(%), active(#), active_zones(#), open_zones(#)] 92 675 1756 72 5 5 2
2026/04/19-18:11:34.140042 1630 [DEBUG] New writable file: /db_working_home/000133.sst direct: 1
2026/04/19-18:11:34.144077 1630 Entering Apply Finish Threshold Function
2026/04/19-18:11:34.144086 1630 Finishing zone: Entering Finish()
2026/04/19-18:11:34.146673 1626 [DEBUG] Allocating zone(new=1) start: 0x38000000 wp: 0x38000000 lt: 2 file lt: 2
2026/04/19-18:11:34.146682 1626 [DEBUG] Syncing metadata for: /db_working_home/000130.log
2026/04/19-18:11:34.373576 1626 [DEBUG] New writable file: /db_working_home/000134.log direct: 0
2026/04/19-18:11:34.633832 1628 Zone Garbage Stats: [105 1 0 1 0 5 0 1 2 3 2 0 ]
2026/04/19-18:11:34.633844 1628 Total Garbage Bytes: 32572638 bytes
2026/04/19-18:11:35.157978 1629 [DEBUG] Allocating zone(new=1) start: 0x70000000 wp: 0x70000000 lt: 3 file lt: 3
2026/04/19-18:11:35.157992 1629 [Zonestats:time(s),used_cap(MB),reclaimable_cap(MB), avg_reclaimable(%), active(#), active_zones(#), open_zones(#)] 93 690 1869 73 5 6 4
2026/04/19-18:11:35.158001 1629 [DEBUG] Syncing metadata for: /db_working_home/000132.sst
2026/04/19-18:11:35.197290 1629 [DEBUG] Syncing metadata for: /db_working_home/000132.sst
2026/04/19-18:11:35.198079 1629 [DEBUG] Syncing metadata for: /db_working_home/000132.sst
2026/04/19-18:11:35.199129 1629 [DEBUG] GetFileSize: /db_working_home/000132.sst 
2026/04/19-18:11:35.200555 1629 [DEBUG] New random access file: /db_working_home/000131.sst direct: 1
2026/04/19-18:11:35.201055 1629 [DEBUG] GetFileSize: /db_working_home/000131.sst 
2026/04/19-18:11:35.201254 1629 [DEBUG] New random access file: /db_working_home/000132.sst direct: 1
2026/04/19-18:11:35.201635 1629 [DEBUG] GetFileSize: /db_working_home/000132.sst 
2026/04/19-18:11:35.202509 1629 [DEBUG] Syncing metadata for: /db_working_home/MANIFEST-000005
2026/04/19-18:11:35.203907 1629 [DEBUG] Syncing metadata for: /db_working_home/MANIFEST-000005
2026/04/19-18:11:35.205306 1629 [DEBUG] Syncing metadata for: /db_working_home/MANIFEST-000005
2026/04/19-18:11:35.212586 1629 [DEBUG] New writable file: /db_working_home/000135.sst direct: 1
2026/04/19-18:11:35.215507 1629 Entering Apply Finish Threshold Function
2026/04/19-18:11:35.215532 1629 [DEBUG] Allocating zone(new=1) start: 0xa0000000 wp: 0xa0000000 lt: 5 file lt: 5
2026/04/19-18:11:35.215540 1629 [Zonestats:time(s),used_cap(MB),reclaimable_cap(MB), avg_reclaimable(%), active(#), active_zones(#), open_zones(#)] 93 693 1994 74 6 7 4
2026/04/19-18:11:35.215546 1629 [DEBUG] Syncing metadata for: /db_working_home/000135.sst
2026/04/19-18:11:35.417783 1629 [DEBUG] Syncing metadata for: /db_working_home/000135.sst
2026/04/19-18:11:35.418564 1629 [DEBUG] Syncing metadata for: /db_working_home/000135.sst
2026/04/19-18:11:35.419615 1629 [DEBUG] GetFileSize: /db_working_home/000135.sst 
2026/04/19-18:11:35.421142 1629 [DEBUG] New random access file: /db_working_home/000135.sst direct: 1
2026/04/19-18:11:35.421490 1629 [DEBUG] GetFileSize: /db_working_home/000135.sst 
2026/04/19-18:11:35.422430 1629 [DEBUG] Syncing metadata for: /db_working_home/MANIFEST-000005
2026/04/19-18:11:35.634028 1628 Zone Garbage Stats: [103 3 0 1 0 5 0 2 2 3 2 0 ]
2026/04/19-18:11:35.634041 1628 Total Garbage Bytes: 32573611 bytes
2026/04/19-18:11:35.754086 1630 Finishing zone: Entering Finish()
2026/04/19-18:11:36.625417 1630 [DEBUG] Allocating zone(new=1) start: 0xa8000000 wp: 0xa8000000 lt: 3 file lt: 3
2026/04/19-18:11:36.625431 1630 [Zonestats:time(s),used_cap(MB),reclaimable_cap(MB), avg_reclaimable(%), active(#), active_zones(#), open_zones(#)] 94 712 2103 74 5 6 4
2026/04/19-18:11:36.625440 1630 [DEBUG] Syncing metadata for: /db_working_home/000133.sst
2026/04/19-18:11:36.634218 1628 Zone Garbage Stats: [102 2 0 1 0 5 0 2 2 5 2 0 ]
2026/04/19-18:11:36.634231 1628 Total Garbage Bytes: 32573806 bytes
2026/04/19-18:11:36.768418 1630 [DEBUG] Syncing metadata for: /db_working_home/000133.sst
2026/04/19-18:11:36.768995 1630 [DEBUG] Syncing metadata for: /db_working_home/000133.sst
2026/04/19-18:11:36.769626 1630 [DEBUG] New random access file: /db_working_home/000133.sst direct: 1
2026/04/19-18:11:36.769807 1630 [DEBUG] GetFileSize: /db_working_home/000133.sst 
2026/04/19-18:11:36.772121 1630 [DEBUG] Syncing metadata for: /db_working_home/MANIFEST-000005
2026/04/19-18:11:36.772797 1630 [DEBUG] GetFileSize: /db_working_home/000133.sst 
2026/04/19-18:11:36.777558 1630 [DEBUG] Syncing metadata for: /db_working_home/000125.log
2026/04/19-18:11:36.778311 1630 [DEBUG] DeleteFile: ./db_working_home/000093.sst 
2026/04/19-18:11:36.779022 1630 [Zonestats:time(s),used_cap(MB),reclaimable_cap(MB), avg_reclaimable(%), active(#), active_zones(#), open_zones(#)] 94 720 2095 74 6 6 2
2026/04/19-18:11:36.779065 1630 [DEBUG] DeleteFile: ./db_working_home/000118.sst 
2026/04/19-18:11:36.779625 1630 [Zonestats:time(s),used_cap(MB),reclaimable_cap(MB), avg_reclaimable(%), active(#), active_zones(#), open_zones(#)] 94 705 2110 74 6 6 2
2026/04/19-18:11:36.779660 1630 [DEBUG] DeleteFile: ./db_working_home/000121.sst 
2026/04/19-18:11:36.780303 1630 [Zonestats:time(s),used_cap(MB),reclaimable_cap(MB), avg_reclaimable(%), active(#), active_zones(#), open_zones(#)] 94 689 1998 74 6 6 2
2026/04/19-18:11:36.780337 1630 [DEBUG] DeleteFile: ./db_working_home/000124.sst 
2026/04/19-18:11:36.780889 1630 [Zonestats:time(s),used_cap(MB),reclaimable_cap(MB), avg_reclaimable(%), active(#), active_zones(#), open_zones(#)] 94 674 2013 74 6 6 2
2026/04/19-18:11:36.780920 1630 [DEBUG] DeleteFile: ./db_working_home/000125.log 
2026/04/19-18:11:36.781563 1630 [Zonestats:time(s),used_cap(MB),reclaimable_cap(MB), avg_reclaimable(%), active(#), active_zones(#), open_zones(#)] 94 658 1901 74 5 5 2
2026/04/19-18:11:36.781583 1630 [DEBUG] DeleteFile: ./db_working_home/000126.sst 
2026/04/19-18:11:36.782224 1630 [Zonestats:time(s),used_cap(MB),reclaimable_cap(MB), avg_reclaimable(%), active(#), active_zones(#), open_zones(#)] 94 647 1784 73 5 5 2
2026/04/19-18:11:36.782418 1630 [DEBUG] New writable file: /db_working_home/000136.sst direct: 1
2026/04/19-18:11:36.785063 1630 Entering Apply Finish Threshold Function
2026/04/19-18:11:36.785073 1630 Finishing zone: Entering Finish()
2026/04/19-18:11:36.789090 1626 [DEBUG] Allocating zone(new=0) start: 0x70000000 wp: 0x7039ae00 lt: 3 file lt: 2
2026/04/19-18:11:36.789101 1626 [DEBUG] Syncing metadata for: /db_working_home/000134.log
2026/04/19-18:11:36.975833 1626 [DEBUG] New writable file: /db_working_home/000137.log direct: 0
2026/04/19-18:11:37.634440 1628 Zone Garbage Stats: [106 1 0 1 0 5 0 2 1 4 1 0 ]
2026/04/19-18:11:37.634549 1628 Total Garbage Bytes: 16376316 bytes
2026/04/19-18:11:37.794080 1630 [DEBUG] Allocating zone(new=1) start: 0x68000000 wp: 0x68000000 lt: 3 file lt: 3
2026/04/19-18:11:37.794095 1630 [Zonestats:time(s),used_cap(MB),reclaimable_cap(MB), avg_reclaimable(%), active(#), active_zones(#), open_zones(#)] 95 662 1769 72 4 5 4
2026/04/19-18:11:37.794104 1630 [DEBUG] Syncing metadata for: /db_working_home/000136.sst
2026/04/19-18:11:37.936158 1630 [DEBUG] Syncing metadata for: /db_working_home/000136.sst
2026/04/19-18:11:37.936743 1630 [DEBUG] Syncing metadata for: /db_working_home/000136.sst
2026/04/19-18:11:37.937377 1630 [DEBUG] New random access file: /db_working_home/000136.sst direct: 1
2026/04/19-18:11:37.937561 1630 [DEBUG] GetFileSize: /db_working_home/000136.sst 
2026/04/19-18:11:37.939896 1630 [DEBUG] Syncing metadata for: /db_working_home/MANIFEST-000005
2026/04/19-18:11:37.940575 1630 [DEBUG] GetFileSize: /db_working_home/000136.sst 
2026/04/19-18:11:37.947677 1630 [DEBUG] Syncing metadata for: /db_working_home/000130.log
2026/04/19-18:11:37.950647 1630 [DEBUG] DeleteFile: ./db_working_home/000130.log 
2026/04/19-18:11:37.953420 1630 [Zonestats:time(s),used_cap(MB),reclaimable_cap(MB), avg_reclaimable(%), active(#), active_zones(#), open_zones(#)] 95 663 1768 72 4 4 2
2026/04/19-18:11:37.953585 1630 [DEBUG] New writable file: /db_working_home/000138.sst direct: 1
2026/04/19-18:11:37.955438 1629 [DEBUG] New writable file: /db_working_home/000139.sst direct: 1
2026/04/19-18:11:37.958257 1630 Entering Apply Finish Threshold Function
2026/04/19-18:11:37.958268 1630 Finishing zone: Entering Finish()
2026/04/19-18:11:37.959123 1629 Entering Apply Finish Threshold Function
2026/04/19-18:11:37.959148 1629 [DEBUG] Allocating zone(new=1) start: 0x38000000 wp: 0x38000000 lt: 3 file lt: 3
2026/04/19-18:11:37.959155 1629 [Zonestats:time(s),used_cap(MB),reclaimable_cap(MB), avg_reclaimable(%), active(#), active_zones(#), open_zones(#)] 95 663 1768 72 4 5 3
2026/04/19-18:11:37.959161 1629 [DEBUG] Syncing metadata for: /db_working_home/000139.sst
2026/04/19-18:11:37.960137 1626 [DEBUG] Allocating zone(new=1) start: 0x88000000 wp: 0x88000000 lt: 2 file lt: 2
2026/04/19-18:11:37.960146 1626 [DEBUG] Syncing metadata for: /db_working_home/000137.log
2026/04/19-18:11:38.191311 1626 [DEBUG] New writable file: /db_working_home/000140.log direct: 0
2026/04/19-18:11:38.577995 1629 [DEBUG] Syncing metadata for: /db_working_home/000139.sst
2026/04/19-18:11:38.578572 1629 [DEBUG] Syncing metadata for: /db_working_home/000139.sst
2026/04/19-18:11:38.579630 1629 [DEBUG] GetFileSize: /db_working_home/000139.sst 
2026/04/19-18:11:38.579665 1629 [DEBUG] New writable file: /db_working_home/000141.sst direct: 1
2026/04/19-18:11:38.582707 1629 Entering Apply Finish Threshold Function
2026/04/19-18:11:38.582717 1629 Finishing zone: Entering Finish()
2026/04/19-18:11:38.634756 1628 Zone Garbage Stats: [104 1 0 1 0 5 0 2 1 5 1 0 ]
2026/04/19-18:11:38.634768 1628 Total Garbage Bytes: 16376566 bytes
2026/04/19-18:11:39.634949 1628 Zone Garbage Stats: [104 1 0 1 0 5 0 2 1 5 1 0 ]
2026/04/19-18:11:39.634962 1628 Total Garbage Bytes: 16376566 bytes
2026/04/19-18:11:39.810996 1629 [DEBUG] Allocating zone(new=1) start: 0x98000000 wp: 0x98000000 lt: 3 file lt: 3
2026/04/19-18:11:39.811010 1629 [Zonestats:time(s),used_cap(MB),reclaimable_cap(MB), avg_reclaimable(%), active(#), active_zones(#), open_zones(#)] 97 720 1967 73 5 6 4
2026/04/19-18:11:39.811019 1629 [DEBUG] Syncing metadata for: /db_working_home/000141.sst
2026/04/19-18:11:39.895616 1629 [DEBUG] Syncing metadata for: /db_working_home/000141.sst
2026/04/19-18:11:39.896189 1629 [DEBUG] Syncing metadata for: /db_working_home/000141.sst
2026/04/19-18:11:39.897243 1629 [DEBUG] GetFileSize: /db_working_home/000141.sst 
2026/04/19-18:11:39.898409 1629 [DEBUG] New random access file: /db_working_home/000139.sst direct: 1
2026/04/19-18:11:39.898657 1629 [DEBUG] GetFileSize: /db_working_home/000139.sst 
2026/04/19-18:11:39.898842 1629 [DEBUG] New random access file: /db_working_home/000141.sst direct: 1
2026/04/19-18:11:39.899219 1629 [DEBUG] GetFileSize: /db_working_home/000141.sst 
2026/04/19-18:11:39.900099 1629 [DEBUG] Syncing metadata for: /db_working_home/MANIFEST-000005
2026/04/19-18:11:39.901500 1629 [DEBUG] Syncing metadata for: /db_working_home/MANIFEST-000005
2026/04/19-18:11:39.908769 1629 [DEBUG] New writable file: /db_working_home/000142.sst direct: 1
2026/04/19-18:11:39.911725 1629 Entering Apply Finish Threshold Function
2026/04/19-18:11:39.911750 1629 [DEBUG] Allocating zone(new=1) start: 0xc0000000 wp: 0xc0000000 lt: 4 file lt: 4
2026/04/19-18:11:39.911758 1629 [Zonestats:time(s),used_cap(MB),reclaimable_cap(MB), avg_reclaimable(%), active(#), active_zones(#), open_zones(#)] 97 728 2087 74 6 7 4
2026/04/19-18:11:39.911764 1629 [DEBUG] Syncing metadata for: /db_working_home/000142.sst
2026/04/19-18:11:40.094519 1630 [DEBUG] Allocating zone(new=1) start: 0xc8000000 wp: 0xc8000000 lt: 3 file lt: 3
2026/04/19-18:11:40.094536 1630 [Zonestats:time(s),used_cap(MB),reclaimable_cap(MB), avg_reclaimable(%), active(#), active_zones(#), open_zones(#)] 98 728 2087 74 6 7 5
2026/04/19-18:11:40.094546 1630 [DEBUG] Syncing metadata for: /db_working_home/000138.sst
2026/04/19-18:11:40.299033 1630 [DEBUG] Syncing metadata for: /db_working_home/000138.sst
2026/04/19-18:11:40.306205 1630 [DEBUG] Syncing metadata for: /db_working_home/000138.sst
2026/04/19-18:11:40.306860 1630 [DEBUG] New random access file: /db_working_home/000138.sst direct: 1
2026/04/19-18:11:40.307190 1630 [DEBUG] GetFileSize: /db_working_home/000138.sst 
2026/04/19-18:11:40.309732 1630 [DEBUG] Syncing metadata for: /db_working_home/MANIFEST-000005
2026/04/19-18:11:40.310423 1630 [DEBUG] GetFileSize: /db_working_home/000138.sst 
2026/04/19-18:11:40.317194 1630 [DEBUG] Syncing metadata for: /db_working_home/000134.log
2026/04/19-18:11:40.325021 1630 [DEBUG] DeleteFile: ./db_working_home/000129.sst 
2026/04/19-18:11:40.325735 1630 [Zonestats:time(s),used_cap(MB),reclaimable_cap(MB), avg_reclaimable(%), active(#), active_zones(#), open_zones(#)] 98 728 2087 74 7 7 3
2026/04/19-18:11:40.325780 1630 [DEBUG] DeleteFile: ./db_working_home/000132.sst 
2026/04/19-18:11:40.326376 1630 [Zonestats:time(s),used_cap(MB),reclaimable_cap(MB), avg_reclaimable(%), active(#), active_zones(#), open_zones(#)] 98 725 2090 74 7 7 3
2026/04/19-18:11:40.326409 1630 [DEBUG] DeleteFile: ./db_working_home/000133.sst 
2026/04/19-18:11:40.334205 1630 [Zonestats:time(s),used_cap(MB),reclaimable_cap(MB), avg_reclaimable(%), active(#), active_zones(#), open_zones(#)] 98 709 1978 73 7 7 3
2026/04/19-18:11:40.334255 1630 [DEBUG] DeleteFile: ./db_working_home/000134.log 
2026/04/19-18:11:40.334926 1630 [Zonestats:time(s),used_cap(MB),reclaimable_cap(MB), avg_reclaimable(%), active(#), active_zones(#), open_zones(#)] 98 694 1865 72 6 6 3
2026/04/19-18:11:40.334950 1630 [DEBUG] DeleteFile: ./db_working_home/000136.sst 
2026/04/19-18:11:40.335711 1630 [Zonestats:time(s),used_cap(MB),reclaimable_cap(MB), avg_reclaimable(%), active(#), active_zones(#), open_zones(#)] 98 678 1753 72 6 6 3
2026/04/19-18:11:40.335881 1630 [DEBUG] New writable file: /db_working_home/000143.sst direct: 1
2026/04/19-18:11:40.345373 1630 Entering Apply Finish Threshold Function
2026/04/19-18:11:40.345387 1630 Finishing zone: Entering Finish()
2026/04/19-18:11:40.345460 1626 [DEBUG] Allocating zone(new=0) start: 0x98000000 wp: 0x98734200 lt: 3 file lt: 2
2026/04/19-18:11:40.345473 1626 [DEBUG] Syncing metadata for: /db_working_home/000140.log
2026/04/19-18:11:40.635156 1628 Zone Garbage Stats: [105 1 0 1 0 5 0 3 1 3 1 0 ]
2026/04/19-18:11:40.635172 1628 Total Garbage Bytes: 16376489 bytes
2026/04/19-18:11:40.665327 1626 [DEBUG] New writable file: /db_working_home/000144.log direct: 0
2026/04/19-18:11:40.993915 1629 [DEBUG] Syncing metadata for: /db_working_home/000142.sst
2026/04/19-18:11:40.994515 1629 [DEBUG] Syncing metadata for: /db_working_home/000142.sst
2026/04/19-18:11:40.995572 1629 [DEBUG] GetFileSize: /db_working_home/000142.sst 
2026/04/19-18:11:40.997081 1629 [DEBUG] New random access file: /db_working_home/000142.sst direct: 1
2026/04/19-18:11:40.997534 1629 [DEBUG] GetFileSize: /db_working_home/000142.sst 
2026/04/19-18:11:40.998444 1629 [DEBUG] Syncing metadata for: /db_working_home/MANIFEST-000005
2026/04/19-18:11:41.005080 1629 [DEBUG] New writable file: /db_working_home/000145.sst direct: 1
2026/04/19-18:11:41.008018 1629 Entering Apply Finish Threshold Function
2026/04/19-18:11:41.008028 1629 Finishing zone: Entering Finish()
2026/04/19-18:11:41.621778 1629 [DEBUG] Allocating zone(new=1) start: 0x60000000 wp: 0x60000000 lt: 5 file lt: 5
2026/04/19-18:11:41.621793 1629 [Zonestats:time(s),used_cap(MB),reclaimable_cap(MB), avg_reclaimable(%), active(#), active_zones(#), open_zones(#)] 99 779 1780 69 5 6 4
2026/04/19-18:11:41.621801 1629 [DEBUG] Syncing metadata for: /db_working_home/000145.sst
2026/04/19-18:11:41.635355 1628 Zone Garbage Stats: [104 1 0 1 1 5 0 3 1 3 1 0 ]
2026/04/19-18:11:41.635368 1628 Total Garbage Bytes: 16376994 bytes
2026/04/19-18:11:42.266413 1629 [DEBUG] Syncing metadata for: /db_working_home/000145.sst
2026/04/19-18:11:42.266991 1629 [DEBUG] Syncing metadata for: /db_working_home/000145.sst
2026/04/19-18:11:42.268050 1629 [DEBUG] GetFileSize: /db_working_home/000145.sst 
2026/04/19-18:11:42.268086 1629 [DEBUG] New writable file: /db_working_home/000146.sst direct: 1
2026/04/19-18:11:42.270935 1629 Entering Apply Finish Threshold Function
2026/04/19-18:11:42.270945 1629 Finishing zone: Entering Finish()
2026/04/19-18:11:42.635554 1628 Zone Garbage Stats: [104 1 0 1 1 5 0 3 1 3 1 0 ]
2026/04/19-18:11:42.635653 1628 Total Garbage Bytes: 16376994 bytes
2026/04/19-18:11:42.805050 1630 [DEBUG] Allocating zone(new=1) start: 0x68000000 wp: 0x68000000 lt: 3 file lt: 3
2026/04/19-18:11:42.805065 1630 [Zonestats:time(s),used_cap(MB),reclaimable_cap(MB), avg_reclaimable(%), active(#), active_zones(#), open_zones(#)] 100 839 1848 68 5 6 4
2026/04/19-18:11:42.805074 1630 [DEBUG] Syncing metadata for: /db_working_home/000143.sst
2026/04/19-18:11:42.949758 1630 [DEBUG] Syncing metadata for: /db_working_home/000143.sst
2026/04/19-18:11:42.950335 1630 [DEBUG] Syncing metadata for: /db_working_home/000143.sst
2026/04/19-18:11:42.951319 1630 [DEBUG] New random access file: /db_working_home/000143.sst direct: 1
2026/04/19-18:11:42.951776 1630 [DEBUG] GetFileSize: /db_working_home/000143.sst 
2026/04/19-18:11:42.954205 1630 [DEBUG] Syncing metadata for: /db_working_home/MANIFEST-000005
2026/04/19-18:11:42.954861 1630 [DEBUG] GetFileSize: /db_working_home/000143.sst 
2026/04/19-18:11:42.959748 1630 [DEBUG] Syncing metadata for: /db_working_home/000137.log
2026/04/19-18:11:42.960467 1630 [DEBUG] DeleteFile: ./db_working_home/000131.sst 
2026/04/19-18:11:42.961137 1630 [Zonestats:time(s),used_cap(MB),reclaimable_cap(MB), avg_reclaimable(%), active(#), active_zones(#), open_zones(#)] 100 812 1875 69 6 6 2
2026/04/19-18:11:42.961179 1630 [DEBUG] DeleteFile: ./db_working_home/000137.log 
2026/04/19-18:11:42.962038 1630 [Zonestats:time(s),used_cap(MB),reclaimable_cap(MB), avg_reclaimable(%), active(#), active_zones(#), open_zones(#)] 100 797 1762 68 5 5 2
2026/04/19-18:11:42.962060 1630 [DEBUG] DeleteFile: ./db_working_home/000139.sst 
2026/04/19-18:11:42.962913 1630 [Zonestats:time(s),used_cap(MB),reclaimable_cap(MB), avg_reclaimable(%), active(#), active_zones(#), open_zones(#)] 100 754 1677 68 5 5 2
2026/04/19-18:11:42.963107 1630 [DEBUG] New writable file: /db_working_home/000147.sst direct: 1
2026/04/19-18:11:42.965727 1630 Entering Apply Finish Threshold Function
2026/04/19-18:11:42.965737 1630 Finishing zone: Entering Finish()
2026/04/19-18:11:42.969581 1626 [DEBUG] Allocating zone(new=1) start: 0x38000000 wp: 0x38000000 lt: 2 file lt: 2
2026/04/19-18:11:42.969593 1626 [DEBUG] Syncing metadata for: /db_working_home/000144.log
2026/04/19-18:11:43.172339 1626 [DEBUG] New writable file: /db_working_home/000148.log direct: 0
2026/04/19-18:11:43.448970 1629 [DEBUG] Allocating zone(new=1) start: 0x58000000 wp: 0x58000000 lt: 5 file lt: 5
2026/04/19-18:11:43.448985 1629 [Zonestats:time(s),used_cap(MB),reclaimable_cap(MB), avg_reclaimable(%), active(#), active_zones(#), open_zones(#)] 101 769 1790 69 5 6 4
2026/04/19-18:11:43.448994 1629 [DEBUG] Syncing metadata for: /db_working_home/000146.sst
2026/04/19-18:11:43.635850 1628 Zone Garbage Stats: [104 1 0 1 1 5 1 1 1 4 1 0 ]
2026/04/19-18:11:43.635866 1628 Total Garbage Bytes: 16376537 bytes
2026/04/19-18:11:44.102468 1629 [DEBUG] Syncing metadata for: /db_working_home/000146.sst
2026/04/19-18:11:44.103281 1629 [DEBUG] Syncing metadata for: /db_working_home/000146.sst
2026/04/19-18:11:44.103987 1629 [DEBUG] GetFileSize: /db_working_home/000146.sst 
2026/04/19-18:11:44.105514 1629 [DEBUG] New random access file: /db_working_home/000145.sst direct: 1
2026/04/19-18:11:44.105941 1629 [DEBUG] GetFileSize: /db_working_home/000145.sst 
2026/04/19-18:11:44.106122 1629 [DEBUG] New random access file: /db_working_home/000146.sst direct: 1
2026/04/19-18:11:44.106553 1629 [DEBUG] GetFileSize: /db_working_home/000146.sst 
2026/04/19-18:11:44.107497 1629 [DEBUG] Syncing metadata for: /db_working_home/MANIFEST-000005
2026/04/19-18:11:44.114740 1629 [DEBUG] New writable file: /db_working_home/000149.sst direct: 1
2026/04/19-18:11:44.117632 1629 Entering Apply Finish Threshold Function
2026/04/19-18:11:44.117642 1629 Finishing zone: Entering Finish()
2026/04/19-18:11:44.636050 1628 Zone Garbage Stats: [104 1 0 1 1 5 1 1 1 4 1 0 ]
2026/04/19-18:11:44.636064 1628 Total Garbage Bytes: 16376537 bytes
2026/04/19-18:11:45.080533 1629 [DEBUG] Allocating zone(new=1) start: 0x70000000 wp: 0x70000000 lt: 5 file lt: 5
2026/04/19-18:11:45.080548 1629 [Zonestats:time(s),used_cap(MB),reclaimable_cap(MB), avg_reclaimable(%), active(#), active_zones(#), open_zones(#)] 103 830 1857 69 5 6 4
2026/04/19-18:11:45.080558 1629 [DEBUG] Syncing metadata for: /db_working_home/000149.sst
2026/04/19-18:11:45.093550 1630 [DEBUG] Allocating zone(new=1) start: 0x88000000 wp: 0x88000000 lt: 3 file lt: 3
2026/04/19-18:11:45.093565 1630 [Zonestats:time(s),used_cap(MB),reclaimable_cap(MB), avg_reclaimable(%), active(#), active_zones(#), open_zones(#)] 103 830 1857 69 5 6 5
2026/04/19-18:11:45.093574 1630 [DEBUG] Syncing metadata for: /db_working_home/000147.sst
2026/04/19-18:11:45.299244 1630 [DEBUG] Syncing metadata for: /db_working_home/000147.sst
2026/04/19-18:11:45.306744 1630 [DEBUG] Syncing metadata for: /db_working_home/000147.sst
2026/04/19-18:11:45.307403 1630 [DEBUG] New random access file: /db_working_home/000147.sst direct: 1
2026/04/19-18:11:45.307587 1630 [DEBUG] GetFileSize: /db_working_home/000147.sst 
2026/04/19-18:11:45.316033 1630 [DEBUG] Syncing metadata for: /db_working_home/MANIFEST-000005
2026/04/19-18:11:45.318119 1630 [DEBUG] GetFileSize: /db_working_home/000147.sst 
2026/04/19-18:11:45.330703 1630 [DEBUG] Syncing metadata for: /db_working_home/000140.log
2026/04/19-18:11:45.331427 1630 [DEBUG] DeleteFile: ./db_working_home/000127.sst 
2026/04/19-18:11:45.332362 1630 [Zonestats:time(s),used_cap(MB),reclaimable_cap(MB), avg_reclaimable(%), active(#), active_zones(#), open_zones(#)] 103 810 1877 69 6 6 3
2026/04/19-18:11:45.332403 1630 [DEBUG] DeleteFile: ./db_working_home/000140.log 
2026/04/19-18:11:45.334820 1630 [Zonestats:time(s),used_cap(MB),reclaimable_cap(MB), avg_reclaimable(%), active(#), active_zones(#), open_zones(#)] 103 794 1893 70 6 6 3
2026/04/19-18:11:45.334854 1630 [DEBUG] DeleteFile: ./db_working_home/000142.sst 
2026/04/19-18:11:45.335542 1630 [Zonestats:time(s),used_cap(MB),reclaimable_cap(MB), avg_reclaimable(%), active(#), active_zones(#), open_zones(#)] 103 709 1850 72 6 6 3
2026/04/19-18:11:45.335732 1630 [DEBUG] New writable file: /db_working_home/000150.sst direct: 1
2026/04/19-18:11:45.341990 1626 [DEBUG] Allocating zone(new=0) start: 0x98000000 wp: 0x996d0600 lt: 3 file lt: 2
2026/04/19-18:11:45.341999 1626 [DEBUG] Syncing metadata for: /db_working_home/000148.log
2026/04/19-18:11:45.345275 1630 Entering Apply Finish Threshold Function
2026/04/19-18:11:45.345288 1630 Finishing zone: Entering Finish()
2026/04/19-18:11:45.575681 1629 [DEBUG] Syncing metadata for: /db_working_home/000149.sst
2026/04/19-18:11:45.576477 1629 [DEBUG] Syncing metadata for: /db_working_home/000149.sst
2026/04/19-18:11:45.577536 1629 [DEBUG] GetFileSize: /db_working_home/000149.sst 
2026/04/19-18:11:45.578733 1629 [DEBUG] New random access file: /db_working_home/000149.sst direct: 1
2026/04/19-18:11:45.578937 1629 [DEBUG] GetFileSize: /db_working_home/000149.sst 
2026/04/19-18:11:45.579882 1629 [DEBUG] Syncing metadata for: /db_working_home/MANIFEST-000005
2026/04/19-18:11:45.597453 1629 [DEBUG] New writable file: /db_working_home/000151.sst direct: 1
2026/04/19-18:11:45.600261 1629 Entering Apply Finish Threshold Function
2026/04/19-18:11:45.600271 1629 Finishing zone: Entering Finish()
2026/04/19-18:11:45.636258 1628 Zone Garbage Stats: [104 1 0 1 0 5 2 1 0 5 1 0 ]
2026/04/19-18:11:45.636272 1628 Total Garbage Bytes: 16376054 bytes
2026/04/19-18:11:45.654184 1626 [DEBUG] New writable file: /db_working_home/000152.log direct: 0
2026/04/19-18:11:46.636453 1628 Zone Garbage Stats: [104 1 0 1 0 5 2 1 0 5 1 0 ]
2026/04/19-18:11:46.636465 1628 Total Garbage Bytes: 16376054 bytes
2026/04/19-18:11:47.011706 1629 [DEBUG] Allocating zone(new=1) start: 0x78000000 wp: 0x78000000 lt: 3 file lt: 3
2026/04/19-18:11:47.011721 1629 [Zonestats:time(s),used_cap(MB),reclaimable_cap(MB), avg_reclaimable(%), active(#), active_zones(#), open_zones(#)] 105 756 1931 71 5 6 4
2026/04/19-18:11:47.011742 1629 [DEBUG] Syncing metadata for: /db_working_home/000151.sst
2026/04/19-18:11:47.407862 1630 [DEBUG] Allocating zone(new=1) start: 0xa8000000 wp: 0xa8000000 lt: 3 file lt: 3
2026/04/19-18:11:47.407880 1630 [Zonestats:time(s),used_cap(MB),reclaimable_cap(MB), avg_reclaimable(%), active(#), active_zones(#), open_zones(#)] 105 756 1931 71 5 6 5
2026/04/19-18:11:47.407889 1630 [DEBUG] Syncing metadata for: /db_working_home/000150.sst
2026/04/19-18:11:47.509769 1629 [DEBUG] Syncing metadata for: /db_working_home/000151.sst
2026/04/19-18:11:47.517379 1629 [DEBUG] Syncing metadata for: /db_working_home/000151.sst
2026/04/19-18:11:47.518117 1629 [DEBUG] GetFileSize: /db_working_home/000151.sst 
2026/04/19-18:11:47.518177 1629 [DEBUG] New writable file: /db_working_home/000153.sst direct: 1
2026/04/19-18:11:47.521429 1629 Entering Apply Finish Threshold Function
2026/04/19-18:11:47.521439 1629 Finishing zone: Entering Finish()
2026/04/19-18:11:47.585996 1630 [DEBUG] Syncing metadata for: /db_working_home/000150.sst
2026/04/19-18:11:47.586808 1630 [DEBUG] Syncing metadata for: /db_working_home/000150.sst
2026/04/19-18:11:47.587822 1630 [DEBUG] New random access file: /db_working_home/000150.sst direct: 1
2026/04/19-18:11:47.588250 1630 [DEBUG] GetFileSize: /db_working_home/000150.sst 
2026/04/19-18:11:47.590707 1630 [DEBUG] Syncing metadata for: /db_working_home/MANIFEST-000005
2026/04/19-18:11:47.591359 1630 [DEBUG] GetFileSize: /db_working_home/000150.sst 
2026/04/19-18:11:47.596305 1630 [DEBUG] Syncing metadata for: /db_working_home/000144.log
2026/04/19-18:11:47.597247 1630 [DEBUG] DeleteFile: ./db_working_home/000072.sst 
2026/04/19-18:11:47.598134 1630 [Zonestats:time(s),used_cap(MB),reclaimable_cap(MB), avg_reclaimable(%), active(#), active_zones(#), open_zones(#)] 105 802 2013 71 6 6 2
2026/04/19-18:11:47.598178 1630 [DEBUG] DeleteFile: ./db_working_home/000135.sst 
2026/04/19-18:11:47.598995 1630 [Zonestats:time(s),used_cap(MB),reclaimable_cap(MB), avg_reclaimable(%), active(#), active_zones(#), open_zones(#)] 105 783 1904 70 6 6 2
2026/04/19-18:11:47.599028 1630 [DEBUG] DeleteFile: ./db_working_home/000144.log 
2026/04/19-18:11:47.599893 1630 [Zonestats:time(s),used_cap(MB),reclaimable_cap(MB), avg_reclaimable(%), active(#), active_zones(#), open_zones(#)] 105 767 1792 70 5 5 2
2026/04/19-18:11:47.600081 1630 [DEBUG] New writable file: /db_working_home/000154.sst direct: 1
2026/04/19-18:11:47.603118 1630 Entering Apply Finish Threshold Function
2026/04/19-18:11:47.603128 1630 Finishing zone: Entering Finish()
2026/04/19-18:11:47.606702 1626 [DEBUG] Allocating zone(new=1) start: 0x38000000 wp: 0x38000000 lt: 2 file lt: 2
2026/04/19-18:11:47.606713 1626 [DEBUG] Syncing metadata for: /db_working_home/000152.log
2026/04/19-18:11:47.636647 1628 Zone Garbage Stats: [104 1 0 1 0 5 2 1 1 4 1 0 ]
2026/04/19-18:11:47.636765 1628 Total Garbage Bytes: 16376293 bytes
2026/04/19-18:11:47.817180 1626 [DEBUG] New writable file: /db_working_home/000155.log direct: 0
2026/04/19-18:11:48.636970 1628 Zone Garbage Stats: [104 1 0 1 0 5 2 1 1 4 1 0 ]
2026/04/19-18:11:48.636982 1628 Total Garbage Bytes: 16376293 bytes
2026/04/19-18:11:48.902001 1629 [DEBUG] Allocating zone(new=1) start: 0x48000000 wp: 0x48000000 lt: 3 file lt: 3
2026/04/19-18:11:48.902016 1629 [Zonestats:time(s),used_cap(MB),reclaimable_cap(MB), avg_reclaimable(%), active(#), active_zones(#), open_zones(#)] 106 782 1905 70 5 6 4
2026/04/19-18:11:48.902024 1629 [DEBUG] Syncing metadata for: /db_working_home/000153.sst
2026/04/19-18:11:48.942175 1629 [DEBUG] Syncing metadata for: /db_working_home/000153.sst
2026/04/19-18:11:48.942750 1629 [DEBUG] Syncing metadata for: /db_working_home/000153.sst
2026/04/19-18:11:48.943843 1629 [DEBUG] GetFileSize: /db_working_home/000153.sst 
2026/04/19-18:11:48.945246 1629 [DEBUG] New random access file: /db_working_home/000151.sst direct: 1
2026/04/19-18:11:48.945705 1629 [DEBUG] GetFileSize: /db_working_home/000151.sst 
2026/04/19-18:11:48.945894 1629 [DEBUG] New random access file: /db_working_home/000153.sst direct: 1
2026/04/19-18:11:48.946260 1629 [DEBUG] GetFileSize: /db_working_home/000153.sst 
2026/04/19-18:11:48.947137 1629 [DEBUG] Syncing metadata for: /db_working_home/MANIFEST-000005
2026/04/19-18:11:48.954395 1629 [DEBUG] New writable file: /db_working_home/000156.sst direct: 1
2026/04/19-18:11:48.957363 1629 Entering Apply Finish Threshold Function
2026/04/19-18:11:48.957389 1629 [DEBUG] Allocating zone(new=1) start: 0xa0000000 wp: 0xa0000000 lt: 5 file lt: 5
2026/04/19-18:11:48.957396 1629 [Zonestats:time(s),used_cap(MB),reclaimable_cap(MB), avg_reclaimable(%), active(#), active_zones(#), open_zones(#)] 106 786 2029 72 6 7 4
2026/04/19-18:11:48.957402 1629 [DEBUG] Syncing metadata for: /db_working_home/000156.sst
2026/04/19-18:11:49.637172 1628 Zone Garbage Stats: [102 2 0 1 0 5 2 2 1 4 1 0 ]
2026/04/19-18:11:49.637188 1628 Total Garbage Bytes: 16376666 bytes
2026/04/19-18:11:49.916324 1630 [DEBUG] Allocating zone(new=1) start: 0xc0000000 wp: 0xc0000000 lt: 3 file lt: 3
2026/04/19-18:11:49.916342 1630 [Zonestats:time(s),used_cap(MB),reclaimable_cap(MB), avg_reclaimable(%), active(#), active_zones(#), open_zones(#)] 107 786 2029 72 6 7 5
2026/04/19-18:11:49.916352 1630 [DEBUG] Syncing metadata for: /db_working_home/000154.sst
2026/04/19-18:11:50.123998 1630 [DEBUG] Syncing metadata for: /db_working_home/000154.sst
2026/04/19-18:11:50.131148 1630 [DEBUG] Syncing metadata for: /db_working_home/000154.sst
2026/04/19-18:11:50.131824 1630 [DEBUG] New random access file: /db_working_home/000154.sst direct: 1
2026/04/19-18:11:50.132008 1630 [DEBUG] GetFileSize: /db_working_home/000154.sst 
2026/04/19-18:11:50.140776 1630 [DEBUG] Syncing metadata for: /db_working_home/MANIFEST-000005
2026/04/19-18:11:50.141516 1630 [DEBUG] GetFileSize: /db_working_home/000154.sst 
2026/04/19-18:11:50.147327 1630 [DEBUG] Syncing metadata for: /db_working_home/000148.log
2026/04/19-18:11:50.155136 1630 [DEBUG] DeleteFile: ./db_working_home/000138.sst 
2026/04/19-18:11:50.155834 1630 [Zonestats:time(s),used_cap(MB),reclaimable_cap(MB), avg_reclaimable(%), active(#), active_zones(#), open_zones(#)] 108 786 2029 72 7 7 3
2026/04/19-18:11:50.155880 1630 [DEBUG] DeleteFile: ./db_working_home/000143.sst 
2026/04/19-18:11:50.156598 1630 [Zonestats:time(s),used_cap(MB),reclaimable_cap(MB), avg_reclaimable(%), active(#), active_zones(#), open_zones(#)] 108 771 1916 71 7 7 3
2026/04/19-18:11:50.156632 1630 [DEBUG] DeleteFile: ./db_working_home/000147.sst 
2026/04/19-18:11:50.164309 1630 [Zonestats:time(s),used_cap(MB),reclaimable_cap(MB), avg_reclaimable(%), active(#), active_zones(#), open_zones(#)] 108 756 1803 70 7 7 3
2026/04/19-18:11:50.164360 1630 [DEBUG] DeleteFile: ./db_working_home/000148.log 
2026/04/19-18:11:50.164940 1630 [Zonestats:time(s),used_cap(MB),reclaimable_cap(MB), avg_reclaimable(%), active(#), active_zones(#), open_zones(#)] 108 740 1819 71 7 7 3
2026/04/19-18:11:50.165158 1630 [DEBUG] New writable file: /db_working_home/000157.sst direct: 1
2026/04/19-18:11:50.170599 1629 [DEBUG] Syncing metadata for: /db_working_home/000156.sst
2026/04/19-18:11:50.170987 1630 Entering Apply Finish Threshold Function
2026/04/19-18:11:50.170997 1630 Finishing zone: Entering Finish()
2026/04/19-18:11:50.171190 1629 [DEBUG] Syncing metadata for: /db_working_home/000156.sst
2026/04/19-18:11:50.172238 1629 [DEBUG] GetFileSize: /db_working_home/000156.sst 
2026/04/19-18:11:50.172501 1626 [DEBUG] Allocating zone(new=0) start: 0xc0000000 wp: 0xc0f71600 lt: 3 file lt: 2
2026/04/19-18:11:50.172513 1626 [DEBUG] Syncing metadata for: /db_working_home/000155.log
2026/04/19-18:11:50.173483 1629 [DEBUG] New random access file: /db_working_home/000156.sst direct: 1
2026/04/19-18:11:50.181330 1629 [DEBUG] GetFileSize: /db_working_home/000156.sst 
2026/04/19-18:11:50.182666 1629 [DEBUG] Syncing metadata for: /db_working_home/MANIFEST-000005
2026/04/19-18:11:50.197213 1629 [DEBUG] New writable file: /db_working_home/000158.sst direct: 1
2026/04/19-18:11:50.200297 1629 Entering Apply Finish Threshold Function
2026/04/19-18:11:50.200308 1629 Finishing zone: Entering Finish()
2026/04/19-18:11:50.380877 1626 [DEBUG] New writable file: /db_working_home/000159.log direct: 0
2026/04/19-18:11:50.633800 1629 [DEBUG] Allocating zone(new=1) start: 0x68000000 wp: 0x68000000 lt: 5 file lt: 5
2026/04/19-18:11:50.633814 1629 [Zonestats:time(s),used_cap(MB),reclaimable_cap(MB), avg_reclaimable(%), active(#), active_zones(#), open_zones(#)] 108 859 1828 68 6 7 4
2026/04/19-18:11:50.633824 1629 [DEBUG] Syncing metadata for: /db_working_home/000158.sst
2026/04/19-18:11:50.637373 1628 Zone Garbage Stats: [103 2 1 1 0 5 2 2 1 2 1 0 ]
2026/04/19-18:11:50.637386 1628 Total Garbage Bytes: 16376458 bytes
2026/04/19-18:11:51.322004 1629 [DEBUG] Syncing metadata for: /db_working_home/000158.sst
2026/04/19-18:11:51.322876 1629 [DEBUG] Syncing metadata for: /db_working_home/000158.sst
2026/04/19-18:11:51.323946 1629 [DEBUG] GetFileSize: /db_working_home/000158.sst 
2026/04/19-18:11:51.323990 1629 [DEBUG] New writable file: /db_working_home/000160.sst direct: 1
2026/04/19-18:11:51.330303 1629 Entering Apply Finish Threshold Function
2026/04/19-18:11:51.330315 1629 Finishing zone: Entering Finish()
2026/04/19-18:11:51.637579 1628 Zone Garbage Stats: [103 2 1 1 0 5 2 2 1 2 1 0 ]
2026/04/19-18:11:51.637592 1628 Total Garbage Bytes: 16376458 bytes
2026/04/19-18:11:51.969552 1630 [DEBUG] Allocating zone(new=1) start: 0x88000000 wp: 0x88000000 lt: 3 file lt: 3
2026/04/19-18:11:51.969567 1630 [Zonestats:time(s),used_cap(MB),reclaimable_cap(MB), avg_reclaimable(%), active(#), active_zones(#), open_zones(#)] 109 923 1892 67 6 7 4
2026/04/19-18:11:51.969576 1630 [DEBUG] Syncing metadata for: /db_working_home/000157.sst
2026/04/19-18:11:52.117625 1630 [DEBUG] Syncing metadata for: /db_working_home/000157.sst
2026/04/19-18:11:52.118219 1630 [DEBUG] Syncing metadata for: /db_working_home/000157.sst
2026/04/19-18:11:52.119226 1630 [DEBUG] New random access file: /db_working_home/000157.sst direct: 1
2026/04/19-18:11:52.119410 1630 [DEBUG] GetFileSize: /db_working_home/000157.sst 
2026/04/19-18:11:52.123043 1630 [DEBUG] Syncing metadata for: /db_working_home/MANIFEST-000005
2026/04/19-18:11:52.123737 1630 [DEBUG] GetFileSize: /db_working_home/000157.sst 
2026/04/19-18:11:52.129155 1630 [DEBUG] Syncing metadata for: /db_working_home/000152.log
2026/04/19-18:11:52.130111 1630 [DEBUG] DeleteFile: ./db_working_home/000096.sst 
2026/04/19-18:11:52.130973 1630 [Zonestats:time(s),used_cap(MB),reclaimable_cap(MB), avg_reclaimable(%), active(#), active_zones(#), open_zones(#)] 110 895 1920 68 7 7 2
2026/04/19-18:11:52.131016 1630 [DEBUG] DeleteFile: ./db_working_home/000145.sst 
2026/04/19-18:11:52.131834 1630 [Zonestats:time(s),used_cap(MB),reclaimable_cap(MB), avg_reclaimable(%), active(#), active_zones(#), open_zones(#)] 110 835 1852 68 7 7 2
2026/04/19-18:11:52.131868 1630 [DEBUG] DeleteFile: ./db_working_home/000152.log 
2026/04/19-18:11:52.132746 1630 [Zonestats:time(s),used_cap(MB),reclaimable_cap(MB), avg_reclaimable(%), active(#), active_zones(#), open_zones(#)] 110 819 1740 67 6 6 2
2026/04/19-18:11:52.132942 1630 [DEBUG] New writable file: /db_working_home/000161.sst direct: 1
2026/04/19-18:11:52.136077 1630 Entering Apply Finish Threshold Function
2026/04/19-18:11:52.136088 1630 Finishing zone: Entering Finish()
2026/04/19-18:11:52.139439 1626 [DEBUG] Allocating zone(new=0) start: 0x48000000 wp: 0x48390c00 lt: 3 file lt: 2
2026/04/19-18:11:52.139450 1626 [DEBUG] Syncing metadata for: /db_working_home/000159.log
2026/04/19-18:11:52.335578 1626 [DEBUG] New writable file: /db_working_home/000162.log direct: 0
2026/04/19-18:11:52.444911 1629 [DEBUG] Allocating zone(new=1) start: 0x38000000 wp: 0x38000000 lt: 5 file lt: 5
2026/04/19-18:11:52.444926 1629 [Zonestats:time(s),used_cap(MB),reclaimable_cap(MB), avg_reclaimable(%), active(#), active_zones(#), open_zones(#)] 110 834 1725 67 5 6 4
2026/04/19-18:11:52.444934 1629 [DEBUG] Syncing metadata for: /db_working_home/000160.sst
2026/04/19-18:11:52.637797 1628 Zone Garbage Stats: [104 1 1 1 0 6 1 1 1 2 2 0 ]
2026/04/19-18:11:52.637893 1628 Total Garbage Bytes: 49116223 bytes
2026/04/19-18:11:53.136920 1629 [DEBUG] Syncing metadata for: /db_working_home/000160.sst
2026/04/19-18:11:53.137763 1629 [DEBUG] Syncing metadata for: /db_working_home/000160.sst
2026/04/19-18:11:53.140144 1629 [DEBUG] GetFileSize: /db_working_home/000160.sst 
2026/04/19-18:11:53.140206 1629 [DEBUG] New writable file: /db_working_home/000163.sst direct: 1
2026/04/19-18:11:53.143584 1629 Entering Apply Finish Threshold Function
2026/04/19-18:11:53.143595 1629 Finishing zone: Entering Finish()
2026/04/19-18:11:53.638160 1628 Zone Garbage Stats: [104 1 1 1 0 6 1 1 1 2 2 0 ]
2026/04/19-18:11:53.638181 1628 Total Garbage Bytes: 49116223 bytes
2026/04/19-18:11:54.064765 1629 [DEBUG] Allocating zone(new=1) start: 0x60000000 wp: 0x60000000 lt: 5 file lt: 5
2026/04/19-18:11:54.064786 1629 [Zonestats:time(s),used_cap(MB),reclaimable_cap(MB), avg_reclaimable(%), active(#), active_zones(#), open_zones(#)] 112 899 1788 66 5 6 4
2026/04/19-18:11:54.064801 1629 [DEBUG] Syncing metadata for: /db_working_home/000163.sst
2026/04/19-18:11:54.497296 1629 [DEBUG] Syncing metadata for: /db_working_home/000163.sst
2026/04/19-18:11:54.497890 1629 [DEBUG] Syncing metadata for: /db_working_home/000163.sst
2026/04/19-18:11:54.499001 1629 [DEBUG] GetFileSize: /db_working_home/000163.sst 
2026/04/19-18:11:54.500501 1629 [DEBUG] New random access file: /db_working_home/000158.sst direct: 1
2026/04/19-18:11:54.500911 1629 [DEBUG] GetFileSize: /db_working_home/000158.sst 
2026/04/19-18:11:54.501246 1629 [DEBUG] New random access file: /db_working_home/000160.sst direct: 1
2026/04/19-18:11:54.501554 1629 [DEBUG] GetFileSize: /db_working_home/000160.sst 
2026/04/19-18:11:54.501716 1629 [DEBUG] New random access file: /db_working_home/000163.sst direct: 1
2026/04/19-18:11:54.502168 1629 [DEBUG] GetFileSize: /db_working_home/000163.sst 
2026/04/19-18:11:54.503614 1629 [DEBUG] Syncing metadata for: /db_working_home/MANIFEST-000005
2026/04/19-18:11:54.516351 1629 [DEBUG] New writable file: /db_working_home/000164.sst direct: 1
2026/04/19-18:11:54.519741 1630 [DEBUG] Allocating zone(new=0) start: 0x60000000 wp: 0x62853600 lt: 5 file lt: 3
2026/04/19-18:11:54.519756 1630 [Zonestats:time(s),used_cap(MB),reclaimable_cap(MB), avg_reclaimable(%), active(#), active_zones(#), open_zones(#)] 112 939 1876 66 5 5 4
2026/04/19-18:11:54.519765 1630 [DEBUG] Syncing metadata for: /db_working_home/000161.sst
2026/04/19-18:11:54.521220 1629 Entering Apply Finish Threshold Function
2026/04/19-18:11:54.521247 1629 [DEBUG] Allocating zone(new=1) start: 0x90000000 wp: 0x90000000 lt: 3 file lt: 3
2026/04/19-18:11:54.521254 1629 [Zonestats:time(s),used_cap(MB),reclaimable_cap(MB), avg_reclaimable(%), active(#), active_zones(#), open_zones(#)] 112 939 1876 66 5 6 5
2026/04/19-18:11:54.521261 1629 [DEBUG] Syncing metadata for: /db_working_home/000164.sst
2026/04/19-18:11:54.638392 1628 Zone Garbage Stats: [102 1 1 1 0 7 1 1 1 3 2 0 ]
2026/04/19-18:11:54.638407 1628 Total Garbage Bytes: 49116757 bytes
2026/04/19-18:11:54.688520 1630 [DEBUG] Syncing metadata for: /db_working_home/000161.sst
2026/04/19-18:11:54.692130 1630 [DEBUG] Syncing metadata for: /db_working_home/000161.sst
2026/04/19-18:11:54.696592 1630 [DEBUG] New random access file: /db_working_home/000161.sst direct: 1
2026/04/19-18:11:54.696824 1630 [DEBUG] GetFileSize: /db_working_home/000161.sst 
2026/04/19-18:11:54.700066 1630 [DEBUG] Syncing metadata for: /db_working_home/MANIFEST-000005
2026/04/19-18:11:54.700761 1630 [DEBUG] GetFileSize: /db_working_home/000161.sst 
2026/04/19-18:11:54.705572 1630 [DEBUG] Syncing metadata for: /db_working_home/000155.log
2026/04/19-18:11:54.709809 1630 [DEBUG] DeleteFile: ./db_working_home/000073.sst 
2026/04/19-18:11:54.713939 1630 [Zonestats:time(s),used_cap(MB),reclaimable_cap(MB), avg_reclaimable(%), active(#), active_zones(#), open_zones(#)] 112 891 1796 66 6 6 3
2026/04/19-18:11:54.713991 1630 [DEBUG] DeleteFile: ./db_working_home/000155.log 
2026/04/19-18:11:54.714569 1630 [Zonestats:time(s),used_cap(MB),reclaimable_cap(MB), avg_reclaimable(%), active(#), active_zones(#), open_zones(#)] 112 875 1812 67 6 6 3
2026/04/19-18:11:54.714601 1630 [DEBUG] DeleteFile: ./db_working_home/000156.sst 
2026/04/19-18:11:54.715261 1630 [Zonestats:time(s),used_cap(MB),reclaimable_cap(MB), avg_reclaimable(%), active(#), active_zones(#), open_zones(#)] 112 771 1788 69 6 6 3
2026/04/19-18:11:54.715551 1630 [DEBUG] New writable file: /db_working_home/000165.sst direct: 1
2026/04/19-18:11:54.722559 1630 Entering Apply Finish Threshold Function
2026/04/19-18:11:54.722571 1630 Finishing zone: Entering Finish()
2026/04/19-18:11:54.722594 1626 [DEBUG] Allocating zone(new=0) start: 0xc0000000 wp: 0xc1f0da00 lt: 3 file lt: 2
2026/04/19-18:11:54.722605 1626 [DEBUG] Syncing metadata for: /db_working_home/000162.log
2026/04/19-18:11:55.025405 1626 [DEBUG] New writable file: /db_working_home/000166.log direct: 0
2026/04/19-18:11:55.638673 1628 Zone Garbage Stats: [104 1 0 1 0 6 1 1 1 3 2 0 ]
2026/04/19-18:11:55.638697 1628 Total Garbage Bytes: 49116131 bytes
2026/04/19-18:11:55.694451 1629 [DEBUG] Syncing metadata for: /db_working_home/000164.sst
2026/04/19-18:11:55.695027 1629 [DEBUG] Syncing metadata for: /db_working_home/000164.sst
2026/04/19-18:11:55.696145 1629 [DEBUG] GetFileSize: /db_working_home/000164.sst 
2026/04/19-18:11:55.696189 1629 [DEBUG] New writable file: /db_working_home/000167.sst direct: 1
2026/04/19-18:11:55.699311 1629 Entering Apply Finish Threshold Function
2026/04/19-18:11:55.699321 1629 Finishing zone: Entering Finish()
2026/04/19-18:11:56.310539 1629 [DEBUG] Allocating zone(new=1) start: 0x28000000 wp: 0x28000000 lt: 3 file lt: 3
2026/04/19-18:11:56.310554 1629 [Zonestats:time(s),used_cap(MB),reclaimable_cap(MB), avg_reclaimable(%), active(#), active_zones(#), open_zones(#)] 114 871 1816 67 5 6 4
2026/04/19-18:11:56.310563 1629 [DEBUG] Syncing metadata for: /db_working_home/000167.sst
2026/04/19-18:11:56.322516 1630 [DEBUG] Allocating zone(new=1) start: 0xa0000000 wp: 0xa0000000 lt: 3 file lt: 3
2026/04/19-18:11:56.322530 1630 [Zonestats:time(s),used_cap(MB),reclaimable_cap(MB), avg_reclaimable(%), active(#), active_zones(#), open_zones(#)] 114 871 1816 67 5 6 5
2026/04/19-18:11:56.322539 1630 [DEBUG] Syncing metadata for: /db_working_home/000165.sst
2026/04/19-18:11:56.447817 1629 [DEBUG] Syncing metadata for: /db_working_home/000167.sst
2026/04/19-18:11:56.448395 1629 [DEBUG] Syncing metadata for: /db_working_home/000167.sst
2026/04/19-18:11:56.449237 1629 [DEBUG] GetFileSize: /db_working_home/000167.sst 
2026/04/19-18:11:56.450784 1629 [DEBUG] New random access file: /db_working_home/000164.sst direct: 1
2026/04/19-18:11:56.456461 1629 [DEBUG] GetFileSize: /db_working_home/000164.sst 
2026/04/19-18:11:56.456765 1629 [DEBUG] New random access file: /db_working_home/000167.sst direct: 1
2026/04/19-18:11:56.456952 1629 [DEBUG] GetFileSize: /db_working_home/000167.sst 
2026/04/19-18:11:56.457833 1629 [DEBUG] Syncing metadata for: /db_working_home/MANIFEST-000005
2026/04/19-18:11:56.465694 1629 [DEBUG] Syncing metadata for: /db_working_home/MANIFEST-000005
2026/04/19-18:11:56.467092 1629 [DEBUG] Syncing metadata for: /db_working_home/MANIFEST-000005
2026/04/19-18:11:56.486682 1629 [DEBUG] New writable file: /db_working_home/000168.sst direct: 1
2026/04/19-18:11:56.496550 1629 Entering Apply Finish Threshold Function
2026/04/19-18:11:56.496578 1629 [DEBUG] Allocating zone(new=1) start: 0xc8000000 wp: 0xc8000000 lt: 5 file lt: 5
2026/04/19-18:11:56.496585 1629 [Zonestats:time(s),used_cap(MB),reclaimable_cap(MB), avg_reclaimable(%), active(#), active_zones(#), open_zones(#)] 114 878 1937 68 6 7 5
2026/04/19-18:11:56.496592 1629 [DEBUG] Syncing metadata for: /db_working_home/000168.sst
2026/04/19-18:11:56.498821 1630 [DEBUG] Syncing metadata for: /db_working_home/000165.sst
2026/04/19-18:11:56.499397 1630 [DEBUG] Syncing metadata for: /db_working_home/000165.sst
2026/04/19-18:11:56.510235 1630 [DEBUG] New random access file: /db_working_home/000165.sst direct: 1
2026/04/19-18:11:56.510423 1630 [DEBUG] GetFileSize: /db_working_home/000165.sst 
2026/04/19-18:11:56.514322 1630 [DEBUG] Syncing metadata for: /db_working_home/MANIFEST-000005
2026/04/19-18:11:56.521888 1630 [DEBUG] GetFileSize: /db_working_home/000165.sst 
2026/04/19-18:11:56.526690 1630 [DEBUG] Syncing metadata for: /db_working_home/000159.log
2026/04/19-18:11:56.534573 1630 [DEBUG] DeleteFile: ./db_working_home/000150.sst 
2026/04/19-18:11:56.535281 1630 [Zonestats:time(s),used_cap(MB),reclaimable_cap(MB), avg_reclaimable(%), active(#), active_zones(#), open_zones(#)] 114 879 1936 68 7 7 3
2026/04/19-18:11:56.535326 1630 [DEBUG] DeleteFile: ./db_working_home/000151.sst 
2026/04/19-18:11:56.535971 1630 [Zonestats:time(s),used_cap(MB),reclaimable_cap(MB), avg_reclaimable(%), active(#), active_zones(#), open_zones(#)] 114 836 1851 68 7 7 3
2026/04/19-18:11:56.536005 1630 [DEBUG] DeleteFile: ./db_working_home/000153.sst 
2026/04/19-18:11:56.543634 1630 [Zonestats:time(s),used_cap(MB),reclaimable_cap(MB), avg_reclaimable(%), active(#), active_zones(#), open_zones(#)] 114 833 1854 69 7 7 3
2026/04/19-18:11:56.543688 1630 [DEBUG] DeleteFile: ./db_working_home/000154.sst 
2026/04/19-18:11:56.545449 1630 [Zonestats:time(s),used_cap(MB),reclaimable_cap(MB), avg_reclaimable(%), active(#), active_zones(#), open_zones(#)] 114 817 1870 69 7 7 3
2026/04/19-18:11:56.545501 1630 [DEBUG] DeleteFile: ./db_working_home/000157.sst 
2026/04/19-18:11:56.546360 1630 [Zonestats:time(s),used_cap(MB),reclaimable_cap(MB), avg_reclaimable(%), active(#), active_zones(#), open_zones(#)] 114 802 1757 68 7 7 3
2026/04/19-18:11:56.546395 1630 [DEBUG] DeleteFile: ./db_working_home/000159.log 
2026/04/19-18:11:56.547049 1630 [Zonestats:time(s),used_cap(MB),reclaimable_cap(MB), avg_reclaimable(%), active(#), active_zones(#), open_zones(#)] 114 786 1645 67 6 6 3
2026/04/19-18:11:56.547241 1630 [DEBUG] New writable file: /db_working_home/000169.sst direct: 1
2026/04/19-18:11:56.549867 1630 Entering Apply Finish Threshold Function
2026/04/19-18:11:56.549877 1630 Finishing zone: Entering Finish()
2026/04/19-18:11:56.553731 1626 [DEBUG] Allocating zone(new=0) start: 0x28000000 wp: 0x2870ba00 lt: 3 file lt: 2
2026/04/19-18:11:56.553743 1626 [DEBUG] Syncing metadata for: /db_working_home/000166.log
2026/04/19-18:11:56.638884 1628 Zone Garbage Stats: [105 1 0 1 1 6 2 0 1 1 2 0 ]
2026/04/19-18:11:56.638900 1628 Total Garbage Bytes: 49116543 bytes
2026/04/19-18:11:56.938142 1626 [DEBUG] New writable file: /db_working_home/000170.log direct: 0
2026/04/19-18:11:57.639022 1628 Zone Garbage Stats: [105 1 0 1 1 6 2 0 1 1 2 0 ]
2026/04/19-18:11:57.639156 1628 Total Garbage Bytes: 49116543 bytes
2026/04/19-18:11:57.965461 1629 Entering Apply Finish Threshold Function
2026/04/19-18:11:57.965492 1629 [DEBUG] Allocating zone(new=1) start: 0x48000000 wp: 0x48000000 lt: 5 file lt: 5
2026/04/19-18:11:57.965500 1629 [Zonestats:time(s),used_cap(MB),reclaimable_cap(MB), avg_reclaimable(%), active(#), active_zones(#), open_zones(#)] 115 929 1630 63 5 6 4
2026/04/19-18:11:57.965507 1629 [DEBUG] Syncing metadata for: /db_working_home/000168.sst
2026/04/19-18:11:57.970783 1629 [DEBUG] Syncing metadata for: /db_working_home/000168.sst
2026/04/19-18:11:57.971515 1629 [DEBUG] Syncing metadata for: /db_working_home/000168.sst
2026/04/19-18:11:57.972575 1629 [DEBUG] GetFileSize: /db_working_home/000168.sst 
2026/04/19-18:11:57.972623 1629 [DEBUG] New writable file: /db_working_home/000171.sst direct: 1
2026/04/19-18:11:57.975444 1629 Entering Apply Finish Threshold Function
2026/04/19-18:11:57.975469 1629 [DEBUG] Allocating zone(new=1) start: 0x78000000 wp: 0x78000000 lt: 5 file lt: 5
2026/04/19-18:11:57.975476 1629 [Zonestats:time(s),used_cap(MB),reclaimable_cap(MB), avg_reclaimable(%), active(#), active_zones(#), open_zones(#)] 115 929 1758 65 6 7 4
2026/04/19-18:11:57.975483 1629 [DEBUG] Syncing metadata for: /db_working_home/000171.sst
2026/04/19-18:11:58.188549 1629 [DEBUG] Syncing metadata for: /db_working_home/000171.sst
2026/04/19-18:11:58.189147 1629 [DEBUG] Syncing metadata for: /db_working_home/000171.sst
2026/04/19-18:11:58.190209 1629 [DEBUG] GetFileSize: /db_working_home/000171.sst 
2026/04/19-18:11:58.191389 1629 [DEBUG] New random access file: /db_working_home/000168.sst direct: 1
2026/04/19-18:11:58.191723 1629 [DEBUG] GetFileSize: /db_working_home/000168.sst 
2026/04/19-18:11:58.191925 1629 [DEBUG] New random access file: /db_working_home/000171.sst direct: 1
2026/04/19-18:11:58.192270 1629 [DEBUG] GetFileSize: /db_working_home/000171.sst 
2026/04/19-18:11:58.193175 1629 [DEBUG] Syncing metadata for: /db_working_home/MANIFEST-000005
2026/04/19-18:11:58.199789 1629 [DEBUG] New writable file: /db_working_home/000172.sst direct: 1
2026/04/19-18:11:58.202804 1629 Entering Apply Finish Threshold Function
2026/04/19-18:11:58.202814 1629 Finishing zone: Entering Finish()
2026/04/19-18:11:58.639344 1628 Zone Garbage Stats: [103 3 0 1 1 6 2 0 1 1 2 0 ]
2026/04/19-18:11:58.639358 1628 Total Garbage Bytes: 49116937 bytes
2026/04/19-18:11:59.185052 1630 [DEBUG] Allocating zone(new=0) start: 0x48000000 wp: 0x48024200 lt: 5 file lt: 3
2026/04/19-18:11:59.185066 1630 [Zonestats:time(s),used_cap(MB),reclaimable_cap(MB), avg_reclaimable(%), active(#), active_zones(#), open_zones(#)] 117 948 1867 66 6 6 4
2026/04/19-18:11:59.185076 1630 [DEBUG] Syncing metadata for: /db_working_home/000169.sst
2026/04/19-18:11:59.326744 1630 [DEBUG] Syncing metadata for: /db_working_home/000169.sst
2026/04/19-18:11:59.327316 1630 [DEBUG] Syncing metadata for: /db_working_home/000169.sst
2026/04/19-18:11:59.328102 1630 [DEBUG] New random access file: /db_working_home/000169.sst direct: 1
2026/04/19-18:11:59.328360 1630 [DEBUG] GetFileSize: /db_working_home/000169.sst 
2026/04/19-18:11:59.330915 1630 [DEBUG] Syncing metadata for: /db_working_home/MANIFEST-000005
2026/04/19-18:11:59.331551 1630 [DEBUG] GetFileSize: /db_working_home/000169.sst 
2026/04/19-18:11:59.337016 1630 [DEBUG] Syncing metadata for: /db_working_home/000162.log
2026/04/19-18:11:59.337947 1630 [DEBUG] DeleteFile: ./db_working_home/000146.sst 
2026/04/19-18:11:59.338792 1630 [Zonestats:time(s),used_cap(MB),reclaimable_cap(MB), avg_reclaimable(%), active(#), active_zones(#), open_zones(#)] 117 903 1784 66 6 6 2
2026/04/19-18:11:59.338834 1630 [DEBUG] DeleteFile: ./db_working_home/000162.log 
2026/04/19-18:11:59.339682 1630 [Zonestats:time(s),used_cap(MB),reclaimable_cap(MB), avg_reclaimable(%), active(#), active_zones(#), open_zones(#)] 117 887 1672 65 5 5 2
2026/04/19-18:11:59.339704 1630 [DEBUG] DeleteFile: ./db_working_home/000164.sst 
2026/04/19-18:11:59.340570 1630 [Zonestats:time(s),used_cap(MB),reclaimable_cap(MB), avg_reclaimable(%), active(#), active_zones(#), open_zones(#)] 117 802 1629 67 5 5 2
2026/04/19-18:11:59.340757 1630 [DEBUG] New writable file: /db_working_home/000173.sst direct: 1
2026/04/19-18:11:59.343388 1630 Entering Apply Finish Threshold Function
2026/04/19-18:11:59.343397 1630 Finishing zone: Entering Finish()
2026/04/19-18:11:59.349965 1626 [DEBUG] Allocating zone(new=1) start: 0x58000000 wp: 0x58000000 lt: 2 file lt: 2
2026/04/19-18:11:59.349975 1626 [DEBUG] Syncing metadata for: /db_working_home/000170.log
2026/04/19-18:11:59.573449 1626 [DEBUG] New writable file: /db_working_home/000174.log direct: 0
2026/04/19-18:11:59.639542 1628 Zone Garbage Stats: [105 2 0 1 0 6 1 0 1 2 2 0 ]
2026/04/19-18:11:59.639554 1628 Total Garbage Bytes: 49116333 bytes
2026/04/19-18:11:59.976624 1629 [DEBUG] Allocating zone(new=1) start: 0x88000000 wp: 0x88000000 lt: 5 file lt: 5
2026/04/19-18:11:59.976638 1629 [Zonestats:time(s),used_cap(MB),reclaimable_cap(MB), avg_reclaimable(%), active(#), active_zones(#), open_zones(#)] 117 817 1742 68 5 6 4
2026/04/19-18:11:59.976649 1629 [DEBUG] Syncing metadata for: /db_working_home/000172.sst
2026/04/19-18:12:00.639744 1628 Zone Garbage Stats: [104 2 0 1 0 6 1 0 1 3 2 0 ]
2026/04/19-18:12:00.639761 1628 Total Garbage Bytes: 49116744 bytes
2026/04/19-18:12:00.773146 1629 [DEBUG] Syncing metadata for: /db_working_home/000172.sst
2026/04/19-18:12:00.773722 1629 [DEBUG] Syncing metadata for: /db_working_home/000172.sst
2026/04/19-18:12:00.774797 1629 [DEBUG] GetFileSize: /db_working_home/000172.sst 
2026/04/19-18:12:00.774831 1629 [DEBUG] New writable file: /db_working_home/000175.sst direct: 1
2026/04/19-18:12:00.777717 1629 Entering Apply Finish Threshold Function
2026/04/19-18:12:00.777728 1629 Finishing zone: Entering Finish()
2026/04/19-18:12:01.540392 1630 [DEBUG] Allocating zone(new=1) start: 0x90000000 wp: 0x90000000 lt: 3 file lt: 3
2026/04/19-18:12:01.540407 1630 [Zonestats:time(s),used_cap(MB),reclaimable_cap(MB), avg_reclaimable(%), active(#), active_zones(#), open_zones(#)] 119 891 1796 66 5 6 4
2026/04/19-18:12:01.540416 1630 [DEBUG] Syncing metadata for: /db_working_home/000173.sst
2026/04/19-18:12:01.572142 1629 [DEBUG] Allocating zone(new=1) start: 0xa8000000 wp: 0xa8000000 lt: 5 file lt: 5
2026/04/19-18:12:01.572157 1629 [Zonestats:time(s),used_cap(MB),reclaimable_cap(MB), avg_reclaimable(%), active(#), active_zones(#), open_zones(#)] 119 891 1796 66 5 6 5
2026/04/19-18:12:01.572166 1629 [DEBUG] Syncing metadata for: /db_working_home/000175.sst
2026/04/19-18:12:01.639948 1628 Zone Garbage Stats: [102 2 0 1 0 7 1 0 1 4 2 0 ]
2026/04/19-18:12:01.639963 1628 Total Garbage Bytes: 49117715 bytes
2026/04/19-18:12:01.737448 1630 [DEBUG] Syncing metadata for: /db_working_home/000173.sst
2026/04/19-18:12:01.739749 1630 [DEBUG] Syncing metadata for: /db_working_home/000173.sst
2026/04/19-18:12:01.740559 1630 [DEBUG] New random access file: /db_working_home/000173.sst direct: 1
2026/04/19-18:12:01.747789 1630 [DEBUG] GetFileSize: /db_working_home/000173.sst 
2026/04/19-18:12:01.751322 1630 [DEBUG] Syncing metadata for: /db_working_home/MANIFEST-000005
2026/04/19-18:12:01.752963 1630 [DEBUG] GetFileSize: /db_working_home/000173.sst 
2026/04/19-18:12:01.764440 1630 [DEBUG] Syncing metadata for: /db_working_home/000166.log
2026/04/19-18:12:01.772215 1630 [DEBUG] DeleteFile: ./db_working_home/000166.log 
2026/04/19-18:12:01.772793 1630 [Zonestats:time(s),used_cap(MB),reclaimable_cap(MB), avg_reclaimable(%), active(#), active_zones(#), open_zones(#)] 119 891 1924 68 6 6 3
2026/04/19-18:12:01.772966 1630 [DEBUG] New writable file: /db_working_home/000176.sst direct: 1
2026/04/19-18:12:01.775659 1630 Entering Apply Finish Threshold Function
2026/04/19-18:12:01.775669 1630 Finishing zone: Entering Finish()
2026/04/19-18:12:01.779282 1626 [DEBUG] Allocating zone(new=0) start: 0x90000000 wp: 0x90f71600 lt: 3 file lt: 2
2026/04/19-18:12:01.779293 1626 [DEBUG] Syncing metadata for: /db_working_home/000174.log
2026/04/19-18:12:02.095913 1626 [DEBUG] New writable file: /db_working_home/000177.log direct: 0
2026/04/19-18:12:02.260031 1629 [DEBUG] Syncing metadata for: /db_working_home/000175.sst
2026/04/19-18:12:02.260838 1629 [DEBUG] Syncing metadata for: /db_working_home/000175.sst
2026/04/19-18:12:02.261548 1629 [DEBUG] GetFileSize: /db_working_home/000175.sst 
2026/04/19-18:12:02.261583 1629 [DEBUG] New writable file: /db_working_home/000178.sst direct: 1
2026/04/19-18:12:02.264467 1629 Entering Apply Finish Threshold Function
2026/04/19-18:12:02.264478 1629 Finishing zone: Entering Finish()
2026/04/19-18:12:02.640150 1628 Zone Garbage Stats: [102 2 0 1 0 7 1 0 1 4 2 0 ]
2026/04/19-18:12:02.640246 1628 Total Garbage Bytes: 49117715 bytes
2026/04/19-18:12:03.390296 1629 [DEBUG] Allocating zone(new=1) start: 0xc0000000 wp: 0xc0000000 lt: 5 file lt: 5
2026/04/19-18:12:03.390310 1629 [Zonestats:time(s),used_cap(MB),reclaimable_cap(MB), avg_reclaimable(%), active(#), active_zones(#), open_zones(#)] 121 956 1987 67 5 6 4
2026/04/19-18:12:03.390319 1629 [DEBUG] Syncing metadata for: /db_working_home/000178.sst
2026/04/19-18:12:03.640442 1628 Zone Garbage Stats: [101 2 0 1 0 7 1 1 1 4 2 0 ]
2026/04/19-18:12:03.640458 1628 Total Garbage Bytes: 49118188 bytes
2026/04/19-18:12:03.923762 1629 [DEBUG] Syncing metadata for: /db_working_home/000178.sst
2026/04/19-18:12:03.924565 1629 [DEBUG] Syncing metadata for: /db_working_home/000178.sst
2026/04/19-18:12:03.925641 1629 [DEBUG] GetFileSize: /db_working_home/000178.sst 
2026/04/19-18:12:03.925678 1629 [DEBUG] New writable file: /db_working_home/000179.sst direct: 1
2026/04/19-18:12:03.931466 1629 Entering Apply Finish Threshold Function
2026/04/19-18:12:03.931478 1629 Finishing zone: Entering Finish()
2026/04/19-18:12:03.969054 1630 [DEBUG] Allocating zone(new=1) start: 0xd8000000 wp: 0xd8000000 lt: 3 file lt: 3
2026/04/19-18:12:03.969069 1630 [Zonestats:time(s),used_cap(MB),reclaimable_cap(MB), avg_reclaimable(%), active(#), active_zones(#), open_zones(#)] 121 1006 2065 67 5 6 4
2026/04/19-18:12:03.969078 1630 [DEBUG] Syncing metadata for: /db_working_home/000176.sst
2026/04/19-18:12:04.113517 1630 [DEBUG] Syncing metadata for: /db_working_home/000176.sst
2026/04/19-18:12:04.114097 1630 [DEBUG] Syncing metadata for: /db_working_home/000176.sst
2026/04/19-18:12:04.114885 1630 [DEBUG] New random access file: /db_working_home/000176.sst direct: 1
2026/04/19-18:12:04.115136 1630 [DEBUG] GetFileSize: /db_working_home/000176.sst 
2026/04/19-18:12:04.117213 1630 [DEBUG] Syncing metadata for: /db_working_home/MANIFEST-000005
2026/04/19-18:12:04.117858 1630 [DEBUG] GetFileSize: /db_working_home/000176.sst 
2026/04/19-18:12:04.123242 1630 [DEBUG] Syncing metadata for: /db_working_home/000170.log
2026/04/19-18:12:04.124169 1630 [DEBUG] DeleteFile: ./db_working_home/000170.log 
2026/04/19-18:12:04.125070 1630 [Zonestats:time(s),used_cap(MB),reclaimable_cap(MB), avg_reclaimable(%), active(#), active_zones(#), open_zones(#)] 122 1006 2065 67 5 5 2
2026/04/19-18:12:04.125246 1630 [DEBUG] New writable file: /db_working_home/000180.sst direct: 1
2026/04/19-18:12:04.127855 1630 Entering Apply Finish Threshold Function
2026/04/19-18:12:04.127865 1630 Finishing zone: Entering Finish()
2026/04/19-18:12:04.131513 1626 [DEBUG] Allocating zone(new=1) start: 0x58000000 wp: 0x58000000 lt: 2 file lt: 2
2026/04/19-18:12:04.131522 1626 [DEBUG] Syncing metadata for: /db_working_home/000177.log
2026/04/19-18:12:04.330383 1626 [DEBUG] New writable file: /db_working_home/000181.log direct: 0
2026/04/19-18:12:04.640658 1628 Zone Garbage Stats: [100 2 0 1 0 7 1 1 1 4 3 0 ]
2026/04/19-18:12:04.640671 1628 Total Garbage Bytes: 65489251 bytes
2026/04/19-18:12:05.261404 1629 [DEBUG] Allocating zone(new=1) start: 0xe0000000 wp: 0xe0000000 lt: 5 file lt: 5
2026/04/19-18:12:05.261418 1629 [Zonestats:time(s),used_cap(MB),reclaimable_cap(MB), avg_reclaimable(%), active(#), active_zones(#), open_zones(#)] 123 1021 2178 68 5 6 4
2026/04/19-18:12:05.261427 1629 [DEBUG] Syncing metadata for: /db_working_home/000179.sst
2026/04/19-18:12:05.640861 1628 Zone Garbage Stats: [99 2 0 1 0 7 1 2 1 4 3 0 ]
2026/04/19-18:12:05.640878 1628 Total Garbage Bytes: 65489536 bytes
2026/04/19-18:12:05.794810 1629 [DEBUG] Syncing metadata for: /db_working_home/000179.sst
2026/04/19-18:12:05.795602 1629 [DEBUG] Syncing metadata for: /db_working_home/000179.sst
2026/04/19-18:12:05.796660 1629 [DEBUG] GetFileSize: /db_working_home/000179.sst 
2026/04/19-18:12:05.796697 1629 [DEBUG] New writable file: /db_working_home/000182.sst direct: 1
2026/04/19-18:12:05.799557 1629 Entering Apply Finish Threshold Function
2026/04/19-18:12:05.799568 1629 Finishing zone: Entering Finish()
2026/04/19-18:12:06.167153 1630 [DEBUG] Allocating zone(new=1) start: 0xe8000000 wp: 0xe8000000 lt: 3 file lt: 3
2026/04/19-18:12:06.167167 1630 [Zonestats:time(s),used_cap(MB),reclaimable_cap(MB), avg_reclaimable(%), active(#), active_zones(#), open_zones(#)] 124 1071 2256 67 5 6 4
2026/04/19-18:12:06.167177 1630 [DEBUG] Syncing metadata for: /db_working_home/000180.sst
2026/04/19-18:12:06.308783 1630 [DEBUG] Syncing metadata for: /db_working_home/000180.sst
2026/04/19-18:12:06.309362 1630 [DEBUG] Syncing metadata for: /db_working_home/000180.sst
2026/04/19-18:12:06.310349 1630 [DEBUG] New random access file: /db_working_home/000180.sst direct: 1
2026/04/19-18:12:06.310530 1630 [DEBUG] GetFileSize: /db_working_home/000180.sst 
2026/04/19-18:12:06.313141 1630 [DEBUG] Syncing metadata for: /db_working_home/MANIFEST-000005
2026/04/19-18:12:06.313801 1630 [DEBUG] GetFileSize: /db_working_home/000180.sst 
2026/04/19-18:12:06.319179 1630 [DEBUG] Syncing metadata for: /db_working_home/000174.log
2026/04/19-18:12:06.320100 1630 [DEBUG] DeleteFile: ./db_working_home/000174.log 
2026/04/19-18:12:06.320670 1630 [Zonestats:time(s),used_cap(MB),reclaimable_cap(MB), avg_reclaimable(%), active(#), active_zones(#), open_zones(#)] 124 1071 2384 68 6 6 2
2026/04/19-18:12:06.320819 1630 [DEBUG] New writable file: /db_working_home/000183.sst direct: 1
2026/04/19-18:12:06.323575 1630 Entering Apply Finish Threshold Function
2026/04/19-18:12:06.323586 1630 Finishing zone: Entering Finish()
2026/04/19-18:12:06.327266 1626 [DEBUG] Allocating zone(new=0) start: 0xe8000000 wp: 0xe8f70a00 lt: 3 file lt: 2
2026/04/19-18:12:06.327277 1626 [DEBUG] Syncing metadata for: /db_working_home/000181.log
2026/04/19-18:12:06.551327 1626 [DEBUG] New writable file: /db_working_home/000184.log direct: 0
2026/04/19-18:12:06.641063 1628 Zone Garbage Stats: [98 2 0 1 0 7 1 2 1 5 3 0 ]
2026/04/19-18:12:06.641076 1628 Total Garbage Bytes: 65489812 bytes
2026/04/19-18:12:07.121083 1629 [DEBUG] Allocating zone(new=1) start: 0xf0000000 wp: 0xf0000000 lt: 5 file lt: 5
2026/04/19-18:12:07.121097 1629 [Zonestats:time(s),used_cap(MB),reclaimable_cap(MB), avg_reclaimable(%), active(#), active_zones(#), open_zones(#)] 125 1086 2369 68 5 6 4
2026/04/19-18:12:07.121106 1629 [DEBUG] Syncing metadata for: /db_working_home/000182.sst
2026/04/19-18:12:07.284033 1629 [DEBUG] Syncing metadata for: /db_working_home/000182.sst
2026/04/19-18:12:07.284818 1629 [DEBUG] Syncing metadata for: /db_working_home/000182.sst
2026/04/19-18:12:07.285877 1629 [DEBUG] GetFileSize: /db_working_home/000182.sst 
2026/04/19-18:12:07.287286 1629 [DEBUG] New random access file: /db_working_home/000172.sst direct: 1
2026/04/19-18:12:07.287839 1629 [DEBUG] GetFileSize: /db_working_home/000172.sst 
2026/04/19-18:12:07.288022 1629 [DEBUG] New random access file: /db_working_home/000175.sst direct: 1
2026/04/19-18:12:07.288443 1629 [DEBUG] GetFileSize: /db_working_home/000175.sst 
2026/04/19-18:12:07.288583 1629 [DEBUG] New random access file: /db_working_home/000178.sst direct: 1
2026/04/19-18:12:07.289056 1629 [DEBUG] GetFileSize: /db_working_home/000178.sst 
2026/04/19-18:12:07.289179 1629 [DEBUG] New random access file: /db_working_home/000179.sst direct: 1
2026/04/19-18:12:07.289669 1629 [DEBUG] GetFileSize: /db_working_home/000179.sst 
2026/04/19-18:12:07.289788 1629 [DEBUG] New random access file: /db_working_home/000182.sst direct: 1
2026/04/19-18:12:07.290237 1629 [DEBUG] GetFileSize: /db_working_home/000182.sst 
2026/04/19-18:12:07.291091 1629 [DEBUG] Syncing metadata for: /db_working_home/MANIFEST-000005
2026/04/19-18:12:07.313289 1629 [DEBUG] New writable file: /db_working_home/000185.sst direct: 1
2026/04/19-18:12:07.317534 1629 Entering Apply Finish Threshold Function
2026/04/19-18:12:07.317547 1629 Finishing zone: Entering Finish()
2026/04/19-18:12:07.641259 1628 Zone Garbage Stats: [97 2 0 1 0 7 1 3 1 5 3 0 ]
2026/04/19-18:12:07.641321 1628 Total Garbage Bytes: 65489962 bytes
2026/04/19-18:12:07.928266 1630 [DEBUG] Allocating zone(new=1) start: 0xf8000000 wp: 0xf8000000 lt: 3 file lt: 3
2026/04/19-18:12:07.928279 1630 [Zonestats:time(s),used_cap(MB),reclaimable_cap(MB), avg_reclaimable(%), active(#), active_zones(#), open_zones(#)] 125 1102 2481 69 5 6 4
2026/04/19-18:12:07.928289 1630 [DEBUG] Syncing metadata for: /db_working_home/000183.sst
2026/04/19-18:12:08.069727 1630 [DEBUG] Syncing metadata for: /db_working_home/000183.sst
2026/04/19-18:12:08.070300 1630 [DEBUG] Syncing metadata for: /db_working_home/000183.sst
2026/04/19-18:12:08.071282 1630 [DEBUG] New random access file: /db_working_home/000183.sst direct: 1
2026/04/19-18:12:08.071461 1630 [DEBUG] GetFileSize: /db_working_home/000183.sst 
2026/04/19-18:12:08.074078 1630 [DEBUG] Syncing metadata for: /db_working_home/MANIFEST-000005
2026/04/19-18:12:08.074730 1630 [DEBUG] GetFileSize: /db_working_home/000183.sst 
2026/04/19-18:12:08.079666 1630 [DEBUG] Syncing metadata for: /db_working_home/000177.log
2026/04/19-18:12:08.080651 1630 [DEBUG] DeleteFile: ./db_working_home/000128.sst 
2026/04/19-18:12:08.081488 1630 [Zonestats:time(s),used_cap(MB),reclaimable_cap(MB), avg_reclaimable(%), active(#), active_zones(#), open_zones(#)] 126 1026 2557 71 6 6 2
2026/04/19-18:12:08.081532 1630 [DEBUG] DeleteFile: ./db_working_home/000168.sst 
2026/04/19-18:12:08.082370 1630 [Zonestats:time(s),used_cap(MB),reclaimable_cap(MB), avg_reclaimable(%), active(#), active_zones(#), open_zones(#)] 126 898 2557 74 6 6 2
2026/04/19-18:12:08.082405 1630 [DEBUG] DeleteFile: ./db_working_home/000171.sst 
2026/04/19-18:12:08.083042 1630 [Zonestats:time(s),used_cap(MB),reclaimable_cap(MB), avg_reclaimable(%), active(#), active_zones(#), open_zones(#)] 126 879 2448 73 6 6 2
2026/04/19-18:12:08.083074 1630 [DEBUG] DeleteFile: ./db_working_home/000177.log 
2026/04/19-18:12:08.083942 1630 [Zonestats:time(s),used_cap(MB),reclaimable_cap(MB), avg_reclaimable(%), active(#), active_zones(#), open_zones(#)] 126 863 2336 73 5 5 2
2026/04/19-18:12:08.084111 1630 [DEBUG] New writable file: /db_working_home/000186.sst direct: 1
2026/04/19-18:12:08.086814 1630 Entering Apply Finish Threshold Function
2026/04/19-18:12:08.086825 1630 Finishing zone: Entering Finish()
2026/04/19-18:12:08.090468 1626 [DEBUG] Allocating zone(new=1) start: 0x50000000 wp: 0x50000000 lt: 2 file lt: 2
2026/04/19-18:12:08.090480 1626 [DEBUG] Syncing metadata for: /db_working_home/000184.log
2026/04/19-18:12:08.288373 1626 [DEBUG] New writable file: /db_working_home/000187.log direct: 0
2026/04/19-18:12:08.641504 1628 Zone Garbage Stats: [99 1 0 0 0 7 1 3 1 5 3 0 ]
2026/04/19-18:12:08.641517 1628 Total Garbage Bytes: 82004033 bytes
2026/04/19-18:12:09.139320 1629 [DEBUG] Allocating zone(new=1) start: 0x58000000 wp: 0x58000000 lt: 3 file lt: 3
2026/04/19-18:12:09.139334 1629 [Zonestats:time(s),used_cap(MB),reclaimable_cap(MB), avg_reclaimable(%), active(#), active_zones(#), open_zones(#)] 127 878 2449 73 5 6 4
2026/04/19-18:12:09.139345 1629 [DEBUG] Syncing metadata for: /db_working_home/000185.sst
2026/04/19-18:12:09.641707 1628 Zone Garbage Stats: [98 1 0 0 0 7 1 3 1 6 3 0 ]
2026/04/19-18:12:09.641723 1628 Total Garbage Bytes: 82004345 bytes
2026/04/19-18:12:10.084733 1629 [DEBUG] Syncing metadata for: /db_working_home/000185.sst
2026/04/19-18:12:10.085311 1629 [DEBUG] Syncing metadata for: /db_working_home/000185.sst
2026/04/19-18:12:10.086377 1629 [DEBUG] GetFileSize: /db_working_home/000185.sst 
2026/04/19-18:12:10.086428 1629 [DEBUG] New writable file: /db_working_home/000188.sst direct: 1
2026/04/19-18:12:10.089411 1629 Entering Apply Finish Threshold Function
2026/04/19-18:12:10.089421 1629 Finishing zone: Entering Finish()
2026/04/19-18:12:10.318661 1630 [DEBUG] Allocating zone(new=1) start: 0x78000000 wp: 0x78000000 lt: 3 file lt: 3
2026/04/19-18:12:10.318675 1630 [Zonestats:time(s),used_cap(MB),reclaimable_cap(MB), avg_reclaimable(%), active(#), active_zones(#), open_zones(#)] 128 964 2491 72 5 6 4
2026/04/19-18:12:10.318684 1630 [DEBUG] Syncing metadata for: /db_working_home/000186.sst
2026/04/19-18:12:10.463812 1630 [DEBUG] Syncing metadata for: /db_working_home/000186.sst
2026/04/19-18:12:10.464387 1630 [DEBUG] Syncing metadata for: /db_working_home/000186.sst
2026/04/19-18:12:10.465371 1630 [DEBUG] New random access file: /db_working_home/000186.sst direct: 1
2026/04/19-18:12:10.465581 1630 [DEBUG] GetFileSize: /db_working_home/000186.sst 
2026/04/19-18:12:10.467659 1630 [DEBUG] Syncing metadata for: /db_working_home/MANIFEST-000005
2026/04/19-18:12:10.468307 1630 [DEBUG] GetFileSize: /db_working_home/000186.sst 
2026/04/19-18:12:10.473691 1630 [DEBUG] Syncing metadata for: /db_working_home/000181.log
2026/04/19-18:12:10.474626 1630 [DEBUG] DeleteFile: ./db_working_home/000181.log 
2026/04/19-18:12:10.475412 1630 [Zonestats:time(s),used_cap(MB),reclaimable_cap(MB), avg_reclaimable(%), active(#), active_zones(#), open_zones(#)] 128 964 2619 73 6 6 2
2026/04/19-18:12:10.475573 1630 [DEBUG] New writable file: /db_working_home/000189.sst direct: 1
2026/04/19-18:12:10.478454 1630 Entering Apply Finish Threshold Function
2026/04/19-18:12:10.478464 1630 Finishing zone: Entering Finish()
2026/04/19-18:12:10.481963 1626 [DEBUG] Allocating zone(new=0) start: 0xe8000000 wp: 0xe9f0d600 lt: 3 file lt: 2
2026/04/19-18:12:10.481974 1626 [DEBUG] Syncing metadata for: /db_working_home/000187.log
2026/04/19-18:12:10.641908 1628 Zone Garbage Stats: [97 1 0 0 0 7 1 3 1 7 3 0 ]
2026/04/19-18:12:10.641968 1628 Total Garbage Bytes: 82004540 bytes
2026/04/19-18:12:10.691103 1626 [DEBUG] New writable file: /db_working_home/000190.log direct: 0
2026/04/19-18:12:10.902166 1629 [DEBUG] Allocating zone(new=1) start: 0xc8000000 wp: 0xc8000000 lt: 3 file lt: 3
2026/04/19-18:12:10.902180 1629 [Zonestats:time(s),used_cap(MB),reclaimable_cap(MB), avg_reclaimable(%), active(#), active_zones(#), open_zones(#)] 128 979 2604 72 5 6 4
2026/04/19-18:12:10.902189 1629 [DEBUG] Syncing metadata for: /db_working_home/000188.sst
2026/04/19-18:12:11.059400 1629 [DEBUG] Syncing metadata for: /db_working_home/000188.sst
2026/04/19-18:12:11.059983 1629 [DEBUG] Syncing metadata for: /db_working_home/000188.sst
2026/04/19-18:12:11.061044 1629 [DEBUG] GetFileSize: /db_working_home/000188.sst 
2026/04/19-18:12:11.062465 1629 [DEBUG] New random access file: /db_working_home/000185.sst direct: 1
2026/04/19-18:12:11.063002 1629 [DEBUG] GetFileSize: /db_working_home/000185.sst 
2026/04/19-18:12:11.063221 1629 [DEBUG] New random access file: /db_working_home/000188.sst direct: 1
2026/04/19-18:12:11.063565 1629 [DEBUG] GetFileSize: /db_working_home/000188.sst 
2026/04/19-18:12:11.064423 1629 [DEBUG] Syncing metadata for: /db_working_home/MANIFEST-000005
2026/04/19-18:12:11.065818 1629 [DEBUG] Syncing metadata for: /db_working_home/MANIFEST-000005
2026/04/19-18:12:11.067192 1629 [DEBUG] Syncing metadata for: /db_working_home/MANIFEST-000005
2026/04/19-18:12:11.074391 1629 [DEBUG] New writable file: /db_working_home/000191.sst direct: 1
2026/04/19-18:12:11.077365 1629 Entering Apply Finish Threshold Function
2026/04/19-18:12:11.077376 1629 Finishing zone: Entering Finish()
2026/04/19-18:12:11.642151 1628 Zone Garbage Stats: [96 1 0 0 1 7 1 3 1 7 3 0 ]
2026/04/19-18:12:11.642165 1628 Total Garbage Bytes: 82004607 bytes
2026/04/19-18:12:12.288413 1630 [DEBUG] Allocating zone(new=1) start: 0x100000000 wp: 0x100000000 lt: 3 file lt: 3
2026/04/19-18:12:12.288447 1630 [Zonestats:time(s),used_cap(MB),reclaimable_cap(MB), avg_reclaimable(%), active(#), active_zones(#), open_zones(#)] 130 993 2718 73 5 6 4
2026/04/19-18:12:12.288475 1630 [DEBUG] Syncing metadata for: /db_working_home/000189.sst
2026/04/19-18:12:12.436226 1630 [DEBUG] Syncing metadata for: /db_working_home/000189.sst
2026/04/19-18:12:12.436804 1630 [DEBUG] Syncing metadata for: /db_working_home/000189.sst
2026/04/19-18:12:12.437824 1630 [DEBUG] New random access file: /db_working_home/000189.sst direct: 1
2026/04/19-18:12:12.438006 1630 [DEBUG] GetFileSize: /db_working_home/000189.sst 
2026/04/19-18:12:12.440605 1630 [DEBUG] Syncing metadata for: /db_working_home/MANIFEST-000005
2026/04/19-18:12:12.441268 1630 [DEBUG] GetFileSize: /db_working_home/000189.sst 
2026/04/19-18:12:12.446189 1630 [DEBUG] Syncing metadata for: /db_working_home/000184.log
2026/04/19-18:12:12.447226 1630 [DEBUG] DeleteFile: ./db_working_home/000161.sst 
2026/04/19-18:12:12.447910 1630 [Zonestats:time(s),used_cap(MB),reclaimable_cap(MB), avg_reclaimable(%), active(#), active_zones(#), open_zones(#)] 130 994 2845 74 6 6 2
2026/04/19-18:12:12.447953 1630 [DEBUG] DeleteFile: ./db_working_home/000165.sst 
2026/04/19-18:12:12.448929 1630 [Zonestats:time(s),used_cap(MB),reclaimable_cap(MB), avg_reclaimable(%), active(#), active_zones(#), open_zones(#)] 130 979 2732 73 6 6 2
2026/04/19-18:12:12.448966 1630 [DEBUG] DeleteFile: ./db_working_home/000167.sst 
2026/04/19-18:12:12.449620 1630 [Zonestats:time(s),used_cap(MB),reclaimable_cap(MB), avg_reclaimable(%), active(#), active_zones(#), open_zones(#)] 130 972 2611 72 6 6 2
2026/04/19-18:12:12.449654 1630 [DEBUG] DeleteFile: ./db_working_home/000169.sst 
2026/04/19-18:12:12.450507 1630 [Zonestats:time(s),used_cap(MB),reclaimable_cap(MB), avg_reclaimable(%), active(#), active_zones(#), open_zones(#)] 130 956 2499 72 6 6 2
2026/04/19-18:12:12.450540 1630 [DEBUG] DeleteFile: ./db_working_home/000173.sst 
2026/04/19-18:12:12.451406 1630 [Zonestats:time(s),used_cap(MB),reclaimable_cap(MB), avg_reclaimable(%), active(#), active_zones(#), open_zones(#)] 130 941 2386 71 6 6 2
2026/04/19-18:12:12.451438 1630 [DEBUG] DeleteFile: ./db_working_home/000176.sst 
2026/04/19-18:12:12.452305 1630 [Zonestats:time(s),used_cap(MB),reclaimable_cap(MB), avg_reclaimable(%), active(#), active_zones(#), open_zones(#)] 130 925 2274 71 6 6 2
2026/04/19-18:12:12.452336 1630 [DEBUG] DeleteFile: ./db_working_home/000180.sst 
2026/04/19-18:12:12.453120 1630 [Zonestats:time(s),used_cap(MB),reclaimable_cap(MB), avg_reclaimable(%), active(#), active_zones(#), open_zones(#)] 130 910 2289 71 6 6 2
2026/04/19-18:12:12.453151 1630 [DEBUG] DeleteFile: ./db_working_home/000184.log 
2026/04/19-18:12:12.454111 1630 [Zonestats:time(s),used_cap(MB),reclaimable_cap(MB), avg_reclaimable(%), active(#), active_zones(#), open_zones(#)] 130 894 2177 70 5 5 2
2026/04/19-18:12:12.454318 1630 [DEBUG] New writable file: /db_working_home/000192.sst direct: 1
2026/04/19-18:12:12.457849 1630 Entering Apply Finish Threshold Function
2026/04/19-18:12:12.457860 1630 Finishing zone: Entering Finish()
2026/04/19-18:12:12.460789 1626 [DEBUG] Allocating zone(new=1) start: 0x28000000 wp: 0x28000000 lt: 2 file lt: 2
2026/04/19-18:12:12.460798 1626 [DEBUG] Syncing metadata for: /db_working_home/000190.log
2026/04/19-18:12:12.642354 1628 Zone Garbage Stats: [100 1 0 0 1 7 0 4 1 4 2 0 ]
2026/04/19-18:12:12.642432 1628 Total Garbage Bytes: 65308576 bytes
2026/04/19-18:12:12.686790 1626 [DEBUG] New writable file: /db_working_home/000193.log direct: 0
2026/04/19-18:12:12.914793 1629 [DEBUG] Allocating zone(new=1) start: 0x48000000 wp: 0x48000000 lt: 5 file lt: 5
2026/04/19-18:12:12.914807 1629 [Zonestats:time(s),used_cap(MB),reclaimable_cap(MB), avg_reclaimable(%), active(#), active_zones(#), open_zones(#)] 130 909 2290 71 5 6 4
2026/04/19-18:12:12.914816 1629 [DEBUG] Syncing metadata for: /db_working_home/000191.sst
2026/04/19-18:12:13.606144 1629 [DEBUG] Syncing metadata for: /db_working_home/000191.sst
2026/04/19-18:12:13.607027 1629 [DEBUG] Syncing metadata for: /db_working_home/000191.sst
2026/04/19-18:12:13.608091 1629 [DEBUG] GetFileSize: /db_working_home/000191.sst 
2026/04/19-18:12:13.608137 1629 [DEBUG] New writable file: /db_working_home/000194.sst direct: 1
2026/04/19-18:12:13.611190 1629 Entering Apply Finish Threshold Function
2026/04/19-18:12:13.611200 1629 Finishing zone: Entering Finish()
2026/04/19-18:12:13.642624 1628 Zone Garbage Stats: [99 1 0 0 1 7 0 4 1 5 2 0 ]
2026/04/19-18:12:13.642636 1628 Total Garbage Bytes: 65309038 bytes
2026/04/19-18:12:14.531747 1629 [DEBUG] Allocating zone(new=1) start: 0x50000000 wp: 0x50000000 lt: 5 file lt: 5
2026/04/19-18:12:14.531762 1629 [Zonestats:time(s),used_cap(MB),reclaimable_cap(MB), avg_reclaimable(%), active(#), active_zones(#), open_zones(#)] 132 973 2354 70 5 6 4
2026/04/19-18:12:14.531770 1629 [DEBUG] Syncing metadata for: /db_working_home/000194.sst
2026/04/19-18:12:14.642829 1628 Zone Garbage Stats: [98 1 0 0 1 8 0 4 1 5 2 0 ]
2026/04/19-18:12:14.642844 1628 Total Garbage Bytes: 65309466 bytes
2026/04/19-18:12:14.672268 1630 [DEBUG] Allocating zone(new=1) start: 0x90000000 wp: 0x90000000 lt: 3 file lt: 3
2026/04/19-18:12:14.672281 1630 [Zonestats:time(s),used_cap(MB),reclaimable_cap(MB), avg_reclaimable(%), active(#), active_zones(#), open_zones(#)] 132 973 2354 70 5 6 5
2026/04/19-18:12:14.672295 1630 [DEBUG] Syncing metadata for: /db_working_home/000192.sst
2026/04/19-18:12:14.689103 1629 [DEBUG] Syncing metadata for: /db_working_home/000194.sst
2026/04/19-18:12:14.696303 1629 [DEBUG] Syncing metadata for: /db_working_home/000194.sst
2026/04/19-18:12:14.697060 1629 [DEBUG] GetFileSize: /db_working_home/000194.sst 
2026/04/19-18:12:14.698559 1629 [DEBUG] New random access file: /db_working_home/000191.sst direct: 1
2026/04/19-18:12:14.706191 1629 [DEBUG] GetFileSize: /db_working_home/000191.sst 
2026/04/19-18:12:14.706388 1629 [DEBUG] New random access file: /db_working_home/000194.sst direct: 1
2026/04/19-18:12:14.706582 1629 [DEBUG] GetFileSize: /db_working_home/000194.sst 
2026/04/19-18:12:14.707518 1629 [DEBUG] Syncing metadata for: /db_working_home/MANIFEST-000005
2026/04/19-18:12:14.736829 1629 [DEBUG] New writable file: /db_working_home/000195.sst direct: 1
2026/04/19-18:12:14.746789 1629 Entering Apply Finish Threshold Function
2026/04/19-18:12:14.746800 1629 Finishing zone: Entering Finish()
2026/04/19-18:12:14.822251 1630 [DEBUG] Syncing metadata for: /db_working_home/000192.sst
2026/04/19-18:12:14.822825 1630 [DEBUG] Syncing metadata for: /db_working_home/000192.sst
2026/04/19-18:12:14.823823 1630 [DEBUG] New random access file: /db_working_home/000192.sst direct: 1
2026/04/19-18:12:14.824268 1630 [DEBUG] GetFileSize: /db_working_home/000192.sst 
2026/04/19-18:12:14.826714 1630 [DEBUG] Syncing metadata for: /db_working_home/MANIFEST-000005
2026/04/19-18:12:14.827366 1630 [DEBUG] GetFileSize: /db_working_home/000192.sst 
2026/04/19-18:12:14.832638 1630 [DEBUG] Syncing metadata for: /db_working_home/000187.log
2026/04/19-18:12:14.833364 1630 [DEBUG] DeleteFile: ./db_working_home/000040.sst 
2026/04/19-18:12:14.834238 1630 [Zonestats:time(s),used_cap(MB),reclaimable_cap(MB), avg_reclaimable(%), active(#), active_zones(#), open_zones(#)] 132 992 2463 71 6 6 2
2026/04/19-18:12:14.834282 1630 [DEBUG] DeleteFile: ./db_working_home/000117.sst 
2026/04/19-18:12:14.834936 1630 [Zonestats:time(s),used_cap(MB),reclaimable_cap(MB), avg_reclaimable(%), active(#), active_zones(#), open_zones(#)] 132 973 2354 70 6 6 2
2026/04/19-18:12:14.834971 1630 [DEBUG] DeleteFile: ./db_working_home/000149.sst 
2026/04/19-18:12:14.835831 1630 [Zonestats:time(s),used_cap(MB),reclaimable_cap(MB), avg_reclaimable(%), active(#), active_zones(#), open_zones(#)] 132 941 2258 70 6 6 2
2026/04/19-18:12:14.835865 1630 [DEBUG] DeleteFile: ./db_working_home/000182.sst 
2026/04/19-18:12:14.836730 1630 [Zonestats:time(s),used_cap(MB),reclaimable_cap(MB), avg_reclaimable(%), active(#), active_zones(#), open_zones(#)] 132 925 2146 69 6 6 2
2026/04/19-18:12:14.836761 1630 [DEBUG] DeleteFile: ./db_working_home/000187.log 
2026/04/19-18:12:14.837642 1630 [Zonestats:time(s),used_cap(MB),reclaimable_cap(MB), avg_reclaimable(%), active(#), active_zones(#), open_zones(#)] 132 910 2033 69 5 5 2
2026/04/19-18:12:14.837827 1630 [DEBUG] New writable file: /db_working_home/000196.sst direct: 1
2026/04/19-18:12:14.841251 1630 Entering Apply Finish Threshold Function
2026/04/19-18:12:14.841261 1630 Finishing zone: Entering Finish()
2026/04/19-18:12:14.844161 1626 [DEBUG] Allocating zone(new=1) start: 0x40000000 wp: 0x40000000 lt: 2 file lt: 2
2026/04/19-18:12:14.844173 1626 [DEBUG] Syncing metadata for: /db_working_home/000193.log
2026/04/19-18:12:15.046207 1626 [DEBUG] New writable file: /db_working_home/000197.log direct: 0
2026/04/19-18:12:15.643060 1628 Zone Garbage Stats: [101 1 0 0 1 8 0 4 0 4 1 0 ]
2026/04/19-18:12:15.643073 1628 Total Garbage Bytes: 48936742 bytes
2026/04/19-18:12:16.553207 1629 [DEBUG] Allocating zone(new=1) start: 0x70000000 wp: 0x70000000 lt: 3 file lt: 3
2026/04/19-18:12:16.553222 1629 [Zonestats:time(s),used_cap(MB),reclaimable_cap(MB), avg_reclaimable(%), active(#), active_zones(#), open_zones(#)] 134 925 2146 69 5 6 4
2026/04/19-18:12:16.553239 1629 [DEBUG] Syncing metadata for: /db_working_home/000195.sst
2026/04/19-18:12:16.608797 1630 [DEBUG] Allocating zone(new=1) start: 0xa0000000 wp: 0xa0000000 lt: 3 file lt: 3
2026/04/19-18:12:16.608812 1630 [Zonestats:time(s),used_cap(MB),reclaimable_cap(MB), avg_reclaimable(%), active(#), active_zones(#), open_zones(#)] 134 925 2146 69 5 6 5
2026/04/19-18:12:16.608835 1630 [DEBUG] Syncing metadata for: /db_working_home/000196.sst
2026/04/19-18:12:16.643357 1628 Zone Garbage Stats: [99 1 0 0 1 8 0 4 0 6 1 0 ]
2026/04/19-18:12:16.643371 1628 Total Garbage Bytes: 48937315 bytes
2026/04/19-18:12:16.810142 1630 [DEBUG] Syncing metadata for: /db_working_home/000196.sst
2026/04/19-18:12:16.817381 1630 [DEBUG] Syncing metadata for: /db_working_home/000196.sst
2026/04/19-18:12:16.818109 1630 [DEBUG] New random access file: /db_working_home/000196.sst direct: 1
2026/04/19-18:12:16.818315 1630 [DEBUG] GetFileSize: /db_working_home/000196.sst 
2026/04/19-18:12:16.826985 1630 [DEBUG] Syncing metadata for: /db_working_home/MANIFEST-000005
2026/04/19-18:12:16.827766 1630 [DEBUG] GetFileSize: /db_working_home/000196.sst 
2026/04/19-18:12:16.839767 1630 [DEBUG] Syncing metadata for: /db_working_home/000190.log
2026/04/19-18:12:16.840910 1630 [DEBUG] DeleteFile: ./db_working_home/000190.log 
2026/04/19-18:12:16.843775 1630 [Zonestats:time(s),used_cap(MB),reclaimable_cap(MB), avg_reclaimable(%), active(#), active_zones(#), open_zones(#)] 134 925 2146 69 5 5 3
2026/04/19-18:12:16.845212 1630 [DEBUG] New writable file: /db_working_home/000198.sst direct: 1
2026/04/19-18:12:16.848724 1630 Entering Apply Finish Threshold Function
2026/04/19-18:12:16.848734 1630 Finishing zone: Entering Finish()
2026/04/19-18:12:16.862298 1626 [DEBUG] Allocating zone(new=1) start: 0x28000000 wp: 0x28000000 lt: 2 file lt: 2
2026/04/19-18:12:16.862307 1626 [DEBUG] Syncing metadata for: /db_working_home/000197.log
2026/04/19-18:12:17.181749 1629 [DEBUG] Syncing metadata for: /db_working_home/000195.sst
2026/04/19-18:12:17.182351 1629 [DEBUG] Syncing metadata for: /db_working_home/000195.sst
2026/04/19-18:12:17.183427 1629 [DEBUG] GetFileSize: /db_working_home/000195.sst 
2026/04/19-18:12:17.183477 1629 [DEBUG] New writable file: /db_working_home/000199.sst direct: 1
2026/04/19-18:12:17.186587 1629 Entering Apply Finish Threshold Function
2026/04/19-18:12:17.186598 1629 Finishing zone: Entering Finish()
2026/04/19-18:12:17.197151 1626 [DEBUG] New writable file: /db_working_home/000200.log direct: 0
2026/04/19-18:12:17.643719 1628 Zone Garbage Stats: [99 1 0 0 1 8 0 4 0 6 1 0 ]
2026/04/19-18:12:17.643896 1628 Total Garbage Bytes: 48937315 bytes
2026/04/19-18:12:18.420997 1629 [DEBUG] Allocating zone(new=1) start: 0xd0000000 wp: 0xd0000000 lt: 3 file lt: 3
2026/04/19-18:12:18.421023 1629 [Zonestats:time(s),used_cap(MB),reclaimable_cap(MB), avg_reclaimable(%), active(#), active_zones(#), open_zones(#)] 136 983 2344 70 5 6 4
2026/04/19-18:12:18.421032 1629 [DEBUG] Syncing metadata for: /db_working_home/000199.sst
2026/04/19-18:12:18.465965 1629 [DEBUG] Syncing metadata for: /db_working_home/000199.sst
2026/04/19-18:12:18.466556 1629 [DEBUG] Syncing metadata for: /db_working_home/000199.sst
2026/04/19-18:12:18.467648 1629 [DEBUG] GetFileSize: /db_working_home/000199.sst 
2026/04/19-18:12:18.469191 1629 [DEBUG] New random access file: /db_working_home/000195.sst direct: 1
2026/04/19-18:12:18.469536 1629 [DEBUG] GetFileSize: /db_working_home/000195.sst 
2026/04/19-18:12:18.469724 1629 [DEBUG] New random access file: /db_working_home/000199.sst direct: 1
2026/04/19-18:12:18.470035 1629 [DEBUG] GetFileSize: /db_working_home/000199.sst 
2026/04/19-18:12:18.470933 1629 [DEBUG] Syncing metadata for: /db_working_home/MANIFEST-000005
2026/04/19-18:12:18.472382 1629 [DEBUG] Syncing metadata for: /db_working_home/MANIFEST-000005
2026/04/19-18:12:18.642052 1630 [DEBUG] Allocating zone(new=1) start: 0xd8000000 wp: 0xd8000000 lt: 3 file lt: 3
2026/04/19-18:12:18.642067 1630 [Zonestats:time(s),used_cap(MB),reclaimable_cap(MB), avg_reclaimable(%), active(#), active_zones(#), open_zones(#)] 136 986 2469 71 5 6 4
2026/04/19-18:12:18.642075 1630 [DEBUG] Syncing metadata for: /db_working_home/000198.sst
2026/04/19-18:12:18.644101 1628 Zone Garbage Stats: [97 2 0 0 1 8 0 5 0 7 1 0 ]
2026/04/19-18:12:18.644113 1628 Total Garbage Bytes: 48937761 bytes
2026/04/19-18:12:18.788752 1630 [DEBUG] Syncing metadata for: /db_working_home/000198.sst
2026/04/19-18:12:18.789409 1630 [DEBUG] Syncing metadata for: /db_working_home/000198.sst
2026/04/19-18:12:18.790108 1630 [DEBUG] New random access file: /db_working_home/000198.sst direct: 1
2026/04/19-18:12:18.790356 1630 [DEBUG] GetFileSize: /db_working_home/000198.sst 
2026/04/19-18:12:18.792831 1630 [DEBUG] Syncing metadata for: /db_working_home/MANIFEST-000005
2026/04/19-18:12:18.793565 1630 [DEBUG] GetFileSize: /db_working_home/000198.sst 
2026/04/19-18:12:18.798343 1630 [DEBUG] Syncing metadata for: /db_working_home/000193.log
2026/04/19-18:12:18.801540 1630 [DEBUG] DeleteFile: ./db_working_home/000183.sst 
2026/04/19-18:12:18.804060 1630 [Zonestats:time(s),used_cap(MB),reclaimable_cap(MB), avg_reclaimable(%), active(#), active_zones(#), open_zones(#)] 136 987 2468 71 6 6 2
2026/04/19-18:12:18.804113 1630 [DEBUG] DeleteFile: ./db_working_home/000186.sst 
2026/04/19-18:12:18.806764 1630 [Zonestats:time(s),used_cap(MB),reclaimable_cap(MB), avg_reclaimable(%), active(#), active_zones(#), open_zones(#)] 136 972 2355 70 6 6 2
2026/04/19-18:12:18.806815 1630 [DEBUG] DeleteFile: ./db_working_home/000189.sst 
2026/04/19-18:12:18.808848 1629 [DEBUG] New writable file: /db_working_home/000201.sst direct: 1
2026/04/19-18:12:18.809197 1630 [Zonestats:time(s),used_cap(MB),reclaimable_cap(MB), avg_reclaimable(%), active(#), active_zones(#), open_zones(#)] 136 956 2243 70 6 6 2
2026/04/19-18:12:18.809248 1630 [DEBUG] DeleteFile: ./db_working_home/000193.log 
2026/04/19-18:12:18.810333 1630 [Zonestats:time(s),used_cap(MB),reclaimable_cap(MB), avg_reclaimable(%), active(#), active_zones(#), open_zones(#)] 136 940 2131 69 5 5 2
2026/04/19-18:12:18.810507 1630 [DEBUG] New writable file: /db_working_home/000202.sst direct: 1
2026/04/19-18:12:18.812233 1629 Entering Apply Finish Threshold Function
2026/04/19-18:12:18.812244 1629 Finishing zone: Entering Finish()
2026/04/19-18:12:18.815100 1630 Entering Apply Finish Threshold Function
2026/04/19-18:12:18.815124 1630 [DEBUG] Allocating zone(new=1) start: 0x40000000 wp: 0x40000000 lt: 3 file lt: 3
2026/04/19-18:12:18.815131 1630 [Zonestats:time(s),used_cap(MB),reclaimable_cap(MB), avg_reclaimable(%), active(#), active_zones(#), open_zones(#)] 136 940 2131 69 5 6 3
2026/04/19-18:12:18.815144 1630 [DEBUG] Syncing metadata for: /db_working_home/000202.sst
2026/04/19-18:12:18.816847 1626 [DEBUG] Allocating zone(new=0) start: 0xd0000000 wp: 0xd0395000 lt: 3 file lt: 2
2026/04/19-18:12:18.816859 1626 [DEBUG] Syncing metadata for: /db_working_home/000200.log
2026/04/19-18:12:19.053035 1626 [DEBUG] New writable file: /db_working_home/000203.log direct: 0
2026/04/19-18:12:19.053764 1630 [DEBUG] Syncing metadata for: /db_working_home/000202.sst
2026/04/19-18:12:19.055467 1630 [DEBUG] Syncing metadata for: /db_working_home/000202.sst
2026/04/19-18:12:19.056092 1630 [DEBUG] New random access file: /db_working_home/000202.sst direct: 1
2026/04/19-18:12:19.056509 1630 [DEBUG] GetFileSize: /db_working_home/000202.sst 
2026/04/19-18:12:19.058452 1630 [DEBUG] Syncing metadata for: /db_working_home/MANIFEST-000005
2026/04/19-18:12:19.059085 1630 [DEBUG] GetFileSize: /db_working_home/000202.sst 
2026/04/19-18:12:19.064033 1630 [DEBUG] Syncing metadata for: /db_working_home/000197.log
2026/04/19-18:12:19.064954 1630 [DEBUG] DeleteFile: ./db_working_home/000197.log 
2026/04/19-18:12:19.065856 1630 [Zonestats:time(s),used_cap(MB),reclaimable_cap(MB), avg_reclaimable(%), active(#), active_zones(#), open_zones(#)] 137 956 2115 68 5 5 2
2026/04/19-18:12:19.066055 1630 [DEBUG] New writable file: /db_working_home/000204.sst direct: 1
2026/04/19-18:12:19.068451 1630 Entering Apply Finish Threshold Function
2026/04/19-18:12:19.068461 1630 Finishing zone: Entering Finish()
2026/04/19-18:12:19.072379 1626 [DEBUG] Allocating zone(new=1) start: 0x28000000 wp: 0x28000000 lt: 2 file lt: 2
2026/04/19-18:12:19.072390 1626 [DEBUG] Syncing metadata for: /db_working_home/000203.log
2026/04/19-18:12:19.269879 1626 [DEBUG] New writable file: /db_working_home/000205.log direct: 0
2026/04/19-18:12:19.644301 1628 Zone Garbage Stats: [100 1 0 0 1 8 0 5 0 4 1 0 ]
2026/04/19-18:12:19.644313 1628 Total Garbage Bytes: 48937141 bytes
2026/04/19-18:12:20.644491 1628 Zone Garbage Stats: [100 1 0 0 1 8 0 5 0 4 1 0 ]
2026/04/19-18:12:20.644520 1628 Total Garbage Bytes: 48937141 bytes
2026/04/19-18:12:20.751989 1629 [DEBUG] Allocating zone(new=1) start: 0x78000000 wp: 0x78000000 lt: 3 file lt: 3
2026/04/19-18:12:20.752003 1629 [Zonestats:time(s),used_cap(MB),reclaimable_cap(MB), avg_reclaimable(%), active(#), active_zones(#), open_zones(#)] 138 971 2228 69 5 6 4
2026/04/19-18:12:20.752013 1629 [DEBUG] Syncing metadata for: /db_working_home/000201.sst
2026/04/19-18:12:20.851282 1630 [DEBUG] Allocating zone(new=1) start: 0xe8000000 wp: 0xe8000000 lt: 3 file lt: 3
2026/04/19-18:12:20.851297 1630 [Zonestats:time(s),used_cap(MB),reclaimable_cap(MB), avg_reclaimable(%), active(#), active_zones(#), open_zones(#)] 138 971 2228 69 5 6 5
2026/04/19-18:12:20.851306 1630 [DEBUG] Syncing metadata for: /db_working_home/000204.sst
2026/04/19-18:12:21.020071 1630 [DEBUG] Syncing metadata for: /db_working_home/000204.sst
2026/04/19-18:12:21.023616 1630 [DEBUG] Syncing metadata for: /db_working_home/000204.sst
2026/04/19-18:12:21.027977 1630 [DEBUG] New random access file: /db_working_home/000204.sst direct: 1
2026/04/19-18:12:21.028170 1630 [DEBUG] GetFileSize: /db_working_home/000204.sst 
2026/04/19-18:12:21.033871 1630 [DEBUG] Syncing metadata for: /db_working_home/MANIFEST-000005
2026/04/19-18:12:21.038070 1630 [DEBUG] GetFileSize: /db_working_home/000204.sst 
2026/04/19-18:12:21.042840 1630 [DEBUG] Syncing metadata for: /db_working_home/000200.log
2026/04/19-18:12:21.046569 1630 [DEBUG] DeleteFile: ./db_working_home/000200.log 
2026/04/19-18:12:21.050577 1630 [Zonestats:time(s),used_cap(MB),reclaimable_cap(MB), avg_reclaimable(%), active(#), active_zones(#), open_zones(#)] 139 971 2356 70 6 6 3
2026/04/19-18:12:21.050746 1630 [DEBUG] New writable file: /db_working_home/000206.sst direct: 1
2026/04/19-18:12:21.053386 1630 Entering Apply Finish Threshold Function
2026/04/19-18:12:21.053396 1630 Finishing zone: Entering Finish()
2026/04/19-18:12:21.057544 1626 [DEBUG] Allocating zone(new=0) start: 0xe8000000 wp: 0xe8f71a00 lt: 3 file lt: 2
2026/04/19-18:12:21.057556 1626 [DEBUG] Syncing metadata for: /db_working_home/000205.log
2026/04/19-18:12:21.357622 1626 [DEBUG] New writable file: /db_working_home/000207.log direct: 0
2026/04/19-18:12:21.429599 1629 [DEBUG] Syncing metadata for: /db_working_home/000201.sst
2026/04/19-18:12:21.430367 1629 [DEBUG] Syncing metadata for: /db_working_home/000201.sst
2026/04/19-18:12:21.431424 1629 [DEBUG] GetFileSize: /db_working_home/000201.sst 
2026/04/19-18:12:21.431459 1629 [DEBUG] New writable file: /db_working_home/000208.sst direct: 1
2026/04/19-18:12:21.434535 1629 Entering Apply Finish Threshold Function
2026/04/19-18:12:21.434545 1629 Finishing zone: Entering Finish()
2026/04/19-18:12:21.644701 1628 Zone Garbage Stats: [98 1 0 0 1 8 0 5 0 6 1 0 ]
2026/04/19-18:12:21.644714 1628 Total Garbage Bytes: 48937572 bytes
2026/04/19-18:12:22.644890 1628 Zone Garbage Stats: [98 1 0 0 1 8 0 5 0 6 1 0 ]
2026/04/19-18:12:22.644954 1628 Total Garbage Bytes: 48937572 bytes
2026/04/19-18:12:22.660097 1629 [DEBUG] Allocating zone(new=1) start: 0xf0000000 wp: 0xf0000000 lt: 3 file lt: 3
2026/04/19-18:12:22.660111 1629 [Zonestats:time(s),used_cap(MB),reclaimable_cap(MB), avg_reclaimable(%), active(#), active_zones(#), open_zones(#)] 140 1029 2426 70 5 6 4
2026/04/19-18:12:22.660119 1629 [DEBUG] Syncing metadata for: /db_working_home/000208.sst
2026/04/19-18:12:22.741411 1629 [DEBUG] Syncing metadata for: /db_working_home/000208.sst
2026/04/19-18:12:22.742197 1629 [DEBUG] Syncing metadata for: /db_working_home/000208.sst
2026/04/19-18:12:22.743249 1629 [DEBUG] GetFileSize: /db_working_home/000208.sst 
2026/04/19-18:12:22.744707 1629 [DEBUG] New random access file: /db_working_home/000201.sst direct: 1
2026/04/19-18:12:22.745173 1629 [DEBUG] GetFileSize: /db_working_home/000201.sst 
2026/04/19-18:12:22.745368 1629 [DEBUG] New random access file: /db_working_home/000208.sst direct: 1
2026/04/19-18:12:22.745728 1629 [DEBUG] GetFileSize: /db_working_home/000208.sst 
2026/04/19-18:12:22.746584 1629 [DEBUG] Syncing metadata for: /db_working_home/MANIFEST-000005
2026/04/19-18:12:22.753214 1629 [DEBUG] New writable file: /db_working_home/000209.sst direct: 1
2026/04/19-18:12:22.756218 1629 Entering Apply Finish Threshold Function
2026/04/19-18:12:22.756244 1629 [DEBUG] Allocating zone(new=1) start: 0xf8000000 wp: 0xf8000000 lt: 4 file lt: 4
2026/04/19-18:12:22.756252 1629 [Zonestats:time(s),used_cap(MB),reclaimable_cap(MB), avg_reclaimable(%), active(#), active_zones(#), open_zones(#)] 140 1036 2547 71 6 7 4
2026/04/19-18:12:22.756258 1629 [DEBUG] Syncing metadata for: /db_working_home/000209.sst
2026/04/19-18:12:23.166136 1630 [DEBUG] Allocating zone(new=1) start: 0x100000000 wp: 0x100000000 lt: 3 file lt: 3
2026/04/19-18:12:23.166153 1630 [Zonestats:time(s),used_cap(MB),reclaimable_cap(MB), avg_reclaimable(%), active(#), active_zones(#), open_zones(#)] 141 1036 2547 71 6 7 5
2026/04/19-18:12:23.166163 1630 [DEBUG] Syncing metadata for: /db_working_home/000206.sst
2026/04/19-18:12:23.377008 1630 [DEBUG] Syncing metadata for: /db_working_home/000206.sst
2026/04/19-18:12:23.379311 1630 [DEBUG] Syncing metadata for: /db_working_home/000206.sst
2026/04/19-18:12:23.379969 1630 [DEBUG] New random access file: /db_working_home/000206.sst direct: 1
2026/04/19-18:12:23.380148 1630 [DEBUG] GetFileSize: /db_working_home/000206.sst 
2026/04/19-18:12:23.388329 1630 [DEBUG] Syncing metadata for: /db_working_home/MANIFEST-000005
2026/04/19-18:12:23.389016 1630 [DEBUG] GetFileSize: /db_working_home/000206.sst 
2026/04/19-18:12:23.395764 1630 [DEBUG] Syncing metadata for: /db_working_home/000203.log
2026/04/19-18:12:23.403608 1630 [DEBUG] DeleteFile: ./db_working_home/000192.sst 
2026/04/19-18:12:23.404299 1630 [Zonestats:time(s),used_cap(MB),reclaimable_cap(MB), avg_reclaimable(%), active(#), active_zones(#), open_zones(#)] 141 1037 2546 71 7 7 3
2026/04/19-18:12:23.404344 1630 [DEBUG] DeleteFile: ./db_working_home/000196.sst 
2026/04/19-18:12:23.405158 1630 [Zonestats:time(s),used_cap(MB),reclaimable_cap(MB), avg_reclaimable(%), active(#), active_zones(#), open_zones(#)] 141 1021 2434 70 7 7 3
2026/04/19-18:12:23.405193 1630 [DEBUG] DeleteFile: ./db_working_home/000198.sst 
2026/04/19-18:12:23.412890 1630 [Zonestats:time(s),used_cap(MB),reclaimable_cap(MB), avg_reclaimable(%), active(#), active_zones(#), open_zones(#)] 141 1006 2321 69 7 7 3
2026/04/19-18:12:23.412942 1630 [DEBUG] DeleteFile: ./db_working_home/000199.sst 
2026/04/19-18:12:23.413617 1630 [Zonestats:time(s),used_cap(MB),reclaimable_cap(MB), avg_reclaimable(%), active(#), active_zones(#), open_zones(#)] 141 1002 2197 68 7 7 3
2026/04/19-18:12:23.413651 1630 [DEBUG] DeleteFile: ./db_working_home/000203.log 
2026/04/19-18:12:23.414425 1630 [Zonestats:time(s),used_cap(MB),reclaimable_cap(MB), avg_reclaimable(%), active(#), active_zones(#), open_zones(#)] 141 987 2084 67 6 6 3
2026/04/19-18:12:23.415226 1630 [DEBUG] New writable file: /db_working_home/000210.sst direct: 1
2026/04/19-18:12:23.424048 1630 Entering Apply Finish Threshold Function
2026/04/19-18:12:23.424060 1630 Finishing zone: Entering Finish()
2026/04/19-18:12:23.645145 1628 Zone Garbage Stats: [100 2 0 0 1 8 0 6 0 3 1 0 ]
2026/04/19-18:12:23.645162 1628 Total Garbage Bytes: 48937488 bytes
2026/04/19-18:12:23.760157 1629 [DEBUG] Syncing metadata for: /db_working_home/000209.sst
2026/04/19-18:12:23.760735 1629 [DEBUG] Syncing metadata for: /db_working_home/000209.sst
2026/04/19-18:12:23.761795 1629 [DEBUG] GetFileSize: /db_working_home/000209.sst 
2026/04/19-18:12:23.763250 1629 [DEBUG] New random access file: /db_working_home/000209.sst direct: 1
2026/04/19-18:12:23.763754 1629 [DEBUG] GetFileSize: /db_working_home/000209.sst 
2026/04/19-18:12:23.764661 1629 [DEBUG] Syncing metadata for: /db_working_home/MANIFEST-000005
2026/04/19-18:12:23.776817 1629 [DEBUG] New writable file: /db_working_home/000211.sst direct: 1
2026/04/19-18:12:23.779921 1629 Entering Apply Finish Threshold Function
2026/04/19-18:12:23.779932 1629 Finishing zone: Entering Finish()
2026/04/19-18:12:24.389948 1629 [DEBUG] Allocating zone(new=1) start: 0x28000000 wp: 0x28000000 lt: 3 file lt: 3
2026/04/19-18:12:24.389964 1629 [Zonestats:time(s),used_cap(MB),reclaimable_cap(MB), avg_reclaimable(%), active(#), active_zones(#), open_zones(#)] 142 1072 2127 66 5 6 3
2026/04/19-18:12:24.389973 1629 [DEBUG] Syncing metadata for: /db_working_home/000211.sst
2026/04/19-18:12:24.645349 1628 Zone Garbage Stats: [99 2 0 0 2 8 0 6 0 3 1 0 ]
2026/04/19-18:12:24.645365 1628 Total Garbage Bytes: 48937779 bytes
2026/04/19-18:12:24.875799 1629 [DEBUG] Syncing metadata for: /db_working_home/000211.sst
2026/04/19-18:12:24.876377 1629 [DEBUG] Syncing metadata for: /db_working_home/000211.sst
2026/04/19-18:12:24.877437 1629 [DEBUG] GetFileSize: /db_working_home/000211.sst 
2026/04/19-18:12:24.877470 1629 [DEBUG] New writable file: /db_working_home/000212.sst direct: 1
2026/04/19-18:12:24.880563 1629 Entering Apply Finish Threshold Function
2026/04/19-18:12:24.880572 1629 Finishing zone: Entering Finish()
2026/04/19-18:12:25.492348 1630 [DEBUG] Allocating zone(new=1) start: 0x90000000 wp: 0x90000000 lt: 3 file lt: 3
2026/04/19-18:12:25.492362 1630 [Zonestats:time(s),used_cap(MB),reclaimable_cap(MB), avg_reclaimable(%), active(#), active_zones(#), open_zones(#)] 143 1115 2212 66 5 6 3
2026/04/19-18:12:25.492372 1630 [DEBUG] Syncing metadata for: /db_working_home/000210.sst
2026/04/19-18:12:25.636982 1630 [DEBUG] Syncing metadata for: /db_working_home/000210.sst
2026/04/19-18:12:25.637573 1630 [DEBUG] Syncing metadata for: /db_working_home/000210.sst
2026/04/19-18:12:25.638567 1630 [DEBUG] New random access file: /db_working_home/000210.sst direct: 1
2026/04/19-18:12:25.638748 1630 [DEBUG] GetFileSize: /db_working_home/000210.sst 
2026/04/19-18:12:25.641337 1630 [DEBUG] Syncing metadata for: /db_working_home/MANIFEST-000005
2026/04/19-18:12:25.642008 1630 [DEBUG] GetFileSize: /db_working_home/000210.sst 
2026/04/19-18:12:25.645556 1628 Zone Garbage Stats: [98 3 0 0 2 8 0 6 0 4 1 0 ]
2026/04/19-18:12:25.645568 1628 Total Garbage Bytes: 48938318 bytes
2026/04/19-18:12:25.647445 1630 [DEBUG] Syncing metadata for: /db_working_home/000205.log
2026/04/19-18:12:25.648379 1630 [DEBUG] DeleteFile: ./db_working_home/000195.sst 
2026/04/19-18:12:25.649245 1630 [Zonestats:time(s),used_cap(MB),reclaimable_cap(MB), avg_reclaimable(%), active(#), active_zones(#), open_zones(#)] 143 1089 2238 67 6 6 1
2026/04/19-18:12:25.649297 1630 [DEBUG] DeleteFile: ./db_working_home/000201.sst 
2026/04/19-18:12:25.650129 1630 [Zonestats:time(s),used_cap(MB),reclaimable_cap(MB), avg_reclaimable(%), active(#), active_zones(#), open_zones(#)] 143 1046 2153 67 6 6 1
2026/04/19-18:12:25.650162 1630 [DEBUG] DeleteFile: ./db_working_home/000205.log 
2026/04/19-18:12:25.650941 1630 [Zonestats:time(s),used_cap(MB),reclaimable_cap(MB), avg_reclaimable(%), active(#), active_zones(#), open_zones(#)] 143 1030 2169 67 6 6 1
2026/04/19-18:12:25.652058 1626 [DEBUG] New writable file: /db_working_home/000213.log direct: 0
2026/04/19-18:12:25.653140 1630 [DEBUG] New writable file: /db_working_home/000214.sst direct: 1
2026/04/19-18:12:25.654908 1630 Entering Apply Finish Threshold Function
2026/04/19-18:12:25.654918 1630 Finishing zone: Entering Finish()
2026/04/19-18:12:26.197986 1629 Finishing zone: Entering Finish()
2026/04/19-18:12:26.645747 1628 Zone Garbage Stats: [100 2 0 0 2 8 0 5 0 4 1 0 ]
2026/04/19-18:12:26.645760 1628 Total Garbage Bytes: 48937949 bytes
2026/04/19-18:12:27.275743 1630 [DEBUG] Allocating zone(new=1) start: 0x70000000 wp: 0x70000000 lt: 3 file lt: 3
2026/04/19-18:12:27.275757 1630 [Zonestats:time(s),used_cap(MB),reclaimable_cap(MB), avg_reclaimable(%), active(#), active_zones(#), open_zones(#)] 145 1030 2169 67 4 5 2
2026/04/19-18:12:27.275766 1630 [DEBUG] Syncing metadata for: /db_working_home/000214.sst
2026/04/19-18:12:27.284119 1630 [DEBUG] Syncing metadata for: /db_working_home/000214.sst
2026/04/19-18:12:27.284685 1630 [DEBUG] Syncing metadata for: /db_working_home/000214.sst
2026/04/19-18:12:27.285661 1630 [DEBUG] New random access file: /db_working_home/000214.sst direct: 1
2026/04/19-18:12:27.285844 1630 [DEBUG] GetFileSize: /db_working_home/000214.sst 
2026/04/19-18:12:27.288463 1630 [DEBUG] Syncing metadata for: /db_working_home/MANIFEST-000005
2026/04/19-18:12:27.289116 1630 [DEBUG] GetFileSize: /db_working_home/000214.sst 
2026/04/19-18:12:27.289145 1630 [DEBUG] Allocating zone(new=0) start: 0xf0000000 wp: 0xf06f9600 lt: 3 file lt: 2
2026/04/19-18:12:27.289151 1630 [DEBUG] Syncing metadata for: /db_working_home/000207.log
2026/04/19-18:12:27.294517 1630 [DEBUG] Syncing metadata for: /db_working_home/000207.log
2026/04/19-18:12:27.295425 1630 [DEBUG] DeleteFile: ./db_working_home/000207.log 
2026/04/19-18:12:27.296224 1630 [Zonestats:time(s),used_cap(MB),reclaimable_cap(MB), avg_reclaimable(%), active(#), active_zones(#), open_zones(#)] 145 1031 2296 69 5 5 1
2026/04/19-18:12:27.466790 1629 [DEBUG] Allocating zone(new=1) start: 0x78000000 wp: 0x78000000 lt: 3 file lt: 3
2026/04/19-18:12:27.466804 1629 [Zonestats:time(s),used_cap(MB),reclaimable_cap(MB), avg_reclaimable(%), active(#), active_zones(#), open_zones(#)] 145 1031 2296 69 4 5 2
2026/04/19-18:12:27.466813 1629 [DEBUG] Syncing metadata for: /db_working_home/000212.sst
2026/04/19-18:12:27.575317 1629 [DEBUG] Syncing metadata for: /db_working_home/000212.sst
2026/04/19-18:12:27.575889 1629 [DEBUG] Syncing metadata for: /db_working_home/000212.sst
2026/04/19-18:12:27.576605 1629 [DEBUG] GetFileSize: /db_working_home/000212.sst 
2026/04/19-18:12:27.577978 1629 [DEBUG] New random access file: /db_working_home/000211.sst direct: 1
2026/04/19-18:12:27.578214 1629 [DEBUG] GetFileSize: /db_working_home/000211.sst 
2026/04/19-18:12:27.578388 1629 [DEBUG] New random access file: /db_working_home/000212.sst direct: 1
2026/04/19-18:12:27.578560 1629 [DEBUG] GetFileSize: /db_working_home/000212.sst 
2026/04/19-18:12:27.579361 1629 [DEBUG] Syncing metadata for: /db_working_home/MANIFEST-000005
2026/04/19-18:12:27.580106 1629 [DEBUG] DeleteFile: ./db_working_home/000202.sst 
2026/04/19-18:12:27.580831 1629 [Zonestats:time(s),used_cap(MB),reclaimable_cap(MB), avg_reclaimable(%), active(#), active_zones(#), open_zones(#)] 145 1026 2301 69 5 5 1
2026/04/19-18:12:27.580871 1629 [DEBUG] DeleteFile: ./db_working_home/000204.sst 
2026/04/19-18:12:27.581530 1629 [Zonestats:time(s),used_cap(MB),reclaimable_cap(MB), avg_reclaimable(%), active(#), active_zones(#), open_zones(#)] 145 1010 2189 68 5 5 1
2026/04/19-18:12:27.581566 1629 [DEBUG] DeleteFile: ./db_working_home/000206.sst 
2026/04/19-18:12:27.582205 1629 [Zonestats:time(s),used_cap(MB),reclaimable_cap(MB), avg_reclaimable(%), active(#), active_zones(#), open_zones(#)] 145 995 2076 67 5 5 1
2026/04/19-18:12:27.582239 1629 [DEBUG] DeleteFile: ./db_working_home/000208.sst 
2026/04/19-18:12:27.582875 1629 [Zonestats:time(s),used_cap(MB),reclaimable_cap(MB), avg_reclaimable(%), active(#), active_zones(#), open_zones(#)] 145 988 1955 66 4 4 1
2026/04/19-18:12:27.588151 1629 [DEBUG] New writable file: /db_working_home/000215.sst direct: 1
2026/04/19-18:12:27.590891 1629 Entering Apply Finish Threshold Function
2026/04/19-18:12:27.590916 1629 [DEBUG] Allocating zone(new=1) start: 0x40000000 wp: 0x40000000 lt: 4 file lt: 4
2026/04/19-18:12:27.590923 1629 [Zonestats:time(s),used_cap(MB),reclaimable_cap(MB), avg_reclaimable(%), active(#), active_zones(#), open_zones(#)] 145 988 1955 66 4 5 2
2026/04/19-18:12:27.590929 1629 [DEBUG] Syncing metadata for: /db_working_home/000215.sst
2026/04/19-18:12:27.645872 1628 Zone Garbage Stats: [101 3 0 0 2 8 0 5 0 3 1 0 ]
2026/04/19-18:12:27.645986 1628 Total Garbage Bytes: 48938248 bytes
2026/04/19-18:12:27.845141 1629 [DEBUG] Syncing metadata for: /db_working_home/000215.sst
2026/04/19-18:12:27.845719 1629 [DEBUG] Syncing metadata for: /db_working_home/000215.sst
2026/04/19-18:12:27.846421 1629 [DEBUG] GetFileSize: /db_working_home/000215.sst 
2026/04/19-18:12:27.847803 1629 [DEBUG] New random access file: /db_working_home/000215.sst direct: 1
2026/04/19-18:12:27.848013 1629 [DEBUG] GetFileSize: /db_working_home/000215.sst 
2026/04/19-18:12:27.848871 1629 [DEBUG] Syncing metadata for: /db_working_home/MANIFEST-000005
2026/04/19-18:12:27.849598 1629 [DEBUG] DeleteFile: ./db_working_home/000188.sst 
2026/04/19-18:12:27.850277 1629 [Zonestats:time(s),used_cap(MB),reclaimable_cap(MB), avg_reclaimable(%), active(#), active_zones(#), open_zones(#)] 145 998 1945 66 5 5 1
2026/04/19-18:12:27.850317 1629 [DEBUG] DeleteFile: ./db_working_home/000212.sst 
2026/04/19-18:12:27.850964 1629 [Zonestats:time(s),used_cap(MB),reclaimable_cap(MB), avg_reclaimable(%), active(#), active_zones(#), open_zones(#)] 145 988 1827 64 4 4 1
2026/04/19-18:12:27.856236 1629 [DEBUG] New writable file: /db_working_home/000216.sst direct: 1
2026/04/19-18:12:27.858982 1629 Entering Apply Finish Threshold Function
2026/04/19-18:12:27.858992 1629 Finishing zone: Entering Finish()
2026/04/19-18:12:28.646173 1628 Zone Garbage Stats: [103 2 0 0 2 8 0 5 0 2 1 0 ]
2026/04/19-18:12:28.646186 1628 Total Garbage Bytes: 48937559 bytes
2026/04/19-18:12:28.684780 1629 [DEBUG] Allocating zone(new=1) start: 0x78000000 wp: 0x78000000 lt: 5 file lt: 5
2026/04/19-18:12:28.684795 1629 [Zonestats:time(s),used_cap(MB),reclaimable_cap(MB), avg_reclaimable(%), active(#), active_zones(#), open_zones(#)] 146 988 1827 64 3 4 2
2026/04/19-18:12:28.684803 1629 [DEBUG] Syncing metadata for: /db_working_home/000216.sst
2026/04/19-18:12:29.476682 1629 [DEBUG] Syncing metadata for: /db_working_home/000216.sst
2026/04/19-18:12:29.477257 1629 [DEBUG] Syncing metadata for: /db_working_home/000216.sst
2026/04/19-18:12:29.478000 1629 [DEBUG] GetFileSize: /db_working_home/000216.sst 
2026/04/19-18:12:29.478034 1629 [DEBUG] New writable file: /db_working_home/000217.sst direct: 1
2026/04/19-18:12:29.483344 1629 Entering Apply Finish Threshold Function
2026/04/19-18:12:29.483354 1629 Finishing zone: Entering Finish()
2026/04/19-18:12:29.646372 1628 Zone Garbage Stats: [102 2 0 0 2 8 0 5 0 3 1 0 ]
2026/04/19-18:12:29.646385 1628 Total Garbage Bytes: 48937984 bytes
2026/04/19-18:12:29.896596 1629 [DEBUG] Allocating zone(new=1) start: 0xa0000000 wp: 0xa0000000 lt: 5 file lt: 5
2026/04/19-18:12:29.896611 1629 [Zonestats:time(s),used_cap(MB),reclaimable_cap(MB), avg_reclaimable(%), active(#), active_zones(#), open_zones(#)] 147 1064 1879 63 3 4 2
2026/04/19-18:12:29.896619 1629 [DEBUG] Syncing metadata for: /db_working_home/000217.sst
2026/04/19-18:12:30.490016 1629 [DEBUG] Syncing metadata for: /db_working_home/000217.sst
2026/04/19-18:12:30.490592 1629 [DEBUG] Syncing metadata for: /db_working_home/000217.sst
2026/04/19-18:12:30.491299 1629 [DEBUG] GetFileSize: /db_working_home/000217.sst 
2026/04/19-18:12:30.491335 1629 [DEBUG] New writable file: /db_working_home/000218.sst direct: 1
2026/04/19-18:12:30.494080 1629 Entering Apply Finish Threshold Function
2026/04/19-18:12:30.494091 1629 Finishing zone: Entering Finish()
2026/04/19-18:12:30.646571 1628 Zone Garbage Stats: [101 2 0 0 2 9 0 5 0 3 1 0 ]
2026/04/19-18:12:30.646584 1628 Total Garbage Bytes: 48938056 bytes
2026/04/19-18:12:31.060332 1629 [DEBUG] Allocating zone(new=1) start: 0xc8000000 wp: 0xc8000000 lt: 5 file lt: 5
2026/04/19-18:12:31.060346 1629 [Zonestats:time(s),used_cap(MB),reclaimable_cap(MB), avg_reclaimable(%), active(#), active_zones(#), open_zones(#)] 149 1121 1950 63 3 4 2
2026/04/19-18:12:31.060354 1629 [DEBUG] Syncing metadata for: /db_working_home/000218.sst
2026/04/19-18:12:31.447563 1629 [DEBUG] Syncing metadata for: /db_working_home/000218.sst
2026/04/19-18:12:31.448142 1629 [DEBUG] Syncing metadata for: /db_working_home/000218.sst
2026/04/19-18:12:31.448849 1629 [DEBUG] GetFileSize: /db_working_home/000218.sst 
2026/04/19-18:12:31.450236 1629 [DEBUG] New random access file: /db_working_home/000216.sst direct: 1
2026/04/19-18:12:31.450519 1629 [DEBUG] GetFileSize: /db_working_home/000216.sst 
2026/04/19-18:12:31.450687 1629 [DEBUG] New random access file: /db_working_home/000217.sst direct: 1
2026/04/19-18:12:31.450928 1629 [DEBUG] GetFileSize: /db_working_home/000217.sst 
2026/04/19-18:12:31.451057 1629 [DEBUG] New random access file: /db_working_home/000218.sst direct: 1
2026/04/19-18:12:31.451248 1629 [DEBUG] GetFileSize: /db_working_home/000218.sst 
2026/04/19-18:12:31.452109 1629 [DEBUG] Syncing metadata for: /db_working_home/MANIFEST-000005
2026/04/19-18:12:31.452842 1629 [DEBUG] DeleteFile: ./db_working_home/000185.sst 
2026/04/19-18:12:31.453536 1629 [Zonestats:time(s),used_cap(MB),reclaimable_cap(MB), avg_reclaimable(%), active(#), active_zones(#), open_zones(#)] 149 1073 1998 65 4 4 1
2026/04/19-18:12:31.453577 1629 [DEBUG] DeleteFile: ./db_working_home/000209.sst 
2026/04/19-18:12:31.454225 1629 [Zonestats:time(s),used_cap(MB),reclaimable_cap(MB), avg_reclaimable(%), active(#), active_zones(#), open_zones(#)] 149 988 1955 66 4 4 1
2026/04/19-18:12:31.454945 1629 [DEBUG] Syncing metadata for: /db_working_home/MANIFEST-000005
2026/04/19-18:12:31.460733 1629 [DEBUG] New writable file: /db_working_home/000219.sst direct: 1
2026/04/19-18:12:31.463512 1629 Entering Apply Finish Threshold Function
2026/04/19-18:12:31.463521 1629 Finishing zone: Entering Finish()
2026/04/19-18:12:31.646719 1628 Zone Garbage Stats: [102 2 0 0 0 9 1 5 0 3 1 0 ]
2026/04/19-18:12:31.646732 1628 Total Garbage Bytes: 48938086 bytes
2026/04/19-18:12:32.189301 1629 [DEBUG] Allocating zone(new=1) start: 0x58000000 wp: 0x58000000 lt: 5 file lt: 5
2026/04/19-18:12:32.189315 1629 [Zonestats:time(s),used_cap(MB),reclaimable_cap(MB), avg_reclaimable(%), active(#), active_zones(#), open_zones(#)] 150 988 1955 66 3 4 2
2026/04/19-18:12:32.189324 1629 [DEBUG] Syncing metadata for: /db_working_home/000219.sst
2026/04/19-18:12:32.646854 1628 Zone Garbage Stats: [101 2 0 0 0 9 1 5 1 3 1 0 ]
2026/04/19-18:12:32.646925 1628 Total Garbage Bytes: 48938487 bytes
2026/04/19-18:12:32.758734 1629 [DEBUG] Syncing metadata for: /db_working_home/000219.sst
2026/04/19-18:12:32.759313 1629 [DEBUG] Syncing metadata for: /db_working_home/000219.sst
2026/04/19-18:12:32.760020 1629 [DEBUG] GetFileSize: /db_working_home/000219.sst 
2026/04/19-18:12:32.760055 1629 [DEBUG] New writable file: /db_working_home/000220.sst direct: 1
2026/04/19-18:12:32.762794 1629 Entering Apply Finish Threshold Function
2026/04/19-18:12:32.762805 1629 Finishing zone: Entering Finish()
2026/04/19-18:12:33.347541 1629 [DEBUG] Allocating zone(new=1) start: 0xd0000000 wp: 0xd0000000 lt: 5 file lt: 5
2026/04/19-18:12:33.347555 1629 [Zonestats:time(s),used_cap(MB),reclaimable_cap(MB), avg_reclaimable(%), active(#), active_zones(#), open_zones(#)] 151 1043 2028 66 3 4 2
2026/04/19-18:12:33.347563 1629 [DEBUG] Syncing metadata for: /db_working_home/000220.sst
2026/04/19-18:12:33.647108 1628 Zone Garbage Stats: [100 2 0 0 0 9 2 5 1 3 1 0 ]
2026/04/19-18:12:33.647125 1628 Total Garbage Bytes: 48938504 bytes
2026/04/19-18:12:34.338652 1629 [DEBUG] Syncing metadata for: /db_working_home/000220.sst
2026/04/19-18:12:34.339231 1629 [DEBUG] Syncing metadata for: /db_working_home/000220.sst
2026/04/19-18:12:34.339936 1629 [DEBUG] GetFileSize: /db_working_home/000220.sst 
2026/04/19-18:12:34.341475 1629 [DEBUG] New random access file: /db_working_home/000219.sst direct: 1
2026/04/19-18:12:34.341713 1629 [DEBUG] GetFileSize: /db_working_home/000219.sst 
2026/04/19-18:12:34.341881 1629 [DEBUG] New random access file: /db_working_home/000220.sst direct: 1
2026/04/19-18:12:34.342165 1629 [DEBUG] GetFileSize: /db_working_home/000220.sst 
2026/04/19-18:12:34.343056 1629 [DEBUG] Syncing metadata for: /db_working_home/MANIFEST-000005
2026/04/19-18:12:34.343782 1629 [DEBUG] DeleteFile: ./db_working_home/000172.sst 
2026/04/19-18:12:34.344467 1629 [Zonestats:time(s),used_cap(MB),reclaimable_cap(MB), avg_reclaimable(%), active(#), active_zones(#), open_zones(#)] 152 1064 2007 65 4 4 1
2026/04/19-18:12:34.344508 1629 [DEBUG] DeleteFile: ./db_working_home/000216.sst 
2026/04/19-18:12:34.345154 1629 [Zonestats:time(s),used_cap(MB),reclaimable_cap(MB), avg_reclaimable(%), active(#), active_zones(#), open_zones(#)] 152 988 1955 66 4 4 1
2026/04/19-18:12:34.350434 1629 [DEBUG] New writable file: /db_working_home/000221.sst direct: 1
2026/04/19-18:12:34.353220 1629 Entering Apply Finish Threshold Function
2026/04/19-18:12:34.353230 1629 Finishing zone: Entering Finish()
2026/04/19-18:12:34.612517 1629 [DEBUG] Allocating zone(new=1) start: 0x78000000 wp: 0x78000000 lt: 5 file lt: 5
2026/04/19-18:12:34.612531 1629 [Zonestats:time(s),used_cap(MB),reclaimable_cap(MB), avg_reclaimable(%), active(#), active_zones(#), open_zones(#)] 152 988 1955 66 3 4 2
2026/04/19-18:12:34.612539 1629 [DEBUG] Syncing metadata for: /db_working_home/000221.sst
2026/04/19-18:12:34.647237 1628 Zone Garbage Stats: [101 2 0 1 0 7 2 5 1 3 1 0 ]
2026/04/19-18:12:34.647250 1628 Total Garbage Bytes: 48938250 bytes
2026/04/19-18:12:35.275417 1629 [DEBUG] Syncing metadata for: /db_working_home/000221.sst
2026/04/19-18:12:35.275985 1629 [DEBUG] Syncing metadata for: /db_working_home/000221.sst
2026/04/19-18:12:35.276675 1629 [DEBUG] GetFileSize: /db_working_home/000221.sst 
2026/04/19-18:12:35.276709 1629 [DEBUG] New writable file: /db_working_home/000222.sst direct: 1
2026/04/19-18:12:35.281983 1629 Entering Apply Finish Threshold Function
2026/04/19-18:12:35.281994 1629 Finishing zone: Entering Finish()
2026/04/19-18:12:35.647430 1628 Zone Garbage Stats: [101 2 0 1 0 7 2 5 1 3 1 0 ]
2026/04/19-18:12:35.647460 1628 Total Garbage Bytes: 48938250 bytes
2026/04/19-18:12:35.793706 1629 [DEBUG] Allocating zone(new=1) start: 0x88000000 wp: 0x88000000 lt: 5 file lt: 5
2026/04/19-18:12:35.793720 1629 [Zonestats:time(s),used_cap(MB),reclaimable_cap(MB), avg_reclaimable(%), active(#), active_zones(#), open_zones(#)] 153 1052 2019 65 3 4 2
2026/04/19-18:12:35.793729 1629 [DEBUG] Syncing metadata for: /db_working_home/000222.sst
2026/04/19-18:12:36.458056 1629 [DEBUG] Syncing metadata for: /db_working_home/000222.sst
2026/04/19-18:12:36.458617 1629 [DEBUG] Syncing metadata for: /db_working_home/000222.sst
2026/04/19-18:12:36.459309 1629 [DEBUG] GetFileSize: /db_working_home/000222.sst 
2026/04/19-18:12:36.459356 1629 [DEBUG] New writable file: /db_working_home/000223.sst direct: 1
2026/04/19-18:12:36.464605 1629 Entering Apply Finish Threshold Function
2026/04/19-18:12:36.464617 1629 Finishing zone: Entering Finish()
2026/04/19-18:12:36.647639 1628 Zone Garbage Stats: [100 2 0 1 0 8 2 5 1 3 1 0 ]
2026/04/19-18:12:36.647652 1628 Total Garbage Bytes: 48938709 bytes
2026/04/19-18:12:36.976669 1629 [DEBUG] Allocating zone(new=1) start: 0xd8000000 wp: 0xd8000000 lt: 5 file lt: 5
2026/04/19-18:12:36.976683 1629 [Zonestats:time(s),used_cap(MB),reclaimable_cap(MB), avg_reclaimable(%), active(#), active_zones(#), open_zones(#)] 154 1116 2083 65 3 4 2
2026/04/19-18:12:36.976708 1629 [DEBUG] Syncing metadata for: /db_working_home/000223.sst
2026/04/19-18:12:37.644641 1629 [DEBUG] Syncing metadata for: /db_working_home/000223.sst
2026/04/19-18:12:37.645198 1629 [DEBUG] Syncing metadata for: /db_working_home/000223.sst
2026/04/19-18:12:37.645892 1629 [DEBUG] GetFileSize: /db_working_home/000223.sst 
2026/04/19-18:12:37.645977 1629 [DEBUG] New writable file: /db_working_home/000224.sst direct: 1
2026/04/19-18:12:37.647844 1628 Zone Garbage Stats: [99 3 0 1 0 9 2 5 1 3 1 0 ]
2026/04/19-18:12:37.647919 1628 Total Garbage Bytes: 48939338 bytes
2026/04/19-18:12:37.648716 1629 Entering Apply Finish Threshold Function
2026/04/19-18:12:37.648728 1629 Finishing zone: Entering Finish()
2026/04/19-18:12:38.160692 1629 [DEBUG] Allocating zone(new=1) start: 0xe8000000 wp: 0xe8000000 lt: 5 file lt: 5
2026/04/19-18:12:38.160706 1629 [Zonestats:time(s),used_cap(MB),reclaimable_cap(MB), avg_reclaimable(%), active(#), active_zones(#), open_zones(#)] 156 1180 2147 64 3 4 2
2026/04/19-18:12:38.160715 1629 [DEBUG] Syncing metadata for: /db_working_home/000224.sst
2026/04/19-18:12:38.240852 1629 [DEBUG] Syncing metadata for: /db_working_home/000224.sst
2026/04/19-18:12:38.241439 1629 [DEBUG] Syncing metadata for: /db_working_home/000224.sst
2026/04/19-18:12:38.242182 1629 [DEBUG] GetFileSize: /db_working_home/000224.sst 
2026/04/19-18:12:38.243777 1629 [DEBUG] New random access file: /db_working_home/000221.sst direct: 1
2026/04/19-18:12:38.244055 1629 [DEBUG] GetFileSize: /db_working_home/000221.sst 
2026/04/19-18:12:38.244262 1629 [DEBUG] New random access file: /db_working_home/000222.sst direct: 1
2026/04/19-18:12:38.244503 1629 [DEBUG] GetFileSize: /db_working_home/000222.sst 
2026/04/19-18:12:38.244645 1629 [DEBUG] New random access file: /db_working_home/000223.sst direct: 1
2026/04/19-18:12:38.244877 1629 [DEBUG] GetFileSize: /db_working_home/000223.sst 
2026/04/19-18:12:38.245045 1629 [DEBUG] New random access file: /db_working_home/000224.sst direct: 1
2026/04/19-18:12:38.245209 1629 [DEBUG] GetFileSize: /db_working_home/000224.sst 
2026/04/19-18:12:38.246106 1629 [DEBUG] Syncing metadata for: /db_working_home/MANIFEST-000005
2026/04/19-18:12:38.246881 1629 [DEBUG] DeleteFile: ./db_working_home/000107.sst 
2026/04/19-18:12:38.247601 1629 [Zonestats:time(s),used_cap(MB),reclaimable_cap(MB), avg_reclaimable(%), active(#), active_zones(#), open_zones(#)] 156 1124 2203 66 4 4 1
2026/04/19-18:12:38.247642 1629 [DEBUG] DeleteFile: ./db_working_home/000163.sst 
2026/04/19-18:12:38.248287 1629 [Zonestats:time(s),used_cap(MB),reclaimable_cap(MB), avg_reclaimable(%), active(#), active_zones(#), open_zones(#)] 156 1083 2116 66 4 4 1
2026/04/19-18:12:38.248322 1629 [DEBUG] DeleteFile: ./db_working_home/000220.sst 
2026/04/19-18:12:38.248961 1629 [Zonestats:time(s),used_cap(MB),reclaimable_cap(MB), avg_reclaimable(%), active(#), active_zones(#), open_zones(#)] 156 988 2083 67 4 4 1
2026/04/19-18:12:38.249695 1629 [DEBUG] Syncing metadata for: /db_working_home/MANIFEST-000005
2026/04/19-18:12:38.315525 1626 [DEBUG] GetChildrenNoLock: /db_working_home 
2026/04/19-18:12:38.315916 1626 [DEBUG] Syncing metadata for: /db_working_home/000213.log
2026/04/19-18:12:38.316512 1626 [DEBUG] Syncing metadata for: /db_working_home/MANIFEST-000005
2026/04/19-18:12:38.317047 1626 [DEBUG] Syncing metadata for: /db_working_home/MANIFEST-000005
2026/04/19-18:12:38.317651 1626 [DEBUG] GetFileSize: /db_working_home/MANIFEST-000005 
2026/04/19-18:12:38.318835 1626 [DEBUG] CreatDirIfMissing: ./db_working_home to aux: /home/femu/rocksdbTest/zenfs_aux/./db_working_home
2026/04/19-18:12:38.318865 1626 [DEBUG] FileExists: /db_working_home/LOG 
2026/04/19-18:12:38.318915 1626 [DEBUG] Rename file: /db_working_home/LOG to : /db_working_home/LOG.old.1776622358318903
2026/04/19-18:12:38.319998 1626 [DEBUG] GetChildrenNoLock: /db_working_home 
2026/04/19-18:12:38.320134 1626 [DEBUG] GetFileSize: /db_working_home/000213.log 
2026/04/19-18:12:38.320153 1626 [DEBUG] GetFileSize: /db_working_home/MANIFEST-000005 
2026/04/19-18:12:38.320803 1626 [DEBUG] CreatDirIfMissing: ./db_working_home to aux: /home/femu/rocksdbTest/zenfs_aux/./db_working_home
2026/04/19-18:12:38.320816 1626 [DEBUG] CreatDirIfMissing: ./db_working_home to aux: /home/femu/rocksdbTest/zenfs_aux/./db_working_home
2026/04/19-18:12:38.320838 1626 [DEBUG] CreatDirIfMissing: ./db_working_home to aux: /home/femu/rocksdbTest/zenfs_aux/./db_working_home
2026/04/19-18:12:38.320847 1626 [DEBUG] NewDirectory: ./db_working_home to aux: /home/femu/rocksdbTest/zenfs_aux/./db_working_home
2026/04/19-18:12:38.320888 1626 [DEBUG] FileExists: /db_working_home/CURRENT 
2026/04/19-18:12:38.320903 1626 [DEBUG] New random access file: /db_working_home/CURRENT direct: 1
2026/04/19-18:12:38.320923 1626 [DEBUG] New sequential file: /db_working_home/CURRENT direct: 0
2026/04/19-18:12:38.320961 1626 [DEBUG] New sequential file: /db_working_home/MANIFEST-000005 direct: 0
2026/04/19-18:12:38.323629 1647 [DEBUG] New random access file: /db_working_home/000214.sst direct: 1
2026/04/19-18:12:38.323694 1648 [DEBUG] New random access file: /db_working_home/000210.sst direct: 1
2026/04/19-18:12:38.323737 1649 [DEBUG] New random access file: /db_working_home/000211.sst direct: 1
2026/04/19-18:12:38.323842 1647 [DEBUG] GetFileSize: /db_working_home/000214.sst 
2026/04/19-18:12:38.324413 1651 [DEBUG] New random access file: /db_working_home/000215.sst direct: 1
2026/04/19-18:12:38.324443 1650 [DEBUG] New random access file: /db_working_home/000218.sst direct: 1
2026/04/19-18:12:38.324570 1647 [DEBUG] New random access file: /db_working_home/000217.sst direct: 1
2026/04/19-18:12:38.325766 1649 [DEBUG] GetFileSize: /db_working_home/000211.sst 
2026/04/19-18:12:38.325766 1648 [DEBUG] GetFileSize: /db_working_home/000210.sst 
2026/04/19-18:12:38.326068 1647 [DEBUG] GetFileSize: /db_working_home/000217.sst 
2026/04/19-18:12:38.326488 1651 [DEBUG] GetFileSize: /db_working_home/000215.sst 
2026/04/19-18:12:38.326576 1652 [DEBUG] New random access file: /db_working_home/000219.sst direct: 1
2026/04/19-18:12:38.328590 1652 [DEBUG] GetFileSize: /db_working_home/000219.sst 
2026/04/19-18:12:38.328657 1650 [DEBUG] GetFileSize: /db_working_home/000218.sst 
2026/04/19-18:12:38.330735 1653 [DEBUG] New random access file: /db_working_home/000141.sst direct: 1
2026/04/19-18:12:38.330789 1651 [DEBUG] New random access file: /db_working_home/000179.sst direct: 1
2026/04/19-18:12:38.330981 1649 [DEBUG] New random access file: /db_working_home/000175.sst direct: 1
2026/04/19-18:12:38.331078 1655 [DEBUG] New random access file: /db_working_home/000224.sst direct: 1
2026/04/19-18:12:38.331819 1653 [DEBUG] GetFileSize: /db_working_home/000141.sst 
2026/04/19-18:12:38.331926 1656 [DEBUG] New random access file: /db_working_home/000222.sst direct: 1
2026/04/19-18:12:38.332007 1649 [DEBUG] GetFileSize: /db_working_home/000175.sst 
2026/04/19-18:12:38.333163 1659 [DEBUG] New random access file: /db_working_home/000223.sst direct: 1
2026/04/19-18:12:38.333192 1658 [DEBUG] New random access file: /db_working_home/000194.sst direct: 1
2026/04/19-18:12:38.333239 1657 [DEBUG] New random access file: /db_working_home/000221.sst direct: 1
2026/04/19-18:12:38.333527 1655 [DEBUG] GetFileSize: /db_working_home/000224.sst 
2026/04/19-18:12:38.333560 1648 [DEBUG] New random access file: /db_working_home/000113.sst direct: 1
2026/04/19-18:12:38.333565 1654 [DEBUG] New random access file: /db_working_home/000178.sst direct: 1
2026/04/19-18:12:38.333624 1651 [DEBUG] GetFileSize: /db_working_home/000179.sst 
2026/04/19-18:12:38.335834 1653 [DEBUG] New random access file: /db_working_home/000160.sst direct: 1
2026/04/19-18:12:38.335863 1657 [DEBUG] GetFileSize: /db_working_home/000221.sst 
2026/04/19-18:12:38.336333 1656 [DEBUG] GetFileSize: /db_working_home/000222.sst 
2026/04/19-18:12:38.337245 1658 [DEBUG] GetFileSize: /db_working_home/000194.sst 
2026/04/19-18:12:38.337353 1648 [DEBUG] GetFileSize: /db_working_home/000113.sst 
2026/04/19-18:12:38.337382 1659 [DEBUG] GetFileSize: /db_working_home/000223.sst 
2026/04/19-18:12:38.338686 1653 [DEBUG] GetFileSize: /db_working_home/000160.sst 
2026/04/19-18:12:38.338693 1652 [DEBUG] New random access file: /db_working_home/000108.sst direct: 1
2026/04/19-18:12:38.338710 1626 [DEBUG] New random access file: /db_working_home/000114.sst direct: 1
2026/04/19-18:12:38.338724 1660 [DEBUG] New random access file: /db_working_home/000158.sst direct: 1
2026/04/19-18:12:38.340435 1654 [DEBUG] GetFileSize: /db_working_home/000178.sst 
2026/04/19-18:12:38.340439 1661 [DEBUG] New random access file: /db_working_home/000191.sst direct: 1
2026/04/19-18:12:38.340553 1652 [DEBUG] GetFileSize: /db_working_home/000108.sst 
2026/04/19-18:12:38.341912 1626 [DEBUG] GetFileSize: /db_working_home/000114.sst 
2026/04/19-18:12:38.343293 1660 [DEBUG] GetFileSize: /db_working_home/000158.sst 
2026/04/19-18:12:38.344455 1661 [DEBUG] GetFileSize: /db_working_home/000191.sst 
2026/04/19-18:12:38.345684 1626 [DEBUG] FileExists: /db_working_home/IDENTITY 
2026/04/19-18:12:38.345695 1626 [DEBUG] New sequential file: /db_working_home/IDENTITY direct: 0
2026/04/19-18:12:38.345730 1626 [DEBUG] GetChildrenNoLock: /db_working_home 
2026/04/19-18:12:38.345814 1626 [DEBUG] CreatDirIfMissing: ./db_working_home to aux: /home/femu/rocksdbTest/zenfs_aux/./db_working_home
2026/04/19-18:12:38.345822 1626 [DEBUG] NewDirectory: ./db_working_home to aux: /home/femu/rocksdbTest/zenfs_aux/./db_working_home
2026/04/19-18:12:38.345833 1626 [DEBUG] GetChildrenNoLock: /db_working_home 
2026/04/19-18:12:38.345901 1626 [DEBUG] New sequential file: /db_working_home/000213.log direct: 0
2026/04/19-18:12:38.345936 1626 [DEBUG] GetFileSize: /db_working_home/000213.log 
2026/04/19-18:12:38.345954 1626 [DEBUG] GetFileSize: /db_working_home/000213.log 
2026/04/19-18:12:38.345959 1626 [DEBUG] Reopen writable file: /db_working_home/000213.log 
2026/04/19-18:12:38.345975 1626 [DEBUG] Syncing metadata for: /db_working_home/000213.log
2026/04/19-18:12:38.346519 1626 [DEBUG] New writable file: /db_working_home/000227.log direct: 0
2026/04/19-18:12:38.347064 1626 [DEBUG] New writable file: /db_working_home/MANIFEST-000228 direct: 0
2026/04/19-18:12:38.347681 1626 Entering Apply Finish Threshold Function
2026/04/19-18:12:38.347691 1626 [DEBUG] Allocating zone(new=0) start: 0x20000000 wp: 0x20002400 lt: 0 file lt: 0
2026/04/19-18:12:38.347695 1626 [Zonestats:time(s),used_cap(MB),reclaimable_cap(MB), avg_reclaimable(%), active(#), active_zones(#), open_zones(#)] 156 988 2083 67 4 4 1
2026/04/19-18:12:38.347698 1626 [DEBUG] Syncing metadata for: /db_working_home/MANIFEST-000228
2026/04/19-18:12:38.348705 1626 [DEBUG] Syncing metadata for: /db_working_home/MANIFEST-000228
2026/04/19-18:12:38.349213 1626 [DEBUG] New writable file: /db_working_home/000228.dbtmp direct: 0
2026/04/19-18:12:38.349719 1626 Entering Apply Finish Threshold Function
2026/04/19-18:12:38.349728 1626 [DEBUG] Allocating zone(new=0) start: 0x18000000 wp: 0x18015a00 lt: 0 file lt: 0
2026/04/19-18:12:38.349731 1626 [Zonestats:time(s),used_cap(MB),reclaimable_cap(MB), avg_reclaimable(%), active(#), active_zones(#), open_zones(#)] 156 988 2083 67 4 4 2
2026/04/19-18:12:38.349734 1626 [DEBUG] Syncing metadata for: /db_working_home/000228.dbtmp
2026/04/19-18:12:38.350730 1626 [DEBUG] Syncing metadata for: /db_working_home/000228.dbtmp
2026/04/19-18:12:38.351230 1626 [DEBUG] Syncing metadata for: /db_working_home/000228.dbtmp
2026/04/19-18:12:38.351729 1626 [DEBUG] Syncing metadata for: /db_working_home/000228.dbtmp
2026/04/19-18:12:38.352259 1626 [DEBUG] Rename file: /db_working_home/000228.dbtmp to : /db_working_home/CURRENT
2026/04/19-18:12:38.354632 1626 [DEBUG] New writable file: /db_working_home/OPTIONS-000229.dbtmp direct: 0
2026/04/19-18:12:38.355328 1626 Entering Apply Finish Threshold Function
2026/04/19-18:12:38.355337 1626 [DEBUG] Allocating zone(new=0) start: 0x18000000 wp: 0x18015c00 lt: 0 file lt: 0
2026/04/19-18:12:38.355340 1626 [Zonestats:time(s),used_cap(MB),reclaimable_cap(MB), avg_reclaimable(%), active(#), active_zones(#), open_zones(#)] 156 988 2083 67 4 4 2
2026/04/19-18:12:38.355343 1626 [DEBUG] Syncing metadata for: /db_working_home/OPTIONS-000229.dbtmp
2026/04/19-18:12:38.356349 1626 [DEBUG] Syncing metadata for: /db_working_home/OPTIONS-000229.dbtmp
2026/04/19-18:12:38.356850 1626 [DEBUG] Syncing metadata for: /db_working_home/OPTIONS-000229.dbtmp
2026/04/19-18:12:38.357350 1626 [DEBUG] Syncing metadata for: /db_working_home/OPTIONS-000229.dbtmp
2026/04/19-18:12:38.357952 1626 [DEBUG] New sequential file: /db_working_home/OPTIONS-000229.dbtmp direct: 0
2026/04/19-18:12:38.359088 1626 [DEBUG] GetFileSize: /db_working_home/OPTIONS-000229.dbtmp 
2026/04/19-18:12:38.359099 1626 [DEBUG] Rename file: /db_working_home/OPTIONS-000229.dbtmp to : /db_working_home/OPTIONS-000230
2026/04/19-18:12:38.359641 1626 [DEBUG] NewDirectory: ./db_working_home to aux: /home/femu/rocksdbTest/zenfs_aux/./db_working_home
2026/04/19-18:12:38.360645 1626 [DEBUG] GetChildrenNoLock: /db_working_home 
2026/04/19-18:12:38.360845 1626 [DEBUG] GetChildrenNoLock: /db_working_home 
2026/04/19-18:12:38.360911 1626 [DEBUG] GetChildrenNoLock: /db_working_home 
2026/04/19-18:12:38.360998 1626 [DEBUG] DeleteFile: ./db_working_home/000213.log 
2026/04/19-18:12:38.361527 1626 [Zonestats:time(s),used_cap(MB),reclaimable_cap(MB), avg_reclaimable(%), active(#), active_zones(#), open_zones(#)] 156 988 2083 67 4 4 1
2026/04/19-18:12:38.361543 1626 [DEBUG] DeleteFile: ./db_working_home/MANIFEST-000005 
2026/04/19-18:12:38.362078 1626 [Zonestats:time(s),used_cap(MB),reclaimable_cap(MB), avg_reclaimable(%), active(#), active_zones(#), open_zones(#)] 156 988 2083 67 4 4 1
2026/04/19-18:12:38.367129 1626 [DEBUG] Allocating zone(new=0) start: 0x70000000 wp: 0x70088400 lt: 3 file lt: 2
2026/04/19-18:12:38.367135 1626 [DEBUG] Syncing metadata for: /db_working_home/000227.log
2026/04/19-18:12:38.547434 1626 [DEBUG] New writable file: /db_working_home/000231.log direct: 0
2026/04/19-18:12:38.548245 1630 [DEBUG] New writable file: /db_working_home/000232.sst direct: 1
2026/04/19-18:12:38.551351 1630 Entering Apply Finish Threshold Function
2026/04/19-18:12:38.551376 1630 [DEBUG] Allocating zone(new=0) start: 0xe8000000 wp: 0xe87ba400 lt: 5 file lt: 3
2026/04/19-18:12:38.551383 1630 [Zonestats:time(s),used_cap(MB),reclaimable_cap(MB), avg_reclaimable(%), active(#), active_zones(#), open_zones(#)] 156 1003 2068 67 4 4 3
2026/04/19-18:12:38.551390 1630 [DEBUG] Syncing metadata for: /db_working_home/000232.sst
2026/04/19-18:12:38.551467 1626 [DEBUG] Allocating zone(new=1) start: 0x60000000 wp: 0x60000000 lt: 2 file lt: 2
2026/04/19-18:12:38.551472 1626 [DEBUG] Syncing metadata for: /db_working_home/000231.log
2026/04/19-18:12:38.648115 1628 Zone Garbage Stats: [100 1 0 0 0 9 2 4 1 3 1 0 ]
2026/04/19-18:12:38.648130 1628 Total Garbage Bytes: 32835357 bytes
2026/04/19-18:12:38.735708 1630 [DEBUG] Syncing metadata for: /db_working_home/000232.sst
2026/04/19-18:12:38.736284 1630 [DEBUG] Syncing metadata for: /db_working_home/000232.sst
2026/04/19-18:12:38.736915 1630 [DEBUG] New random access file: /db_working_home/000232.sst direct: 1
2026/04/19-18:12:38.737109 1630 [DEBUG] GetFileSize: /db_working_home/000232.sst 
2026/04/19-18:12:38.739465 1630 [DEBUG] Syncing metadata for: /db_working_home/MANIFEST-000228
2026/04/19-18:12:38.740107 1630 [DEBUG] GetFileSize: /db_working_home/000232.sst 
2026/04/19-18:12:38.744866 1630 [DEBUG] Syncing metadata for: /db_working_home/000227.log
2026/04/19-18:12:38.751737 1630 [DEBUG] DeleteFile: ./db_working_home/000227.log 
2026/04/19-18:12:38.752318 1630 [Zonestats:time(s),used_cap(MB),reclaimable_cap(MB), avg_reclaimable(%), active(#), active_zones(#), open_zones(#)] 156 1011 2188 68 5 5 2
2026/04/19-18:12:38.835825 1626 [DEBUG] New writable file: /db_working_home/000233.log direct: 0
2026/04/19-18:12:38.836639 1630 [DEBUG] New writable file: /db_working_home/000234.sst direct: 1
2026/04/19-18:12:38.839125 1630 Entering Apply Finish Threshold Function
2026/04/19-18:12:38.839136 1630 Finishing zone: Entering Finish()
2026/04/19-18:12:38.840913 1626 [DEBUG] Allocating zone(new=0) start: 0xe8000000 wp: 0xe972ae00 lt: 5 file lt: 2
2026/04/19-18:12:38.840917 1626 [DEBUG] Syncing metadata for: /db_working_home/000233.log
2026/04/19-18:12:39.032242 1626 [DEBUG] New writable file: /db_working_home/000235.log direct: 0
2026/04/19-18:12:39.648316 1628 Zone Garbage Stats: [100 1 0 0 0 9 2 4 1 3 1 0 ]
2026/04/19-18:12:39.648328 1628 Total Garbage Bytes: 32835357 bytes
2026/04/19-18:12:39.842782 1630 [DEBUG] Allocating zone(new=1) start: 0xb0000000 wp: 0xb0000000 lt: 3 file lt: 3
2026/04/19-18:12:39.842796 1630 [Zonestats:time(s),used_cap(MB),reclaimable_cap(MB), avg_reclaimable(%), active(#), active_zones(#), open_zones(#)] 157 1033 2166 67 4 5 4
2026/04/19-18:12:39.842821 1630 [DEBUG] Syncing metadata for: /db_working_home/000234.sst
2026/04/19-18:12:39.985597 1630 [DEBUG] Syncing metadata for: /db_working_home/000234.sst
2026/04/19-18:12:39.986175 1630 [DEBUG] Syncing metadata for: /db_working_home/000234.sst
2026/04/19-18:12:39.986809 1630 [DEBUG] New random access file: /db_working_home/000234.sst direct: 1
2026/04/19-18:12:39.986991 1630 [DEBUG] GetFileSize: /db_working_home/000234.sst 
2026/04/19-18:12:39.989362 1630 [DEBUG] Syncing metadata for: /db_working_home/MANIFEST-000228
2026/04/19-18:12:39.990061 1630 [DEBUG] GetFileSize: /db_working_home/000234.sst 
2026/04/19-18:12:39.994828 1630 [DEBUG] Syncing metadata for: /db_working_home/000231.log
2026/04/19-18:12:39.997882 1630 [DEBUG] DeleteFile: ./db_working_home/000231.log 
2026/04/19-18:12:40.000448 1630 [Zonestats:time(s),used_cap(MB),reclaimable_cap(MB), avg_reclaimable(%), active(#), active_zones(#), open_zones(#)] 157 1034 2165 67 4 4 2
2026/04/19-18:12:40.000648 1630 [DEBUG] New writable file: /db_working_home/000236.sst direct: 1
2026/04/19-18:12:40.003658 1629 [DEBUG] New writable file: /db_working_home/000237.sst direct: 1
2026/04/19-18:12:40.004517 1630 Entering Apply Finish Threshold Function
2026/04/19-18:12:40.004527 1630 Finishing zone: Entering Finish()
2026/04/19-18:12:40.007512 1629 Entering Apply Finish Threshold Function
2026/04/19-18:12:40.007537 1629 [DEBUG] Allocating zone(new=1) start: 0x60000000 wp: 0x60000000 lt: 3 file lt: 3
2026/04/19-18:12:40.007545 1629 [Zonestats:time(s),used_cap(MB),reclaimable_cap(MB), avg_reclaimable(%), active(#), active_zones(#), open_zones(#)] 158 1034 2165 67 4 5 3
2026/04/19-18:12:40.007552 1629 [DEBUG] Syncing metadata for: /db_working_home/000237.sst
2026/04/19-18:12:40.010390 1626 [DEBUG] Allocating zone(new=1) start: 0xd0000000 wp: 0xd0000000 lt: 2 file lt: 2
2026/04/19-18:12:40.010396 1626 [DEBUG] Syncing metadata for: /db_working_home/000235.log
2026/04/19-18:12:40.325350 1626 [DEBUG] New writable file: /db_working_home/000238.log direct: 0
2026/04/19-18:12:40.612543 1629 [DEBUG] Syncing metadata for: /db_working_home/000237.sst
2026/04/19-18:12:40.613104 1629 [DEBUG] Syncing metadata for: /db_working_home/000237.sst
2026/04/19-18:12:40.614172 1629 [DEBUG] GetFileSize: /db_working_home/000237.sst 
2026/04/19-18:12:40.614204 1629 [DEBUG] New writable file: /db_working_home/000239.sst direct: 1
2026/04/19-18:12:40.617394 1629 Entering Apply Finish Threshold Function
2026/04/19-18:12:40.617405 1629 Finishing zone: Entering Finish()
2026/04/19-18:12:40.648512 1628 Zone Garbage Stats: [98 1 0 0 0 9 2 4 1 3 2 0 ]
2026/04/19-18:12:40.648525 1628 Total Garbage Bytes: 49202921 bytes
2026/04/19-18:12:41.648705 1628 Zone Garbage Stats: [98 1 0 0 0 9 2 4 1 3 2 0 ]
2026/04/19-18:12:41.648718 1628 Total Garbage Bytes: 49202921 bytes
2026/04/19-18:12:41.840641 1629 [DEBUG] Allocating zone(new=1) start: 0xf0000000 wp: 0xf0000000 lt: 3 file lt: 3
2026/04/19-18:12:41.840655 1629 [Zonestats:time(s),used_cap(MB),reclaimable_cap(MB), avg_reclaimable(%), active(#), active_zones(#), open_zones(#)] 159 1092 2363 68 5 6 4
2026/04/19-18:12:41.840684 1629 [DEBUG] Syncing metadata for: /db_working_home/000239.sst
2026/04/19-18:12:41.882950 1629 [DEBUG] Syncing metadata for: /db_working_home/000239.sst
2026/04/19-18:12:41.883735 1629 [DEBUG] Syncing metadata for: /db_working_home/000239.sst
2026/04/19-18:12:41.884823 1629 [DEBUG] GetFileSize: /db_working_home/000239.sst 
2026/04/19-18:12:41.886317 1629 [DEBUG] New random access file: /db_working_home/000237.sst direct: 1
2026/04/19-18:12:41.886712 1629 [DEBUG] GetFileSize: /db_working_home/000237.sst 
2026/04/19-18:12:41.886932 1629 [DEBUG] New random access file: /db_working_home/000239.sst direct: 1
2026/04/19-18:12:41.887267 1629 [DEBUG] GetFileSize: /db_working_home/000239.sst 
2026/04/19-18:12:41.888145 1629 [DEBUG] Syncing metadata for: /db_working_home/MANIFEST-000228
2026/04/19-18:12:41.889554 1629 [DEBUG] Syncing metadata for: /db_working_home/MANIFEST-000228
2026/04/19-18:12:41.896722 1629 [DEBUG] New writable file: /db_working_home/000240.sst direct: 1
2026/04/19-18:12:41.900019 1629 Entering Apply Finish Threshold Function
2026/04/19-18:12:41.900046 1629 [DEBUG] Allocating zone(new=1) start: 0xf8000000 wp: 0xf8000000 lt: 5 file lt: 5
2026/04/19-18:12:41.900053 1629 [Zonestats:time(s),used_cap(MB),reclaimable_cap(MB), avg_reclaimable(%), active(#), active_zones(#), open_zones(#)] 159 1095 2488 69 6 7 4
2026/04/19-18:12:41.900059 1629 [DEBUG] Syncing metadata for: /db_working_home/000240.sst
2026/04/19-18:12:42.192299 1630 [DEBUG] Allocating zone(new=1) start: 0x100000000 wp: 0x100000000 lt: 3 file lt: 3
2026/04/19-18:12:42.192316 1630 [Zonestats:time(s),used_cap(MB),reclaimable_cap(MB), avg_reclaimable(%), active(#), active_zones(#), open_zones(#)] 160 1095 2488 69 6 7 5
2026/04/19-18:12:42.192326 1630 [DEBUG] Syncing metadata for: /db_working_home/000236.sst
2026/04/19-18:12:42.393255 1630 [DEBUG] Syncing metadata for: /db_working_home/000236.sst
2026/04/19-18:12:42.400463 1630 [DEBUG] Syncing metadata for: /db_working_home/000236.sst
2026/04/19-18:12:42.401153 1630 [DEBUG] New random access file: /db_working_home/000236.sst direct: 1
2026/04/19-18:12:42.401341 1630 [DEBUG] GetFileSize: /db_working_home/000236.sst 
2026/04/19-18:12:42.402528 1629 [DEBUG] Syncing metadata for: /db_working_home/000240.sst
2026/04/19-18:12:42.403084 1629 [DEBUG] Syncing metadata for: /db_working_home/000240.sst
2026/04/19-18:12:42.403502 1630 [DEBUG] Syncing metadata for: /db_working_home/MANIFEST-000228
2026/04/19-18:12:42.403796 1629 [DEBUG] GetFileSize: /db_working_home/000240.sst 
2026/04/19-18:12:42.404254 1629 [DEBUG] New writable file: /db_working_home/000241.sst direct: 1
2026/04/19-18:12:42.404301 1630 [DEBUG] GetFileSize: /db_working_home/000236.sst 
2026/04/19-18:12:42.407308 1629 Entering Apply Finish Threshold Function
2026/04/19-18:12:42.407319 1629 Finishing zone: Entering Finish()
2026/04/19-18:12:42.410062 1630 [DEBUG] Syncing metadata for: /db_working_home/000233.log
2026/04/19-18:12:42.410812 1630 [DEBUG] DeleteFile: ./db_working_home/000232.sst 
2026/04/19-18:12:42.411544 1630 [Zonestats:time(s),used_cap(MB),reclaimable_cap(MB), avg_reclaimable(%), active(#), active_zones(#), open_zones(#)] 160 1134 2705 70 7 7 2
2026/04/19-18:12:42.411587 1630 [DEBUG] DeleteFile: ./db_working_home/000233.log 
2026/04/19-18:12:42.412144 1630 [Zonestats:time(s),used_cap(MB),reclaimable_cap(MB), avg_reclaimable(%), active(#), active_zones(#), open_zones(#)] 160 1118 2721 70 7 7 2
2026/04/19-18:12:42.412166 1630 [DEBUG] DeleteFile: ./db_working_home/000234.sst 
2026/04/19-18:12:42.413149 1630 [Zonestats:time(s),used_cap(MB),reclaimable_cap(MB), avg_reclaimable(%), active(#), active_zones(#), open_zones(#)] 160 1103 2608 70 7 7 2
2026/04/19-18:12:42.413352 1630 [DEBUG] New writable file: /db_working_home/000242.sst direct: 1
2026/04/19-18:12:42.416997 1630 Entering Apply Finish Threshold Function
2026/04/19-18:12:42.417007 1630 Finishing zone: Entering Finish()
2026/04/19-18:12:42.422968 1626 [DEBUG] Allocating zone(new=0) start: 0x100000000 wp: 0x100f71a00 lt: 3 file lt: 2
2026/04/19-18:12:42.422977 1626 [DEBUG] Syncing metadata for: /db_working_home/000238.log
2026/04/19-18:12:42.618537 1626 [DEBUG] New writable file: /db_working_home/000243.log direct: 0
2026/04/19-18:12:42.648903 1628 Zone Garbage Stats: [96 2 0 0 0 9 2 5 1 3 2 0 ]
2026/04/19-18:12:42.649026 1628 Total Garbage Bytes: 49203419 bytes
2026/04/19-18:12:43.649303 1628 Zone Garbage Stats: [96 2 0 0 0 9 2 5 1 3 2 0 ]
2026/04/19-18:12:43.649316 1628 Total Garbage Bytes: 49203419 bytes
2026/04/19-18:12:43.810026 1629 [DEBUG] Allocating zone(new=1) start: 0xb0000000 wp: 0xb0000000 lt: 5 file lt: 5
2026/04/19-18:12:43.810060 1629 [Zonestats:time(s),used_cap(MB),reclaimable_cap(MB), avg_reclaimable(%), active(#), active_zones(#), open_zones(#)] 161 1118 2593 69 6 7 4
2026/04/19-18:12:43.810077 1629 [DEBUG] Syncing metadata for: /db_working_home/000241.sst
2026/04/19-18:12:43.810825 1630 [DEBUG] Allocating zone(new=1) start: 0x108000000 wp: 0x108000000 lt: 3 file lt: 3
2026/04/19-18:12:43.810840 1630 [Zonestats:time(s),used_cap(MB),reclaimable_cap(MB), avg_reclaimable(%), active(#), active_zones(#), open_zones(#)] 161 1118 2593 69 5 7 5
2026/04/19-18:12:43.810860 1630 [DEBUG] Syncing metadata for: /db_working_home/000242.sst
2026/04/19-18:12:44.016978 1630 [DEBUG] Syncing metadata for: /db_working_home/000242.sst
2026/04/19-18:12:44.024366 1630 [DEBUG] Syncing metadata for: /db_working_home/000242.sst
2026/04/19-18:12:44.025114 1630 [DEBUG] New random access file: /db_working_home/000242.sst direct: 1
2026/04/19-18:12:44.026730 1630 [DEBUG] GetFileSize: /db_working_home/000242.sst 
2026/04/19-18:12:44.036325 1630 [DEBUG] Syncing metadata for: /db_working_home/MANIFEST-000228
2026/04/19-18:12:44.037062 1630 [DEBUG] GetFileSize: /db_working_home/000242.sst 
2026/04/19-18:12:44.041858 1630 [DEBUG] Syncing metadata for: /db_working_home/000235.log
2026/04/19-18:12:44.049669 1630 [DEBUG] DeleteFile: ./db_working_home/000235.log 
2026/04/19-18:12:44.050467 1630 [Zonestats:time(s),used_cap(MB),reclaimable_cap(MB), avg_reclaimable(%), active(#), active_zones(#), open_zones(#)] 162 1118 2593 69 6 6 3
2026/04/19-18:12:44.050657 1630 [DEBUG] New writable file: /db_working_home/000244.sst direct: 1
2026/04/19-18:12:44.054138 1630 Entering Apply Finish Threshold Function
2026/04/19-18:12:44.054149 1630 Finishing zone: Entering Finish()
2026/04/19-18:12:44.057366 1626 [DEBUG] Allocating zone(new=0) start: 0xf0000000 wp: 0xf037f800 lt: 3 file lt: 2
2026/04/19-18:12:44.057377 1626 [DEBUG] Syncing metadata for: /db_working_home/000243.log
2026/04/19-18:12:44.375984 1626 [DEBUG] New writable file: /db_working_home/000245.log direct: 0
2026/04/19-18:12:44.481699 1629 [DEBUG] Syncing metadata for: /db_working_home/000241.sst
2026/04/19-18:12:44.482257 1629 [DEBUG] Syncing metadata for: /db_working_home/000241.sst
2026/04/19-18:12:44.483259 1629 [DEBUG] GetFileSize: /db_working_home/000241.sst 
2026/04/19-18:12:44.485514 1629 [DEBUG] New random access file: /db_working_home/000240.sst direct: 1
2026/04/19-18:12:44.486167 1629 [DEBUG] GetFileSize: /db_working_home/000240.sst 
2026/04/19-18:12:44.486359 1629 [DEBUG] New random access file: /db_working_home/000241.sst direct: 1
2026/04/19-18:12:44.486748 1629 [DEBUG] GetFileSize: /db_working_home/000241.sst 
2026/04/19-18:12:44.487676 1629 [DEBUG] Syncing metadata for: /db_working_home/MANIFEST-000228
2026/04/19-18:12:44.489094 1629 [DEBUG] Syncing metadata for: /db_working_home/MANIFEST-000228
2026/04/19-18:12:44.649513 1628 Zone Garbage Stats: [95 2 0 0 0 9 2 5 2 3 3 0 ]
2026/04/19-18:12:44.649525 1628 Total Garbage Bytes: 81765696 bytes
2026/04/19-18:12:45.332307 1630 [DEBUG] Allocating zone(new=0) start: 0xb0000000 wp: 0xb2f11c00 lt: 5 file lt: 3
2026/04/19-18:12:45.332329 1630 [Zonestats:time(s),used_cap(MB),reclaimable_cap(MB), avg_reclaimable(%), active(#), active_zones(#), open_zones(#)] 163 1180 2659 69 5 5 4
2026/04/19-18:12:45.332338 1630 [DEBUG] Syncing metadata for: /db_working_home/000244.sst
2026/04/19-18:12:45.476261 1630 [DEBUG] Syncing metadata for: /db_working_home/000244.sst
2026/04/19-18:12:45.476838 1630 [DEBUG] Syncing metadata for: /db_working_home/000244.sst
2026/04/19-18:12:45.477493 1630 [DEBUG] New random access file: /db_working_home/000244.sst direct: 1
2026/04/19-18:12:45.477673 1630 [DEBUG] GetFileSize: /db_working_home/000244.sst 
2026/04/19-18:12:45.480081 1630 [DEBUG] Syncing metadata for: /db_working_home/MANIFEST-000228
2026/04/19-18:12:45.480765 1630 [DEBUG] GetFileSize: /db_working_home/000244.sst 
2026/04/19-18:12:45.485512 1630 [DEBUG] Syncing metadata for: /db_working_home/000238.log
2026/04/19-18:12:45.488649 1630 [DEBUG] DeleteFile: ./db_working_home/000237.sst 
2026/04/19-18:12:45.491165 1630 [Zonestats:time(s),used_cap(MB),reclaimable_cap(MB), avg_reclaimable(%), active(#), active_zones(#), open_zones(#)] 163 1153 2558 68 5 5 2
2026/04/19-18:12:45.491216 1630 [DEBUG] DeleteFile: ./db_working_home/000238.log 
2026/04/19-18:12:45.493038 1629 [DEBUG] New writable file: /db_working_home/000246.sst direct: 1
2026/04/19-18:12:45.493500 1630 [Zonestats:time(s),used_cap(MB),reclaimable_cap(MB), avg_reclaimable(%), active(#), active_zones(#), open_zones(#)] 163 1138 2573 69 5 5 2
2026/04/19-18:12:45.493662 1630 [DEBUG] New writable file: /db_working_home/000247.sst direct: 1
2026/04/19-18:12:45.496481 1629 Entering Apply Finish Threshold Function
2026/04/19-18:12:45.496491 1629 Finishing zone: Entering Finish()
2026/04/19-18:12:45.497139 1630 Entering Apply Finish Threshold Function
2026/04/19-18:12:45.497150 1630 Finishing zone: Entering Finish()
2026/04/19-18:12:45.500290 1626 [DEBUG] Allocating zone(new=1) start: 0x60000000 wp: 0x60000000 lt: 2 file lt: 2
2026/04/19-18:12:45.500301 1626 [DEBUG] Syncing metadata for: /db_working_home/000245.log
2026/04/19-18:12:45.649762 1628 Zone Garbage Stats: [95 1 0 0 0 9 2 4 2 4 3 0 ]
2026/04/19-18:12:45.649848 1628 Total Garbage Bytes: 81765347 bytes
2026/04/19-18:12:45.706416 1626 [DEBUG] New writable file: /db_working_home/000248.log direct: 0
2026/04/19-18:12:46.551177 1629 [DEBUG] Allocating zone(new=1) start: 0xd0000000 wp: 0xd0000000 lt: 3 file lt: 3
2026/04/19-18:12:46.551198 1629 [Zonestats:time(s),used_cap(MB),reclaimable_cap(MB), avg_reclaimable(%), active(#), active_zones(#), open_zones(#)] 164 1153 2686 69 5 6 4
2026/04/19-18:12:46.551207 1629 [DEBUG] Syncing metadata for: /db_working_home/000246.sst
2026/04/19-18:12:46.650050 1628 Zone Garbage Stats: [94 1 0 0 0 9 3 4 2 4 3 0 ]
2026/04/19-18:12:46.650065 1628 Total Garbage Bytes: 81765698 bytes
2026/04/19-18:12:47.013003 1629 [DEBUG] Syncing metadata for: /db_working_home/000246.sst
2026/04/19-18:12:47.013816 1629 [DEBUG] Syncing metadata for: /db_working_home/000246.sst
2026/04/19-18:12:47.014617 1629 [DEBUG] GetFileSize: /db_working_home/000246.sst 
2026/04/19-18:12:47.014661 1629 [DEBUG] New writable file: /db_working_home/000249.sst direct: 1
2026/04/19-18:12:47.017580 1629 Entering Apply Finish Threshold Function
2026/04/19-18:12:47.017591 1629 Finishing zone: Entering Finish()
2026/04/19-18:12:47.266211 1630 [DEBUG] Allocating zone(new=1) start: 0x110000000 wp: 0x110000000 lt: 3 file lt: 3
2026/04/19-18:12:47.266225 1630 [Zonestats:time(s),used_cap(MB),reclaimable_cap(MB), avg_reclaimable(%), active(#), active_zones(#), open_zones(#)] 165 1195 2772 69 5 6 4
2026/04/19-18:12:47.266234 1630 [DEBUG] Syncing metadata for: /db_working_home/000247.sst
2026/04/19-18:12:47.408854 1630 [DEBUG] Syncing metadata for: /db_working_home/000247.sst
2026/04/19-18:12:47.409430 1630 [DEBUG] Syncing metadata for: /db_working_home/000247.sst
2026/04/19-18:12:47.410443 1630 [DEBUG] New random access file: /db_working_home/000247.sst direct: 1
2026/04/19-18:12:47.410873 1630 [DEBUG] GetFileSize: /db_working_home/000247.sst 
2026/04/19-18:12:47.413825 1630 [DEBUG] Syncing metadata for: /db_working_home/MANIFEST-000228
2026/04/19-18:12:47.414521 1630 [DEBUG] GetFileSize: /db_working_home/000247.sst 
2026/04/19-18:12:47.419805 1630 [DEBUG] Syncing metadata for: /db_working_home/000243.log
2026/04/19-18:12:47.420505 1630 [DEBUG] DeleteFile: ./db_working_home/000243.log 
2026/04/19-18:12:47.421284 1630 [Zonestats:time(s),used_cap(MB),reclaimable_cap(MB), avg_reclaimable(%), active(#), active_zones(#), open_zones(#)] 165 1196 2899 70 6 6 2
2026/04/19-18:12:47.421449 1630 [DEBUG] New writable file: /db_working_home/000250.sst direct: 1
2026/04/19-18:12:47.424312 1630 Entering Apply Finish Threshold Function
2026/04/19-18:12:47.424322 1630 Finishing zone: Entering Finish()
2026/04/19-18:12:47.429696 1626 [DEBUG] Allocating zone(new=0) start: 0x110000000 wp: 0x110f71a00 lt: 3 file lt: 2
2026/04/19-18:12:47.429707 1626 [DEBUG] Syncing metadata for: /db_working_home/000248.log
2026/04/19-18:12:47.623710 1626 [DEBUG] New writable file: /db_working_home/000251.log direct: 0
2026/04/19-18:12:47.650249 1628 Zone Garbage Stats: [93 1 0 0 0 9 3 4 2 5 3 0 ]
2026/04/19-18:12:47.650338 1628 Total Garbage Bytes: 98137562 bytes
2026/04/19-18:12:48.438839 1629 [DEBUG] Allocating zone(new=1) start: 0x118000000 wp: 0x118000000 lt: 3 file lt: 3
2026/04/19-18:12:48.438853 1629 [Zonestats:time(s),used_cap(MB),reclaimable_cap(MB), avg_reclaimable(%), active(#), active_zones(#), open_zones(#)] 166 1211 2884 70 5 6 4
2026/04/19-18:12:48.438862 1629 [DEBUG] Syncing metadata for: /db_working_home/000249.sst
2026/04/19-18:12:48.474772 1629 [DEBUG] Syncing metadata for: /db_working_home/000249.sst
2026/04/19-18:12:48.475349 1629 [DEBUG] Syncing metadata for: /db_working_home/000249.sst
2026/04/19-18:12:48.476416 1629 [DEBUG] GetFileSize: /db_working_home/000249.sst 
2026/04/19-18:12:48.478001 1629 [DEBUG] New random access file: /db_working_home/000246.sst direct: 1
2026/04/19-18:12:48.478327 1629 [DEBUG] GetFileSize: /db_working_home/000246.sst 
2026/04/19-18:12:48.478559 1629 [DEBUG] New random access file: /db_working_home/000249.sst direct: 1
2026/04/19-18:12:48.478858 1629 [DEBUG] GetFileSize: /db_working_home/000249.sst 
2026/04/19-18:12:48.479763 1629 [DEBUG] Syncing metadata for: /db_working_home/MANIFEST-000228
2026/04/19-18:12:48.481159 1629 [DEBUG] Syncing metadata for: /db_working_home/MANIFEST-000228
2026/04/19-18:12:48.488398 1629 [DEBUG] New writable file: /db_working_home/000252.sst direct: 1
2026/04/19-18:12:48.491266 1629 Entering Apply Finish Threshold Function
2026/04/19-18:12:48.491292 1629 [DEBUG] Allocating zone(new=1) start: 0x120000000 wp: 0x120000000 lt: 5 file lt: 5
2026/04/19-18:12:48.491299 1629 [Zonestats:time(s),used_cap(MB),reclaimable_cap(MB), avg_reclaimable(%), active(#), active_zones(#), open_zones(#)] 166 1214 3009 71 6 7 4
2026/04/19-18:12:48.491305 1629 [DEBUG] Syncing metadata for: /db_working_home/000252.sst
2026/04/19-18:12:48.650536 1628 Zone Garbage Stats: [91 2 0 0 0 9 3 5 2 5 3 0 ]
2026/04/19-18:12:48.650551 1628 Total Garbage Bytes: 98138224 bytes
2026/04/19-18:12:49.144252 1629 [DEBUG] Syncing metadata for: /db_working_home/000252.sst
2026/04/19-18:12:49.145037 1629 [DEBUG] Syncing metadata for: /db_working_home/000252.sst
2026/04/19-18:12:49.146106 1629 [DEBUG] GetFileSize: /db_working_home/000252.sst 
2026/04/19-18:12:49.146141 1629 [DEBUG] New writable file: /db_working_home/000253.sst direct: 1
2026/04/19-18:12:49.149055 1629 Entering Apply Finish Threshold Function
2026/04/19-18:12:49.149067 1629 Finishing zone: Entering Finish()
2026/04/19-18:12:49.503075 1630 [DEBUG] Allocating zone(new=1) start: 0x128000000 wp: 0x128000000 lt: 3 file lt: 3
2026/04/19-18:12:49.503089 1630 [Zonestats:time(s),used_cap(MB),reclaimable_cap(MB), avg_reclaimable(%), active(#), active_zones(#), open_zones(#)] 167 1276 3075 70 6 7 4
2026/04/19-18:12:49.503098 1630 [DEBUG] Syncing metadata for: /db_working_home/000250.sst
2026/04/19-18:12:49.649951 1630 [DEBUG] Syncing metadata for: /db_working_home/000250.sst
2026/04/19-18:12:49.650746 1630 [DEBUG] Syncing metadata for: /db_working_home/000250.sst
2026/04/19-18:12:49.650740 1628 Zone Garbage Stats: [90 2 0 0 0 9 3 5 2 5 4 0 ]
2026/04/19-18:12:49.650759 1628 Total Garbage Bytes: 114510046 bytes
2026/04/19-18:12:49.651728 1630 [DEBUG] New random access file: /db_working_home/000250.sst direct: 1
2026/04/19-18:12:49.651910 1630 [DEBUG] GetFileSize: /db_working_home/000250.sst 
2026/04/19-18:12:49.654548 1630 [DEBUG] Syncing metadata for: /db_working_home/MANIFEST-000228
2026/04/19-18:12:49.655198 1630 [DEBUG] GetFileSize: /db_working_home/000250.sst 
2026/04/19-18:12:49.660134 1630 [DEBUG] Syncing metadata for: /db_working_home/000245.log
2026/04/19-18:12:49.661094 1630 [DEBUG] DeleteFile: ./db_working_home/000236.sst 
2026/04/19-18:12:49.661974 1630 [Zonestats:time(s),used_cap(MB),reclaimable_cap(MB), avg_reclaimable(%), active(#), active_zones(#), open_zones(#)] 167 1276 3075 70 7 7 2
2026/04/19-18:12:49.662018 1630 [DEBUG] DeleteFile: ./db_working_home/000242.sst 
2026/04/19-18:12:49.662838 1630 [Zonestats:time(s),used_cap(MB),reclaimable_cap(MB), avg_reclaimable(%), active(#), active_zones(#), open_zones(#)] 167 1261 2962 70 7 7 2
2026/04/19-18:12:49.662873 1630 [DEBUG] DeleteFile: ./db_working_home/000244.sst 
2026/04/19-18:12:49.663650 1630 [Zonestats:time(s),used_cap(MB),reclaimable_cap(MB), avg_reclaimable(%), active(#), active_zones(#), open_zones(#)] 167 1245 2978 70 7 7 2
2026/04/19-18:12:49.663683 1630 [DEBUG] DeleteFile: ./db_working_home/000245.log 
2026/04/19-18:12:49.664640 1630 [Zonestats:time(s),used_cap(MB),reclaimable_cap(MB), avg_reclaimable(%), active(#), active_zones(#), open_zones(#)] 167 1230 2865 69 6 6 2
2026/04/19-18:12:49.664802 1630 [DEBUG] New writable file: /db_working_home/000254.sst direct: 1
2026/04/19-18:12:49.667977 1630 Entering Apply Finish Threshold Function
2026/04/19-18:12:49.667988 1630 Finishing zone: Entering Finish()
2026/04/19-18:12:49.672791 1626 [DEBUG] Allocating zone(new=0) start: 0x118000000 wp: 0x118384600 lt: 3 file lt: 2
2026/04/19-18:12:49.672799 1626 [DEBUG] Syncing metadata for: /db_working_home/000251.log
2026/04/19-18:12:49.871252 1626 [DEBUG] New writable file: /db_working_home/000255.log direct: 0
2026/04/19-18:12:50.303096 1629 [DEBUG] Allocating zone(new=1) start: 0x60000000 wp: 0x60000000 lt: 5 file lt: 5
2026/04/19-18:12:50.303111 1629 [Zonestats:time(s),used_cap(MB),reclaimable_cap(MB), avg_reclaimable(%), active(#), active_zones(#), open_zones(#)] 168 1245 2850 69 5 6 4
2026/04/19-18:12:50.303120 1629 [DEBUG] Syncing metadata for: /db_working_home/000253.sst
2026/04/19-18:12:50.602129 1629 [DEBUG] Syncing metadata for: /db_working_home/000253.sst
2026/04/19-18:12:50.602938 1629 [DEBUG] Syncing metadata for: /db_working_home/000253.sst
2026/04/19-18:12:50.603997 1629 [DEBUG] GetFileSize: /db_working_home/000253.sst 
2026/04/19-18:12:50.605393 1629 [DEBUG] New random access file: /db_working_home/000252.sst direct: 1
2026/04/19-18:12:50.605958 1629 [DEBUG] GetFileSize: /db_working_home/000252.sst 
2026/04/19-18:12:50.606139 1629 [DEBUG] New random access file: /db_working_home/000253.sst direct: 1
2026/04/19-18:12:50.606537 1629 [DEBUG] GetFileSize: /db_working_home/000253.sst 
2026/04/19-18:12:50.607479 1629 [DEBUG] Syncing metadata for: /db_working_home/MANIFEST-000228
2026/04/19-18:12:50.614105 1629 [DEBUG] New writable file: /db_working_home/000256.sst direct: 1
2026/04/19-18:12:50.617175 1629 Entering Apply Finish Threshold Function
2026/04/19-18:12:50.617184 1629 Finishing zone: Entering Finish()
2026/04/19-18:12:50.650958 1628 Zone Garbage Stats: [92 1 0 0 0 9 3 6 2 3 4 0 ]
2026/04/19-18:12:50.650971 1628 Total Garbage Bytes: 114331584 bytes
2026/04/19-18:12:51.575987 1630 [DEBUG] Allocating zone(new=1) start: 0x100000000 wp: 0x100000000 lt: 3 file lt: 3
2026/04/19-18:12:51.576001 1630 [Zonestats:time(s),used_cap(MB),reclaimable_cap(MB), avg_reclaimable(%), active(#), active_zones(#), open_zones(#)] 169 1272 2951 69 5 6 4
2026/04/19-18:12:51.576010 1630 [DEBUG] Syncing metadata for: /db_working_home/000254.sst
2026/04/19-18:12:51.651162 1628 Zone Garbage Stats: [91 1 0 0 0 9 3 6 2 4 4 0 ]
2026/04/19-18:12:51.651177 1628 Total Garbage Bytes: 114331926 bytes
2026/04/19-18:12:51.728666 1630 [DEBUG] Syncing metadata for: /db_working_home/000254.sst
2026/04/19-18:12:51.729482 1630 [DEBUG] Syncing metadata for: /db_working_home/000254.sst
2026/04/19-18:12:51.730116 1630 [DEBUG] New random access file: /db_working_home/000254.sst direct: 1
2026/04/19-18:12:51.730574 1630 [DEBUG] GetFileSize: /db_working_home/000254.sst 
2026/04/19-18:12:51.733017 1630 [DEBUG] Syncing metadata for: /db_working_home/MANIFEST-000228
2026/04/19-18:12:51.733657 1630 [DEBUG] GetFileSize: /db_working_home/000254.sst 
2026/04/19-18:12:51.738150 1630 [DEBUG] Syncing metadata for: /db_working_home/000248.log
2026/04/19-18:12:51.739113 1630 [DEBUG] DeleteFile: ./db_working_home/000241.sst 
2026/04/19-18:12:51.739975 1630 [Zonestats:time(s),used_cap(MB),reclaimable_cap(MB), avg_reclaimable(%), active(#), active_zones(#), open_zones(#)] 169 1241 2982 70 6 6 2
2026/04/19-18:12:51.740018 1630 [DEBUG] DeleteFile: ./db_working_home/000246.sst 
2026/04/19-18:12:51.740853 1630 [Zonestats:time(s),used_cap(MB),reclaimable_cap(MB), avg_reclaimable(%), active(#), active_zones(#), open_zones(#)] 169 1198 2897 70 6 6 2
2026/04/19-18:12:51.740887 1630 [DEBUG] DeleteFile: ./db_working_home/000248.log 
2026/04/19-18:12:51.741667 1630 [Zonestats:time(s),used_cap(MB),reclaimable_cap(MB), avg_reclaimable(%), active(#), active_zones(#), open_zones(#)] 169 1183 2912 71 6 6 2
2026/04/19-18:12:51.741814 1630 [DEBUG] New writable file: /db_working_home/000257.sst direct: 1
2026/04/19-18:12:51.745114 1630 Entering Apply Finish Threshold Function
2026/04/19-18:12:51.745125 1630 Finishing zone: Entering Finish()
2026/04/19-18:12:51.752012 1626 [DEBUG] Allocating zone(new=0) start: 0x110000000 wp: 0x111efc600 lt: 3 file lt: 2
2026/04/19-18:12:51.752019 1626 [DEBUG] Syncing metadata for: /db_working_home/000255.log
2026/04/19-18:12:51.948639 1626 [DEBUG] New writable file: /db_working_home/000258.log direct: 0
2026/04/19-18:12:52.253304 1629 [DEBUG] Allocating zone(new=1) start: 0xb0000000 wp: 0xb0000000 lt: 5 file lt: 5
2026/04/19-18:12:52.253319 1629 [Zonestats:time(s),used_cap(MB),reclaimable_cap(MB), avg_reclaimable(%), active(#), active_zones(#), open_zones(#)] 170 1198 2897 70 5 6 4
2026/04/19-18:12:52.253328 1629 [DEBUG] Syncing metadata for: /db_working_home/000256.sst
2026/04/19-18:12:52.651383 1628 Zone Garbage Stats: [92 1 0 0 0 9 3 4 3 4 4 0 ]
2026/04/19-18:12:52.651463 1628 Total Garbage Bytes: 98137711 bytes
2026/04/19-18:12:52.781818 1629 [DEBUG] Syncing metadata for: /db_working_home/000256.sst
2026/04/19-18:12:52.782626 1629 [DEBUG] Syncing metadata for: /db_working_home/000256.sst
2026/04/19-18:12:52.783683 1629 [DEBUG] GetFileSize: /db_working_home/000256.sst 
2026/04/19-18:12:52.783717 1629 [DEBUG] New writable file: /db_working_home/000259.sst direct: 1
2026/04/19-18:12:52.786655 1629 Entering Apply Finish Threshold Function
2026/04/19-18:12:52.786666 1629 Finishing zone: Entering Finish()
2026/04/19-18:12:53.651648 1628 Zone Garbage Stats: [92 1 0 0 0 9 3 4 3 4 4 0 ]
2026/04/19-18:12:53.651661 1628 Total Garbage Bytes: 98137711 bytes
2026/04/19-18:12:53.783273 1630 [DEBUG] Allocating zone(new=1) start: 0xd0000000 wp: 0xd0000000 lt: 3 file lt: 3
2026/04/19-18:12:53.783287 1630 [Zonestats:time(s),used_cap(MB),reclaimable_cap(MB), avg_reclaimable(%), active(#), active_zones(#), open_zones(#)] 171 1247 2976 70 5 6 4
2026/04/19-18:12:53.783297 1630 [DEBUG] Syncing metadata for: /db_working_home/000257.sst
2026/04/19-18:12:53.932951 1630 [DEBUG] Syncing metadata for: /db_working_home/000257.sst
2026/04/19-18:12:53.933766 1630 [DEBUG] Syncing metadata for: /db_working_home/000257.sst
2026/04/19-18:12:53.934753 1630 [DEBUG] New random access file: /db_working_home/000257.sst direct: 1
2026/04/19-18:12:53.935209 1630 [DEBUG] GetFileSize: /db_working_home/000257.sst 
2026/04/19-18:12:53.937654 1630 [DEBUG] Syncing metadata for: /db_working_home/MANIFEST-000228
2026/04/19-18:12:53.938302 1630 [DEBUG] GetFileSize: /db_working_home/000257.sst 
2026/04/19-18:12:53.942784 1630 [DEBUG] Syncing metadata for: /db_working_home/000251.log
2026/04/19-18:12:53.943713 1630 [DEBUG] DeleteFile: ./db_working_home/000251.log 
2026/04/19-18:12:53.944503 1630 [Zonestats:time(s),used_cap(MB),reclaimable_cap(MB), avg_reclaimable(%), active(#), active_zones(#), open_zones(#)] 171 1247 3104 71 6 6 2
2026/04/19-18:12:53.944657 1630 [DEBUG] New writable file: /db_working_home/000260.sst direct: 1
2026/04/19-18:12:53.947948 1630 Entering Apply Finish Threshold Function
2026/04/19-18:12:53.947958 1630 Finishing zone: Entering Finish()
2026/04/19-18:12:53.954340 1626 [DEBUG] Allocating zone(new=0) start: 0x118000000 wp: 0x11930fc00 lt: 3 file lt: 2
2026/04/19-18:12:53.954359 1626 [DEBUG] Syncing metadata for: /db_working_home/000258.log
2026/04/19-18:12:54.074514 1629 [DEBUG] Allocating zone(new=1) start: 0x108000000 wp: 0x108000000 lt: 5 file lt: 5
2026/04/19-18:12:54.074530 1629 [Zonestats:time(s),used_cap(MB),reclaimable_cap(MB), avg_reclaimable(%), active(#), active_zones(#), open_zones(#)] 172 1256 3095 71 5 6 4
2026/04/19-18:12:54.074540 1629 [DEBUG] Syncing metadata for: /db_working_home/000259.sst
2026/04/19-18:12:54.185664 1626 [DEBUG] New writable file: /db_working_home/000261.log direct: 0
2026/04/19-18:12:54.539181 1629 [DEBUG] Syncing metadata for: /db_working_home/000259.sst
2026/04/19-18:12:54.539759 1629 [DEBUG] Syncing metadata for: /db_working_home/000259.sst
2026/04/19-18:12:54.540651 1629 [DEBUG] GetFileSize: /db_working_home/000259.sst 
2026/04/19-18:12:54.540684 1629 [DEBUG] New writable file: /db_working_home/000262.sst direct: 1
2026/04/19-18:12:54.541636 1629 Entering Apply Finish Threshold Function
2026/04/19-18:12:54.541645 1629 Finishing zone: Entering Finish()
2026/04/19-18:12:54.651844 1628 Zone Garbage Stats: [90 1 0 0 0 9 3 5 3 5 4 0 ]
2026/04/19-18:12:54.651858 1628 Total Garbage Bytes: 98138115 bytes
2026/04/19-18:12:55.652032 1628 Zone Garbage Stats: [90 1 0 0 0 9 3 5 3 5 4 0 ]
2026/04/19-18:12:55.652044 1628 Total Garbage Bytes: 98138115 bytes
2026/04/19-18:12:55.814096 1629 [DEBUG] Allocating zone(new=1) start: 0x130000000 wp: 0x130000000 lt: 5 file lt: 5
2026/04/19-18:12:55.814110 1629 [Zonestats:time(s),used_cap(MB),reclaimable_cap(MB), avg_reclaimable(%), active(#), active_zones(#), open_zones(#)] 173 1301 3178 70 5 6 4
2026/04/19-18:12:55.814118 1629 [DEBUG] Syncing metadata for: /db_working_home/000262.sst
2026/04/19-18:12:55.818407 1629 [DEBUG] Syncing metadata for: /db_working_home/000262.sst
2026/04/19-18:12:55.819234 1629 [DEBUG] Syncing metadata for: /db_working_home/000262.sst
2026/04/19-18:12:55.820279 1629 [DEBUG] GetFileSize: /db_working_home/000262.sst 
2026/04/19-18:12:55.821671 1629 [DEBUG] New random access file: /db_working_home/000256.sst direct: 1
2026/04/19-18:12:55.822213 1629 [DEBUG] GetFileSize: /db_working_home/000256.sst 
2026/04/19-18:12:55.822401 1629 [DEBUG] New random access file: /db_working_home/000259.sst direct: 1
2026/04/19-18:12:55.822795 1629 [DEBUG] GetFileSize: /db_working_home/000259.sst 
2026/04/19-18:12:55.822922 1629 [DEBUG] New random access file: /db_working_home/000262.sst direct: 1
2026/04/19-18:12:55.823385 1629 [DEBUG] GetFileSize: /db_working_home/000262.sst 
2026/04/19-18:12:55.824238 1629 [DEBUG] Syncing metadata for: /db_working_home/MANIFEST-000228
2026/04/19-18:12:55.840570 1629 [DEBUG] New writable file: /db_working_home/000263.sst direct: 1
2026/04/19-18:12:55.844476 1629 Entering Apply Finish Threshold Function
2026/04/19-18:12:55.844501 1629 [DEBUG] Allocating zone(new=0) start: 0x130000000 wp: 0x130001c00 lt: 5 file lt: 3
2026/04/19-18:12:55.844509 1629 [Zonestats:time(s),used_cap(MB),reclaimable_cap(MB), avg_reclaimable(%), active(#), active_zones(#), open_zones(#)] 173 1301 3306 71 6 6 4
2026/04/19-18:12:55.844515 1629 [DEBUG] Syncing metadata for: /db_working_home/000263.sst
2026/04/19-18:12:56.026771 1630 [DEBUG] Allocating zone(new=1) start: 0x138000000 wp: 0x138000000 lt: 3 file lt: 3
2026/04/19-18:12:56.026786 1630 [Zonestats:time(s),used_cap(MB),reclaimable_cap(MB), avg_reclaimable(%), active(#), active_zones(#), open_zones(#)] 174 1301 3306 71 5 6 5
2026/04/19-18:12:56.026795 1630 [DEBUG] Syncing metadata for: /db_working_home/000260.sst
2026/04/19-18:12:56.210704 1630 [DEBUG] Syncing metadata for: /db_working_home/000260.sst
2026/04/19-18:12:56.211277 1630 [DEBUG] Syncing metadata for: /db_working_home/000260.sst
2026/04/19-18:12:56.211909 1630 [DEBUG] New random access file: /db_working_home/000260.sst direct: 1
2026/04/19-18:12:56.212088 1630 [DEBUG] GetFileSize: /db_working_home/000260.sst 
2026/04/19-18:12:56.220851 1630 [DEBUG] Syncing metadata for: /db_working_home/MANIFEST-000228
2026/04/19-18:12:56.221535 1630 [DEBUG] GetFileSize: /db_working_home/000260.sst 
2026/04/19-18:12:56.225833 1630 [DEBUG] Syncing metadata for: /db_working_home/000255.log
2026/04/19-18:12:56.228797 1630 [DEBUG] DeleteFile: ./db_working_home/000253.sst 
2026/04/19-18:12:56.231650 1630 [Zonestats:time(s),used_cap(MB),reclaimable_cap(MB), avg_reclaimable(%), active(#), active_zones(#), open_zones(#)] 174 1289 3318 72 6 6 3
2026/04/19-18:12:56.231700 1630 [DEBUG] DeleteFile: ./db_working_home/000255.log 
2026/04/19-18:12:56.233968 1630 [Zonestats:time(s),used_cap(MB),reclaimable_cap(MB), avg_reclaimable(%), active(#), active_zones(#), open_zones(#)] 174 1274 3333 72 6 6 3
2026/04/19-18:12:56.234161 1630 [DEBUG] New writable file: /db_working_home/000264.sst direct: 1
2026/04/19-18:12:56.242775 1626 [DEBUG] Allocating zone(new=0) start: 0x138000000 wp: 0x138f32200 lt: 3 file lt: 2
2026/04/19-18:12:56.242787 1626 [DEBUG] Syncing metadata for: /db_working_home/000261.log
2026/04/19-18:12:56.244537 1630 Entering Apply Finish Threshold Function
2026/04/19-18:12:56.244549 1630 Finishing zone: Entering Finish()
2026/04/19-18:12:56.622922 1626 [DEBUG] New writable file: /db_working_home/000265.log direct: 0
2026/04/19-18:12:56.652229 1628 Zone Garbage Stats: [89 1 0 0 0 9 3 6 2 6 4 0 ]
2026/04/19-18:12:56.652243 1628 Total Garbage Bytes: 98138174 bytes
2026/04/19-18:12:56.694273 1629 [DEBUG] Syncing metadata for: /db_working_home/000263.sst
2026/04/19-18:12:56.695065 1629 [DEBUG] Syncing metadata for: /db_working_home/000263.sst
2026/04/19-18:12:56.696119 1629 [DEBUG] GetFileSize: /db_working_home/000263.sst 
2026/04/19-18:12:56.696151 1629 [DEBUG] New writable file: /db_working_home/000266.sst direct: 1
2026/04/19-18:12:56.699539 1629 Entering Apply Finish Threshold Function
2026/04/19-18:12:56.699550 1629 Finishing zone: Entering Finish()
2026/04/19-18:12:57.652427 1628 Zone Garbage Stats: [89 1 0 0 0 9 3 6 2 6 4 0 ]
2026/04/19-18:12:57.652513 1628 Total Garbage Bytes: 98138174 bytes
2026/04/19-18:12:57.708827 1630 [DEBUG] Allocating zone(new=1) start: 0x60000000 wp: 0x60000000 lt: 3 file lt: 3
2026/04/19-18:12:57.708842 1630 [Zonestats:time(s),used_cap(MB),reclaimable_cap(MB), avg_reclaimable(%), active(#), active_zones(#), open_zones(#)] 175 1344 3263 70 5 6 4
2026/04/19-18:12:57.708850 1630 [DEBUG] Syncing metadata for: /db_working_home/000264.sst
2026/04/19-18:12:57.798519 1629 [DEBUG] Allocating zone(new=1) start: 0x140000000 wp: 0x140000000 lt: 3 file lt: 3
2026/04/19-18:12:57.798535 1629 [Zonestats:time(s),used_cap(MB),reclaimable_cap(MB), avg_reclaimable(%), active(#), active_zones(#), open_zones(#)] 175 1344 3263 70 5 6 5
2026/04/19-18:12:57.798543 1629 [DEBUG] Syncing metadata for: /db_working_home/000266.sst
2026/04/19-18:12:57.873699 1630 [DEBUG] Syncing metadata for: /db_working_home/000264.sst
2026/04/19-18:12:57.880921 1630 [DEBUG] Syncing metadata for: /db_working_home/000264.sst
2026/04/19-18:12:57.881573 1630 [DEBUG] New random access file: /db_working_home/000264.sst direct: 1
2026/04/19-18:12:57.881755 1630 [DEBUG] GetFileSize: /db_working_home/000264.sst 
2026/04/19-18:12:57.885234 1630 [DEBUG] Syncing metadata for: /db_working_home/MANIFEST-000228
2026/04/19-18:12:57.885953 1630 [DEBUG] GetFileSize: /db_working_home/000264.sst 
2026/04/19-18:12:57.897136 1630 [DEBUG] Syncing metadata for: /db_working_home/000258.log
2026/04/19-18:12:57.898199 1630 [DEBUG] DeleteFile: ./db_working_home/000258.log 
2026/04/19-18:12:57.898966 1630 [Zonestats:time(s),used_cap(MB),reclaimable_cap(MB), avg_reclaimable(%), active(#), active_zones(#), open_zones(#)] 175 1344 3391 71 6 6 3
2026/04/19-18:12:57.899117 1630 [DEBUG] New writable file: /db_working_home/000267.sst direct: 1
2026/04/19-18:12:57.902298 1630 Entering Apply Finish Threshold Function
2026/04/19-18:12:57.902307 1630 Finishing zone: Entering Finish()
2026/04/19-18:12:57.908176 1626 [DEBUG] Allocating zone(new=0) start: 0x118000000 wp: 0x11a29ac00 lt: 3 file lt: 2
2026/04/19-18:12:57.908188 1626 [DEBUG] Syncing metadata for: /db_working_home/000265.log
2026/04/19-18:12:57.952460 1629 [DEBUG] Syncing metadata for: /db_working_home/000266.sst
2026/04/19-18:12:57.953034 1629 [DEBUG] Syncing metadata for: /db_working_home/000266.sst
2026/04/19-18:12:57.954109 1629 [DEBUG] GetFileSize: /db_working_home/000266.sst 
2026/04/19-18:12:57.955494 1629 [DEBUG] New random access file: /db_working_home/000263.sst direct: 1
2026/04/19-18:12:57.963332 1629 [DEBUG] GetFileSize: /db_working_home/000263.sst 
2026/04/19-18:12:57.963534 1629 [DEBUG] New random access file: /db_working_home/000266.sst direct: 1
2026/04/19-18:12:57.963795 1629 [DEBUG] GetFileSize: /db_working_home/000266.sst 
2026/04/19-18:12:57.964663 1629 [DEBUG] Syncing metadata for: /db_working_home/MANIFEST-000228
2026/04/19-18:12:57.966037 1629 [DEBUG] Syncing metadata for: /db_working_home/MANIFEST-000228
2026/04/19-18:12:57.967408 1629 [DEBUG] Syncing metadata for: /db_working_home/MANIFEST-000228
2026/04/19-18:12:57.981273 1629 [DEBUG] New writable file: /db_working_home/000268.sst direct: 1
2026/04/19-18:12:57.984348 1629 Entering Apply Finish Threshold Function
2026/04/19-18:12:57.984376 1629 [DEBUG] Allocating zone(new=1) start: 0x148000000 wp: 0x148000000 lt: 5 file lt: 5
2026/04/19-18:12:57.984383 1629 [Zonestats:time(s),used_cap(MB),reclaimable_cap(MB), avg_reclaimable(%), active(#), active_zones(#), open_zones(#)] 175 1357 3506 72 6 7 4
2026/04/19-18:12:57.984390 1629 [DEBUG] Syncing metadata for: /db_working_home/000268.sst
2026/04/19-18:12:58.149317 1626 [DEBUG] New writable file: /db_working_home/000269.log direct: 0
2026/04/19-18:12:58.437433 1629 [DEBUG] Syncing metadata for: /db_working_home/000268.sst
2026/04/19-18:12:58.438245 1629 [DEBUG] Syncing metadata for: /db_working_home/000268.sst
2026/04/19-18:12:58.439302 1629 [DEBUG] GetFileSize: /db_working_home/000268.sst 
2026/04/19-18:12:58.439346 1629 [DEBUG] New writable file: /db_working_home/000270.sst direct: 1
2026/04/19-18:12:58.444983 1629 Entering Apply Finish Threshold Function
2026/04/19-18:12:58.444996 1629 Finishing zone: Entering Finish()
2026/04/19-18:12:58.652701 1628 Zone Garbage Stats: [86 2 0 0 0 9 4 6 2 7 4 0 ]
2026/04/19-18:12:58.652714 1628 Total Garbage Bytes: 130731549 bytes
2026/04/19-18:12:59.652894 1628 Zone Garbage Stats: [86 2 0 0 0 9 4 6 2 7 4 0 ]
2026/04/19-18:12:59.652907 1628 Total Garbage Bytes: 130731549 bytes
2026/04/19-18:12:59.762299 1629 [DEBUG] Allocating zone(new=1) start: 0x150000000 wp: 0x150000000 lt: 5 file lt: 5
2026/04/19-18:12:59.762317 1629 [Zonestats:time(s),used_cap(MB),reclaimable_cap(MB), avg_reclaimable(%), active(#), active_zones(#), open_zones(#)] 177 1404 3587 71 6 7 4
2026/04/19-18:12:59.762334 1629 [DEBUG] Syncing metadata for: /db_working_home/000270.sst
2026/04/19-18:12:59.862420 1629 [DEBUG] Syncing metadata for: /db_working_home/000270.sst
2026/04/19-18:12:59.862996 1629 [DEBUG] Syncing metadata for: /db_working_home/000270.sst
2026/04/19-18:12:59.864055 1629 [DEBUG] GetFileSize: /db_working_home/000270.sst 
2026/04/19-18:12:59.865478 1629 [DEBUG] New random access file: /db_working_home/000268.sst direct: 1
2026/04/19-18:12:59.865976 1629 [DEBUG] GetFileSize: /db_working_home/000268.sst 
2026/04/19-18:12:59.866143 1629 [DEBUG] New random access file: /db_working_home/000270.sst direct: 1
2026/04/19-18:12:59.866529 1629 [DEBUG] GetFileSize: /db_working_home/000270.sst 
2026/04/19-18:12:59.867399 1629 [DEBUG] Syncing metadata for: /db_working_home/MANIFEST-000228
2026/04/19-18:12:59.868794 1629 [DEBUG] Syncing metadata for: /db_working_home/MANIFEST-000228
2026/04/19-18:12:59.875995 1629 [DEBUG] New writable file: /db_working_home/000271.sst direct: 1
2026/04/19-18:12:59.879290 1629 Entering Apply Finish Threshold Function
2026/04/19-18:12:59.879317 1629 [DEBUG] Allocating zone(new=1) start: 0x158000000 wp: 0x158000000 lt: 5 file lt: 5
2026/04/19-18:12:59.879334 1629 [Zonestats:time(s),used_cap(MB),reclaimable_cap(MB), avg_reclaimable(%), active(#), active_zones(#), open_zones(#)] 177 1414 3705 72 7 8 4
2026/04/19-18:12:59.879340 1629 [DEBUG] Syncing metadata for: /db_working_home/000271.sst
2026/04/19-18:13:00.036355 1630 [DEBUG] Allocating zone(new=0) start: 0x150000000 wp: 0x150a4a600 lt: 5 file lt: 3
2026/04/19-18:13:00.036365 1630 [Zonestats:time(s),used_cap(MB),reclaimable_cap(MB), avg_reclaimable(%), active(#), active_zones(#), open_zones(#)] 178 1414 3705 72 7 7 5
2026/04/19-18:13:00.036371 1630 [DEBUG] Syncing metadata for: /db_working_home/000267.sst
2026/04/19-18:13:00.235360 1630 [DEBUG] Syncing metadata for: /db_working_home/000267.sst
2026/04/19-18:13:00.238093 1630 [DEBUG] Syncing metadata for: /db_working_home/000267.sst
2026/04/19-18:13:00.246047 1630 [DEBUG] New random access file: /db_working_home/000267.sst direct: 1
2026/04/19-18:13:00.246240 1630 [DEBUG] GetFileSize: /db_working_home/000267.sst 
2026/04/19-18:13:00.255316 1630 [DEBUG] Syncing metadata for: /db_working_home/MANIFEST-000228
2026/04/19-18:13:00.256017 1630 [DEBUG] GetFileSize: /db_working_home/000267.sst 
2026/04/19-18:13:00.267533 1630 [DEBUG] Syncing metadata for: /db_working_home/000261.log
2026/04/19-18:13:00.268283 1630 [DEBUG] DeleteFile: ./db_working_home/000247.sst 
2026/04/19-18:13:00.270364 1630 [Zonestats:time(s),used_cap(MB),reclaimable_cap(MB), avg_reclaimable(%), active(#), active_zones(#), open_zones(#)] 178 1415 3576 71 7 7 3
2026/04/19-18:13:00.270418 1630 [DEBUG] DeleteFile: ./db_working_home/000249.sst 
2026/04/19-18:13:00.271527 1630 [Zonestats:time(s),used_cap(MB),reclaimable_cap(MB), avg_reclaimable(%), active(#), active_zones(#), open_zones(#)] 178 1411 3580 71 7 7 3
2026/04/19-18:13:00.271564 1630 [DEBUG] DeleteFile: ./db_working_home/000250.sst 
2026/04/19-18:13:00.272211 1630 [Zonestats:time(s),used_cap(MB),reclaimable_cap(MB), avg_reclaimable(%), active(#), active_zones(#), open_zones(#)] 178 1396 3467 71 7 7 3
2026/04/19-18:13:00.272245 1630 [DEBUG] DeleteFile: ./db_working_home/000254.sst 
2026/04/19-18:13:00.280153 1630 [Zonestats:time(s),used_cap(MB),reclaimable_cap(MB), avg_reclaimable(%), active(#), active_zones(#), open_zones(#)] 178 1380 3355 70 7 7 3
2026/04/19-18:13:00.280206 1630 [DEBUG] DeleteFile: ./db_working_home/000257.sst 
2026/04/19-18:13:00.281231 1630 [Zonestats:time(s),used_cap(MB),reclaimable_cap(MB), avg_reclaimable(%), active(#), active_zones(#), open_zones(#)] 178 1365 3242 70 7 7 3
2026/04/19-18:13:00.281268 1630 [DEBUG] DeleteFile: ./db_working_home/000259.sst 
2026/04/19-18:13:00.283761 1630 [Zonestats:time(s),used_cap(MB),reclaimable_cap(MB), avg_reclaimable(%), active(#), active_zones(#), open_zones(#)] 178 1326 3153 70 7 7 3
2026/04/19-18:13:00.283811 1630 [DEBUG] DeleteFile: ./db_working_home/000261.log 
2026/04/19-18:13:00.284393 1630 [Zonestats:time(s),used_cap(MB),reclaimable_cap(MB), avg_reclaimable(%), active(#), active_zones(#), open_zones(#)] 178 1310 3169 70 7 7 3
2026/04/19-18:13:00.284577 1630 [DEBUG] New writable file: /db_working_home/000272.sst direct: 1
2026/04/19-18:13:00.294300 1626 [DEBUG] Allocating zone(new=0) start: 0x140000000 wp: 0x140815a00 lt: 3 file lt: 2
2026/04/19-18:13:00.294308 1626 [DEBUG] Syncing metadata for: /db_working_home/000269.log
2026/04/19-18:13:00.294856 1630 Entering Apply Finish Threshold Function
2026/04/19-18:13:00.294870 1630 Finishing zone: Entering Finish()
2026/04/19-18:13:00.476790 1629 [DEBUG] Syncing metadata for: /db_working_home/000271.sst
2026/04/19-18:13:00.479478 1629 [DEBUG] Syncing metadata for: /db_working_home/000271.sst
2026/04/19-18:13:00.480510 1629 [DEBUG] GetFileSize: /db_working_home/000271.sst 
2026/04/19-18:13:00.480546 1629 [DEBUG] New writable file: /db_working_home/000273.sst direct: 1
2026/04/19-18:13:00.483509 1629 Entering Apply Finish Threshold Function
2026/04/19-18:13:00.483521 1629 Finishing zone: Entering Finish()
2026/04/19-18:13:00.587414 1626 [DEBUG] New writable file: /db_working_home/000274.log direct: 0
2026/04/19-18:13:00.653089 1628 Zone Garbage Stats: [89 2 0 0 0 9 4 5 3 4 4 0 ]
2026/04/19-18:13:00.653103 1628 Total Garbage Bytes: 98138537 bytes
2026/04/19-18:13:01.653279 1628 Zone Garbage Stats: [89 2 0 0 0 9 4 5 3 4 4 0 ]
2026/04/19-18:13:01.653291 1628 Total Garbage Bytes: 98138537 bytes
2026/04/19-18:13:01.897573 1630 Finishing zone: Entering Finish()
2026/04/19-18:13:02.010538 1629 [DEBUG] Allocating zone(new=1) start: 0xd0000000 wp: 0xd0000000 lt: 5 file lt: 5
2026/04/19-18:13:02.010553 1629 [Zonestats:time(s),used_cap(MB),reclaimable_cap(MB), avg_reclaimable(%), active(#), active_zones(#), open_zones(#)] 180 1369 3238 70 5 6 4
2026/04/19-18:13:02.010562 1629 [DEBUG] Syncing metadata for: /db_working_home/000273.sst
2026/04/19-18:13:02.653512 1628 Zone Garbage Stats: [88 1 0 0 0 9 4 5 3 6 4 0 ]
2026/04/19-18:13:02.653614 1628 Total Garbage Bytes: 114436276 bytes
2026/04/19-18:13:02.658741 1629 [DEBUG] Syncing metadata for: /db_working_home/000273.sst
2026/04/19-18:13:02.659323 1629 [DEBUG] Syncing metadata for: /db_working_home/000273.sst
2026/04/19-18:13:02.660374 1629 [DEBUG] GetFileSize: /db_working_home/000273.sst 
2026/04/19-18:13:02.660409 1629 [DEBUG] New writable file: /db_working_home/000275.sst direct: 1
2026/04/19-18:13:02.663470 1629 Entering Apply Finish Threshold Function
2026/04/19-18:13:02.663481 1629 Finishing zone: Entering Finish()
2026/04/19-18:13:03.467420 1630 [DEBUG] Allocating zone(new=1) start: 0x100000000 wp: 0x100000000 lt: 3 file lt: 3
2026/04/19-18:13:03.467436 1630 [Zonestats:time(s),used_cap(MB),reclaimable_cap(MB), avg_reclaimable(%), active(#), active_zones(#), open_zones(#)] 181 1427 3308 69 5 6 4
2026/04/19-18:13:03.467446 1630 [DEBUG] Syncing metadata for: /db_working_home/000272.sst
2026/04/19-18:13:03.617255 1630 [DEBUG] Syncing metadata for: /db_working_home/000272.sst
2026/04/19-18:13:03.617851 1630 [DEBUG] Syncing metadata for: /db_working_home/000272.sst
2026/04/19-18:13:03.618630 1630 [DEBUG] New random access file: /db_working_home/000272.sst direct: 1
2026/04/19-18:13:03.619085 1630 [DEBUG] GetFileSize: /db_working_home/000272.sst 
2026/04/19-18:13:03.621528 1630 [DEBUG] Syncing metadata for: /db_working_home/MANIFEST-000228
2026/04/19-18:13:03.622186 1630 [DEBUG] GetFileSize: /db_working_home/000272.sst 
2026/04/19-18:13:03.626663 1630 [DEBUG] Syncing metadata for: /db_working_home/000265.log
2026/04/19-18:13:03.627584 1630 [DEBUG] DeleteFile: ./db_working_home/000265.log 
2026/04/19-18:13:03.628500 1630 [Zonestats:time(s),used_cap(MB),reclaimable_cap(MB), avg_reclaimable(%), active(#), active_zones(#), open_zones(#)] 181 1427 3308 69 5 5 2
2026/04/19-18:13:03.628656 1630 [DEBUG] New writable file: /db_working_home/000276.sst direct: 1
2026/04/19-18:13:03.631862 1630 Entering Apply Finish Threshold Function
2026/04/19-18:13:03.631873 1630 Finishing zone: Entering Finish()
2026/04/19-18:13:03.636931 1626 [DEBUG] Allocating zone(new=1) start: 0x108000000 wp: 0x108000000 lt: 2 file lt: 2
2026/04/19-18:13:03.636942 1626 [DEBUG] Syncing metadata for: /db_working_home/000274.log
2026/04/19-18:13:03.653797 1628 Zone Garbage Stats: [87 1 0 0 0 9 4 6 3 6 4 0 ]
2026/04/19-18:13:03.653809 1628 Total Garbage Bytes: 114436387 bytes
2026/04/19-18:13:03.856080 1626 [DEBUG] New writable file: /db_working_home/000277.log direct: 0
2026/04/19-18:13:03.863334 1629 [DEBUG] Allocating zone(new=1) start: 0x110000000 wp: 0x110000000 lt: 5 file lt: 5
2026/04/19-18:13:03.863348 1629 [Zonestats:time(s),used_cap(MB),reclaimable_cap(MB), avg_reclaimable(%), active(#), active_zones(#), open_zones(#)] 181 1442 3421 70 5 6 4
2026/04/19-18:13:03.863357 1629 [DEBUG] Syncing metadata for: /db_working_home/000275.sst
2026/04/19-18:13:03.996929 1629 [DEBUG] Syncing metadata for: /db_working_home/000275.sst
2026/04/19-18:13:03.997817 1629 [DEBUG] Syncing metadata for: /db_working_home/000275.sst
2026/04/19-18:13:03.998875 1629 [DEBUG] GetFileSize: /db_working_home/000275.sst 
2026/04/19-18:13:04.000094 1629 [DEBUG] New random access file: /db_working_home/000271.sst direct: 1
2026/04/19-18:13:04.000791 1629 [DEBUG] GetFileSize: /db_working_home/000271.sst 
2026/04/19-18:13:04.000952 1629 [DEBUG] New random access file: /db_working_home/000273.sst direct: 1
2026/04/19-18:13:04.001420 1629 [DEBUG] GetFileSize: /db_working_home/000273.sst 
2026/04/19-18:13:04.001553 1629 [DEBUG] New random access file: /db_working_home/000275.sst direct: 1
2026/04/19-18:13:04.001954 1629 [DEBUG] GetFileSize: /db_working_home/000275.sst 
2026/04/19-18:13:04.002864 1629 [DEBUG] Syncing metadata for: /db_working_home/MANIFEST-000228
2026/04/19-18:13:04.018868 1629 [DEBUG] New writable file: /db_working_home/000278.sst direct: 1
2026/04/19-18:13:04.022737 1629 Entering Apply Finish Threshold Function
2026/04/19-18:13:04.022763 1629 [DEBUG] Allocating zone(new=0) start: 0x110000000 wp: 0x110c0b200 lt: 5 file lt: 3
2026/04/19-18:13:04.022771 1629 [Zonestats:time(s),used_cap(MB),reclaimable_cap(MB), avg_reclaimable(%), active(#), active_zones(#), open_zones(#)] 182 1454 3537 70 6 6 4
2026/04/19-18:13:04.022778 1629 [DEBUG] Syncing metadata for: /db_working_home/000278.sst
2026/04/19-18:13:04.653979 1628 Zone Garbage Stats: [86 1 0 0 0 9 5 6 3 6 4 0 ]
2026/04/19-18:13:04.653999 1628 Total Garbage Bytes: 114436804 bytes
2026/04/19-18:13:04.708018 1629 [DEBUG] Syncing metadata for: /db_working_home/000278.sst
2026/04/19-18:13:04.708806 1629 [DEBUG] Syncing metadata for: /db_working_home/000278.sst
2026/04/19-18:13:04.709881 1629 [DEBUG] GetFileSize: /db_working_home/000278.sst 
2026/04/19-18:13:04.709945 1629 [DEBUG] New writable file: /db_working_home/000279.sst direct: 1
2026/04/19-18:13:04.713325 1629 Entering Apply Finish Threshold Function
2026/04/19-18:13:04.713337 1629 Finishing zone: Entering Finish()
2026/04/19-18:13:05.591624 1629 [DEBUG] Allocating zone(new=1) start: 0x118000000 wp: 0x118000000 lt: 3 file lt: 3
2026/04/19-18:13:05.591639 1629 [Zonestats:time(s),used_cap(MB),reclaimable_cap(MB), avg_reclaimable(%), active(#), active_zones(#), open_zones(#)] 183 1509 3482 69 5 6 4
2026/04/19-18:13:05.591648 1629 [DEBUG] Syncing metadata for: /db_working_home/000279.sst
2026/04/19-18:13:05.654193 1628 Zone Garbage Stats: [85 1 0 0 0 10 5 6 3 6 4 0 ]
2026/04/19-18:13:05.654208 1628 Total Garbage Bytes: 114437155 bytes
2026/04/19-18:13:05.733488 1629 [DEBUG] Syncing metadata for: /db_working_home/000279.sst
2026/04/19-18:13:05.734357 1629 [DEBUG] Syncing metadata for: /db_working_home/000279.sst
2026/04/19-18:13:05.735434 1629 [DEBUG] GetFileSize: /db_working_home/000279.sst 
2026/04/19-18:13:05.737046 1629 [DEBUG] New random access file: /db_working_home/000278.sst direct: 1
2026/04/19-18:13:05.737362 1629 [DEBUG] GetFileSize: /db_working_home/000278.sst 
2026/04/19-18:13:05.737567 1629 [DEBUG] New random access file: /db_working_home/000279.sst direct: 1
2026/04/19-18:13:05.737945 1629 [DEBUG] GetFileSize: /db_working_home/000279.sst 
2026/04/19-18:13:05.738850 1629 [DEBUG] Syncing metadata for: /db_working_home/MANIFEST-000228
2026/04/19-18:13:05.740769 1629 [DEBUG] Syncing metadata for: /db_working_home/MANIFEST-000228
2026/04/19-18:13:05.747426 1629 [DEBUG] New writable file: /db_working_home/000280.sst direct: 1
2026/04/19-18:13:05.750694 1629 Entering Apply Finish Threshold Function
2026/04/19-18:13:05.750721 1629 [DEBUG] Allocating zone(new=1) start: 0x128000000 wp: 0x128000000 lt: 5 file lt: 5
2026/04/19-18:13:05.750728 1629 [Zonestats:time(s),used_cap(MB),reclaimable_cap(MB), avg_reclaimable(%), active(#), active_zones(#), open_zones(#)] 183 1521 3598 70 6 7 4
2026/04/19-18:13:05.750734 1629 [DEBUG] Syncing metadata for: /db_working_home/000280.sst
2026/04/19-18:13:05.888174 1630 [DEBUG] Allocating zone(new=1) start: 0x160000000 wp: 0x160000000 lt: 3 file lt: 3
2026/04/19-18:13:05.888190 1630 [Zonestats:time(s),used_cap(MB),reclaimable_cap(MB), avg_reclaimable(%), active(#), active_zones(#), open_zones(#)] 183 1521 3598 70 6 7 5
2026/04/19-18:13:05.888200 1630 [DEBUG] Syncing metadata for: /db_working_home/000276.sst
2026/04/19-18:13:05.946249 1629 [DEBUG] Syncing metadata for: /db_working_home/000280.sst
2026/04/19-18:13:05.946841 1629 [DEBUG] Syncing metadata for: /db_working_home/000280.sst
2026/04/19-18:13:05.954764 1629 [DEBUG] GetFileSize: /db_working_home/000280.sst 
2026/04/19-18:13:05.956150 1629 [DEBUG] New random access file: /db_working_home/000280.sst direct: 1
2026/04/19-18:13:05.963625 1629 [DEBUG] GetFileSize: /db_working_home/000280.sst 
2026/04/19-18:13:05.964540 1629 [DEBUG] Syncing metadata for: /db_working_home/MANIFEST-000228
2026/04/19-18:13:05.977863 1629 [DEBUG] New writable file: /db_working_home/000281.sst direct: 1
2026/04/19-18:13:05.988147 1629 Entering Apply Finish Threshold Function
2026/04/19-18:13:05.988159 1629 Finishing zone: Entering Finish()
2026/04/19-18:13:06.055705 1630 [DEBUG] Syncing metadata for: /db_working_home/000276.sst
2026/04/19-18:13:06.056491 1630 [DEBUG] Syncing metadata for: /db_working_home/000276.sst
2026/04/19-18:13:06.057470 1630 [DEBUG] New random access file: /db_working_home/000276.sst direct: 1
2026/04/19-18:13:06.057949 1630 [DEBUG] GetFileSize: /db_working_home/000276.sst 
2026/04/19-18:13:06.060383 1630 [DEBUG] Syncing metadata for: /db_working_home/MANIFEST-000228
2026/04/19-18:13:06.061040 1630 [DEBUG] GetFileSize: /db_working_home/000276.sst 
2026/04/19-18:13:06.065465 1630 [DEBUG] Syncing metadata for: /db_working_home/000269.log
2026/04/19-18:13:06.066269 1630 [DEBUG] DeleteFile: ./db_working_home/000239.sst 
2026/04/19-18:13:06.066967 1630 [Zonestats:time(s),used_cap(MB),reclaimable_cap(MB), avg_reclaimable(%), active(#), active_zones(#), open_zones(#)] 184 1549 3698 70 7 7 2
2026/04/19-18:13:06.067013 1630 [DEBUG] DeleteFile: ./db_working_home/000252.sst 
2026/04/19-18:13:06.067842 1630 [Zonestats:time(s),used_cap(MB),reclaimable_cap(MB), avg_reclaimable(%), active(#), active_zones(#), open_zones(#)] 184 1487 3632 70 7 7 2
2026/04/19-18:13:06.067878 1630 [DEBUG] DeleteFile: ./db_working_home/000260.sst 
2026/04/19-18:13:06.068739 1630 [Zonestats:time(s),used_cap(MB),reclaimable_cap(MB), avg_reclaimable(%), active(#), active_zones(#), open_zones(#)] 184 1472 3519 70 7 7 2
2026/04/19-18:13:06.068772 1630 [DEBUG] DeleteFile: ./db_working_home/000263.sst 
2026/04/19-18:13:06.069554 1630 [Zonestats:time(s),used_cap(MB),reclaimable_cap(MB), avg_reclaimable(%), active(#), active_zones(#), open_zones(#)] 184 1417 3574 71 7 7 2
2026/04/19-18:13:06.069588 1630 [DEBUG] DeleteFile: ./db_working_home/000264.sst 
2026/04/19-18:13:06.070553 1630 [Zonestats:time(s),used_cap(MB),reclaimable_cap(MB), avg_reclaimable(%), active(#), active_zones(#), open_zones(#)] 184 1402 3461 71 7 7 2
2026/04/19-18:13:06.070587 1630 [DEBUG] DeleteFile: ./db_working_home/000266.sst 
2026/04/19-18:13:06.071354 1630 [Zonestats:time(s),used_cap(MB),reclaimable_cap(MB), avg_reclaimable(%), active(#), active_zones(#), open_zones(#)] 184 1394 3469 71 7 7 2
2026/04/19-18:13:06.071387 1630 [DEBUG] DeleteFile: ./db_working_home/000267.sst 
2026/04/19-18:13:06.072253 1630 [Zonestats:time(s),used_cap(MB),reclaimable_cap(MB), avg_reclaimable(%), active(#), active_zones(#), open_zones(#)] 184 1379 3484 71 7 7 2
2026/04/19-18:13:06.072284 1630 [DEBUG] DeleteFile: ./db_working_home/000269.log 
2026/04/19-18:13:06.073242 1630 [Zonestats:time(s),used_cap(MB),reclaimable_cap(MB), avg_reclaimable(%), active(#), active_zones(#), open_zones(#)] 184 1363 3372 71 6 6 2
2026/04/19-18:13:06.073263 1630 [DEBUG] DeleteFile: ./db_working_home/000272.sst 
2026/04/19-18:13:06.073909 1630 [Zonestats:time(s),used_cap(MB),reclaimable_cap(MB), avg_reclaimable(%), active(#), active_zones(#), open_zones(#)] 184 1348 3259 70 6 6 2
2026/04/19-18:13:06.073961 1630 [DEBUG] DeleteFile: ./db_working_home/000279.sst 
2026/04/19-18:13:06.074811 1630 [Zonestats:time(s),used_cap(MB),reclaimable_cap(MB), avg_reclaimable(%), active(#), active_zones(#), open_zones(#)] 184 1336 3143 70 5 5 2
2026/04/19-18:13:06.075773 1630 [DEBUG] New writable file: /db_working_home/000282.sst direct: 1
2026/04/19-18:13:06.079521 1630 Entering Apply Finish Threshold Function
2026/04/19-18:13:06.079533 1630 Finishing zone: Entering Finish()
2026/04/19-18:13:06.084091 1626 [DEBUG] Allocating zone(new=1) start: 0x60000000 wp: 0x60000000 lt: 2 file lt: 2
2026/04/19-18:13:06.084098 1626 [DEBUG] Syncing metadata for: /db_working_home/000277.log
2026/04/19-18:13:06.285497 1626 [DEBUG] New writable file: /db_working_home/000283.log direct: 0
2026/04/19-18:13:06.654393 1628 Zone Garbage Stats: [89 1 0 0 0 10 3 6 3 3 5 0 ]
2026/04/19-18:13:06.654405 1628 Total Garbage Bytes: 155586401 bytes
2026/04/19-18:13:07.654587 1628 Zone Garbage Stats: [89 1 0 0 0 10 3 6 3 3 5 0 ]
2026/04/19-18:13:07.654674 1628 Total Garbage Bytes: 155586401 bytes
2026/04/19-18:13:07.759445 1629 [DEBUG] Allocating zone(new=1) start: 0xf0000000 wp: 0xf0000000 lt: 5 file lt: 5
2026/04/19-18:13:07.759459 1629 [Zonestats:time(s),used_cap(MB),reclaimable_cap(MB), avg_reclaimable(%), active(#), active_zones(#), open_zones(#)] 185 1351 3256 70 5 6 4
2026/04/19-18:13:07.759468 1629 [DEBUG] Syncing metadata for: /db_working_home/000281.sst
2026/04/19-18:13:07.884319 1630 [DEBUG] Allocating zone(new=1) start: 0x100000000 wp: 0x100000000 lt: 3 file lt: 3
2026/04/19-18:13:07.884336 1630 [Zonestats:time(s),used_cap(MB),reclaimable_cap(MB), avg_reclaimable(%), active(#), active_zones(#), open_zones(#)] 185 1351 3256 70 5 6 5
2026/04/19-18:13:07.884346 1630 [DEBUG] Syncing metadata for: /db_working_home/000282.sst
2026/04/19-18:13:08.089465 1630 [DEBUG] Syncing metadata for: /db_working_home/000282.sst
2026/04/19-18:13:08.092166 1630 [DEBUG] Syncing metadata for: /db_working_home/000282.sst
2026/04/19-18:13:08.092830 1630 [DEBUG] New random access file: /db_working_home/000282.sst direct: 1
2026/04/19-18:13:08.093906 1630 [DEBUG] GetFileSize: /db_working_home/000282.sst 
2026/04/19-18:13:08.096016 1630 [DEBUG] Syncing metadata for: /db_working_home/MANIFEST-000228
2026/04/19-18:13:08.103993 1630 [DEBUG] GetFileSize: /db_working_home/000282.sst 
2026/04/19-18:13:08.108323 1630 [DEBUG] Syncing metadata for: /db_working_home/000274.log
2026/04/19-18:13:08.116082 1630 [DEBUG] DeleteFile: ./db_working_home/000274.log 
2026/04/19-18:13:08.116793 1630 [Zonestats:time(s),used_cap(MB),reclaimable_cap(MB), avg_reclaimable(%), active(#), active_zones(#), open_zones(#)] 186 1351 3256 70 5 5 3
2026/04/19-18:13:08.117045 1630 [DEBUG] New writable file: /db_working_home/000284.sst direct: 1
2026/04/19-18:13:08.120576 1630 Entering Apply Finish Threshold Function
2026/04/19-18:13:08.120587 1630 Finishing zone: Entering Finish()
2026/04/19-18:13:08.125505 1626 [DEBUG] Allocating zone(new=1) start: 0x108000000 wp: 0x108000000 lt: 2 file lt: 2
2026/04/19-18:13:08.125516 1626 [DEBUG] Syncing metadata for: /db_working_home/000283.log
2026/04/19-18:13:08.485937 1626 [DEBUG] New writable file: /db_working_home/000285.log direct: 0
2026/04/19-18:13:08.654864 1628 Zone Garbage Stats: [87 1 0 0 0 10 3 6 3 5 5 0 ]
2026/04/19-18:13:08.654881 1628 Total Garbage Bytes: 155586745 bytes
2026/04/19-18:13:08.658229 1629 [DEBUG] Syncing metadata for: /db_working_home/000281.sst
2026/04/19-18:13:08.659018 1629 [DEBUG] Syncing metadata for: /db_working_home/000281.sst
2026/04/19-18:13:08.659719 1629 [DEBUG] GetFileSize: /db_working_home/000281.sst 
2026/04/19-18:13:08.659755 1629 [DEBUG] New writable file: /db_working_home/000286.sst direct: 1
2026/04/19-18:13:08.662931 1629 Entering Apply Finish Threshold Function
2026/04/19-18:13:08.662941 1629 Finishing zone: Entering Finish()
2026/04/19-18:13:09.565145 1629 [DEBUG] Allocating zone(new=1) start: 0x118000000 wp: 0x118000000 lt: 5 file lt: 5
2026/04/19-18:13:09.565160 1629 [Zonestats:time(s),used_cap(MB),reclaimable_cap(MB), avg_reclaimable(%), active(#), active_zones(#), open_zones(#)] 187 1431 3432 70 5 6 4
2026/04/19-18:13:09.565178 1629 [DEBUG] Syncing metadata for: /db_working_home/000286.sst
2026/04/19-18:13:09.655071 1628 Zone Garbage Stats: [86 1 0 0 0 11 3 6 3 5 5 0 ]
2026/04/19-18:13:09.655085 1628 Total Garbage Bytes: 155586995 bytes
2026/04/19-18:13:10.385768 1629 [DEBUG] Syncing metadata for: /db_working_home/000286.sst
2026/04/19-18:13:10.386557 1629 [DEBUG] Syncing metadata for: /db_working_home/000286.sst
2026/04/19-18:13:10.387644 1629 [DEBUG] GetFileSize: /db_working_home/000286.sst 
2026/04/19-18:13:10.387731 1629 [DEBUG] New writable file: /db_working_home/000287.sst direct: 1
2026/04/19-18:13:10.391174 1629 Entering Apply Finish Threshold Function
2026/04/19-18:13:10.391187 1629 Finishing zone: Entering Finish()
2026/04/19-18:13:10.571432 1630 [DEBUG] Allocating zone(new=1) start: 0x120000000 wp: 0x120000000 lt: 3 file lt: 3
2026/04/19-18:13:10.571447 1630 [Zonestats:time(s),used_cap(MB),reclaimable_cap(MB), avg_reclaimable(%), active(#), active_zones(#), open_zones(#)] 188 1505 3486 69 5 6 4
2026/04/19-18:13:10.571483 1630 [DEBUG] Syncing metadata for: /db_working_home/000284.sst
2026/04/19-18:13:10.655294 1628 Zone Garbage Stats: [85 1 0 0 0 11 3 6 3 6 5 0 ]
2026/04/19-18:13:10.655310 1628 Total Garbage Bytes: 155587102 bytes
2026/04/19-18:13:10.727799 1630 [DEBUG] Syncing metadata for: /db_working_home/000284.sst
2026/04/19-18:13:10.728614 1630 [DEBUG] Syncing metadata for: /db_working_home/000284.sst
2026/04/19-18:13:10.729293 1630 [DEBUG] New random access file: /db_working_home/000284.sst direct: 1
2026/04/19-18:13:10.729707 1630 [DEBUG] GetFileSize: /db_working_home/000284.sst 
2026/04/19-18:13:10.732632 1630 [DEBUG] Syncing metadata for: /db_working_home/MANIFEST-000228
2026/04/19-18:13:10.733327 1630 [DEBUG] GetFileSize: /db_working_home/000284.sst 
2026/04/19-18:13:10.737771 1630 [DEBUG] Syncing metadata for: /db_working_home/000277.log
2026/04/19-18:13:10.738694 1630 [DEBUG] DeleteFile: ./db_working_home/000277.log 
2026/04/19-18:13:10.739610 1630 [Zonestats:time(s),used_cap(MB),reclaimable_cap(MB), avg_reclaimable(%), active(#), active_zones(#), open_zones(#)] 188 1505 3486 69 5 5 2
2026/04/19-18:13:10.739799 1630 [DEBUG] New writable file: /db_working_home/000288.sst direct: 1
2026/04/19-18:13:10.744421 1630 Entering Apply Finish Threshold Function
2026/04/19-18:13:10.744432 1630 Finishing zone: Entering Finish()
2026/04/19-18:13:10.749800 1626 [DEBUG] Allocating zone(new=1) start: 0x60000000 wp: 0x60000000 lt: 2 file lt: 2
2026/04/19-18:13:10.749811 1626 [DEBUG] Syncing metadata for: /db_working_home/000285.log
2026/04/19-18:13:10.947934 1626 [DEBUG] New writable file: /db_working_home/000289.log direct: 0
2026/04/19-18:13:11.370745 1629 [DEBUG] Allocating zone(new=1) start: 0x138000000 wp: 0x138000000 lt: 5 file lt: 5
2026/04/19-18:13:11.370761 1629 [Zonestats:time(s),used_cap(MB),reclaimable_cap(MB), avg_reclaimable(%), active(#), active_zones(#), open_zones(#)] 189 1520 3599 70 5 6 4
2026/04/19-18:13:11.370770 1629 [DEBUG] Syncing metadata for: /db_working_home/000287.sst
2026/04/19-18:13:11.634754 1629 [DEBUG] Syncing metadata for: /db_working_home/000287.sst
2026/04/19-18:13:11.635541 1629 [DEBUG] Syncing metadata for: /db_working_home/000287.sst
2026/04/19-18:13:11.636612 1629 [DEBUG] GetFileSize: /db_working_home/000287.sst 
2026/04/19-18:13:11.637849 1629 [DEBUG] New random access file: /db_working_home/000281.sst direct: 1
2026/04/19-18:13:11.638551 1629 [DEBUG] GetFileSize: /db_working_home/000281.sst 
2026/04/19-18:13:11.638729 1629 [DEBUG] New random access file: /db_working_home/000286.sst direct: 1
2026/04/19-18:13:11.639203 1629 [DEBUG] GetFileSize: /db_working_home/000286.sst 
2026/04/19-18:13:11.639359 1629 [DEBUG] New random access file: /db_working_home/000287.sst direct: 1
2026/04/19-18:13:11.639792 1629 [DEBUG] GetFileSize: /db_working_home/000287.sst 
2026/04/19-18:13:11.640661 1629 [DEBUG] Syncing metadata for: /db_working_home/MANIFEST-000228
2026/04/19-18:13:11.642100 1629 [DEBUG] Syncing metadata for: /db_working_home/MANIFEST-000228
2026/04/19-18:13:11.651510 1629 [DEBUG] New writable file: /db_working_home/000290.sst direct: 1
2026/04/19-18:13:11.655235 1629 Entering Apply Finish Threshold Function
2026/04/19-18:13:11.655247 1629 Finishing zone: Entering Finish()
2026/04/19-18:13:11.655493 1628 Zone Garbage Stats: [84 1 0 0 0 12 3 6 3 6 5 0 ]
2026/04/19-18:13:11.655507 1628 Total Garbage Bytes: 155587229 bytes
2026/04/19-18:13:12.622671 1630 [DEBUG] Allocating zone(new=1) start: 0x140000000 wp: 0x140000000 lt: 3 file lt: 3
2026/04/19-18:13:12.622685 1630 [Zonestats:time(s),used_cap(MB),reclaimable_cap(MB), avg_reclaimable(%), active(#), active_zones(#), open_zones(#)] 190 1543 3704 70 5 6 4
2026/04/19-18:13:12.622694 1630 [DEBUG] Syncing metadata for: /db_working_home/000288.sst
2026/04/19-18:13:12.655702 1628 Zone Garbage Stats: [83 1 0 0 0 12 3 6 3 7 5 0 ]
2026/04/19-18:13:12.655771 1628 Total Garbage Bytes: 155587569 bytes
2026/04/19-18:13:12.774036 1630 [DEBUG] Syncing metadata for: /db_working_home/000288.sst
2026/04/19-18:13:12.774613 1630 [DEBUG] Syncing metadata for: /db_working_home/000288.sst
2026/04/19-18:13:12.775613 1630 [DEBUG] New random access file: /db_working_home/000288.sst direct: 1
2026/04/19-18:13:12.775796 1630 [DEBUG] GetFileSize: /db_working_home/000288.sst 
2026/04/19-18:13:12.778417 1630 [DEBUG] Syncing metadata for: /db_working_home/MANIFEST-000228
2026/04/19-18:13:12.779073 1630 [DEBUG] GetFileSize: /db_working_home/000288.sst 
2026/04/19-18:13:12.783564 1630 [DEBUG] Syncing metadata for: /db_working_home/000283.log
2026/04/19-18:13:12.784597 1630 [DEBUG] DeleteFile: ./db_working_home/000271.sst 
2026/04/19-18:13:12.785397 1630 [Zonestats:time(s),used_cap(MB),reclaimable_cap(MB), avg_reclaimable(%), active(#), active_zones(#), open_zones(#)] 190 1516 3731 71 6 6 2
2026/04/19-18:13:12.785441 1630 [DEBUG] DeleteFile: ./db_working_home/000273.sst 
2026/04/19-18:13:12.786260 1630 [Zonestats:time(s),used_cap(MB),reclaimable_cap(MB), avg_reclaimable(%), active(#), active_zones(#), open_zones(#)] 190 1457 3662 71 6 6 2
2026/04/19-18:13:12.786310 1630 [DEBUG] DeleteFile: ./db_working_home/000275.sst 
2026/04/19-18:13:12.787069 1630 [Zonestats:time(s),used_cap(MB),reclaimable_cap(MB), avg_reclaimable(%), active(#), active_zones(#), open_zones(#)] 190 1445 3674 71 6 6 2
2026/04/19-18:13:12.787103 1630 [DEBUG] DeleteFile: ./db_working_home/000278.sst 
2026/04/19-18:13:12.788066 1630 [Zonestats:time(s),used_cap(MB),reclaimable_cap(MB), avg_reclaimable(%), active(#), active_zones(#), open_zones(#)] 190 1390 3601 72 6 6 2
2026/04/19-18:13:12.788098 1630 [DEBUG] DeleteFile: ./db_working_home/000283.log 
2026/04/19-18:13:12.788955 1630 [Zonestats:time(s),used_cap(MB),reclaimable_cap(MB), avg_reclaimable(%), active(#), active_zones(#), open_zones(#)] 190 1375 3488 71 5 5 2
2026/04/19-18:13:12.789156 1630 [DEBUG] New writable file: /db_working_home/000291.sst direct: 1
2026/04/19-18:13:12.793438 1630 Entering Apply Finish Threshold Function
2026/04/19-18:13:12.793449 1630 Finishing zone: Entering Finish()
2026/04/19-18:13:12.797838 1626 [DEBUG] Allocating zone(new=1) start: 0xd0000000 wp: 0xd0000000 lt: 2 file lt: 2
2026/04/19-18:13:12.797849 1626 [DEBUG] Syncing metadata for: /db_working_home/000289.log
2026/04/19-18:13:13.010584 1626 [DEBUG] New writable file: /db_working_home/000292.log direct: 0
2026/04/19-18:13:13.354341 1629 [DEBUG] Allocating zone(new=1) start: 0x108000000 wp: 0x108000000 lt: 3 file lt: 3
2026/04/19-18:13:13.354356 1629 [Zonestats:time(s),used_cap(MB),reclaimable_cap(MB), avg_reclaimable(%), active(#), active_zones(#), open_zones(#)] 191 1390 3601 72 5 6 4
2026/04/19-18:13:13.354365 1629 [DEBUG] Syncing metadata for: /db_working_home/000290.sst
2026/04/19-18:13:13.655959 1628 Zone Garbage Stats: [85 1 0 0 0 11 2 5 3 8 5 0 ]
2026/04/19-18:13:13.655975 1628 Total Garbage Bytes: 155586691 bytes
2026/04/19-18:13:13.866937 1629 [DEBUG] Syncing metadata for: /db_working_home/000290.sst
2026/04/19-18:13:13.867500 1629 [DEBUG] Syncing metadata for: /db_working_home/000290.sst
2026/04/19-18:13:13.868560 1629 [DEBUG] GetFileSize: /db_working_home/000290.sst 
2026/04/19-18:13:13.870111 1629 [DEBUG] New random access file: /db_working_home/000290.sst direct: 1
2026/04/19-18:13:13.870481 1629 [DEBUG] GetFileSize: /db_working_home/000290.sst 
2026/04/19-18:13:13.871379 1629 [DEBUG] Syncing metadata for: /db_working_home/MANIFEST-000228
2026/04/19-18:13:13.878362 1629 [DEBUG] New writable file: /db_working_home/000293.sst direct: 1
2026/04/19-18:13:13.881748 1629 Entering Apply Finish Threshold Function
2026/04/19-18:13:13.881758 1629 Finishing zone: Entering Finish()
2026/04/19-18:13:14.656194 1628 Zone Garbage Stats: [85 1 0 0 0 11 2 5 3 8 5 0 ]
2026/04/19-18:13:14.656208 1628 Total Garbage Bytes: 155586691 bytes
2026/04/19-18:13:14.782635 1630 [DEBUG] Allocating zone(new=1) start: 0x110000000 wp: 0x110000000 lt: 3 file lt: 3
2026/04/19-18:13:14.782649 1630 [Zonestats:time(s),used_cap(MB),reclaimable_cap(MB), avg_reclaimable(%), active(#), active_zones(#), open_zones(#)] 192 1435 3684 71 5 6 4
2026/04/19-18:13:14.782659 1630 [DEBUG] Syncing metadata for: /db_working_home/000291.sst
2026/04/19-18:13:14.935013 1630 [DEBUG] Syncing metadata for: /db_working_home/000291.sst
2026/04/19-18:13:14.935591 1630 [DEBUG] Syncing metadata for: /db_working_home/000291.sst
2026/04/19-18:13:14.936588 1630 [DEBUG] New random access file: /db_working_home/000291.sst direct: 1
2026/04/19-18:13:14.936771 1630 [DEBUG] GetFileSize: /db_working_home/000291.sst 
2026/04/19-18:13:14.939370 1630 [DEBUG] Syncing metadata for: /db_working_home/MANIFEST-000228
2026/04/19-18:13:14.940054 1630 [DEBUG] GetFileSize: /db_working_home/000291.sst 
2026/04/19-18:13:14.944507 1630 [DEBUG] Syncing metadata for: /db_working_home/000285.log
2026/04/19-18:13:14.945502 1630 [DEBUG] DeleteFile: ./db_working_home/000276.sst 
2026/04/19-18:13:14.946363 1630 [Zonestats:time(s),used_cap(MB),reclaimable_cap(MB), avg_reclaimable(%), active(#), active_zones(#), open_zones(#)] 192 1435 3684 71 6 6 2
2026/04/19-18:13:14.946407 1630 [DEBUG] DeleteFile: ./db_working_home/000282.sst 
2026/04/19-18:13:14.947205 1630 [Zonestats:time(s),used_cap(MB),reclaimable_cap(MB), avg_reclaimable(%), active(#), active_zones(#), open_zones(#)] 192 1420 3571 71 6 6 2
2026/04/19-18:13:14.947241 1630 [DEBUG] DeleteFile: ./db_working_home/000284.sst 
2026/04/19-18:13:14.948101 1630 [Zonestats:time(s),used_cap(MB),reclaimable_cap(MB), avg_reclaimable(%), active(#), active_zones(#), open_zones(#)] 192 1405 3458 71 6 6 2
2026/04/19-18:13:14.948132 1630 [DEBUG] DeleteFile: ./db_working_home/000285.log 
2026/04/19-18:13:14.949002 1630 [Zonestats:time(s),used_cap(MB),reclaimable_cap(MB), avg_reclaimable(%), active(#), active_zones(#), open_zones(#)] 192 1389 3346 70 5 5 2
2026/04/19-18:13:14.949215 1630 [DEBUG] New writable file: /db_working_home/000294.sst direct: 1
2026/04/19-18:13:14.953145 1630 Entering Apply Finish Threshold Function
2026/04/19-18:13:14.953156 1630 Finishing zone: Entering Finish()
2026/04/19-18:13:14.958521 1626 [DEBUG] Allocating zone(new=1) start: 0x60000000 wp: 0x60000000 lt: 2 file lt: 2
2026/04/19-18:13:14.958532 1626 [DEBUG] Syncing metadata for: /db_working_home/000292.log
2026/04/19-18:13:15.179705 1626 [DEBUG] New writable file: /db_working_home/000295.log direct: 0
2026/04/19-18:13:15.268281 1629 [DEBUG] Allocating zone(new=1) start: 0x100000000 wp: 0x100000000 lt: 5 file lt: 5
2026/04/19-18:13:15.268296 1629 [Zonestats:time(s),used_cap(MB),reclaimable_cap(MB), avg_reclaimable(%), active(#), active_zones(#), open_zones(#)] 193 1404 3459 71 5 6 4
2026/04/19-18:13:15.268305 1629 [DEBUG] Syncing metadata for: /db_working_home/000293.sst
2026/04/19-18:13:15.656455 1628 Zone Garbage Stats: [86 1 0 0 0 11 2 6 3 6 5 0 ]
2026/04/19-18:13:15.656472 1628 Total Garbage Bytes: 155586716 bytes
2026/04/19-18:13:15.794064 1629 [DEBUG] Syncing metadata for: /db_working_home/000293.sst
2026/04/19-18:13:15.794875 1629 [DEBUG] Syncing metadata for: /db_working_home/000293.sst
2026/04/19-18:13:15.795932 1629 [DEBUG] GetFileSize: /db_working_home/000293.sst 
2026/04/19-18:13:15.795993 1629 [DEBUG] New writable file: /db_working_home/000296.sst direct: 1
2026/04/19-18:13:15.802662 1629 Entering Apply Finish Threshold Function
2026/04/19-18:13:15.802675 1629 Finishing zone: Entering Finish()
2026/04/19-18:13:16.656959 1628 Zone Garbage Stats: [86 1 0 0 0 11 2 6 3 6 5 0 ]
2026/04/19-18:13:16.656980 1628 Total Garbage Bytes: 155586716 bytes
2026/04/19-18:13:16.965954 1629 [DEBUG] Allocating zone(new=1) start: 0x120000000 wp: 0x120000000 lt: 5 file lt: 5
2026/04/19-18:13:16.965979 1629 [Zonestats:time(s),used_cap(MB),reclaimable_cap(MB), avg_reclaimable(%), active(#), active_zones(#), open_zones(#)] 194 1452 3539 70 5 6 4
2026/04/19-18:13:16.965996 1629 [DEBUG] Syncing metadata for: /db_working_home/000296.sst
2026/04/19-18:13:16.980843 1630 [DEBUG] Allocating zone(new=1) start: 0x158000000 wp: 0x158000000 lt: 3 file lt: 3
2026/04/19-18:13:16.980857 1630 [Zonestats:time(s),used_cap(MB),reclaimable_cap(MB), avg_reclaimable(%), active(#), active_zones(#), open_zones(#)] 194 1452 3539 70 5 6 5
2026/04/19-18:13:16.980874 1630 [DEBUG] Syncing metadata for: /db_working_home/000294.sst
2026/04/19-18:13:17.193962 1630 [DEBUG] Syncing metadata for: /db_working_home/000294.sst
2026/04/19-18:13:17.196219 1630 [DEBUG] Syncing metadata for: /db_working_home/000294.sst
2026/04/19-18:13:17.197024 1630 [DEBUG] New random access file: /db_working_home/000294.sst direct: 1
2026/04/19-18:13:17.199190 1630 [DEBUG] GetFileSize: /db_working_home/000294.sst 
2026/04/19-18:13:17.207905 1630 [DEBUG] Syncing metadata for: /db_working_home/MANIFEST-000228
2026/04/19-18:13:17.208659 1630 [DEBUG] GetFileSize: /db_working_home/000294.sst 
2026/04/19-18:13:17.220204 1630 [DEBUG] Syncing metadata for: /db_working_home/000289.log
2026/04/19-18:13:17.220948 1630 [DEBUG] DeleteFile: ./db_working_home/000289.log 
2026/04/19-18:13:17.221750 1630 [Zonestats:time(s),used_cap(MB),reclaimable_cap(MB), avg_reclaimable(%), active(#), active_zones(#), open_zones(#)] 195 1452 3539 70 5 5 3
2026/04/19-18:13:17.222013 1630 [DEBUG] New writable file: /db_working_home/000297.sst direct: 1
2026/04/19-18:13:17.230043 1626 [DEBUG] Allocating zone(new=0) start: 0x158000000 wp: 0x158f33400 lt: 3 file lt: 2
2026/04/19-18:13:17.230052 1626 [DEBUG] Syncing metadata for: /db_working_home/000295.log
2026/04/19-18:13:17.233235 1630 Entering Apply Finish Threshold Function
2026/04/19-18:13:17.233273 1630 [DEBUG] Allocating zone(new=1) start: 0xd0000000 wp: 0xd0000000 lt: 3 file lt: 3
2026/04/19-18:13:17.233280 1630 [Zonestats:time(s),used_cap(MB),reclaimable_cap(MB), avg_reclaimable(%), active(#), active_zones(#), open_zones(#)] 195 1452 3539 70 5 6 5
2026/04/19-18:13:17.233287 1630 [DEBUG] Syncing metadata for: /db_working_home/000297.sst
2026/04/19-18:13:17.487949 1630 [DEBUG] Syncing metadata for: /db_working_home/000297.sst
2026/04/19-18:13:17.495313 1630 [DEBUG] Syncing metadata for: /db_working_home/000297.sst
2026/04/19-18:13:17.495994 1630 [DEBUG] New random access file: /db_working_home/000297.sst direct: 1
2026/04/19-18:13:17.496184 1630 [DEBUG] GetFileSize: /db_working_home/000297.sst 
2026/04/19-18:13:17.505418 1630 [DEBUG] Syncing metadata for: /db_working_home/MANIFEST-000228
2026/04/19-18:13:17.512767 1630 [DEBUG] GetFileSize: /db_working_home/000297.sst 
2026/04/19-18:13:17.526294 1630 [DEBUG] Syncing metadata for: /db_working_home/000292.log
2026/04/19-18:13:17.529068 1630 [DEBUG] DeleteFile: ./db_working_home/000292.log 
2026/04/19-18:13:17.536806 1630 [Zonestats:time(s),used_cap(MB),reclaimable_cap(MB), avg_reclaimable(%), active(#), active_zones(#), open_zones(#)] 195 1461 3530 70 5 5 3
2026/04/19-18:13:17.657160 1626 [DEBUG] New writable file: /db_working_home/000298.log direct: 0
2026/04/19-18:13:17.657184 1628 Zone Garbage Stats: [85 2 0 0 0 11 2 7 3 7 5 0 ]
2026/04/19-18:13:17.657302 1628 Total Garbage Bytes: 155587332 bytes
2026/04/19-18:13:17.662910 1630 [DEBUG] New writable file: /db_working_home/000299.sst direct: 1
2026/04/19-18:13:17.667355 1630 Entering Apply Finish Threshold Function
2026/04/19-18:13:17.667368 1630 Finishing zone: Entering Finish()
2026/04/19-18:13:17.668620 1626 [DEBUG] Allocating zone(new=1) start: 0x60000000 wp: 0x60000000 lt: 2 file lt: 2
2026/04/19-18:13:17.668628 1626 [DEBUG] Syncing metadata for: /db_working_home/000298.log
2026/04/19-18:13:17.853146 1629 [DEBUG] Syncing metadata for: /db_working_home/000296.sst
2026/04/19-18:13:17.853729 1629 [DEBUG] Syncing metadata for: /db_working_home/000296.sst
2026/04/19-18:13:17.854790 1629 [DEBUG] GetFileSize: /db_working_home/000296.sst 
2026/04/19-18:13:17.855952 1629 [DEBUG] New random access file: /db_working_home/000293.sst direct: 1
2026/04/19-18:13:17.856196 1629 [DEBUG] GetFileSize: /db_working_home/000293.sst 
2026/04/19-18:13:17.856376 1629 [DEBUG] New random access file: /db_working_home/000296.sst direct: 1
2026/04/19-18:13:17.856828 1629 [DEBUG] GetFileSize: /db_working_home/000296.sst 
2026/04/19-18:13:17.857707 1629 [DEBUG] Syncing metadata for: /db_working_home/MANIFEST-000228
2026/04/19-18:13:17.881300 1629 [DEBUG] New writable file: /db_working_home/000300.sst direct: 1
2026/04/19-18:13:17.886276 1629 Entering Apply Finish Threshold Function
2026/04/19-18:13:17.886289 1629 Finishing zone: Entering Finish()
2026/04/19-18:13:17.963217 1626 [DEBUG] New writable file: /db_working_home/000301.log direct: 0
2026/04/19-18:13:18.657512 1628 Zone Garbage Stats: [84 1 0 0 0 11 2 7 3 7 5 0 ]
2026/04/19-18:13:18.657530 1628 Total Garbage Bytes: 155587167 bytes
2026/04/19-18:13:19.023979 1629 [DEBUG] Allocating zone(new=1) start: 0x160000000 wp: 0x160000000 lt: 3 file lt: 3
2026/04/19-18:13:19.024063 1629 [Zonestats:time(s),used_cap(MB),reclaimable_cap(MB), avg_reclaimable(%), active(#), active_zones(#), open_zones(#)] 197 1534 3713 70 5 6 4
2026/04/19-18:13:19.024090 1629 [DEBUG] Syncing metadata for: /db_working_home/000300.sst
2026/04/19-18:13:19.528770 1629 [DEBUG] Syncing metadata for: /db_working_home/000300.sst
2026/04/19-18:13:19.529355 1629 [DEBUG] Syncing metadata for: /db_working_home/000300.sst
2026/04/19-18:13:19.530321 1629 [DEBUG] GetFileSize: /db_working_home/000300.sst 
2026/04/19-18:13:19.530371 1629 [DEBUG] New writable file: /db_working_home/000302.sst direct: 1
2026/04/19-18:13:19.545663 1629 Entering Apply Finish Threshold Function
2026/04/19-18:13:19.545677 1629 Finishing zone: Entering Finish()
2026/04/19-18:13:19.657742 1628 Zone Garbage Stats: [83 1 0 0 0 11 3 7 3 7 5 0 ]
2026/04/19-18:13:19.657756 1628 Total Garbage Bytes: 155587478 bytes
2026/04/19-18:13:19.719828 1630 [DEBUG] Allocating zone(new=1) start: 0x168000000 wp: 0x168000000 lt: 3 file lt: 3
2026/04/19-18:13:19.719842 1630 [Zonestats:time(s),used_cap(MB),reclaimable_cap(MB), avg_reclaimable(%), active(#), active_zones(#), open_zones(#)] 197 1576 3799 70 5 6 4
2026/04/19-18:13:19.719852 1630 [DEBUG] Syncing metadata for: /db_working_home/000299.sst
2026/04/19-18:13:19.870037 1630 [DEBUG] Syncing metadata for: /db_working_home/000299.sst
2026/04/19-18:13:19.870851 1630 [DEBUG] Syncing metadata for: /db_working_home/000299.sst
2026/04/19-18:13:19.871849 1630 [DEBUG] New random access file: /db_working_home/000299.sst direct: 1
2026/04/19-18:13:19.872293 1630 [DEBUG] GetFileSize: /db_working_home/000299.sst 
2026/04/19-18:13:19.875219 1630 [DEBUG] Syncing metadata for: /db_working_home/MANIFEST-000228
2026/04/19-18:13:19.875919 1630 [DEBUG] GetFileSize: /db_working_home/000299.sst 
2026/04/19-18:13:19.880313 1630 [DEBUG] Syncing metadata for: /db_working_home/000295.log
2026/04/19-18:13:19.881061 1630 [DEBUG] DeleteFile: ./db_working_home/000240.sst 
2026/04/19-18:13:19.881900 1630 [Zonestats:time(s),used_cap(MB),reclaimable_cap(MB), avg_reclaimable(%), active(#), active_zones(#), open_zones(#)] 197 1553 3822 71 6 6 2
2026/04/19-18:13:19.881975 1630 [DEBUG] DeleteFile: ./db_working_home/000281.sst 
2026/04/19-18:13:19.882630 1630 [Zonestats:time(s),used_cap(MB),reclaimable_cap(MB), avg_reclaimable(%), active(#), active_zones(#), open_zones(#)] 197 1488 3759 71 6 6 2
2026/04/19-18:13:19.882665 1630 [DEBUG] DeleteFile: ./db_working_home/000295.log 
2026/04/19-18:13:19.883443 1630 [Zonestats:time(s),used_cap(MB),reclaimable_cap(MB), avg_reclaimable(%), active(#), active_zones(#), open_zones(#)] 197 1472 3775 71 6 6 2
2026/04/19-18:13:19.883609 1630 [DEBUG] New writable file: /db_working_home/000303.sst direct: 1
2026/04/19-18:13:19.888257 1630 Entering Apply Finish Threshold Function
2026/04/19-18:13:19.888269 1630 Finishing zone: Entering Finish()
2026/04/19-18:13:19.893054 1626 [DEBUG] Allocating zone(new=0) start: 0x168000000 wp: 0x168f34a00 lt: 3 file lt: 2
2026/04/19-18:13:19.893060 1626 [DEBUG] Syncing metadata for: /db_working_home/000301.log
2026/04/19-18:13:20.087505 1626 [DEBUG] New writable file: /db_working_home/000304.log direct: 0
2026/04/19-18:13:20.657957 1628 Zone Garbage Stats: [84 1 0 0 0 10 3 7 2 8 5 0 ]
2026/04/19-18:13:20.657969 1628 Total Garbage Bytes: 155586945 bytes
2026/04/19-18:13:20.967607 1629 [DEBUG] Allocating zone(new=1) start: 0xf0000000 wp: 0xf0000000 lt: 3 file lt: 3
2026/04/19-18:13:20.967621 1629 [Zonestats:time(s),used_cap(MB),reclaimable_cap(MB), avg_reclaimable(%), active(#), active_zones(#), open_zones(#)] 198 1487 3760 71 5 6 4
2026/04/19-18:13:20.967630 1629 [DEBUG] Syncing metadata for: /db_working_home/000302.sst
2026/04/19-18:13:21.569477 1629 [DEBUG] Syncing metadata for: /db_working_home/000302.sst
2026/04/19-18:13:21.570277 1629 [DEBUG] Syncing metadata for: /db_working_home/000302.sst
2026/04/19-18:13:21.571334 1629 [DEBUG] GetFileSize: /db_working_home/000302.sst 
2026/04/19-18:13:21.571368 1629 [DEBUG] New writable file: /db_working_home/000305.sst direct: 1
2026/04/19-18:13:21.574974 1629 Entering Apply Finish Threshold Function
2026/04/19-18:13:21.574986 1629 Finishing zone: Entering Finish()
2026/04/19-18:13:21.658158 1628 Zone Garbage Stats: [83 1 0 0 0 10 3 8 2 8 5 0 ]
2026/04/19-18:13:21.658171 1628 Total Garbage Bytes: 155587089 bytes
2026/04/19-18:13:21.686164 1630 [DEBUG] Allocating zone(new=1) start: 0xf8000000 wp: 0xf8000000 lt: 3 file lt: 3
2026/04/19-18:13:21.686179 1630 [Zonestats:time(s),used_cap(MB),reclaimable_cap(MB), avg_reclaimable(%), active(#), active_zones(#), open_zones(#)] 199 1540 3835 71 5 6 4
2026/04/19-18:13:21.686188 1630 [DEBUG] Syncing metadata for: /db_working_home/000303.sst
2026/04/19-18:13:21.836841 1630 [DEBUG] Syncing metadata for: /db_working_home/000303.sst
2026/04/19-18:13:21.837653 1630 [DEBUG] Syncing metadata for: /db_working_home/000303.sst
2026/04/19-18:13:21.838640 1630 [DEBUG] New random access file: /db_working_home/000303.sst direct: 1
2026/04/19-18:13:21.839094 1630 [DEBUG] GetFileSize: /db_working_home/000303.sst 
2026/04/19-18:13:21.841538 1630 [DEBUG] Syncing metadata for: /db_working_home/MANIFEST-000228
2026/04/19-18:13:21.842191 1630 [DEBUG] GetFileSize: /db_working_home/000303.sst 
2026/04/19-18:13:21.846672 1630 [DEBUG] Syncing metadata for: /db_working_home/000298.log
2026/04/19-18:13:21.847593 1630 [DEBUG] DeleteFile: ./db_working_home/000298.log 
2026/04/19-18:13:21.848498 1630 [Zonestats:time(s),used_cap(MB),reclaimable_cap(MB), avg_reclaimable(%), active(#), active_zones(#), open_zones(#)] 199 1540 3835 71 5 5 2
2026/04/19-18:13:21.848652 1630 [DEBUG] New writable file: /db_working_home/000306.sst direct: 1
2026/04/19-18:13:21.851884 1630 Entering Apply Finish Threshold Function
2026/04/19-18:13:21.851894 1630 Finishing zone: Entering Finish()
2026/04/19-18:13:21.858667 1626 [DEBUG] Allocating zone(new=1) start: 0x60000000 wp: 0x60000000 lt: 2 file lt: 2
2026/04/19-18:13:21.858679 1626 [DEBUG] Syncing metadata for: /db_working_home/000304.log
2026/04/19-18:13:22.062263 1626 [DEBUG] New writable file: /db_working_home/000307.log direct: 0
2026/04/19-18:13:22.658353 1628 Zone Garbage Stats: [82 1 0 0 0 10 3 8 2 9 5 0 ]
2026/04/19-18:13:22.658418 1628 Total Garbage Bytes: 171886079 bytes
2026/04/19-18:13:22.860250 1629 [DEBUG] Allocating zone(new=1) start: 0x170000000 wp: 0x170000000 lt: 3 file lt: 3
2026/04/19-18:13:22.860264 1629 [Zonestats:time(s),used_cap(MB),reclaimable_cap(MB), avg_reclaimable(%), active(#), active_zones(#), open_zones(#)] 200 1555 3948 71 5 6 4
2026/04/19-18:13:22.860273 1629 [DEBUG] Syncing metadata for: /db_working_home/000305.sst
2026/04/19-18:13:22.946027 1629 [DEBUG] Syncing metadata for: /db_working_home/000305.sst
2026/04/19-18:13:22.946810 1629 [DEBUG] Syncing metadata for: /db_working_home/000305.sst
2026/04/19-18:13:22.947867 1629 [DEBUG] GetFileSize: /db_working_home/000305.sst 
2026/04/19-18:13:22.949280 1629 [DEBUG] New random access file: /db_working_home/000300.sst direct: 1
2026/04/19-18:13:22.949802 1629 [DEBUG] GetFileSize: /db_working_home/000300.sst 
2026/04/19-18:13:22.949991 1629 [DEBUG] New random access file: /db_working_home/000302.sst direct: 1
2026/04/19-18:13:22.950436 1629 [DEBUG] GetFileSize: /db_working_home/000302.sst 
2026/04/19-18:13:22.950569 1629 [DEBUG] New random access file: /db_working_home/000305.sst direct: 1
2026/04/19-18:13:22.950996 1629 [DEBUG] GetFileSize: /db_working_home/000305.sst 
2026/04/19-18:13:22.951943 1629 [DEBUG] Syncing metadata for: /db_working_home/MANIFEST-000228
2026/04/19-18:13:22.953370 1629 [DEBUG] Syncing metadata for: /db_working_home/MANIFEST-000228
2026/04/19-18:13:22.954769 1629 [DEBUG] Syncing metadata for: /db_working_home/MANIFEST-000228
2026/04/19-18:13:22.961975 1629 [DEBUG] New writable file: /db_working_home/000308.sst direct: 1
2026/04/19-18:13:22.965076 1629 Entering Apply Finish Threshold Function
2026/04/19-18:13:22.965103 1629 [DEBUG] Allocating zone(new=1) start: 0x178000000 wp: 0x178000000 lt: 5 file lt: 5
2026/04/19-18:13:22.965110 1629 [Zonestats:time(s),used_cap(MB),reclaimable_cap(MB), avg_reclaimable(%), active(#), active_zones(#), open_zones(#)] 200 1563 4068 72 6 7 4
2026/04/19-18:13:22.965117 1629 [DEBUG] Syncing metadata for: /db_working_home/000308.sst
2026/04/19-18:13:23.652524 1629 [DEBUG] Syncing metadata for: /db_working_home/000308.sst
2026/04/19-18:13:23.653304 1629 [DEBUG] Syncing metadata for: /db_working_home/000308.sst
2026/04/19-18:13:23.654373 1629 [DEBUG] GetFileSize: /db_working_home/000308.sst 
2026/04/19-18:13:23.654410 1629 [DEBUG] New writable file: /db_working_home/000309.sst direct: 1
2026/04/19-18:13:23.657445 1629 Entering Apply Finish Threshold Function
2026/04/19-18:13:23.657457 1629 Finishing zone: Entering Finish()
2026/04/19-18:13:23.658529 1628 Zone Garbage Stats: [80 2 0 0 0 10 4 8 2 9 5 0 ]
2026/04/19-18:13:23.658538 1628 Total Garbage Bytes: 171886671 bytes
2026/04/19-18:13:24.002404 1630 [DEBUG] Allocating zone(new=1) start: 0x180000000 wp: 0x180000000 lt: 3 file lt: 3
2026/04/19-18:13:24.002418 1630 [Zonestats:time(s),used_cap(MB),reclaimable_cap(MB), avg_reclaimable(%), active(#), active_zones(#), open_zones(#)] 202 1625 4134 71 6 7 4
2026/04/19-18:13:24.002428 1630 [DEBUG] Syncing metadata for: /db_working_home/000306.sst
2026/04/19-18:13:24.149284 1630 [DEBUG] Syncing metadata for: /db_working_home/000306.sst
2026/04/19-18:13:24.150085 1630 [DEBUG] Syncing metadata for: /db_working_home/000306.sst
2026/04/19-18:13:24.151069 1630 [DEBUG] New random access file: /db_working_home/000306.sst direct: 1
2026/04/19-18:13:24.151525 1630 [DEBUG] GetFileSize: /db_working_home/000306.sst 
2026/04/19-18:13:24.153953 1630 [DEBUG] Syncing metadata for: /db_working_home/MANIFEST-000228
2026/04/19-18:13:24.154611 1630 [DEBUG] GetFileSize: /db_working_home/000306.sst 
2026/04/19-18:13:24.159090 1630 [DEBUG] Syncing metadata for: /db_working_home/000301.log
2026/04/19-18:13:24.160078 1630 [DEBUG] DeleteFile: ./db_working_home/000288.sst 
2026/04/19-18:13:24.160924 1630 [Zonestats:time(s),used_cap(MB),reclaimable_cap(MB), avg_reclaimable(%), active(#), active_zones(#), open_zones(#)] 202 1625 4134 71 7 7 2
2026/04/19-18:13:24.160968 1630 [DEBUG] DeleteFile: ./db_working_home/000290.sst 
2026/04/19-18:13:24.161797 1630 [Zonestats:time(s),used_cap(MB),reclaimable_cap(MB), avg_reclaimable(%), active(#), active_zones(#), open_zones(#)] 202 1580 4051 71 7 7 2
2026/04/19-18:13:24.161833 1630 [DEBUG] DeleteFile: ./db_working_home/000291.sst 
2026/04/19-18:13:24.162695 1630 [Zonestats:time(s),used_cap(MB),reclaimable_cap(MB), avg_reclaimable(%), active(#), active_zones(#), open_zones(#)] 202 1565 3938 71 7 7 2
2026/04/19-18:13:24.162729 1630 [DEBUG] DeleteFile: ./db_working_home/000294.sst 
2026/04/19-18:13:24.163584 1630 [Zonestats:time(s),used_cap(MB),reclaimable_cap(MB), avg_reclaimable(%), active(#), active_zones(#), open_zones(#)] 202 1550 3825 71 7 7 2
2026/04/19-18:13:24.163617 1630 [DEBUG] DeleteFile: ./db_working_home/000297.sst 
2026/04/19-18:13:24.164483 1630 [Zonestats:time(s),used_cap(MB),reclaimable_cap(MB), avg_reclaimable(%), active(#), active_zones(#), open_zones(#)] 202 1534 3713 70 7 7 2
2026/04/19-18:13:24.164514 1630 [DEBUG] DeleteFile: ./db_working_home/000301.log 
2026/04/19-18:13:24.165302 1630 [Zonestats:time(s),used_cap(MB),reclaimable_cap(MB), avg_reclaimable(%), active(#), active_zones(#), open_zones(#)] 202 1519 3728 71 7 7 2
2026/04/19-18:13:24.165466 1630 [DEBUG] New writable file: /db_working_home/000310.sst direct: 1
2026/04/19-18:13:24.168500 1630 Entering Apply Finish Threshold Function
2026/04/19-18:13:24.168512 1630 Finishing zone: Entering Finish()
2026/04/19-18:13:24.176041 1626 [DEBUG] Allocating zone(new=0) start: 0x180000000 wp: 0x180f36400 lt: 3 file lt: 2
2026/04/19-18:13:24.176052 1626 [DEBUG] Syncing metadata for: /db_working_home/000307.log
2026/04/19-18:13:24.375387 1626 [DEBUG] New writable file: /db_working_home/000311.log direct: 0
2026/04/19-18:13:24.658725 1628 Zone Garbage Stats: [84 2 0 0 0 10 4 7 2 6 5 0 ]
2026/04/19-18:13:24.658738 1628 Total Garbage Bytes: 155586661 bytes
2026/04/19-18:13:24.796885 1629 [DEBUG] Allocating zone(new=1) start: 0xd0000000 wp: 0xd0000000 lt: 5 file lt: 5
2026/04/19-18:13:24.796899 1629 [Zonestats:time(s),used_cap(MB),reclaimable_cap(MB), avg_reclaimable(%), active(#), active_zones(#), open_zones(#)] 202 1534 3713 70 6 7 4
2026/04/19-18:13:24.796907 1629 [DEBUG] Syncing metadata for: /db_working_home/000309.sst
2026/04/19-18:13:25.478572 1629 [DEBUG] Syncing metadata for: /db_working_home/000309.sst
2026/04/19-18:13:25.479128 1629 [DEBUG] Syncing metadata for: /db_working_home/000309.sst
2026/04/19-18:13:25.480185 1629 [DEBUG] GetFileSize: /db_working_home/000309.sst 
2026/04/19-18:13:25.481462 1629 [DEBUG] New random access file: /db_working_home/000308.sst direct: 1
2026/04/19-18:13:25.482143 1629 [DEBUG] GetFileSize: /db_working_home/000308.sst 
2026/04/19-18:13:25.482320 1629 [DEBUG] New random access file: /db_working_home/000309.sst direct: 1
2026/04/19-18:13:25.482770 1629 [DEBUG] GetFileSize: /db_working_home/000309.sst 
2026/04/19-18:13:25.483636 1629 [DEBUG] Syncing metadata for: /db_working_home/MANIFEST-000228
2026/04/19-18:13:25.493044 1629 [DEBUG] New writable file: /db_working_home/000312.sst direct: 1
2026/04/19-18:13:25.496683 1629 Entering Apply Finish Threshold Function
2026/04/19-18:13:25.496694 1629 Finishing zone: Entering Finish()
2026/04/19-18:13:25.658925 1628 Zone Garbage Stats: [83 2 0 0 0 10 5 7 2 6 5 0 ]
2026/04/19-18:13:25.658938 1628 Total Garbage Bytes: 155587090 bytes
2026/04/19-18:13:26.049017 1630 [DEBUG] Allocating zone(new=1) start: 0x108000000 wp: 0x108000000 lt: 3 file lt: 3
2026/04/19-18:13:26.049032 1630 [Zonestats:time(s),used_cap(MB),reclaimable_cap(MB), avg_reclaimable(%), active(#), active_zones(#), open_zones(#)] 204 1595 3780 70 6 7 4
2026/04/19-18:13:26.049041 1630 [DEBUG] Syncing metadata for: /db_working_home/000310.sst
2026/04/19-18:13:26.198716 1630 [DEBUG] Syncing metadata for: /db_working_home/000310.sst
2026/04/19-18:13:26.199295 1630 [DEBUG] Syncing metadata for: /db_working_home/000310.sst
2026/04/19-18:13:26.200300 1630 [DEBUG] New random access file: /db_working_home/000310.sst direct: 1
2026/04/19-18:13:26.200483 1630 [DEBUG] GetFileSize: /db_working_home/000310.sst 
2026/04/19-18:13:26.203097 1630 [DEBUG] Syncing metadata for: /db_working_home/MANIFEST-000228
2026/04/19-18:13:26.203754 1630 [DEBUG] GetFileSize: /db_working_home/000310.sst 
2026/04/19-18:13:26.208248 1630 [DEBUG] Syncing metadata for: /db_working_home/000304.log
2026/04/19-18:13:26.209181 1630 [DEBUG] DeleteFile: ./db_working_home/000286.sst 
2026/04/19-18:13:26.210060 1630 [Zonestats:time(s),used_cap(MB),reclaimable_cap(MB), avg_reclaimable(%), active(#), active_zones(#), open_zones(#)] 204 1537 3838 71 7 7 2
2026/04/19-18:13:26.210109 1630 [DEBUG] DeleteFile: ./db_working_home/000304.log 
2026/04/19-18:13:26.210932 1630 [Zonestats:time(s),used_cap(MB),reclaimable_cap(MB), avg_reclaimable(%), active(#), active_zones(#), open_zones(#)] 204 1522 3725 70 6 6 2
2026/04/19-18:13:26.211125 1630 [DEBUG] New writable file: /db_working_home/000313.sst direct: 1
2026/04/19-18:13:26.214283 1630 Entering Apply Finish Threshold Function
2026/04/19-18:13:26.214294 1630 Finishing zone: Entering Finish()
2026/04/19-18:13:26.219568 1626 [DEBUG] Allocating zone(new=0) start: 0x170000000 wp: 0x1707d6e00 lt: 3 file lt: 2
2026/04/19-18:13:26.219580 1626 [DEBUG] Syncing metadata for: /db_working_home/000311.log
2026/04/19-18:13:26.426316 1626 [DEBUG] New writable file: /db_working_home/000314.log direct: 0
2026/04/19-18:13:26.651296 1629 [DEBUG] Allocating zone(new=1) start: 0x60000000 wp: 0x60000000 lt: 3 file lt: 3
2026/04/19-18:13:26.651311 1629 [Zonestats:time(s),used_cap(MB),reclaimable_cap(MB), avg_reclaimable(%), active(#), active_zones(#), open_zones(#)] 204 1537 3710 70 5 6 4
2026/04/19-18:13:26.651322 1629 [DEBUG] Syncing metadata for: /db_working_home/000312.sst
2026/04/19-18:13:26.659118 1628 Zone Garbage Stats: [83 1 0 0 0 9 6 7 2 7 5 0 ]
2026/04/19-18:13:26.659131 1628 Total Garbage Bytes: 171885234 bytes
2026/04/19-18:13:27.124259 1629 [DEBUG] Syncing metadata for: /db_working_home/000312.sst
2026/04/19-18:13:27.124833 1629 [DEBUG] Syncing metadata for: /db_working_home/000312.sst
2026/04/19-18:13:27.125897 1629 [DEBUG] GetFileSize: /db_working_home/000312.sst 
2026/04/19-18:13:27.125951 1629 [DEBUG] New writable file: /db_working_home/000315.sst direct: 1
2026/04/19-18:13:27.129379 1629 Entering Apply Finish Threshold Function
2026/04/19-18:13:27.129389 1629 Finishing zone: Entering Finish()
2026/04/19-18:13:27.659312 1628 Zone Garbage Stats: [83 1 0 0 0 9 6 7 2 7 5 0 ]
2026/04/19-18:13:27.659399 1628 Total Garbage Bytes: 171885234 bytes
2026/04/19-18:13:28.182693 1630 [DEBUG] Allocating zone(new=1) start: 0x110000000 wp: 0x110000000 lt: 3 file lt: 3
2026/04/19-18:13:28.182708 1630 [Zonestats:time(s),used_cap(MB),reclaimable_cap(MB), avg_reclaimable(%), active(#), active_zones(#), open_zones(#)] 206 1578 3797 70 5 6 4
2026/04/19-18:13:28.182716 1630 [DEBUG] Syncing metadata for: /db_working_home/000313.sst
2026/04/19-18:13:28.332569 1630 [DEBUG] Syncing metadata for: /db_working_home/000313.sst
2026/04/19-18:13:28.333145 1630 [DEBUG] Syncing metadata for: /db_working_home/000313.sst
2026/04/19-18:13:28.333961 1630 [DEBUG] New random access file: /db_working_home/000313.sst direct: 1
2026/04/19-18:13:28.334186 1630 [DEBUG] GetFileSize: /db_working_home/000313.sst 
2026/04/19-18:13:28.336737 1630 [DEBUG] Syncing metadata for: /db_working_home/MANIFEST-000228
2026/04/19-18:13:28.337399 1630 [DEBUG] GetFileSize: /db_working_home/000313.sst 
2026/04/19-18:13:28.341874 1630 [DEBUG] Syncing metadata for: /db_working_home/000307.log
2026/04/19-18:13:28.342795 1630 [DEBUG] DeleteFile: ./db_working_home/000307.log 
2026/04/19-18:13:28.343594 1630 [Zonestats:time(s),used_cap(MB),reclaimable_cap(MB), avg_reclaimable(%), active(#), active_zones(#), open_zones(#)] 206 1579 3924 71 6 6 2
2026/04/19-18:13:28.343748 1630 [DEBUG] New writable file: /db_working_home/000316.sst direct: 1
2026/04/19-18:13:28.346996 1630 Entering Apply Finish Threshold Function
2026/04/19-18:13:28.347007 1630 Finishing zone: Entering Finish()
2026/04/19-18:13:28.353720 1626 [DEBUG] Allocating zone(new=0) start: 0x180000000 wp: 0x181ec0e00 lt: 3 file lt: 2
2026/04/19-18:13:28.353731 1626 [DEBUG] Syncing metadata for: /db_working_home/000314.log
2026/04/19-18:13:28.546390 1626 [DEBUG] New writable file: /db_working_home/000317.log direct: 0
2026/04/19-18:13:28.565334 1629 [DEBUG] Allocating zone(new=1) start: 0x118000000 wp: 0x118000000 lt: 3 file lt: 3
2026/04/19-18:13:28.565349 1629 [Zonestats:time(s),used_cap(MB),reclaimable_cap(MB), avg_reclaimable(%), active(#), active_zones(#), open_zones(#)] 206 1594 3909 71 5 6 4
2026/04/19-18:13:28.565357 1629 [DEBUG] Syncing metadata for: /db_working_home/000315.sst
2026/04/19-18:13:28.604615 1629 [DEBUG] Syncing metadata for: /db_working_home/000315.sst
2026/04/19-18:13:28.605189 1629 [DEBUG] Syncing metadata for: /db_working_home/000315.sst
2026/04/19-18:13:28.606259 1629 [DEBUG] GetFileSize: /db_working_home/000315.sst 
2026/04/19-18:13:28.607635 1629 [DEBUG] New random access file: /db_working_home/000312.sst direct: 1
2026/04/19-18:13:28.608222 1629 [DEBUG] GetFileSize: /db_working_home/000312.sst 
2026/04/19-18:13:28.608390 1629 [DEBUG] New random access file: /db_working_home/000315.sst direct: 1
2026/04/19-18:13:28.608788 1629 [DEBUG] GetFileSize: /db_working_home/000315.sst 
2026/04/19-18:13:28.609707 1629 [DEBUG] Syncing metadata for: /db_working_home/MANIFEST-000228
2026/04/19-18:13:28.611111 1629 [DEBUG] Syncing metadata for: /db_working_home/MANIFEST-000228
2026/04/19-18:13:28.618327 1629 [DEBUG] New writable file: /db_working_home/000318.sst direct: 1
2026/04/19-18:13:28.621496 1629 Entering Apply Finish Threshold Function
2026/04/19-18:13:28.621524 1629 [DEBUG] Allocating zone(new=1) start: 0x140000000 wp: 0x140000000 lt: 5 file lt: 5
2026/04/19-18:13:28.621531 1629 [Zonestats:time(s),used_cap(MB),reclaimable_cap(MB), avg_reclaimable(%), active(#), active_zones(#), open_zones(#)] 206 1597 4034 71 6 7 4
2026/04/19-18:13:28.621538 1629 [DEBUG] Syncing metadata for: /db_working_home/000318.sst
2026/04/19-18:13:28.659513 1628 Zone Garbage Stats: [80 2 0 0 0 9 6 8 2 8 5 0 ]
2026/04/19-18:13:28.659526 1628 Total Garbage Bytes: 171885344 bytes
2026/04/19-18:13:29.659643 1628 Zone Garbage Stats: [80 2 0 0 0 9 6 8 2 8 5 0 ]
2026/04/19-18:13:29.659659 1628 Total Garbage Bytes: 171885344 bytes
2026/04/19-18:13:29.782616 1629 [DEBUG] Syncing metadata for: /db_working_home/000318.sst
2026/04/19-18:13:29.783204 1629 [DEBUG] Syncing metadata for: /db_working_home/000318.sst
2026/04/19-18:13:29.784263 1629 [DEBUG] GetFileSize: /db_working_home/000318.sst 
2026/04/19-18:13:29.785424 1629 [DEBUG] New random access file: /db_working_home/000318.sst direct: 1
2026/04/19-18:13:29.785729 1629 [DEBUG] GetFileSize: /db_working_home/000318.sst 
2026/04/19-18:13:29.786645 1629 [DEBUG] Syncing metadata for: /db_working_home/MANIFEST-000228
2026/04/19-18:13:29.793275 1629 [DEBUG] New writable file: /db_working_home/000319.sst direct: 1
2026/04/19-18:13:29.796310 1629 Entering Apply Finish Threshold Function
2026/04/19-18:13:29.796322 1629 Finishing zone: Entering Finish()
2026/04/19-18:13:30.129185 1629 [DEBUG] Allocating zone(new=1) start: 0x158000000 wp: 0x158000000 lt: 5 file lt: 5
2026/04/19-18:13:30.129219 1629 [Zonestats:time(s),used_cap(MB),reclaimable_cap(MB), avg_reclaimable(%), active(#), active_zones(#), open_zones(#)] 208 1702 4057 70 6 7 4
2026/04/19-18:13:30.129228 1629 [DEBUG] Syncing metadata for: /db_working_home/000319.sst
2026/04/19-18:13:30.659853 1628 Zone Garbage Stats: [79 2 1 0 0 9 6 8 2 8 5 0 ]
2026/04/19-18:13:30.659869 1628 Total Garbage Bytes: 171885511 bytes
2026/04/19-18:13:30.833315 1629 [DEBUG] Syncing metadata for: /db_working_home/000319.sst
2026/04/19-18:13:30.833874 1629 [DEBUG] Syncing metadata for: /db_working_home/000319.sst
2026/04/19-18:13:30.834929 1629 [DEBUG] GetFileSize: /db_working_home/000319.sst 
2026/04/19-18:13:30.834962 1629 [DEBUG] New writable file: /db_working_home/000320.sst direct: 1
2026/04/19-18:13:30.841006 1629 Entering Apply Finish Threshold Function
2026/04/19-18:13:30.841020 1629 Finishing zone: Entering Finish()
2026/04/19-18:13:31.133119 1630 [DEBUG] Allocating zone(new=1) start: 0x188000000 wp: 0x188000000 lt: 3 file lt: 3
2026/04/19-18:13:31.133134 1630 [Zonestats:time(s),used_cap(MB),reclaimable_cap(MB), avg_reclaimable(%), active(#), active_zones(#), open_zones(#)] 209 1766 4121 69 6 7 4
2026/04/19-18:13:31.133144 1630 [DEBUG] Syncing metadata for: /db_working_home/000316.sst
2026/04/19-18:13:31.282963 1630 [DEBUG] Syncing metadata for: /db_working_home/000316.sst
2026/04/19-18:13:31.283542 1630 [DEBUG] Syncing metadata for: /db_working_home/000316.sst
2026/04/19-18:13:31.284335 1630 [DEBUG] New random access file: /db_working_home/000316.sst direct: 1
2026/04/19-18:13:31.284585 1630 [DEBUG] GetFileSize: /db_working_home/000316.sst 
2026/04/19-18:13:31.287125 1630 [DEBUG] Syncing metadata for: /db_working_home/MANIFEST-000228
2026/04/19-18:13:31.287781 1630 [DEBUG] GetFileSize: /db_working_home/000316.sst 
2026/04/19-18:13:31.292278 1630 [DEBUG] Syncing metadata for: /db_working_home/000311.log
2026/04/19-18:13:31.293252 1630 [DEBUG] DeleteFile: ./db_working_home/000299.sst 
2026/04/19-18:13:31.294091 1630 [Zonestats:time(s),used_cap(MB),reclaimable_cap(MB), avg_reclaimable(%), active(#), active_zones(#), open_zones(#)] 209 1767 4120 69 7 7 2
2026/04/19-18:13:31.294134 1630 [DEBUG] DeleteFile: ./db_working_home/000303.sst 
2026/04/19-18:13:31.294965 1630 [Zonestats:time(s),used_cap(MB),reclaimable_cap(MB), avg_reclaimable(%), active(#), active_zones(#), open_zones(#)] 209 1751 4008 69 7 7 2
2026/04/19-18:13:31.295001 1630 [DEBUG] DeleteFile: ./db_working_home/000306.sst 
2026/04/19-18:13:31.295778 1630 [Zonestats:time(s),used_cap(MB),reclaimable_cap(MB), avg_reclaimable(%), active(#), active_zones(#), open_zones(#)] 209 1736 4023 69 7 7 2
2026/04/19-18:13:31.295812 1630 [DEBUG] DeleteFile: ./db_working_home/000308.sst 
2026/04/19-18:13:31.296774 1630 [Zonestats:time(s),used_cap(MB),reclaimable_cap(MB), avg_reclaimable(%), active(#), active_zones(#), open_zones(#)] 209 1674 3957 70 7 7 2
2026/04/19-18:13:31.296805 1630 [DEBUG] DeleteFile: ./db_working_home/000311.log 
2026/04/19-18:13:31.297578 1630 [Zonestats:time(s),used_cap(MB),reclaimable_cap(MB), avg_reclaimable(%), active(#), active_zones(#), open_zones(#)] 209 1659 3972 70 7 7 2
2026/04/19-18:13:31.297756 1630 [DEBUG] New writable file: /db_working_home/000321.sst direct: 1
2026/04/19-18:13:31.300836 1630 Entering Apply Finish Threshold Function
2026/04/19-18:13:31.300847 1630 Finishing zone: Entering Finish()
2026/04/19-18:13:31.306514 1626 [DEBUG] Allocating zone(new=0) start: 0x188000000 wp: 0x188f39e00 lt: 3 file lt: 2
2026/04/19-18:13:31.306526 1626 [DEBUG] Syncing metadata for: /db_working_home/000317.log
2026/04/19-18:13:31.501831 1626 [DEBUG] New writable file: /db_working_home/000322.log direct: 0
2026/04/19-18:13:31.660050 1628 Zone Garbage Stats: [81 2 1 0 0 9 5 8 2 7 5 0 ]
2026/04/19-18:13:31.660062 1628 Total Garbage Bytes: 155586651 bytes
2026/04/19-18:13:31.952049 1629 [DEBUG] Allocating zone(new=1) start: 0xf8000000 wp: 0xf8000000 lt: 5 file lt: 5
2026/04/19-18:13:31.952063 1629 [Zonestats:time(s),used_cap(MB),reclaimable_cap(MB), avg_reclaimable(%), active(#), active_zones(#), open_zones(#)] 209 1674 3957 70 6 7 4
2026/04/19-18:13:31.952071 1629 [DEBUG] Syncing metadata for: /db_working_home/000320.sst
2026/04/19-18:13:32.655079 1629 [DEBUG] Syncing metadata for: /db_working_home/000320.sst
2026/04/19-18:13:32.655637 1629 [DEBUG] Syncing metadata for: /db_working_home/000320.sst
2026/04/19-18:13:32.656690 1629 [DEBUG] GetFileSize: /db_working_home/000320.sst 
2026/04/19-18:13:32.656725 1629 [DEBUG] New writable file: /db_working_home/000323.sst direct: 1
2026/04/19-18:13:32.660263 1628 Zone Garbage Stats: [80 3 1 0 0 10 5 8 2 7 5 0 ]
2026/04/19-18:13:32.660331 1628 Total Garbage Bytes: 155587252 bytes
2026/04/19-18:13:32.663125 1629 Entering Apply Finish Threshold Function
2026/04/19-18:13:32.663137 1629 Finishing zone: Entering Finish()
2026/04/19-18:13:33.312723 1630 [DEBUG] Allocating zone(new=1) start: 0x168000000 wp: 0x168000000 lt: 3 file lt: 3
2026/04/19-18:13:33.312738 1630 [Zonestats:time(s),used_cap(MB),reclaimable_cap(MB), avg_reclaimable(%), active(#), active_zones(#), open_zones(#)] 211 1738 4021 69 6 7 4
2026/04/19-18:13:33.312748 1630 [DEBUG] Syncing metadata for: /db_working_home/000321.sst
2026/04/19-18:13:33.462615 1630 [DEBUG] Syncing metadata for: /db_working_home/000321.sst
2026/04/19-18:13:33.463206 1630 [DEBUG] Syncing metadata for: /db_working_home/000321.sst
2026/04/19-18:13:33.464193 1630 [DEBUG] New random access file: /db_working_home/000321.sst direct: 1
2026/04/19-18:13:33.464637 1630 [DEBUG] GetFileSize: /db_working_home/000321.sst 
2026/04/19-18:13:33.467055 1630 [DEBUG] Syncing metadata for: /db_working_home/MANIFEST-000228
2026/04/19-18:13:33.467708 1630 [DEBUG] GetFileSize: /db_working_home/000321.sst 
2026/04/19-18:13:33.472154 1630 [DEBUG] Syncing metadata for: /db_working_home/000314.log
2026/04/19-18:13:33.472857 1630 [DEBUG] DeleteFile: ./db_working_home/000314.log 
2026/04/19-18:13:33.473764 1630 [Zonestats:time(s),used_cap(MB),reclaimable_cap(MB), avg_reclaimable(%), active(#), active_zones(#), open_zones(#)] 211 1738 4021 69 6 6 2
2026/04/19-18:13:33.473937 1630 [DEBUG] New writable file: /db_working_home/000324.sst direct: 1
2026/04/19-18:13:33.477070 1630 Entering Apply Finish Threshold Function
2026/04/19-18:13:33.477082 1630 Finishing zone: Entering Finish()
2026/04/19-18:13:33.482146 1626 [DEBUG] Allocating zone(new=0) start: 0x118000000 wp: 0x118376a00 lt: 3 file lt: 2
2026/04/19-18:13:33.482157 1626 [DEBUG] Syncing metadata for: /db_working_home/000322.log
2026/04/19-18:13:33.660479 1628 Zone Garbage Stats: [80 1 1 0 0 10 5 8 2 7 6 0 ]
2026/04/19-18:13:33.660491 1628 Total Garbage Bytes: 171884973 bytes
2026/04/19-18:13:33.680293 1626 [DEBUG] New writable file: /db_working_home/000325.log direct: 0
2026/04/19-18:13:33.774589 1629 [DEBUG] Allocating zone(new=1) start: 0x178000000 wp: 0x178000000 lt: 5 file lt: 5
2026/04/19-18:13:33.774603 1629 [Zonestats:time(s),used_cap(MB),reclaimable_cap(MB), avg_reclaimable(%), active(#), active_zones(#), open_zones(#)] 211 1753 4006 69 5 6 4
2026/04/19-18:13:33.774612 1629 [DEBUG] Syncing metadata for: /db_working_home/000323.sst
2026/04/19-18:13:34.116244 1629 [DEBUG] Syncing metadata for: /db_working_home/000323.sst
2026/04/19-18:13:34.116820 1629 [DEBUG] Syncing metadata for: /db_working_home/000323.sst
2026/04/19-18:13:34.117881 1629 [DEBUG] GetFileSize: /db_working_home/000323.sst 
2026/04/19-18:13:34.119141 1629 [DEBUG] New random access file: /db_working_home/000319.sst direct: 1
2026/04/19-18:13:34.119830 1629 [DEBUG] GetFileSize: /db_working_home/000319.sst 
2026/04/19-18:13:34.120034 1629 [DEBUG] New random access file: /db_working_home/000320.sst direct: 1
2026/04/19-18:13:34.120483 1629 [DEBUG] GetFileSize: /db_working_home/000320.sst 
2026/04/19-18:13:34.120634 1629 [DEBUG] New random access file: /db_working_home/000323.sst direct: 1
2026/04/19-18:13:34.121045 1629 [DEBUG] GetFileSize: /db_working_home/000323.sst 
2026/04/19-18:13:34.121943 1629 [DEBUG] Syncing metadata for: /db_working_home/MANIFEST-000228
2026/04/19-18:13:34.137380 1629 [DEBUG] New writable file: /db_working_home/000326.sst direct: 1
2026/04/19-18:13:34.141306 1629 Entering Apply Finish Threshold Function
2026/04/19-18:13:34.141318 1629 Finishing zone: Entering Finish()
2026/04/19-18:13:34.660673 1628 Zone Garbage Stats: [79 1 1 0 0 11 5 8 2 7 6 0 ]
2026/04/19-18:13:34.660687 1628 Total Garbage Bytes: 171885092 bytes
2026/04/19-18:13:35.407184 1630 [DEBUG] Allocating zone(new=1) start: 0x180000000 wp: 0x180000000 lt: 3 file lt: 3
2026/04/19-18:13:35.407199 1630 [Zonestats:time(s),used_cap(MB),reclaimable_cap(MB), avg_reclaimable(%), active(#), active_zones(#), open_zones(#)] 213 1784 4103 69 5 6 4
2026/04/19-18:13:35.407208 1630 [DEBUG] Syncing metadata for: /db_working_home/000324.sst
2026/04/19-18:13:35.559591 1630 [DEBUG] Syncing metadata for: /db_working_home/000324.sst
2026/04/19-18:13:35.560401 1630 [DEBUG] Syncing metadata for: /db_working_home/000324.sst
2026/04/19-18:13:35.561386 1630 [DEBUG] New random access file: /db_working_home/000324.sst direct: 1
2026/04/19-18:13:35.561842 1630 [DEBUG] GetFileSize: /db_working_home/000324.sst 
2026/04/19-18:13:35.564794 1630 [DEBUG] Syncing metadata for: /db_working_home/MANIFEST-000228
2026/04/19-18:13:35.565446 1630 [DEBUG] GetFileSize: /db_working_home/000324.sst 
2026/04/19-18:13:35.569951 1630 [DEBUG] Syncing metadata for: /db_working_home/000317.log
2026/04/19-18:13:35.570875 1630 [DEBUG] DeleteFile: ./db_working_home/000317.log 
2026/04/19-18:13:35.571651 1630 [Zonestats:time(s),used_cap(MB),reclaimable_cap(MB), avg_reclaimable(%), active(#), active_zones(#), open_zones(#)] 213 1784 4231 70 6 6 2
2026/04/19-18:13:35.571679 1630 [DEBUG] DeleteFile: ./db_working_home/000318.sst 
2026/04/19-18:13:35.572650 1630 [Zonestats:time(s),used_cap(MB),reclaimable_cap(MB), avg_reclaimable(%), active(#), active_zones(#), open_zones(#)] 213 1679 4208 71 6 6 2
2026/04/19-18:13:35.572815 1630 [DEBUG] New writable file: /db_working_home/000327.sst direct: 1
2026/04/19-18:13:35.575987 1630 Entering Apply Finish Threshold Function
2026/04/19-18:13:35.575998 1630 Finishing zone: Entering Finish()
2026/04/19-18:13:35.581733 1626 [DEBUG] Allocating zone(new=0) start: 0x188000000 wp: 0x189ec4e00 lt: 3 file lt: 2
2026/04/19-18:13:35.581745 1626 [DEBUG] Syncing metadata for: /db_working_home/000325.log
2026/04/19-18:13:35.660263 1629 [DEBUG] Allocating zone(new=1) start: 0x140000000 wp: 0x140000000 lt: 3 file lt: 3
2026/04/19-18:13:35.660280 1629 [Zonestats:time(s),used_cap(MB),reclaimable_cap(MB), avg_reclaimable(%), active(#), active_zones(#), open_zones(#)] 213 1684 4203 71 5 6 4
2026/04/19-18:13:35.660289 1629 [DEBUG] Syncing metadata for: /db_working_home/000326.sst
2026/04/19-18:13:35.660779 1628 Zone Garbage Stats: [78 1 0 0 0 11 5 8 3 8 6 0 ]
2026/04/19-18:13:35.660788 1628 Total Garbage Bytes: 171885456 bytes
2026/04/19-18:13:35.910242 1626 [DEBUG] New writable file: /db_working_home/000328.log direct: 0
2026/04/19-18:13:36.237357 1629 [DEBUG] Syncing metadata for: /db_working_home/000326.sst
2026/04/19-18:13:36.238186 1629 [DEBUG] Syncing metadata for: /db_working_home/000326.sst
2026/04/19-18:13:36.239241 1629 [DEBUG] GetFileSize: /db_working_home/000326.sst 
2026/04/19-18:13:36.239275 1629 [DEBUG] New writable file: /db_working_home/000329.sst direct: 1
2026/04/19-18:13:36.252475 1629 Entering Apply Finish Threshold Function
2026/04/19-18:13:36.252489 1629 Finishing zone: Entering Finish()
2026/04/19-18:13:36.660974 1628 Zone Garbage Stats: [78 1 0 0 0 11 5 8 3 8 6 0 ]
2026/04/19-18:13:36.660986 1628 Total Garbage Bytes: 171885456 bytes
2026/04/19-18:13:37.488108 1629 [DEBUG] Allocating zone(new=1) start: 0x190000000 wp: 0x190000000 lt: 3 file lt: 3
2026/04/19-18:13:37.488122 1629 [Zonestats:time(s),used_cap(MB),reclaimable_cap(MB), avg_reclaimable(%), active(#), active_zones(#), open_zones(#)] 215 1736 4279 71 5 6 4
2026/04/19-18:13:37.488130 1629 [DEBUG] Syncing metadata for: /db_working_home/000329.sst
2026/04/19-18:13:37.630047 1630 [DEBUG] Allocating zone(new=1) start: 0x198000000 wp: 0x198000000 lt: 3 file lt: 3
2026/04/19-18:13:37.630064 1630 [Zonestats:time(s),used_cap(MB),reclaimable_cap(MB), avg_reclaimable(%), active(#), active_zones(#), open_zones(#)] 215 1736 4279 71 5 6 5
2026/04/19-18:13:37.630073 1630 [DEBUG] Syncing metadata for: /db_working_home/000327.sst
2026/04/19-18:13:37.661228 1628 Zone Garbage Stats: [76 1 0 0 0 11 5 9 3 9 6 0 ]
2026/04/19-18:13:37.661308 1628 Total Garbage Bytes: 171885637 bytes
2026/04/19-18:13:37.819370 1630 [DEBUG] Syncing metadata for: /db_working_home/000327.sst
2026/04/19-18:13:37.819950 1630 [DEBUG] Syncing metadata for: /db_working_home/000327.sst
2026/04/19-18:13:37.820585 1630 [DEBUG] New random access file: /db_working_home/000327.sst direct: 1
2026/04/19-18:13:37.827882 1630 [DEBUG] GetFileSize: /db_working_home/000327.sst 
2026/04/19-18:13:37.830074 1630 [DEBUG] Syncing metadata for: /db_working_home/MANIFEST-000228
2026/04/19-18:13:37.830730 1630 [DEBUG] GetFileSize: /db_working_home/000327.sst 
2026/04/19-18:13:37.841962 1630 [DEBUG] Syncing metadata for: /db_working_home/000322.log
2026/04/19-18:13:37.844720 1630 [DEBUG] DeleteFile: ./db_working_home/000322.log 
2026/04/19-18:13:37.852247 1630 [Zonestats:time(s),used_cap(MB),reclaimable_cap(MB), avg_reclaimable(%), active(#), active_zones(#), open_zones(#)] 215 1737 4406 71 6 6 3
2026/04/19-18:13:37.852423 1630 [DEBUG] New writable file: /db_working_home/000330.sst direct: 1
2026/04/19-18:13:37.855558 1630 Entering Apply Finish Threshold Function
2026/04/19-18:13:37.855570 1630 Finishing zone: Entering Finish()
2026/04/19-18:13:37.861251 1626 [DEBUG] Allocating zone(new=0) start: 0x198000000 wp: 0x198f36a00 lt: 3 file lt: 2
2026/04/19-18:13:37.861263 1626 [DEBUG] Syncing metadata for: /db_working_home/000328.log
2026/04/19-18:13:38.215972 1626 [DEBUG] New writable file: /db_working_home/000331.log direct: 0
2026/04/19-18:13:38.258374 1629 [DEBUG] Syncing metadata for: /db_working_home/000329.sst
2026/04/19-18:13:38.259237 1629 [DEBUG] Syncing metadata for: /db_working_home/000329.sst
2026/04/19-18:13:38.260301 1629 [DEBUG] GetFileSize: /db_working_home/000329.sst 
2026/04/19-18:13:38.260332 1629 [DEBUG] New writable file: /db_working_home/000332.sst direct: 1
2026/04/19-18:13:38.264105 1629 Entering Apply Finish Threshold Function
2026/04/19-18:13:38.264118 1629 Finishing zone: Entering Finish()
2026/04/19-18:13:38.661504 1628 Zone Garbage Stats: [76 1 0 0 0 11 5 9 3 9 6 0 ]
2026/04/19-18:13:38.661516 1628 Total Garbage Bytes: 171885637 bytes
2026/04/19-18:13:39.358987 1629 [DEBUG] Allocating zone(new=1) start: 0x1a0000000 wp: 0x1a0000000 lt: 3 file lt: 3
2026/04/19-18:13:39.359002 1629 [Zonestats:time(s),used_cap(MB),reclaimable_cap(MB), avg_reclaimable(%), active(#), active_zones(#), open_zones(#)] 217 1804 4467 71 5 6 4
2026/04/19-18:13:39.359011 1629 [DEBUG] Syncing metadata for: /db_working_home/000332.sst
2026/04/19-18:13:39.452185 1629 [DEBUG] Syncing metadata for: /db_working_home/000332.sst
2026/04/19-18:13:39.452762 1629 [DEBUG] Syncing metadata for: /db_working_home/000332.sst
2026/04/19-18:13:39.453816 1629 [DEBUG] GetFileSize: /db_working_home/000332.sst 
2026/04/19-18:13:39.455243 1629 [DEBUG] New random access file: /db_working_home/000326.sst direct: 1
2026/04/19-18:13:39.455755 1629 [DEBUG] GetFileSize: /db_working_home/000326.sst 
2026/04/19-18:13:39.455922 1629 [DEBUG] New random access file: /db_working_home/000329.sst direct: 1
2026/04/19-18:13:39.456361 1629 [DEBUG] GetFileSize: /db_working_home/000329.sst 
2026/04/19-18:13:39.456490 1629 [DEBUG] New random access file: /db_working_home/000332.sst direct: 1
2026/04/19-18:13:39.456923 1629 [DEBUG] GetFileSize: /db_working_home/000332.sst 
2026/04/19-18:13:39.457804 1629 [DEBUG] Syncing metadata for: /db_working_home/MANIFEST-000228
2026/04/19-18:13:39.459240 1629 [DEBUG] Syncing metadata for: /db_working_home/MANIFEST-000228
2026/04/19-18:13:39.460638 1629 [DEBUG] Syncing metadata for: /db_working_home/MANIFEST-000228
2026/04/19-18:13:39.462040 1629 [DEBUG] Syncing metadata for: /db_working_home/MANIFEST-000228
2026/04/19-18:13:39.469244 1629 [DEBUG] New writable file: /db_working_home/000333.sst direct: 1
2026/04/19-18:13:39.472849 1629 Entering Apply Finish Threshold Function
2026/04/19-18:13:39.472876 1629 [DEBUG] Allocating zone(new=1) start: 0x1a8000000 wp: 0x1a8000000 lt: 5 file lt: 5
2026/04/19-18:13:39.472884 1629 [Zonestats:time(s),used_cap(MB),reclaimable_cap(MB), avg_reclaimable(%), active(#), active_zones(#), open_zones(#)] 217 1811 4588 71 6 7 4
2026/04/19-18:13:39.472890 1629 [DEBUG] Syncing metadata for: /db_working_home/000333.sst
2026/04/19-18:13:39.661709 1628 Zone Garbage Stats: [74 2 0 0 0 11 6 9 3 9 6 0 ]
2026/04/19-18:13:39.661724 1628 Total Garbage Bytes: 171886037 bytes
2026/04/19-18:13:40.028995 1630 [DEBUG] Allocating zone(new=1) start: 0x1b0000000 wp: 0x1b0000000 lt: 3 file lt: 3
2026/04/19-18:13:40.029012 1630 [Zonestats:time(s),used_cap(MB),reclaimable_cap(MB), avg_reclaimable(%), active(#), active_zones(#), open_zones(#)] 218 1811 4588 71 6 7 5
2026/04/19-18:13:40.029034 1630 [DEBUG] Syncing metadata for: /db_working_home/000330.sst
2026/04/19-18:13:40.233509 1630 [DEBUG] Syncing metadata for: /db_working_home/000330.sst
2026/04/19-18:13:40.234256 1630 [DEBUG] Syncing metadata for: /db_working_home/000330.sst
2026/04/19-18:13:40.241991 1630 [DEBUG] New random access file: /db_working_home/000330.sst direct: 1
2026/04/19-18:13:40.242194 1630 [DEBUG] GetFileSize: /db_working_home/000330.sst 
2026/04/19-18:13:40.246167 1630 [DEBUG] Syncing metadata for: /db_working_home/MANIFEST-000228
2026/04/19-18:13:40.246880 1630 [DEBUG] GetFileSize: /db_working_home/000330.sst 
2026/04/19-18:13:40.260355 1630 [DEBUG] Syncing metadata for: /db_working_home/000325.log
2026/04/19-18:13:40.261221 1630 [DEBUG] DeleteFile: ./db_working_home/000310.sst 
2026/04/19-18:13:40.261915 1630 [Zonestats:time(s),used_cap(MB),reclaimable_cap(MB), avg_reclaimable(%), active(#), active_zones(#), open_zones(#)] 218 1812 4587 71 7 7 3
2026/04/19-18:13:40.261981 1630 [DEBUG] DeleteFile: ./db_working_home/000312.sst 
2026/04/19-18:13:40.262630 1630 [Zonestats:time(s),used_cap(MB),reclaimable_cap(MB), avg_reclaimable(%), active(#), active_zones(#), open_zones(#)] 218 1771 4500 71 7 7 3
2026/04/19-18:13:40.262666 1630 [DEBUG] DeleteFile: ./db_working_home/000313.sst 
2026/04/19-18:13:40.270055 1630 [Zonestats:time(s),used_cap(MB),reclaimable_cap(MB), avg_reclaimable(%), active(#), active_zones(#), open_zones(#)] 218 1755 4388 71 7 7 3
2026/04/19-18:13:40.270108 1630 [DEBUG] DeleteFile: ./db_working_home/000315.sst 
2026/04/19-18:13:40.270791 1630 [Zonestats:time(s),used_cap(MB),reclaimable_cap(MB), avg_reclaimable(%), active(#), active_zones(#), open_zones(#)] 218 1752 4263 70 7 7 3
2026/04/19-18:13:40.270827 1630 [DEBUG] DeleteFile: ./db_working_home/000316.sst 
2026/04/19-18:13:40.271387 1630 [Zonestats:time(s),used_cap(MB),reclaimable_cap(MB), avg_reclaimable(%), active(#), active_zones(#), open_zones(#)] 218 1737 4278 71 7 7 3
2026/04/19-18:13:40.271421 1630 [DEBUG] DeleteFile: ./db_working_home/000321.sst 
2026/04/19-18:13:40.272059 1630 [Zonestats:time(s),used_cap(MB),reclaimable_cap(MB), avg_reclaimable(%), active(#), active_zones(#), open_zones(#)] 218 1721 4166 70 7 7 3
2026/04/19-18:13:40.272090 1630 [DEBUG] DeleteFile: ./db_working_home/000325.log 
2026/04/19-18:13:40.272729 1630 [Zonestats:time(s),used_cap(MB),reclaimable_cap(MB), avg_reclaimable(%), active(#), active_zones(#), open_zones(#)] 218 1706 4053 70 6 6 3
2026/04/19-18:13:40.272948 1630 [DEBUG] New writable file: /db_working_home/000334.sst direct: 1
2026/04/19-18:13:40.276771 1630 Entering Apply Finish Threshold Function
2026/04/19-18:13:40.276782 1630 Finishing zone: Entering Finish()
2026/04/19-18:13:40.277639 1629 [DEBUG] Syncing metadata for: /db_working_home/000333.sst
2026/04/19-18:13:40.278450 1629 [DEBUG] Syncing metadata for: /db_working_home/000333.sst
2026/04/19-18:13:40.279498 1629 [DEBUG] GetFileSize: /db_working_home/000333.sst 
2026/04/19-18:13:40.279530 1629 [DEBUG] New writable file: /db_working_home/000335.sst direct: 1
2026/04/19-18:13:40.281912 1626 [DEBUG] Allocating zone(new=0) start: 0x1a0000000 wp: 0x1a07d3800 lt: 3 file lt: 2
2026/04/19-18:13:40.281939 1626 [DEBUG] Syncing metadata for: /db_working_home/000331.log
2026/04/19-18:13:40.282926 1629 Entering Apply Finish Threshold Function
2026/04/19-18:13:40.282938 1629 Finishing zone: Entering Finish()
2026/04/19-18:13:40.505230 1626 [DEBUG] New writable file: /db_working_home/000336.log direct: 0
2026/04/19-18:13:40.661908 1628 Zone Garbage Stats: [79 1 0 0 0 11 6 8 3 6 6 0 ]
2026/04/19-18:13:40.661943 1628 Total Garbage Bytes: 171885177 bytes
2026/04/19-18:13:41.320317 1629 [DEBUG] Allocating zone(new=1) start: 0x60000000 wp: 0x60000000 lt: 5 file lt: 5
2026/04/19-18:13:41.320332 1629 [Zonestats:time(s),used_cap(MB),reclaimable_cap(MB), avg_reclaimable(%), active(#), active_zones(#), open_zones(#)] 219 1784 4103 69 5 6 4
2026/04/19-18:13:41.320340 1629 [DEBUG] Syncing metadata for: /db_working_home/000335.sst
2026/04/19-18:13:41.433299 1629 [DEBUG] Syncing metadata for: /db_working_home/000335.sst
2026/04/19-18:13:41.434085 1629 [DEBUG] Syncing metadata for: /db_working_home/000335.sst
2026/04/19-18:13:41.435178 1629 [DEBUG] GetFileSize: /db_working_home/000335.sst 
2026/04/19-18:13:41.436747 1629 [DEBUG] New random access file: /db_working_home/000333.sst direct: 1
2026/04/19-18:13:41.437102 1629 [DEBUG] GetFileSize: /db_working_home/000333.sst 
2026/04/19-18:13:41.437308 1629 [DEBUG] New random access file: /db_working_home/000335.sst direct: 1
2026/04/19-18:13:41.437684 1629 [DEBUG] GetFileSize: /db_working_home/000335.sst 
2026/04/19-18:13:41.438605 1629 [DEBUG] Syncing metadata for: /db_working_home/MANIFEST-000228
2026/04/19-18:13:41.451376 1629 [DEBUG] New writable file: /db_working_home/000337.sst direct: 1
2026/04/19-18:13:41.455482 1629 Entering Apply Finish Threshold Function
2026/04/19-18:13:41.455507 1629 [DEBUG] Allocating zone(new=0) start: 0x60000000 wp: 0x609e9e00 lt: 5 file lt: 3
2026/04/19-18:13:41.455514 1629 [Zonestats:time(s),used_cap(MB),reclaimable_cap(MB), avg_reclaimable(%), active(#), active_zones(#), open_zones(#)] 219 1794 4221 70 6 6 4
2026/04/19-18:13:41.455521 1629 [DEBUG] Syncing metadata for: /db_working_home/000337.sst
2026/04/19-18:13:41.662156 1628 Zone Garbage Stats: [78 1 0 0 0 11 7 8 3 6 6 0 ]
2026/04/19-18:13:41.662173 1628 Total Garbage Bytes: 171885266 bytes
2026/04/19-18:13:42.483753 1630 [DEBUG] Allocating zone(new=1) start: 0x108000000 wp: 0x108000000 lt: 3 file lt: 3
2026/04/19-18:13:42.483772 1630 [Zonestats:time(s),used_cap(MB),reclaimable_cap(MB), avg_reclaimable(%), active(#), active_zones(#), open_zones(#)] 220 1794 4221 70 5 6 5
2026/04/19-18:13:42.483781 1630 [DEBUG] Syncing metadata for: /db_working_home/000334.sst
2026/04/19-18:13:42.655406 1630 [DEBUG] Syncing metadata for: /db_working_home/000334.sst
2026/04/19-18:13:42.655991 1630 [DEBUG] Syncing metadata for: /db_working_home/000334.sst
2026/04/19-18:13:42.656626 1630 [DEBUG] New random access file: /db_working_home/000334.sst direct: 1
2026/04/19-18:13:42.656807 1630 [DEBUG] GetFileSize: /db_working_home/000334.sst 
2026/04/19-18:13:42.660100 1630 [DEBUG] Syncing metadata for: /db_working_home/MANIFEST-000228
2026/04/19-18:13:42.660768 1630 [DEBUG] GetFileSize: /db_working_home/000334.sst 
2026/04/19-18:13:42.662353 1628 Zone Garbage Stats: [77 2 0 0 0 11 7 8 3 7 6 0 ]
2026/04/19-18:13:42.662430 1628 Total Garbage Bytes: 171886028 bytes
2026/04/19-18:13:42.665081 1630 [DEBUG] Syncing metadata for: /db_working_home/000328.log
2026/04/19-18:13:42.669301 1630 [DEBUG] DeleteFile: ./db_working_home/000287.sst 
2026/04/19-18:13:42.673307 1630 [Zonestats:time(s),used_cap(MB),reclaimable_cap(MB), avg_reclaimable(%), active(#), active_zones(#), open_zones(#)] 220 1787 4228 70 6 6 3
2026/04/19-18:13:42.673362 1630 [DEBUG] DeleteFile: ./db_working_home/000302.sst 
2026/04/19-18:13:42.674043 1630 [Zonestats:time(s),used_cap(MB),reclaimable_cap(MB), avg_reclaimable(%), active(#), active_zones(#), open_zones(#)] 220 1734 4153 70 6 6 3
2026/04/19-18:13:42.674078 1630 [DEBUG] DeleteFile: ./db_working_home/000328.log 
2026/04/19-18:13:42.674640 1630 [Zonestats:time(s),used_cap(MB),reclaimable_cap(MB), avg_reclaimable(%), active(#), active_zones(#), open_zones(#)] 220 1719 4168 70 6 6 3
2026/04/19-18:13:42.674837 1630 [DEBUG] New writable file: /db_working_home/000338.sst direct: 1
2026/04/19-18:13:42.678619 1630 Entering Apply Finish Threshold Function
2026/04/19-18:13:42.678629 1630 Finishing zone: Entering Finish()
2026/04/19-18:13:42.683187 1626 [DEBUG] Allocating zone(new=0) start: 0x198000000 wp: 0x199ec1a00 lt: 3 file lt: 2
2026/04/19-18:13:42.683198 1626 [DEBUG] Syncing metadata for: /db_working_home/000336.log
2026/04/19-18:13:42.745451 1629 [DEBUG] Syncing metadata for: /db_working_home/000337.sst
2026/04/19-18:13:42.746031 1629 [DEBUG] Syncing metadata for: /db_working_home/000337.sst
2026/04/19-18:13:42.747151 1629 [DEBUG] GetFileSize: /db_working_home/000337.sst 
2026/04/19-18:13:42.747187 1629 [DEBUG] New writable file: /db_working_home/000339.sst direct: 1
2026/04/19-18:13:42.757994 1629 Entering Apply Finish Threshold Function
2026/04/19-18:13:42.758004 1629 Finishing zone: Entering Finish()
2026/04/19-18:13:42.912799 1626 [DEBUG] New writable file: /db_working_home/000340.log direct: 0
2026/04/19-18:13:43.223896 1629 [DEBUG] Allocating zone(new=1) start: 0xf0000000 wp: 0xf0000000 lt: 3 file lt: 3
2026/04/19-18:13:43.223911 1629 [Zonestats:time(s),used_cap(MB),reclaimable_cap(MB), avg_reclaimable(%), active(#), active_zones(#), open_zones(#)] 221 1825 4062 68 5 6 4
2026/04/19-18:13:43.223919 1629 [DEBUG] Syncing metadata for: /db_working_home/000339.sst
2026/04/19-18:13:43.262643 1629 [DEBUG] Syncing metadata for: /db_working_home/000339.sst
2026/04/19-18:13:43.263453 1629 [DEBUG] Syncing metadata for: /db_working_home/000339.sst
2026/04/19-18:13:43.264509 1629 [DEBUG] GetFileSize: /db_working_home/000339.sst 
2026/04/19-18:13:43.265998 1629 [DEBUG] New random access file: /db_working_home/000337.sst direct: 1
2026/04/19-18:13:43.266513 1629 [DEBUG] GetFileSize: /db_working_home/000337.sst 
2026/04/19-18:13:43.266703 1629 [DEBUG] New random access file: /db_working_home/000339.sst direct: 1
2026/04/19-18:13:43.267090 1629 [DEBUG] GetFileSize: /db_working_home/000339.sst 
2026/04/19-18:13:43.267973 1629 [DEBUG] Syncing metadata for: /db_working_home/MANIFEST-000228
2026/04/19-18:13:43.274584 1629 [DEBUG] New writable file: /db_working_home/000341.sst direct: 1
2026/04/19-18:13:43.278250 1629 Entering Apply Finish Threshold Function
2026/04/19-18:13:43.278276 1629 [DEBUG] Allocating zone(new=1) start: 0x110000000 wp: 0x110000000 lt: 4 file lt: 4
2026/04/19-18:13:43.278284 1629 [Zonestats:time(s),used_cap(MB),reclaimable_cap(MB), avg_reclaimable(%), active(#), active_zones(#), open_zones(#)] 221 1829 4186 69 6 7 4
2026/04/19-18:13:43.278290 1629 [DEBUG] Syncing metadata for: /db_working_home/000341.sst
2026/04/19-18:13:43.662623 1628 Zone Garbage Stats: [77 2 0 1 0 11 6 8 3 6 6 0 ]
2026/04/19-18:13:43.662640 1628 Total Garbage Bytes: 171886064 bytes
2026/04/19-18:13:43.948193 1629 [DEBUG] Syncing metadata for: /db_working_home/000341.sst
2026/04/19-18:13:43.949057 1629 [DEBUG] Syncing metadata for: /db_working_home/000341.sst
2026/04/19-18:13:43.950114 1629 [DEBUG] GetFileSize: /db_working_home/000341.sst 
2026/04/19-18:13:43.950158 1629 [DEBUG] New writable file: /db_working_home/000342.sst direct: 1
2026/04/19-18:13:43.956788 1629 Entering Apply Finish Threshold Function
2026/04/19-18:13:43.956802 1629 Finishing zone: Entering Finish()
2026/04/19-18:13:44.662851 1628 Zone Garbage Stats: [77 2 0 1 0 11 6 8 3 6 6 0 ]
2026/04/19-18:13:44.662865 1628 Total Garbage Bytes: 171886064 bytes
2026/04/19-18:13:44.793375 1630 [DEBUG] Allocating zone(new=1) start: 0x118000000 wp: 0x118000000 lt: 3 file lt: 3
2026/04/19-18:13:44.793389 1630 [Zonestats:time(s),used_cap(MB),reclaimable_cap(MB), avg_reclaimable(%), active(#), active_zones(#), open_zones(#)] 222 1888 4255 69 6 7 4
2026/04/19-18:13:44.793399 1630 [DEBUG] Syncing metadata for: /db_working_home/000338.sst
2026/04/19-18:13:44.945151 1630 [DEBUG] Syncing metadata for: /db_working_home/000338.sst
2026/04/19-18:13:44.945726 1630 [DEBUG] Syncing metadata for: /db_working_home/000338.sst
2026/04/19-18:13:44.946726 1630 [DEBUG] New random access file: /db_working_home/000338.sst direct: 1
2026/04/19-18:13:44.946908 1630 [DEBUG] GetFileSize: /db_working_home/000338.sst 
2026/04/19-18:13:44.950005 1630 [DEBUG] Syncing metadata for: /db_working_home/MANIFEST-000228
2026/04/19-18:13:44.950660 1630 [DEBUG] GetFileSize: /db_working_home/000338.sst 
2026/04/19-18:13:44.955523 1630 [DEBUG] Syncing metadata for: /db_working_home/000331.log
2026/04/19-18:13:44.956581 1630 [DEBUG] DeleteFile: ./db_working_home/000324.sst 
2026/04/19-18:13:44.957433 1630 [Zonestats:time(s),used_cap(MB),reclaimable_cap(MB), avg_reclaimable(%), active(#), active_zones(#), open_zones(#)] 222 1888 4255 69 7 7 2
2026/04/19-18:13:44.957477 1630 [DEBUG] DeleteFile: ./db_working_home/000327.sst 
2026/04/19-18:13:44.958210 1630 [Zonestats:time(s),used_cap(MB),reclaimable_cap(MB), avg_reclaimable(%), active(#), active_zones(#), open_zones(#)] 222 1873 4270 69 7 7 2
2026/04/19-18:13:44.958246 1630 [DEBUG] DeleteFile: ./db_working_home/000329.sst 
2026/04/19-18:13:44.959229 1630 [Zonestats:time(s),used_cap(MB),reclaimable_cap(MB), avg_reclaimable(%), active(#), active_zones(#), open_zones(#)] 222 1821 4194 69 7 7 2
2026/04/19-18:13:44.959263 1630 [DEBUG] DeleteFile: ./db_working_home/000330.sst 
2026/04/19-18:13:44.959902 1630 [Zonestats:time(s),used_cap(MB),reclaimable_cap(MB), avg_reclaimable(%), active(#), active_zones(#), open_zones(#)] 222 1806 4081 69 7 7 2
2026/04/19-18:13:44.959933 1630 [DEBUG] DeleteFile: ./db_working_home/000331.log 
2026/04/19-18:13:44.960719 1630 [Zonestats:time(s),used_cap(MB),reclaimable_cap(MB), avg_reclaimable(%), active(#), active_zones(#), open_zones(#)] 222 1790 4097 69 7 7 2
2026/04/19-18:13:44.960927 1630 [DEBUG] New writable file: /db_working_home/000343.sst direct: 1
2026/04/19-18:13:44.964630 1630 Entering Apply Finish Threshold Function
2026/04/19-18:13:44.964641 1630 Finishing zone: Entering Finish()
2026/04/19-18:13:44.969414 1626 [DEBUG] Allocating zone(new=0) start: 0x1a0000000 wp: 0x1a175e600 lt: 3 file lt: 2
2026/04/19-18:13:44.969422 1626 [DEBUG] Syncing metadata for: /db_working_home/000340.log
2026/04/19-18:13:45.082662 1629 [DEBUG] Allocating zone(new=1) start: 0x138000000 wp: 0x138000000 lt: 4 file lt: 4
2026/04/19-18:13:45.082677 1629 [Zonestats:time(s),used_cap(MB),reclaimable_cap(MB), avg_reclaimable(%), active(#), active_zones(#), open_zones(#)] 223 1797 4090 69 6 7 4
2026/04/19-18:13:45.082687 1629 [DEBUG] Syncing metadata for: /db_working_home/000342.sst
2026/04/19-18:13:45.266922 1626 [DEBUG] New writable file: /db_working_home/000344.log direct: 0
2026/04/19-18:13:45.663073 1628 Zone Garbage Stats: [78 2 0 1 0 11 6 8 3 5 6 0 ]
2026/04/19-18:13:45.663090 1628 Total Garbage Bytes: 171886226 bytes
2026/04/19-18:13:45.847399 1629 [DEBUG] Syncing metadata for: /db_working_home/000342.sst
2026/04/19-18:13:45.847976 1629 [DEBUG] Syncing metadata for: /db_working_home/000342.sst
2026/04/19-18:13:45.849033 1629 [DEBUG] GetFileSize: /db_working_home/000342.sst 
2026/04/19-18:13:45.849068 1629 [DEBUG] New writable file: /db_working_home/000345.sst direct: 1
2026/04/19-18:13:45.855291 1629 Entering Apply Finish Threshold Function
2026/04/19-18:13:45.855304 1629 Finishing zone: Entering Finish()
2026/04/19-18:13:46.663339 1628 Zone Garbage Stats: [78 2 0 1 0 11 6 8 3 5 6 0 ]
2026/04/19-18:13:46.663352 1628 Total Garbage Bytes: 171886226 bytes
2026/04/19-18:13:46.750189 1629 [DEBUG] Allocating zone(new=1) start: 0x168000000 wp: 0x168000000 lt: 4 file lt: 4
2026/04/19-18:13:46.750203 1629 [Zonestats:time(s),used_cap(MB),reclaimable_cap(MB), avg_reclaimable(%), active(#), active_zones(#), open_zones(#)] 224 1871 4144 68 6 7 4
2026/04/19-18:13:46.750212 1629 [DEBUG] Syncing metadata for: /db_working_home/000345.sst
2026/04/19-18:13:46.825077 1629 [DEBUG] Syncing metadata for: /db_working_home/000345.sst
2026/04/19-18:13:46.825671 1629 [DEBUG] Syncing metadata for: /db_working_home/000345.sst
2026/04/19-18:13:46.826745 1629 [DEBUG] GetFileSize: /db_working_home/000345.sst 
2026/04/19-18:13:46.828206 1629 [DEBUG] New random access file: /db_working_home/000341.sst direct: 1
2026/04/19-18:13:46.828689 1629 [DEBUG] GetFileSize: /db_working_home/000341.sst 
2026/04/19-18:13:46.828946 1629 [DEBUG] New random access file: /db_working_home/000342.sst direct: 1
2026/04/19-18:13:46.829337 1629 [DEBUG] GetFileSize: /db_working_home/000342.sst 
2026/04/19-18:13:46.829478 1629 [DEBUG] New random access file: /db_working_home/000345.sst direct: 1
2026/04/19-18:13:46.829941 1629 [DEBUG] GetFileSize: /db_working_home/000345.sst 
2026/04/19-18:13:46.830869 1629 [DEBUG] Syncing metadata for: /db_working_home/MANIFEST-000228
2026/04/19-18:13:46.837508 1629 [DEBUG] New writable file: /db_working_home/000346.sst direct: 1
2026/04/19-18:13:46.841306 1629 Entering Apply Finish Threshold Function
2026/04/19-18:13:46.841333 1629 [DEBUG] Allocating zone(new=1) start: 0x180000000 wp: 0x180000000 lt: 5 file lt: 5
2026/04/19-18:13:46.841340 1629 [Zonestats:time(s),used_cap(MB),reclaimable_cap(MB), avg_reclaimable(%), active(#), active_zones(#), open_zones(#)] 224 1878 4265 69 7 8 4
2026/04/19-18:13:46.841347 1629 [DEBUG] Syncing metadata for: /db_working_home/000346.sst
2026/04/19-18:13:47.366683 1629 [DEBUG] Syncing metadata for: /db_working_home/000346.sst
2026/04/19-18:13:47.367492 1629 [DEBUG] Syncing metadata for: /db_working_home/000346.sst
2026/04/19-18:13:47.368212 1629 [DEBUG] GetFileSize: /db_working_home/000346.sst 
2026/04/19-18:13:47.368246 1629 [DEBUG] New writable file: /db_working_home/000347.sst direct: 1
2026/04/19-18:13:47.371725 1629 Entering Apply Finish Threshold Function
2026/04/19-18:13:47.371737 1629 Finishing zone: Entering Finish()
2026/04/19-18:13:47.407158 1630 [DEBUG] Allocating zone(new=0) start: 0x168000000 wp: 0x1686c3000 lt: 4 file lt: 3
2026/04/19-18:13:47.407174 1630 [Zonestats:time(s),used_cap(MB),reclaimable_cap(MB), avg_reclaimable(%), active(#), active_zones(#), open_zones(#)] 225 1924 4347 69 7 7 4
2026/04/19-18:13:47.407185 1630 [DEBUG] Syncing metadata for: /db_working_home/000343.sst
2026/04/19-18:13:47.556507 1630 [DEBUG] Syncing metadata for: /db_working_home/000343.sst
2026/04/19-18:13:47.557126 1630 [DEBUG] Syncing metadata for: /db_working_home/000343.sst
2026/04/19-18:13:47.558191 1630 [DEBUG] New random access file: /db_working_home/000343.sst direct: 1
2026/04/19-18:13:47.558433 1630 [DEBUG] GetFileSize: /db_working_home/000343.sst 
2026/04/19-18:13:47.561399 1630 [DEBUG] Syncing metadata for: /db_working_home/MANIFEST-000228
2026/04/19-18:13:47.562098 1630 [DEBUG] GetFileSize: /db_working_home/000343.sst 
2026/04/19-18:13:47.566486 1630 [DEBUG] Syncing metadata for: /db_working_home/000336.log
2026/04/19-18:13:47.567271 1630 [DEBUG] DeleteFile: ./db_working_home/000326.sst 
2026/04/19-18:13:47.568083 1630 [Zonestats:time(s),used_cap(MB),reclaimable_cap(MB), avg_reclaimable(%), active(#), active_zones(#), open_zones(#)] 225 1897 4246 69 7 7 2
2026/04/19-18:13:47.568143 1630 [DEBUG] DeleteFile: ./db_working_home/000336.log 
2026/04/19-18:13:47.568795 1630 [Zonestats:time(s),used_cap(MB),reclaimable_cap(MB), avg_reclaimable(%), active(#), active_zones(#), open_zones(#)] 225 1882 4133 68 6 6 2
2026/04/19-18:13:47.568818 1630 [DEBUG] DeleteFile: ./db_working_home/000337.sst 
2026/04/19-18:13:47.569603 1630 [Zonestats:time(s),used_cap(MB),reclaimable_cap(MB), avg_reclaimable(%), active(#), active_zones(#), open_zones(#)] 225 1790 4225 70 6 6 2
2026/04/19-18:13:47.569800 1630 [DEBUG] New writable file: /db_working_home/000348.sst direct: 1
2026/04/19-18:13:47.573886 1630 Entering Apply Finish Threshold Function
2026/04/19-18:13:47.573897 1630 Finishing zone: Entering Finish()
2026/04/19-18:13:47.578737 1626 [DEBUG] Allocating zone(new=0) start: 0xf0000000 wp: 0xf037ae00 lt: 3 file lt: 2
2026/04/19-18:13:47.578748 1626 [DEBUG] Syncing metadata for: /db_working_home/000344.log
2026/04/19-18:13:47.663475 1628 Zone Garbage Stats: [78 1 0 0 0 12 6 7 3 6 7 0 ]
2026/04/19-18:13:47.663553 1628 Total Garbage Bytes: 267607691 bytes
2026/04/19-18:13:47.777698 1626 [DEBUG] New writable file: /db_working_home/000349.log direct: 0
2026/04/19-18:13:48.663822 1628 Zone Garbage Stats: [78 1 0 0 0 12 6 7 3 6 7 0 ]
2026/04/19-18:13:48.663842 1628 Total Garbage Bytes: 267607691 bytes
2026/04/19-18:13:48.743862 1629 [DEBUG] Allocating zone(new=1) start: 0x140000000 wp: 0x140000000 lt: 5 file lt: 5
2026/04/19-18:13:48.743884 1629 [Zonestats:time(s),used_cap(MB),reclaimable_cap(MB), avg_reclaimable(%), active(#), active_zones(#), open_zones(#)] 226 1805 4210 69 5 6 4
2026/04/19-18:13:48.743893 1629 [DEBUG] Syncing metadata for: /db_working_home/000347.sst
2026/04/19-18:13:49.324409 1629 [DEBUG] Syncing metadata for: /db_working_home/000347.sst
2026/04/19-18:13:49.324969 1629 [DEBUG] Syncing metadata for: /db_working_home/000347.sst
2026/04/19-18:13:49.326083 1629 [DEBUG] GetFileSize: /db_working_home/000347.sst 
2026/04/19-18:13:49.327538 1629 [DEBUG] New random access file: /db_working_home/000346.sst direct: 1
2026/04/19-18:13:49.327967 1629 [DEBUG] GetFileSize: /db_working_home/000346.sst 
2026/04/19-18:13:49.328167 1629 [DEBUG] New random access file: /db_working_home/000347.sst direct: 1
2026/04/19-18:13:49.328617 1629 [DEBUG] GetFileSize: /db_working_home/000347.sst 
2026/04/19-18:13:49.329579 1629 [DEBUG] Syncing metadata for: /db_working_home/MANIFEST-000228
2026/04/19-18:13:49.342692 1629 [DEBUG] New writable file: /db_working_home/000350.sst direct: 1
2026/04/19-18:13:49.347978 1629 Entering Apply Finish Threshold Function
2026/04/19-18:13:49.347989 1629 Finishing zone: Entering Finish()
2026/04/19-18:13:49.500658 1630 [DEBUG] Allocating zone(new=1) start: 0x188000000 wp: 0x188000000 lt: 3 file lt: 3
2026/04/19-18:13:49.500673 1630 [Zonestats:time(s),used_cap(MB),reclaimable_cap(MB), avg_reclaimable(%), active(#), active_zones(#), open_zones(#)] 227 1855 4288 69 5 6 4
2026/04/19-18:13:49.500682 1630 [DEBUG] Syncing metadata for: /db_working_home/000348.sst
2026/04/19-18:13:49.653965 1630 [DEBUG] Syncing metadata for: /db_working_home/000348.sst
2026/04/19-18:13:49.654546 1630 [DEBUG] Syncing metadata for: /db_working_home/000348.sst
2026/04/19-18:13:49.655530 1630 [DEBUG] New random access file: /db_working_home/000348.sst direct: 1
2026/04/19-18:13:49.655989 1630 [DEBUG] GetFileSize: /db_working_home/000348.sst 
2026/04/19-18:13:49.658915 1630 [DEBUG] Syncing metadata for: /db_working_home/MANIFEST-000228
2026/04/19-18:13:49.659571 1630 [DEBUG] GetFileSize: /db_working_home/000348.sst 
2026/04/19-18:13:49.664043 1628 Zone Garbage Stats: [76 2 0 0 0 12 6 8 3 7 7 0 ]
2026/04/19-18:13:49.664055 1628 Total Garbage Bytes: 267608511 bytes
2026/04/19-18:13:49.664522 1630 [DEBUG] Syncing metadata for: /db_working_home/000340.log
2026/04/19-18:13:49.665532 1630 [DEBUG] DeleteFile: ./db_working_home/000300.sst 
2026/04/19-18:13:49.666485 1630 [Zonestats:time(s),used_cap(MB),reclaimable_cap(MB), avg_reclaimable(%), active(#), active_zones(#), open_zones(#)] 227 1829 4314 70 6 6 2
2026/04/19-18:13:49.666527 1630 [DEBUG] DeleteFile: ./db_working_home/000340.log 
2026/04/19-18:13:49.667091 1630 [Zonestats:time(s),used_cap(MB),reclaimable_cap(MB), avg_reclaimable(%), active(#), active_zones(#), open_zones(#)] 227 1814 4329 70 6 6 2
2026/04/19-18:13:49.667127 1630 [DEBUG] DeleteFile: ./db_working_home/000341.sst 
2026/04/19-18:13:49.668080 1630 [Zonestats:time(s),used_cap(MB),reclaimable_cap(MB), avg_reclaimable(%), active(#), active_zones(#), open_zones(#)] 227 1754 4261 70 6 6 2
2026/04/19-18:13:49.668270 1630 [DEBUG] New writable file: /db_working_home/000351.sst direct: 1
2026/04/19-18:13:49.672596 1630 Entering Apply Finish Threshold Function
2026/04/19-18:13:49.672607 1630 Finishing zone: Entering Finish()
2026/04/19-18:13:49.677366 1626 [DEBUG] Allocating zone(new=0) start: 0x1a0000000 wp: 0x1a26e8e00 lt: 3 file lt: 2
2026/04/19-18:13:49.677377 1626 [DEBUG] Syncing metadata for: /db_working_home/000349.log
2026/04/19-18:13:49.886932 1626 [DEBUG] New writable file: /db_working_home/000352.log direct: 0
2026/04/19-18:13:50.657941 1629 [DEBUG] Allocating zone(new=1) start: 0x110000000 wp: 0x110000000 lt: 3 file lt: 3
2026/04/19-18:13:50.658026 1629 [Zonestats:time(s),used_cap(MB),reclaimable_cap(MB), avg_reclaimable(%), active(#), active_zones(#), open_zones(#)] 228 1769 4246 70 5 6 4
2026/04/19-18:13:50.658056 1629 [DEBUG] Syncing metadata for: /db_working_home/000350.sst
2026/04/19-18:13:50.664287 1628 Zone Garbage Stats: [77 1 0 0 0 12 5 8 3 7 7 0 ]
2026/04/19-18:13:50.664299 1628 Total Garbage Bytes: 267608020 bytes
2026/04/19-18:13:51.157585 1629 [DEBUG] Syncing metadata for: /db_working_home/000350.sst
2026/04/19-18:13:51.158386 1629 [DEBUG] Syncing metadata for: /db_working_home/000350.sst
2026/04/19-18:13:51.159528 1629 [DEBUG] GetFileSize: /db_working_home/000350.sst 
2026/04/19-18:13:51.159575 1629 [DEBUG] New writable file: /db_working_home/000353.sst direct: 1
2026/04/19-18:13:51.163069 1629 Entering Apply Finish Threshold Function
2026/04/19-18:13:51.163081 1629 Finishing zone: Entering Finish()
2026/04/19-18:13:51.613730 1630 [DEBUG] Allocating zone(new=1) start: 0x160000000 wp: 0x160000000 lt: 3 file lt: 3
2026/04/19-18:13:51.613745 1630 [Zonestats:time(s),used_cap(MB),reclaimable_cap(MB), avg_reclaimable(%), active(#), active_zones(#), open_zones(#)] 229 1809 4334 70 5 6 4
2026/04/19-18:13:51.613754 1630 [DEBUG] Syncing metadata for: /db_working_home/000351.sst
2026/04/19-18:13:51.664489 1628 Zone Garbage Stats: [76 1 0 0 0 12 5 8 3 8 7 0 ]
2026/04/19-18:13:51.664503 1628 Total Garbage Bytes: 267608327 bytes
2026/04/19-18:13:51.767416 1630 [DEBUG] Syncing metadata for: /db_working_home/000351.sst
2026/04/19-18:13:51.768230 1630 [DEBUG] Syncing metadata for: /db_working_home/000351.sst
2026/04/19-18:13:51.769251 1630 [DEBUG] New random access file: /db_working_home/000351.sst direct: 1
2026/04/19-18:13:51.769672 1630 [DEBUG] GetFileSize: /db_working_home/000351.sst 
2026/04/19-18:13:51.772624 1630 [DEBUG] Syncing metadata for: /db_working_home/MANIFEST-000228
2026/04/19-18:13:51.773334 1630 [DEBUG] GetFileSize: /db_working_home/000351.sst 
2026/04/19-18:13:51.777761 1630 [DEBUG] Syncing metadata for: /db_working_home/000344.log
2026/04/19-18:13:51.778704 1630 [DEBUG] DeleteFile: ./db_working_home/000344.log 
2026/04/19-18:13:51.779482 1630 [Zonestats:time(s),used_cap(MB),reclaimable_cap(MB), avg_reclaimable(%), active(#), active_zones(#), open_zones(#)] 229 1809 4462 71 6 6 2
2026/04/19-18:13:51.779661 1630 [DEBUG] New writable file: /db_working_home/000354.sst direct: 1
2026/04/19-18:13:51.783614 1630 Entering Apply Finish Threshold Function
2026/04/19-18:13:51.783625 1630 Finishing zone: Entering Finish()
2026/04/19-18:13:51.788460 1626 [DEBUG] Allocating zone(new=0) start: 0x160000000 wp: 0x160f34a00 lt: 3 file lt: 2
2026/04/19-18:13:51.788467 1626 [DEBUG] Syncing metadata for: /db_working_home/000352.log
2026/04/19-18:13:52.332957 1626 [DEBUG] New writable file: /db_working_home/000355.log direct: 0
2026/04/19-18:13:52.664690 1628 Zone Garbage Stats: [76 1 0 0 0 12 5 8 3 8 7 0 ]
2026/04/19-18:13:52.664784 1628 Total Garbage Bytes: 267608327 bytes
2026/04/19-18:13:52.693027 1629 [DEBUG] Allocating zone(new=1) start: 0x190000000 wp: 0x190000000 lt: 3 file lt: 3
2026/04/19-18:13:52.693041 1629 [Zonestats:time(s),used_cap(MB),reclaimable_cap(MB), avg_reclaimable(%), active(#), active_zones(#), open_zones(#)] 230 1824 4447 70 5 6 4
2026/04/19-18:13:52.693050 1629 [DEBUG] Syncing metadata for: /db_working_home/000353.sst
2026/04/19-18:13:52.791671 1629 [DEBUG] Syncing metadata for: /db_working_home/000353.sst
2026/04/19-18:13:52.792558 1629 [DEBUG] Syncing metadata for: /db_working_home/000353.sst
2026/04/19-18:13:52.793610 1629 [DEBUG] GetFileSize: /db_working_home/000353.sst 
2026/04/19-18:13:52.795132 1629 [DEBUG] New random access file: /db_working_home/000350.sst direct: 1
2026/04/19-18:13:52.795540 1629 [DEBUG] GetFileSize: /db_working_home/000350.sst 
2026/04/19-18:13:52.795710 1629 [DEBUG] New random access file: /db_working_home/000353.sst direct: 1
2026/04/19-18:13:52.796133 1629 [DEBUG] GetFileSize: /db_working_home/000353.sst 
2026/04/19-18:13:52.797029 1629 [DEBUG] Syncing metadata for: /db_working_home/MANIFEST-000228
2026/04/19-18:13:52.798467 1629 [DEBUG] Syncing metadata for: /db_working_home/MANIFEST-000228
2026/04/19-18:13:52.805666 1629 [DEBUG] New writable file: /db_working_home/000356.sst direct: 1
2026/04/19-18:13:52.809549 1629 Entering Apply Finish Threshold Function
2026/04/19-18:13:52.809576 1629 [DEBUG] Allocating zone(new=1) start: 0x198000000 wp: 0x198000000 lt: 5 file lt: 5
2026/04/19-18:13:52.809583 1629 [Zonestats:time(s),used_cap(MB),reclaimable_cap(MB), avg_reclaimable(%), active(#), active_zones(#), open_zones(#)] 230 1833 4566 71 6 7 4
2026/04/19-18:13:52.809590 1629 [DEBUG] Syncing metadata for: /db_working_home/000356.sst
2026/04/19-18:13:53.269653 1629 [DEBUG] Syncing metadata for: /db_working_home/000356.sst
2026/04/19-18:13:53.270231 1629 [DEBUG] Syncing metadata for: /db_working_home/000356.sst
2026/04/19-18:13:53.271291 1629 [DEBUG] GetFileSize: /db_working_home/000356.sst 
2026/04/19-18:13:53.271326 1629 [DEBUG] New writable file: /db_working_home/000357.sst direct: 1
2026/04/19-18:13:53.274857 1629 Entering Apply Finish Threshold Function
2026/04/19-18:13:53.274870 1629 Finishing zone: Entering Finish()
2026/04/19-18:13:53.664976 1628 Zone Garbage Stats: [74 2 0 0 0 12 5 9 3 8 7 0 ]
2026/04/19-18:13:53.664990 1628 Total Garbage Bytes: 267608868 bytes
2026/04/19-18:13:53.760211 1630 [DEBUG] Allocating zone(new=1) start: 0x1b0000000 wp: 0x1b0000000 lt: 3 file lt: 3
2026/04/19-18:13:53.760225 1630 [Zonestats:time(s),used_cap(MB),reclaimable_cap(MB), avg_reclaimable(%), active(#), active_zones(#), open_zones(#)] 231 1869 4658 71 6 7 4
2026/04/19-18:13:53.760236 1630 [DEBUG] Syncing metadata for: /db_working_home/000354.sst
2026/04/19-18:13:53.909907 1630 [DEBUG] Syncing metadata for: /db_working_home/000354.sst
2026/04/19-18:13:53.910506 1630 [DEBUG] Syncing metadata for: /db_working_home/000354.sst
2026/04/19-18:13:53.911490 1630 [DEBUG] New random access file: /db_working_home/000354.sst direct: 1
2026/04/19-18:13:53.911687 1630 [DEBUG] GetFileSize: /db_working_home/000354.sst 
2026/04/19-18:13:53.914309 1630 [DEBUG] Syncing metadata for: /db_working_home/MANIFEST-000228
2026/04/19-18:13:53.914983 1630 [DEBUG] GetFileSize: /db_working_home/000354.sst 
2026/04/19-18:13:53.919392 1630 [DEBUG] Syncing metadata for: /db_working_home/000349.log
2026/04/19-18:13:53.920144 1630 [DEBUG] DeleteFile: ./db_working_home/000334.sst 
2026/04/19-18:13:53.920977 1630 [Zonestats:time(s),used_cap(MB),reclaimable_cap(MB), avg_reclaimable(%), active(#), active_zones(#), open_zones(#)] 231 1869 4658 71 7 7 2
2026/04/19-18:13:53.921021 1630 [DEBUG] DeleteFile: ./db_working_home/000338.sst 
2026/04/19-18:13:53.921855 1630 [Zonestats:time(s),used_cap(MB),reclaimable_cap(MB), avg_reclaimable(%), active(#), active_zones(#), open_zones(#)] 231 1854 4545 71 7 7 2
2026/04/19-18:13:53.921890 1630 [DEBUG] DeleteFile: ./db_working_home/000339.sst 
2026/04/19-18:13:53.922752 1630 [Zonestats:time(s),used_cap(MB),reclaimable_cap(MB), avg_reclaimable(%), active(#), active_zones(#), open_zones(#)] 231 1851 4420 70 7 7 2
2026/04/19-18:13:53.922786 1630 [DEBUG] DeleteFile: ./db_working_home/000343.sst 
2026/04/19-18:13:53.923567 1630 [Zonestats:time(s),used_cap(MB),reclaimable_cap(MB), avg_reclaimable(%), active(#), active_zones(#), open_zones(#)] 231 1835 4436 70 7 7 2
2026/04/19-18:13:53.923599 1630 [DEBUG] DeleteFile: ./db_working_home/000349.log 
2026/04/19-18:13:53.924469 1630 [Zonestats:time(s),used_cap(MB),reclaimable_cap(MB), avg_reclaimable(%), active(#), active_zones(#), open_zones(#)] 231 1820 4451 70 7 7 2
2026/04/19-18:13:53.924618 1630 [DEBUG] New writable file: /db_working_home/000358.sst direct: 1
2026/04/19-18:13:53.927809 1630 Entering Apply Finish Threshold Function
2026/04/19-18:13:53.927820 1630 Finishing zone: Entering Finish()
2026/04/19-18:13:54.006535 1626 [DEBUG] Allocating zone(new=0) start: 0x1b0000000 wp: 0x1b0f31200 lt: 3 file lt: 2
2026/04/19-18:13:54.006549 1626 [DEBUG] Syncing metadata for: /db_working_home/000355.log
2026/04/19-18:13:54.665180 1628 Zone Garbage Stats: [76 2 0 0 0 12 5 9 3 5 8 0 ]
2026/04/19-18:13:54.665197 1628 Total Garbage Bytes: 283547663 bytes
2026/04/19-18:13:54.931936 1629 [DEBUG] Allocating zone(new=1) start: 0xf0000000 wp: 0xf0000000 lt: 5 file lt: 5
2026/04/19-18:13:54.931953 1629 [Zonestats:time(s),used_cap(MB),reclaimable_cap(MB), avg_reclaimable(%), active(#), active_zones(#), open_zones(#)] 232 1831 4440 70 6 7 4
2026/04/19-18:13:54.931963 1629 [DEBUG] Syncing metadata for: /db_working_home/000357.sst
2026/04/19-18:13:55.585623 1630 [DEBUG] Allocating zone(new=1) start: 0x108000000 wp: 0x108000000 lt: 3 file lt: 3
2026/04/19-18:13:55.585641 1630 [Zonestats:time(s),used_cap(MB),reclaimable_cap(MB), avg_reclaimable(%), active(#), active_zones(#), open_zones(#)] 233 1835 4436 70 6 7 5
2026/04/19-18:13:55.585651 1630 [DEBUG] Syncing metadata for: /db_working_home/000358.sst
2026/04/19-18:13:55.665390 1628 Zone Garbage Stats: [74 2 0 0 0 12 5 9 4 5 9 0 ]
2026/04/19-18:13:55.665406 1628 Total Garbage Bytes: 332437745 bytes
2026/04/19-18:13:55.755536 1630 [DEBUG] Syncing metadata for: /db_working_home/000358.sst
2026/04/19-18:13:55.756120 1630 [DEBUG] Syncing metadata for: /db_working_home/000358.sst
2026/04/19-18:13:55.756755 1630 [DEBUG] New random access file: /db_working_home/000358.sst direct: 1
2026/04/19-18:13:55.756933 1630 [DEBUG] GetFileSize: /db_working_home/000358.sst 
2026/04/19-18:13:55.760683 1630 [DEBUG] Syncing metadata for: /db_working_home/MANIFEST-000228
2026/04/19-18:13:55.764787 1630 [DEBUG] GetFileSize: /db_working_home/000358.sst 
2026/04/19-18:13:55.772529 1630 [DEBUG] Syncing metadata for: /db_working_home/000352.log
2026/04/19-18:13:55.773234 1630 [DEBUG] DeleteFile: ./db_working_home/000352.log 
2026/04/19-18:13:55.773806 1630 [Zonestats:time(s),used_cap(MB),reclaimable_cap(MB), avg_reclaimable(%), active(#), active_zones(#), open_zones(#)] 233 1835 4564 71 7 7 3
2026/04/19-18:13:55.773947 1626 [DEBUG] New writable file: /db_working_home/000359.log direct: 0
2026/04/19-18:13:55.774753 1630 [DEBUG] New writable file: /db_working_home/000360.sst direct: 1
2026/04/19-18:13:55.777451 1630 Entering Apply Finish Threshold Function
2026/04/19-18:13:55.777463 1630 Finishing zone: Entering Finish()
2026/04/19-18:13:55.948148 1626 [DEBUG] Allocating zone(new=0) start: 0x190000000 wp: 0x190909000 lt: 3 file lt: 2
2026/04/19-18:13:55.948162 1626 [DEBUG] Syncing metadata for: /db_working_home/000359.log
2026/04/19-18:13:56.220758 1629 [DEBUG] Syncing metadata for: /db_working_home/000357.sst
2026/04/19-18:13:56.221487 1629 [DEBUG] Syncing metadata for: /db_working_home/000357.sst
2026/04/19-18:13:56.222550 1629 [DEBUG] GetFileSize: /db_working_home/000357.sst 
2026/04/19-18:13:56.223993 1629 [DEBUG] New random access file: /db_working_home/000356.sst direct: 1
2026/04/19-18:13:56.224353 1629 [DEBUG] GetFileSize: /db_working_home/000356.sst 
2026/04/19-18:13:56.224520 1629 [DEBUG] New random access file: /db_working_home/000357.sst direct: 1
2026/04/19-18:13:56.225196 1629 [DEBUG] GetFileSize: /db_working_home/000357.sst 
2026/04/19-18:13:56.226263 1629 [DEBUG] Syncing metadata for: /db_working_home/MANIFEST-000228
2026/04/19-18:13:56.242743 1629 [DEBUG] New writable file: /db_working_home/000361.sst direct: 1
2026/04/19-18:13:56.246688 1629 Entering Apply Finish Threshold Function
2026/04/19-18:13:56.246700 1629 Finishing zone: Entering Finish()
2026/04/19-18:13:56.665592 1628 Zone Garbage Stats: [74 1 1 0 0 12 5 9 4 5 9 0 ]
2026/04/19-18:13:56.665609 1628 Total Garbage Bytes: 348746148 bytes
2026/04/19-18:13:57.054338 1629 Finishing zone: Entering Finish()
2026/04/19-18:13:57.540757 1626 [DEBUG] New writable file: /db_working_home/000362.log direct: 0
2026/04/19-18:13:57.665796 1628 Zone Garbage Stats: [74 1 0 0 1 12 5 9 4 5 9 0 ]
2026/04/19-18:13:57.665862 1628 Total Garbage Bytes: 332437527 bytes
2026/04/19-18:13:57.954303 1630 [DEBUG] Allocating zone(new=1) start: 0x118000000 wp: 0x118000000 lt: 3 file lt: 3
2026/04/19-18:13:57.954318 1630 [Zonestats:time(s),used_cap(MB),reclaimable_cap(MB), avg_reclaimable(%), active(#), active_zones(#), open_zones(#)] 235 1936 4591 70 5 6 4
2026/04/19-18:13:57.954327 1630 [DEBUG] Syncing metadata for: /db_working_home/000360.sst
2026/04/19-18:13:58.097901 1630 [DEBUG] Syncing metadata for: /db_working_home/000360.sst
2026/04/19-18:13:58.098503 1630 [DEBUG] Syncing metadata for: /db_working_home/000360.sst
2026/04/19-18:13:58.099488 1630 [DEBUG] New random access file: /db_working_home/000360.sst direct: 1
2026/04/19-18:13:58.099685 1630 [DEBUG] GetFileSize: /db_working_home/000360.sst 
2026/04/19-18:13:58.102298 1630 [DEBUG] Syncing metadata for: /db_working_home/MANIFEST-000228
2026/04/19-18:13:58.102942 1630 [DEBUG] GetFileSize: /db_working_home/000360.sst 
2026/04/19-18:13:58.107884 1630 [DEBUG] Syncing metadata for: /db_working_home/000355.log
2026/04/19-18:13:58.108847 1630 [DEBUG] DeleteFile: ./db_working_home/000333.sst 
2026/04/19-18:13:58.109705 1630 [Zonestats:time(s),used_cap(MB),reclaimable_cap(MB), avg_reclaimable(%), active(#), active_zones(#), open_zones(#)] 236 1888 4639 71 6 6 2
2026/04/19-18:13:58.109750 1630 [DEBUG] DeleteFile: ./db_working_home/000342.sst 
2026/04/19-18:13:58.110584 1630 [Zonestats:time(s),used_cap(MB),reclaimable_cap(MB), avg_reclaimable(%), active(#), active_zones(#), open_zones(#)] 236 1822 4577 71 6 6 2
2026/04/19-18:13:58.110618 1630 [DEBUG] DeleteFile: ./db_working_home/000355.log 
2026/04/19-18:13:58.111399 1630 [Zonestats:time(s),used_cap(MB),reclaimable_cap(MB), avg_reclaimable(%), active(#), active_zones(#), open_zones(#)] 236 1806 4593 71 6 6 2
2026/04/19-18:13:58.111573 1630 [DEBUG] New writable file: /db_working_home/000363.sst direct: 1
2026/04/19-18:13:58.114417 1630 Entering Apply Finish Threshold Function
2026/04/19-18:13:58.114428 1630 Finishing zone: Entering Finish()
2026/04/19-18:13:58.206799 1626 [DEBUG] Allocating zone(new=0) start: 0x1b0000000 wp: 0x1b1eca000 lt: 3 file lt: 2
2026/04/19-18:13:58.206812 1626 [DEBUG] Syncing metadata for: /db_working_home/000362.log
2026/04/19-18:13:58.666049 1628 Zone Garbage Stats: [75 1 0 0 1 11 4 9 4 6 9 0 ]
2026/04/19-18:13:58.666081 1628 Total Garbage Bytes: 332437585 bytes
2026/04/19-18:13:58.828310 1629 [DEBUG] Allocating zone(new=1) start: 0x138000000 wp: 0x138000000 lt: 3 file lt: 3
2026/04/19-18:13:58.828327 1629 [Zonestats:time(s),used_cap(MB),reclaimable_cap(MB), avg_reclaimable(%), active(#), active_zones(#), open_zones(#)] 236 1812 4587 71 5 6 4
2026/04/19-18:13:58.828336 1629 [DEBUG] Syncing metadata for: /db_working_home/000361.sst
2026/04/19-18:13:59.666197 1628 Zone Garbage Stats: [74 1 0 0 1 11 4 9 4 7 9 0 ]
2026/04/19-18:13:59.666212 1628 Total Garbage Bytes: 348746361 bytes
2026/04/19-18:14:00.020050 1629 [DEBUG] Syncing metadata for: /db_working_home/000361.sst
2026/04/19-18:14:00.021073 1629 [DEBUG] Syncing metadata for: /db_working_home/000361.sst
2026/04/19-18:14:00.022306 1629 [DEBUG] GetFileSize: /db_working_home/000361.sst 
2026/04/19-18:14:00.022340 1629 [DEBUG] New writable file: /db_working_home/000364.sst direct: 1
2026/04/19-18:14:00.026392 1629 Entering Apply Finish Threshold Function
2026/04/19-18:14:00.026404 1629 Finishing zone: Entering Finish()
2026/04/19-18:14:00.398874 1626 [DEBUG] New writable file: /db_working_home/000365.log direct: 0
2026/04/19-18:14:00.664183 1630 [DEBUG] Allocating zone(new=1) start: 0x1a8000000 wp: 0x1a8000000 lt: 3 file lt: 3
2026/04/19-18:14:00.664198 1630 [Zonestats:time(s),used_cap(MB),reclaimable_cap(MB), avg_reclaimable(%), active(#), active_zones(#), open_zones(#)] 238 1911 4616 70 5 6 4
2026/04/19-18:14:00.664207 1630 [DEBUG] Syncing metadata for: /db_working_home/000363.sst
2026/04/19-18:14:00.666401 1628 Zone Garbage Stats: [73 1 0 0 1 11 4 9 4 8 9 0 ]
2026/04/19-18:14:00.666413 1628 Total Garbage Bytes: 348746852 bytes
2026/04/19-18:14:00.677648 1629 [DEBUG] Allocating zone(new=1) start: 0x1b8000000 wp: 0x1b8000000 lt: 3 file lt: 3
2026/04/19-18:14:00.677662 1629 [Zonestats:time(s),used_cap(MB),reclaimable_cap(MB), avg_reclaimable(%), active(#), active_zones(#), open_zones(#)] 238 1911 4616 70 5 6 5
2026/04/19-18:14:00.677670 1629 [DEBUG] Syncing metadata for: /db_working_home/000364.sst
2026/04/19-18:14:00.870943 1630 [DEBUG] Syncing metadata for: /db_working_home/000363.sst
2026/04/19-18:14:00.871867 1630 [DEBUG] Syncing metadata for: /db_working_home/000363.sst
2026/04/19-18:14:00.879597 1630 [DEBUG] New random access file: /db_working_home/000363.sst direct: 1
2026/04/19-18:14:00.879843 1630 [DEBUG] GetFileSize: /db_working_home/000363.sst 
2026/04/19-18:14:00.882018 1630 [DEBUG] Syncing metadata for: /db_working_home/MANIFEST-000228
2026/04/19-18:14:00.882674 1630 [DEBUG] GetFileSize: /db_working_home/000363.sst 
2026/04/19-18:14:00.894349 1630 [DEBUG] Syncing metadata for: /db_working_home/000359.log
2026/04/19-18:14:00.895176 1630 [DEBUG] DeleteFile: ./db_working_home/000359.log 
2026/04/19-18:14:00.895748 1630 [Zonestats:time(s),used_cap(MB),reclaimable_cap(MB), avg_reclaimable(%), active(#), active_zones(#), open_zones(#)] 238 1911 4744 71 6 6 3
2026/04/19-18:14:00.895921 1630 [DEBUG] New writable file: /db_working_home/000366.sst direct: 1
2026/04/19-18:14:00.898690 1630 Entering Apply Finish Threshold Function
2026/04/19-18:14:00.898702 1630 Finishing zone: Entering Finish()
2026/04/19-18:14:00.924976 1629 [DEBUG] Syncing metadata for: /db_working_home/000364.sst
2026/04/19-18:14:00.925948 1629 [DEBUG] Syncing metadata for: /db_working_home/000364.sst
2026/04/19-18:14:00.927212 1629 [DEBUG] GetFileSize: /db_working_home/000364.sst 
2026/04/19-18:14:00.928392 1629 [DEBUG] New random access file: /db_working_home/000361.sst direct: 1
2026/04/19-18:14:00.929242 1629 [DEBUG] GetFileSize: /db_working_home/000361.sst 
2026/04/19-18:14:00.929423 1629 [DEBUG] New random access file: /db_working_home/000364.sst direct: 1
2026/04/19-18:14:00.929961 1629 [DEBUG] GetFileSize: /db_working_home/000364.sst 
2026/04/19-18:14:00.931237 1629 [DEBUG] Syncing metadata for: /db_working_home/MANIFEST-000228
2026/04/19-18:14:00.932793 1629 [DEBUG] Syncing metadata for: /db_working_home/MANIFEST-000228
2026/04/19-18:14:00.939463 1629 [DEBUG] New writable file: /db_working_home/000367.sst direct: 1
2026/04/19-18:14:00.943506 1629 Entering Apply Finish Threshold Function
2026/04/19-18:14:00.943519 1629 Finishing zone: Entering Finish()
2026/04/19-18:14:00.993206 1626 [DEBUG] Allocating zone(new=0) start: 0x1b8000000 wp: 0x1b8fdb200 lt: 3 file lt: 2
2026/04/19-18:14:00.993219 1626 [DEBUG] Syncing metadata for: /db_working_home/000365.log
2026/04/19-18:14:01.666529 1628 Zone Garbage Stats: [72 1 0 0 2 11 4 9 4 8 9 0 ]
2026/04/19-18:14:01.666544 1628 Total Garbage Bytes: 348747074 bytes
2026/04/19-18:14:02.216007 1626 [DEBUG] New writable file: /db_working_home/000368.log direct: 0
2026/04/19-18:14:02.666729 1628 Zone Garbage Stats: [72 1 0 0 2 11 4 9 4 8 9 0 ]
2026/04/19-18:14:02.666808 1628 Total Garbage Bytes: 348747074 bytes
2026/04/19-18:14:02.715556 1630 [DEBUG] Allocating zone(new=1) start: 0x1c0000000 wp: 0x1c0000000 lt: 3 file lt: 3
2026/04/19-18:14:02.715571 1630 [Zonestats:time(s),used_cap(MB),reclaimable_cap(MB), avg_reclaimable(%), active(#), active_zones(#), open_zones(#)] 240 1942 4841 71 5 6 4
2026/04/19-18:14:02.715580 1630 [DEBUG] Syncing metadata for: /db_working_home/000366.sst
2026/04/19-18:14:02.859329 1630 [DEBUG] Syncing metadata for: /db_working_home/000366.sst
2026/04/19-18:14:02.860116 1630 [DEBUG] Syncing metadata for: /db_working_home/000366.sst
2026/04/19-18:14:02.861111 1630 [DEBUG] New random access file: /db_working_home/000366.sst direct: 1
2026/04/19-18:14:02.861558 1630 [DEBUG] GetFileSize: /db_working_home/000366.sst 
2026/04/19-18:14:02.864031 1630 [DEBUG] Syncing metadata for: /db_working_home/MANIFEST-000228
2026/04/19-18:14:02.864701 1630 [DEBUG] GetFileSize: /db_working_home/000366.sst 
2026/04/19-18:14:02.869633 1630 [DEBUG] Syncing metadata for: /db_working_home/000362.log
2026/04/19-18:14:02.870627 1630 [DEBUG] DeleteFile: ./db_working_home/000348.sst 
2026/04/19-18:14:02.871459 1630 [Zonestats:time(s),used_cap(MB),reclaimable_cap(MB), avg_reclaimable(%), active(#), active_zones(#), open_zones(#)] 240 1943 4840 71 6 6 2
2026/04/19-18:14:02.871502 1630 [DEBUG] DeleteFile: ./db_working_home/000350.sst 
2026/04/19-18:14:02.872336 1630 [Zonestats:time(s),used_cap(MB),reclaimable_cap(MB), avg_reclaimable(%), active(#), active_zones(#), open_zones(#)] 240 1904 4751 71 6 6 2
2026/04/19-18:14:02.872371 1630 [DEBUG] DeleteFile: ./db_working_home/000351.sst 
2026/04/19-18:14:02.873233 1630 [Zonestats:time(s),used_cap(MB),reclaimable_cap(MB), avg_reclaimable(%), active(#), active_zones(#), open_zones(#)] 240 1888 4639 71 6 6 2
2026/04/19-18:14:02.873266 1630 [DEBUG] DeleteFile: ./db_working_home/000353.sst 
2026/04/19-18:14:02.874145 1630 [Zonestats:time(s),used_cap(MB),reclaimable_cap(MB), avg_reclaimable(%), active(#), active_zones(#), open_zones(#)] 240 1879 4520 70 6 6 2
2026/04/19-18:14:02.874179 1630 [DEBUG] DeleteFile: ./db_working_home/000354.sst 
2026/04/19-18:14:02.874949 1630 [Zonestats:time(s),used_cap(MB),reclaimable_cap(MB), avg_reclaimable(%), active(#), active_zones(#), open_zones(#)] 240 1864 4535 70 6 6 2
2026/04/19-18:14:02.874981 1630 [DEBUG] DeleteFile: ./db_working_home/000358.sst 
2026/04/19-18:14:02.875932 1630 [Zonestats:time(s),used_cap(MB),reclaimable_cap(MB), avg_reclaimable(%), active(#), active_zones(#), open_zones(#)] 240 1849 4422 70 6 6 2
2026/04/19-18:14:02.875963 1630 [DEBUG] DeleteFile: ./db_working_home/000362.log 
2026/04/19-18:14:02.876611 1630 [Zonestats:time(s),used_cap(MB),reclaimable_cap(MB), avg_reclaimable(%), active(#), active_zones(#), open_zones(#)] 240 1833 4310 70 5 5 2
2026/04/19-18:14:02.876783 1630 [DEBUG] New writable file: /db_working_home/000369.sst direct: 1
2026/04/19-18:14:02.879555 1630 Entering Apply Finish Threshold Function
2026/04/19-18:14:02.879567 1630 Finishing zone: Entering Finish()
2026/04/19-18:14:02.948712 1626 [DEBUG] Allocating zone(new=1) start: 0x108000000 wp: 0x108000000 lt: 2 file lt: 2
2026/04/19-18:14:02.948725 1626 [DEBUG] Syncing metadata for: /db_working_home/000368.log
2026/04/19-18:14:02.994198 1629 [DEBUG] Allocating zone(new=1) start: 0x110000000 wp: 0x110000000 lt: 5 file lt: 5
2026/04/19-18:14:02.994213 1629 [Zonestats:time(s),used_cap(MB),reclaimable_cap(MB), avg_reclaimable(%), active(#), active_zones(#), open_zones(#)] 240 1834 4437 70 5 6 4
2026/04/19-18:14:02.994224 1629 [DEBUG] Syncing metadata for: /db_working_home/000367.sst
2026/04/19-18:14:03.201321 1629 [DEBUG] Syncing metadata for: /db_working_home/000367.sst
2026/04/19-18:14:03.202314 1629 [DEBUG] Syncing metadata for: /db_working_home/000367.sst
2026/04/19-18:14:03.203577 1629 [DEBUG] GetFileSize: /db_working_home/000367.sst 
2026/04/19-18:14:03.204711 1629 [DEBUG] New random access file: /db_working_home/000367.sst direct: 1
2026/04/19-18:14:03.205294 1629 [DEBUG] GetFileSize: /db_working_home/000367.sst 
2026/04/19-18:14:03.206356 1629 [DEBUG] Syncing metadata for: /db_working_home/MANIFEST-000228
2026/04/19-18:14:03.219213 1629 [DEBUG] New writable file: /db_working_home/000370.sst direct: 1
2026/04/19-18:14:03.222815 1629 Entering Apply Finish Threshold Function
2026/04/19-18:14:03.222826 1629 Finishing zone: Entering Finish()
2026/04/19-18:14:03.666923 1628 Zone Garbage Stats: [75 1 0 0 2 11 4 8 4 6 9 0 ]
2026/04/19-18:14:03.666939 1628 Total Garbage Bytes: 332437589 bytes
2026/04/19-18:14:04.376098 1626 [DEBUG] New writable file: /db_working_home/000371.log direct: 0
2026/04/19-18:14:04.667122 1628 Zone Garbage Stats: [75 1 0 0 2 11 4 8 4 6 9 0 ]
2026/04/19-18:14:04.667135 1628 Total Garbage Bytes: 332437589 bytes
2026/04/19-18:14:04.934351 1630 [DEBUG] Allocating zone(new=1) start: 0x160000000 wp: 0x160000000 lt: 3 file lt: 3
2026/04/19-18:14:04.934366 1630 [Zonestats:time(s),used_cap(MB),reclaimable_cap(MB), avg_reclaimable(%), active(#), active_zones(#), open_zones(#)] 242 1864 4535 70 5 6 4
2026/04/19-18:14:04.934375 1630 [DEBUG] Syncing metadata for: /db_working_home/000369.sst
2026/04/19-18:14:05.078631 1630 [DEBUG] Syncing metadata for: /db_working_home/000369.sst
2026/04/19-18:14:05.079210 1630 [DEBUG] Syncing metadata for: /db_working_home/000369.sst
2026/04/19-18:14:05.080197 1630 [DEBUG] New random access file: /db_working_home/000369.sst direct: 1
2026/04/19-18:14:05.080378 1630 [DEBUG] GetFileSize: /db_working_home/000369.sst 
2026/04/19-18:14:05.082989 1630 [DEBUG] Syncing metadata for: /db_working_home/MANIFEST-000228
2026/04/19-18:14:05.083642 1630 [DEBUG] GetFileSize: /db_working_home/000369.sst 
2026/04/19-18:14:05.089025 1630 [DEBUG] Syncing metadata for: /db_working_home/000365.log
2026/04/19-18:14:05.090003 1630 [DEBUG] DeleteFile: ./db_working_home/000335.sst 
2026/04/19-18:14:05.090853 1630 [Zonestats:time(s),used_cap(MB),reclaimable_cap(MB), avg_reclaimable(%), active(#), active_zones(#), open_zones(#)] 243 1870 4529 70 6 6 2
2026/04/19-18:14:05.090898 1630 [DEBUG] DeleteFile: ./db_working_home/000345.sst 
2026/04/19-18:14:05.091729 1630 [Zonestats:time(s),used_cap(MB),reclaimable_cap(MB), avg_reclaimable(%), active(#), active_zones(#), open_zones(#)] 243 1863 4408 70 6 6 2
2026/04/19-18:14:05.091763 1630 [DEBUG] DeleteFile: ./db_working_home/000365.log 
2026/04/19-18:14:05.092322 1630 [Zonestats:time(s),used_cap(MB),reclaimable_cap(MB), avg_reclaimable(%), active(#), active_zones(#), open_zones(#)] 243 1847 4424 70 6 6 2
2026/04/19-18:14:05.092474 1630 [DEBUG] New writable file: /db_working_home/000372.sst direct: 1
2026/04/19-18:14:05.095317 1630 Entering Apply Finish Threshold Function
2026/04/19-18:14:05.095328 1630 Finishing zone: Entering Finish()
2026/04/19-18:14:05.180990 1626 [DEBUG] Allocating zone(new=0) start: 0x1b8000000 wp: 0x1b9f74200 lt: 3 file lt: 2
2026/04/19-18:14:05.181003 1626 [DEBUG] Syncing metadata for: /db_working_home/000371.log
2026/04/19-18:14:05.252025 1629 [DEBUG] Allocating zone(new=1) start: 0x60000000 wp: 0x60000000 lt: 3 file lt: 3
2026/04/19-18:14:05.252057 1629 [Zonestats:time(s),used_cap(MB),reclaimable_cap(MB), avg_reclaimable(%), active(#), active_zones(#), open_zones(#)] 243 1848 4423 70 5 6 4
2026/04/19-18:14:05.252066 1629 [DEBUG] Syncing metadata for: /db_working_home/000370.sst
2026/04/19-18:14:05.667320 1628 Zone Garbage Stats: [75 1 0 0 2 11 4 8 4 8 7 0 ]
2026/04/19-18:14:05.667337 1628 Total Garbage Bytes: 220776574 bytes
2026/04/19-18:14:05.709046 1629 [DEBUG] Syncing metadata for: /db_working_home/000370.sst
2026/04/19-18:14:05.710022 1629 [DEBUG] Syncing metadata for: /db_working_home/000370.sst
2026/04/19-18:14:05.711287 1629 [DEBUG] GetFileSize: /db_working_home/000370.sst 
2026/04/19-18:14:05.711322 1629 [DEBUG] New writable file: /db_working_home/000373.sst direct: 1
2026/04/19-18:14:05.715047 1629 Entering Apply Finish Threshold Function
2026/04/19-18:14:05.715056 1629 Finishing zone: Entering Finish()
2026/04/19-18:14:06.667450 1628 Zone Garbage Stats: [75 1 0 0 2 11 4 8 4 8 7 0 ]
2026/04/19-18:14:06.667466 1628 Total Garbage Bytes: 220776574 bytes
2026/04/19-18:14:06.961039 1626 [DEBUG] New writable file: /db_working_home/000374.log direct: 0
2026/04/19-18:14:07.280630 1629 [DEBUG] Allocating zone(new=1) start: 0x168000000 wp: 0x168000000 lt: 3 file lt: 3
2026/04/19-18:14:07.280645 1629 [Zonestats:time(s),used_cap(MB),reclaimable_cap(MB), avg_reclaimable(%), active(#), active_zones(#), open_zones(#)] 245 1902 4497 70 5 6 4
2026/04/19-18:14:07.280654 1629 [DEBUG] Syncing metadata for: /db_working_home/000373.sst
2026/04/19-18:14:07.423965 1630 [DEBUG] Allocating zone(new=1) start: 0x188000000 wp: 0x188000000 lt: 3 file lt: 3
2026/04/19-18:14:07.423982 1630 [Zonestats:time(s),used_cap(MB),reclaimable_cap(MB), avg_reclaimable(%), active(#), active_zones(#), open_zones(#)] 245 1902 4497 70 5 6 5
2026/04/19-18:14:07.423992 1630 [DEBUG] Syncing metadata for: /db_working_home/000372.sst
2026/04/19-18:14:07.590069 1629 [DEBUG] Syncing metadata for: /db_working_home/000373.sst
2026/04/19-18:14:07.590647 1629 [DEBUG] Syncing metadata for: /db_working_home/000373.sst
2026/04/19-18:14:07.591355 1629 [DEBUG] GetFileSize: /db_working_home/000373.sst 
2026/04/19-18:14:07.592961 1629 [DEBUG] New random access file: /db_working_home/000370.sst direct: 1
2026/04/19-18:14:07.598348 1629 [DEBUG] GetFileSize: /db_working_home/000370.sst 
2026/04/19-18:14:07.598521 1629 [DEBUG] New random access file: /db_working_home/000373.sst direct: 1
2026/04/19-18:14:07.598735 1629 [DEBUG] GetFileSize: /db_working_home/000373.sst 
2026/04/19-18:14:07.599639 1629 [DEBUG] Syncing metadata for: /db_working_home/MANIFEST-000228
2026/04/19-18:14:07.612484 1630 [DEBUG] Syncing metadata for: /db_working_home/000372.sst
2026/04/19-18:14:07.614763 1629 [DEBUG] New writable file: /db_working_home/000375.sst direct: 1
2026/04/19-18:14:07.614845 1630 [DEBUG] Syncing metadata for: /db_working_home/000372.sst
2026/04/19-18:14:07.616093 1630 [DEBUG] New random access file: /db_working_home/000372.sst direct: 1
2026/04/19-18:14:07.616273 1630 [DEBUG] GetFileSize: /db_working_home/000372.sst 
2026/04/19-18:14:07.618106 1629 Entering Apply Finish Threshold Function
2026/04/19-18:14:07.618118 1629 Finishing zone: Entering Finish()
2026/04/19-18:14:07.619146 1630 [DEBUG] Syncing metadata for: /db_working_home/MANIFEST-000228
2026/04/19-18:14:07.619795 1630 [DEBUG] GetFileSize: /db_working_home/000372.sst 
2026/04/19-18:14:07.624733 1630 [DEBUG] Syncing metadata for: /db_working_home/000368.log
2026/04/19-18:14:07.625708 1630 [DEBUG] DeleteFile: ./db_working_home/000360.sst 
2026/04/19-18:14:07.626560 1630 [Zonestats:time(s),used_cap(MB),reclaimable_cap(MB), avg_reclaimable(%), active(#), active_zones(#), open_zones(#)] 245 1924 4603 70 6 6 2
2026/04/19-18:14:07.626603 1630 [DEBUG] DeleteFile: ./db_working_home/000363.sst 
2026/04/19-18:14:07.627438 1630 [Zonestats:time(s),used_cap(MB),reclaimable_cap(MB), avg_reclaimable(%), active(#), active_zones(#), open_zones(#)] 245 1909 4490 70 6 6 2
2026/04/19-18:14:07.627473 1630 [DEBUG] DeleteFile: ./db_working_home/000364.sst 
2026/04/19-18:14:07.628249 1630 [Zonestats:time(s),used_cap(MB),reclaimable_cap(MB), avg_reclaimable(%), active(#), active_zones(#), open_zones(#)] 245 1893 4506 70 6 6 2
2026/04/19-18:14:07.628284 1630 [DEBUG] DeleteFile: ./db_working_home/000366.sst 
2026/04/19-18:14:07.629246 1630 [Zonestats:time(s),used_cap(MB),reclaimable_cap(MB), avg_reclaimable(%), active(#), active_zones(#), open_zones(#)] 245 1877 4394 70 6 6 2
2026/04/19-18:14:07.629276 1630 [DEBUG] DeleteFile: ./db_working_home/000368.log 
2026/04/19-18:14:07.630153 1630 [Zonestats:time(s),used_cap(MB),reclaimable_cap(MB), avg_reclaimable(%), active(#), active_zones(#), open_zones(#)] 245 1862 4281 69 5 5 2
2026/04/19-18:14:07.630304 1630 [DEBUG] New writable file: /db_working_home/000376.sst direct: 1
2026/04/19-18:14:07.633155 1630 Entering Apply Finish Threshold Function
2026/04/19-18:14:07.633166 1630 Finishing zone: Entering Finish()
2026/04/19-18:14:07.667574 1628 Zone Garbage Stats: [77 1 0 0 2 11 4 9 4 6 7 0 ]
2026/04/19-18:14:07.667657 1628 Total Garbage Bytes: 220775992 bytes
2026/04/19-18:14:07.700674 1626 [DEBUG] Allocating zone(new=1) start: 0x108000000 wp: 0x108000000 lt: 2 file lt: 2
2026/04/19-18:14:07.700685 1626 [DEBUG] Syncing metadata for: /db_working_home/000374.log
2026/04/19-18:14:08.667894 1628 Zone Garbage Stats: [76 1 0 0 2 11 4 9 4 6 7 0 ]
2026/04/19-18:14:08.667912 1628 Total Garbage Bytes: 220775992 bytes
2026/04/19-18:14:09.015111 1626 [DEBUG] New writable file: /db_working_home/000377.log direct: 0
2026/04/19-18:14:09.496834 1629 [DEBUG] Allocating zone(new=1) start: 0x118000000 wp: 0x118000000 lt: 4 file lt: 4
2026/04/19-18:14:09.496849 1629 [Zonestats:time(s),used_cap(MB),reclaimable_cap(MB), avg_reclaimable(%), active(#), active_zones(#), open_zones(#)] 247 1877 4394 70 5 6 4
2026/04/19-18:14:09.496858 1629 [DEBUG] Syncing metadata for: /db_working_home/000375.sst
2026/04/19-18:14:09.668103 1628 Zone Garbage Stats: [75 1 0 0 2 11 4 9 4 7 7 0 ]
2026/04/19-18:14:09.668118 1628 Total Garbage Bytes: 220776139 bytes
2026/04/19-18:14:09.671041 1630 [DEBUG] Allocating zone(new=1) start: 0x190000000 wp: 0x190000000 lt: 3 file lt: 3
2026/04/19-18:14:09.671056 1630 [Zonestats:time(s),used_cap(MB),reclaimable_cap(MB), avg_reclaimable(%), active(#), active_zones(#), open_zones(#)] 247 1877 4394 70 5 6 5
2026/04/19-18:14:09.671067 1630 [DEBUG] Syncing metadata for: /db_working_home/000376.sst
2026/04/19-18:14:09.834629 1630 [DEBUG] Syncing metadata for: /db_working_home/000376.sst
2026/04/19-18:14:09.835205 1630 [DEBUG] Syncing metadata for: /db_working_home/000376.sst
2026/04/19-18:14:09.835834 1630 [DEBUG] New random access file: /db_working_home/000376.sst direct: 1
2026/04/19-18:14:09.836022 1630 [DEBUG] GetFileSize: /db_working_home/000376.sst 
2026/04/19-18:14:09.841184 1630 [DEBUG] Syncing metadata for: /db_working_home/MANIFEST-000228
2026/04/19-18:14:09.845089 1630 [DEBUG] GetFileSize: /db_working_home/000376.sst 
2026/04/19-18:14:09.853471 1630 [DEBUG] Syncing metadata for: /db_working_home/000371.log
2026/04/19-18:14:09.857315 1630 [DEBUG] DeleteFile: ./db_working_home/000371.log 
2026/04/19-18:14:09.858044 1630 [Zonestats:time(s),used_cap(MB),reclaimable_cap(MB), avg_reclaimable(%), active(#), active_zones(#), open_zones(#)] 247 1877 4394 70 5 5 3
2026/04/19-18:14:09.858204 1630 [DEBUG] New writable file: /db_working_home/000378.sst direct: 1
2026/04/19-18:14:09.860932 1630 Entering Apply Finish Threshold Function
2026/04/19-18:14:09.860944 1630 Finishing zone: Entering Finish()
2026/04/19-18:14:09.944704 1629 [DEBUG] Syncing metadata for: /db_working_home/000375.sst
2026/04/19-18:14:09.945686 1629 [DEBUG] Syncing metadata for: /db_working_home/000375.sst
2026/04/19-18:14:09.946973 1629 [DEBUG] GetFileSize: /db_working_home/000375.sst 
2026/04/19-18:14:09.948408 1629 [DEBUG] New random access file: /db_working_home/000375.sst direct: 1
2026/04/19-18:14:09.948927 1629 [DEBUG] GetFileSize: /db_working_home/000375.sst 
2026/04/19-18:14:09.950205 1629 [DEBUG] Syncing metadata for: /db_working_home/MANIFEST-000228
2026/04/19-18:14:09.957644 1629 [DEBUG] New writable file: /db_working_home/000379.sst direct: 1
2026/04/19-18:14:09.961493 1629 Entering Apply Finish Threshold Function
2026/04/19-18:14:09.961505 1629 Finishing zone: Entering Finish()
2026/04/19-18:14:09.980694 1626 [DEBUG] Allocating zone(new=1) start: 0x1a8000000 wp: 0x1a8000000 lt: 2 file lt: 2
2026/04/19-18:14:09.980706 1626 [DEBUG] Syncing metadata for: /db_working_home/000377.log
2026/04/19-18:14:10.668313 1628 Zone Garbage Stats: [74 1 0 0 2 11 4 9 4 8 7 0 ]
2026/04/19-18:14:10.668330 1628 Total Garbage Bytes: 220776470 bytes
2026/04/19-18:14:11.395530 1626 [DEBUG] New writable file: /db_working_home/000380.log direct: 0
2026/04/19-18:14:11.668514 1628 Zone Garbage Stats: [74 1 0 0 2 11 4 9 4 8 7 0 ]
2026/04/19-18:14:11.668527 1628 Total Garbage Bytes: 220776470 bytes
2026/04/19-18:14:11.756375 1629 [DEBUG] Allocating zone(new=1) start: 0x1b0000000 wp: 0x1b0000000 lt: 5 file lt: 5
2026/04/19-18:14:11.756389 1629 [Zonestats:time(s),used_cap(MB),reclaimable_cap(MB), avg_reclaimable(%), active(#), active_zones(#), open_zones(#)] 249 1920 4607 70 5 6 4
2026/04/19-18:14:11.756400 1629 [DEBUG] Syncing metadata for: /db_working_home/000379.sst
2026/04/19-18:14:11.977420 1630 [DEBUG] Allocating zone(new=1) start: 0x1b8000000 wp: 0x1b8000000 lt: 3 file lt: 3
2026/04/19-18:14:11.977436 1630 [Zonestats:time(s),used_cap(MB),reclaimable_cap(MB), avg_reclaimable(%), active(#), active_zones(#), open_zones(#)] 249 1920 4607 70 5 6 5
2026/04/19-18:14:11.977446 1630 [DEBUG] Syncing metadata for: /db_working_home/000378.sst
2026/04/19-18:14:12.150184 1630 [DEBUG] Syncing metadata for: /db_working_home/000378.sst
2026/04/19-18:14:12.154174 1630 [DEBUG] Syncing metadata for: /db_working_home/000378.sst
2026/04/19-18:14:12.158334 1630 [DEBUG] New random access file: /db_working_home/000378.sst direct: 1
2026/04/19-18:14:12.158527 1630 [DEBUG] GetFileSize: /db_working_home/000378.sst 
2026/04/19-18:14:12.164330 1630 [DEBUG] Syncing metadata for: /db_working_home/MANIFEST-000228
2026/04/19-18:14:12.168234 1630 [DEBUG] GetFileSize: /db_working_home/000378.sst 
2026/04/19-18:14:12.175395 1630 [DEBUG] Syncing metadata for: /db_working_home/000374.log
2026/04/19-18:14:12.178162 1630 [DEBUG] DeleteFile: ./db_working_home/000332.sst 
2026/04/19-18:14:12.182212 1630 [Zonestats:time(s),used_cap(MB),reclaimable_cap(MB), avg_reclaimable(%), active(#), active_zones(#), open_zones(#)] 250 1928 4599 70 6 6 3
2026/04/19-18:14:12.182267 1630 [DEBUG] DeleteFile: ./db_working_home/000373.sst 
2026/04/19-18:14:12.186235 1630 [Zonestats:time(s),used_cap(MB),reclaimable_cap(MB), avg_reclaimable(%), active(#), active_zones(#), open_zones(#)] 250 1907 4492 70 6 6 3
2026/04/19-18:14:12.186286 1630 [DEBUG] DeleteFile: ./db_working_home/000374.log 
2026/04/19-18:14:12.186958 1630 [Zonestats:time(s),used_cap(MB),reclaimable_cap(MB), avg_reclaimable(%), active(#), active_zones(#), open_zones(#)] 250 1891 4380 69 5 5 3
2026/04/19-18:14:12.187151 1630 [DEBUG] New writable file: /db_working_home/000381.sst direct: 1
2026/04/19-18:14:12.189910 1630 Entering Apply Finish Threshold Function
2026/04/19-18:14:12.189948 1630 Finishing zone: Entering Finish()
2026/04/19-18:14:12.394063 1626 [DEBUG] Allocating zone(new=1) start: 0x108000000 wp: 0x108000000 lt: 2 file lt: 2
2026/04/19-18:14:12.394077 1626 [DEBUG] Syncing metadata for: /db_working_home/000380.log
2026/04/19-18:14:12.430706 1629 [DEBUG] Syncing metadata for: /db_working_home/000379.sst
2026/04/19-18:14:12.431317 1629 [DEBUG] Syncing metadata for: /db_working_home/000379.sst
2026/04/19-18:14:12.432378 1629 [DEBUG] GetFileSize: /db_working_home/000379.sst 
2026/04/19-18:14:12.432412 1629 [DEBUG] New writable file: /db_working_home/000382.sst direct: 1
2026/04/19-18:14:12.433561 1629 Entering Apply Finish Threshold Function
2026/04/19-18:14:12.433571 1629 Finishing zone: Entering Finish()
2026/04/19-18:14:12.668712 1628 Zone Garbage Stats: [74 1 0 0 2 11 4 9 5 8 6 0 ]
2026/04/19-18:14:12.668818 1628 Total Garbage Bytes: 171887330 bytes
2026/04/19-18:14:13.669027 1628 Zone Garbage Stats: [74 1 0 0 2 11 4 9 5 8 6 0 ]
2026/04/19-18:14:13.669044 1628 Total Garbage Bytes: 171887330 bytes
2026/04/19-18:14:13.954623 1629 [DEBUG] Allocating zone(new=1) start: 0x168000000 wp: 0x168000000 lt: 5 file lt: 5
2026/04/19-18:14:13.954640 1629 [Zonestats:time(s),used_cap(MB),reclaimable_cap(MB), avg_reclaimable(%), active(#), active_zones(#), open_zones(#)] 251 1954 4573 70 5 6 4
2026/04/19-18:14:13.954649 1629 [DEBUG] Syncing metadata for: /db_working_home/000382.sst
2026/04/19-18:14:13.958909 1629 [DEBUG] Syncing metadata for: /db_working_home/000382.sst
2026/04/19-18:14:13.959934 1629 [DEBUG] Syncing metadata for: /db_working_home/000382.sst
2026/04/19-18:14:13.960686 1629 [DEBUG] GetFileSize: /db_working_home/000382.sst 
2026/04/19-18:14:13.962140 1629 [DEBUG] New random access file: /db_working_home/000379.sst direct: 1
2026/04/19-18:14:13.962697 1629 [DEBUG] GetFileSize: /db_working_home/000379.sst 
2026/04/19-18:14:13.962877 1629 [DEBUG] New random access file: /db_working_home/000382.sst direct: 1
2026/04/19-18:14:13.963191 1629 [DEBUG] GetFileSize: /db_working_home/000382.sst 
2026/04/19-18:14:13.964478 1629 [DEBUG] Syncing metadata for: /db_working_home/MANIFEST-000228
2026/04/19-18:14:13.981078 1629 [DEBUG] New writable file: /db_working_home/000383.sst direct: 1
2026/04/19-18:14:13.984592 1629 Entering Apply Finish Threshold Function
2026/04/19-18:14:13.984617 1629 [DEBUG] Allocating zone(new=0) start: 0x168000000 wp: 0x168000a00 lt: 5 file lt: 3
2026/04/19-18:14:13.984624 1629 [Zonestats:time(s),used_cap(MB),reclaimable_cap(MB), avg_reclaimable(%), active(#), active_zones(#), open_zones(#)] 251 1954 4701 70 6 6 4
2026/04/19-18:14:13.984631 1629 [DEBUG] Syncing metadata for: /db_working_home/000383.sst
2026/04/19-18:14:14.041563 1626 [DEBUG] New writable file: /db_working_home/000384.log direct: 0
2026/04/19-18:14:14.658893 1630 [DEBUG] Allocating zone(new=1) start: 0x1a0000000 wp: 0x1a0000000 lt: 3 file lt: 3
2026/04/19-18:14:14.658911 1630 [Zonestats:time(s),used_cap(MB),reclaimable_cap(MB), avg_reclaimable(%), active(#), active_zones(#), open_zones(#)] 252 1954 4701 70 5 6 5
2026/04/19-18:14:14.658920 1630 [DEBUG] Syncing metadata for: /db_working_home/000381.sst
2026/04/19-18:14:14.669234 1628 Zone Garbage Stats: [72 1 0 0 2 11 4 10 5 9 6 0 ]
2026/04/19-18:14:14.669248 1628 Total Garbage Bytes: 171887731 bytes
2026/04/19-18:14:14.845314 1630 [DEBUG] Syncing metadata for: /db_working_home/000381.sst
2026/04/19-18:14:14.845895 1630 [DEBUG] Syncing metadata for: /db_working_home/000381.sst
2026/04/19-18:14:14.846555 1630 [DEBUG] New random access file: /db_working_home/000381.sst direct: 1
2026/04/19-18:14:14.846733 1630 [DEBUG] GetFileSize: /db_working_home/000381.sst 
2026/04/19-18:14:14.855137 1630 [DEBUG] Syncing metadata for: /db_working_home/MANIFEST-000228
2026/04/19-18:14:14.855822 1630 [DEBUG] GetFileSize: /db_working_home/000381.sst 
2026/04/19-18:14:14.860591 1630 [DEBUG] Syncing metadata for: /db_working_home/000377.log
2026/04/19-18:14:14.868430 1630 [DEBUG] DeleteFile: ./db_working_home/000305.sst 
2026/04/19-18:14:14.869129 1630 [Zonestats:time(s),used_cap(MB),reclaimable_cap(MB), avg_reclaimable(%), active(#), active_zones(#), open_zones(#)] 252 1962 4693 70 6 6 3
2026/04/19-18:14:14.869175 1630 [DEBUG] DeleteFile: ./db_working_home/000367.sst 
2026/04/19-18:14:14.869823 1630 [Zonestats:time(s),used_cap(MB),reclaimable_cap(MB), avg_reclaimable(%), active(#), active_zones(#), open_zones(#)] 252 1946 4581 70 6 6 3
2026/04/19-18:14:14.869859 1630 [DEBUG] DeleteFile: ./db_working_home/000375.sst 
2026/04/19-18:14:14.870681 1630 [Zonestats:time(s),used_cap(MB),reclaimable_cap(MB), avg_reclaimable(%), active(#), active_zones(#), open_zones(#)] 252 1919 4480 70 6 6 3
2026/04/19-18:14:14.870714 1630 [DEBUG] DeleteFile: ./db_working_home/000377.log 
2026/04/19-18:14:14.878335 1630 [Zonestats:time(s),used_cap(MB),reclaimable_cap(MB), avg_reclaimable(%), active(#), active_zones(#), open_zones(#)] 252 1903 4368 69 5 5 3
2026/04/19-18:14:14.878540 1630 [DEBUG] New writable file: /db_working_home/000385.sst direct: 1
2026/04/19-18:14:14.881314 1630 Entering Apply Finish Threshold Function
2026/04/19-18:14:14.881325 1630 Finishing zone: Entering Finish()
2026/04/19-18:14:15.129708 1626 [DEBUG] Allocating zone(new=1) start: 0x110000000 wp: 0x110000000 lt: 2 file lt: 2
2026/04/19-18:14:15.129722 1626 [DEBUG] Syncing metadata for: /db_working_home/000384.log
2026/04/19-18:14:15.195525 1629 [DEBUG] Syncing metadata for: /db_working_home/000383.sst
2026/04/19-18:14:15.196567 1629 [DEBUG] Syncing metadata for: /db_working_home/000383.sst
2026/04/19-18:14:15.197856 1629 [DEBUG] GetFileSize: /db_working_home/000383.sst 
2026/04/19-18:14:15.197889 1629 [DEBUG] New writable file: /db_working_home/000386.sst direct: 1
2026/04/19-18:14:15.201220 1629 Entering Apply Finish Threshold Function
2026/04/19-18:14:15.201233 1629 Finishing zone: Entering Finish()
2026/04/19-18:14:15.669435 1628 Zone Garbage Stats: [75 1 0 0 2 11 4 10 4 8 5 0 ]
2026/04/19-18:14:15.669452 1628 Total Garbage Bytes: 155589689 bytes
2026/04/19-18:14:15.881171 1629 [DEBUG] Allocating zone(new=1) start: 0x118000000 wp: 0x118000000 lt: 3 file lt: 3
2026/04/19-18:14:15.881189 1629 [Zonestats:time(s),used_cap(MB),reclaimable_cap(MB), avg_reclaimable(%), active(#), active_zones(#), open_zones(#)] 253 2001 4398 68 5 6 4
2026/04/19-18:14:15.881197 1629 [DEBUG] Syncing metadata for: /db_working_home/000386.sst
2026/04/19-18:14:15.969825 1629 [DEBUG] Syncing metadata for: /db_working_home/000386.sst
2026/04/19-18:14:15.970825 1629 [DEBUG] Syncing metadata for: /db_working_home/000386.sst
2026/04/19-18:14:15.972095 1629 [DEBUG] GetFileSize: /db_working_home/000386.sst 
2026/04/19-18:14:15.999267 1629 [DEBUG] New random access file: /db_working_home/000383.sst direct: 1
2026/04/19-18:14:15.999826 1629 [DEBUG] GetFileSize: /db_working_home/000383.sst 
2026/04/19-18:14:16.000028 1629 [DEBUG] New random access file: /db_working_home/000386.sst direct: 1
2026/04/19-18:14:16.000512 1629 [DEBUG] GetFileSize: /db_working_home/000386.sst 
2026/04/19-18:14:16.001596 1629 [DEBUG] Syncing metadata for: /db_working_home/MANIFEST-000228
2026/04/19-18:14:16.003327 1629 [DEBUG] Syncing metadata for: /db_working_home/MANIFEST-000228
2026/04/19-18:14:16.010552 1629 [DEBUG] New writable file: /db_working_home/000387.sst direct: 1
2026/04/19-18:14:16.014075 1629 Entering Apply Finish Threshold Function
2026/04/19-18:14:16.014103 1629 [DEBUG] Allocating zone(new=1) start: 0x170000000 wp: 0x170000000 lt: 4 file lt: 4
2026/04/19-18:14:16.014110 1629 [Zonestats:time(s),used_cap(MB),reclaimable_cap(MB), avg_reclaimable(%), active(#), active_zones(#), open_zones(#)] 254 2009 4518 69 6 7 4
2026/04/19-18:14:16.014117 1629 [DEBUG] Syncing metadata for: /db_working_home/000387.sst
2026/04/19-18:14:16.549137 1629 [DEBUG] Syncing metadata for: /db_working_home/000387.sst
2026/04/19-18:14:16.550114 1629 [DEBUG] Syncing metadata for: /db_working_home/000387.sst
2026/04/19-18:14:16.551175 1629 [DEBUG] GetFileSize: /db_working_home/000387.sst 
2026/04/19-18:14:16.551209 1629 [DEBUG] New writable file: /db_working_home/000388.sst direct: 1
2026/04/19-18:14:16.554799 1629 Entering Apply Finish Threshold Function
2026/04/19-18:14:16.554812 1629 Finishing zone: Entering Finish()
2026/04/19-18:14:16.669644 1628 Zone Garbage Stats: [73 2 0 1 2 11 4 10 4 8 5 0 ]
2026/04/19-18:14:16.669661 1628 Total Garbage Bytes: 155590131 bytes
2026/04/19-18:14:16.919441 1626 [DEBUG] New writable file: /db_working_home/000389.log direct: 0
2026/04/19-18:14:17.288279 1630 [DEBUG] Allocating zone(new=1) start: 0x1a8000000 wp: 0x1a8000000 lt: 3 file lt: 3
2026/04/19-18:14:17.288294 1630 [Zonestats:time(s),used_cap(MB),reclaimable_cap(MB), avg_reclaimable(%), active(#), active_zones(#), open_zones(#)] 255 2057 4598 69 6 7 4
2026/04/19-18:14:17.288303 1630 [DEBUG] Syncing metadata for: /db_working_home/000385.sst
2026/04/19-18:14:17.435078 1630 [DEBUG] Syncing metadata for: /db_working_home/000385.sst
2026/04/19-18:14:17.435652 1630 [DEBUG] Syncing metadata for: /db_working_home/000385.sst
2026/04/19-18:14:17.436437 1630 [DEBUG] New random access file: /db_working_home/000385.sst direct: 1
2026/04/19-18:14:17.436696 1630 [DEBUG] GetFileSize: /db_working_home/000385.sst 
2026/04/19-18:14:17.439249 1630 [DEBUG] Syncing metadata for: /db_working_home/MANIFEST-000228
2026/04/19-18:14:17.439895 1630 [DEBUG] GetFileSize: /db_working_home/000385.sst 
2026/04/19-18:14:17.444786 1630 [DEBUG] Syncing metadata for: /db_working_home/000380.log
2026/04/19-18:14:17.445533 1630 [DEBUG] DeleteFile: ./db_working_home/000369.sst 
2026/04/19-18:14:17.446376 1630 [Zonestats:time(s),used_cap(MB),reclaimable_cap(MB), avg_reclaimable(%), active(#), active_zones(#), open_zones(#)] 255 2057 4598 69 7 7 2
2026/04/19-18:14:17.446420 1630 [DEBUG] DeleteFile: ./db_working_home/000370.sst 
2026/04/19-18:14:17.447249 1630 [Zonestats:time(s),used_cap(MB),reclaimable_cap(MB), avg_reclaimable(%), active(#), active_zones(#), open_zones(#)] 255 2017 4510 69 7 7 2
2026/04/19-18:14:17.447284 1630 [DEBUG] DeleteFile: ./db_working_home/000372.sst 
2026/04/19-18:14:17.448146 1630 [Zonestats:time(s),used_cap(MB),reclaimable_cap(MB), avg_reclaimable(%), active(#), active_zones(#), open_zones(#)] 255 2002 4397 68 7 7 2
2026/04/19-18:14:17.448180 1630 [DEBUG] DeleteFile: ./db_working_home/000376.sst 
2026/04/19-18:14:17.449054 1630 [Zonestats:time(s),used_cap(MB),reclaimable_cap(MB), avg_reclaimable(%), active(#), active_zones(#), open_zones(#)] 255 1987 4284 68 7 7 2
2026/04/19-18:14:17.449086 1630 [DEBUG] DeleteFile: ./db_working_home/000378.sst 
2026/04/19-18:14:17.449964 1630 [Zonestats:time(s),used_cap(MB),reclaimable_cap(MB), avg_reclaimable(%), active(#), active_zones(#), open_zones(#)] 255 1971 4172 67 7 7 2
2026/04/19-18:14:17.450007 1630 [DEBUG] DeleteFile: ./db_working_home/000380.log 
2026/04/19-18:14:17.450650 1630 [Zonestats:time(s),used_cap(MB),reclaimable_cap(MB), avg_reclaimable(%), active(#), active_zones(#), open_zones(#)] 255 1956 4059 67 6 6 2
2026/04/19-18:14:17.450823 1630 [DEBUG] New writable file: /db_working_home/000390.sst direct: 1
2026/04/19-18:14:17.453602 1630 Entering Apply Finish Threshold Function
2026/04/19-18:14:17.453614 1630 Finishing zone: Entering Finish()
2026/04/19-18:14:17.524964 1626 [DEBUG] Allocating zone(new=0) start: 0x118000000 wp: 0x118787600 lt: 3 file lt: 2
2026/04/19-18:14:17.524977 1626 [DEBUG] Syncing metadata for: /db_working_home/000389.log
2026/04/19-18:14:17.669849 1628 Zone Garbage Stats: [78 1 0 1 2 11 4 9 4 5 5 0 ]
2026/04/19-18:14:17.669944 1628 Total Garbage Bytes: 155588581 bytes
2026/04/19-18:14:18.184078 1629 [DEBUG] Allocating zone(new=1) start: 0x60000000 wp: 0x60000000 lt: 4 file lt: 4
2026/04/19-18:14:18.184094 1629 [Zonestats:time(s),used_cap(MB),reclaimable_cap(MB), avg_reclaimable(%), active(#), active_zones(#), open_zones(#)] 256 1964 4051 67 5 6 4
2026/04/19-18:14:18.184102 1629 [DEBUG] Syncing metadata for: /db_working_home/000388.sst
2026/04/19-18:14:18.670135 1628 Zone Garbage Stats: [77 1 0 1 2 11 4 10 4 5 5 0 ]
2026/04/19-18:14:18.670151 1628 Total Garbage Bytes: 155588786 bytes
2026/04/19-18:14:18.690730 1629 [DEBUG] Syncing metadata for: /db_working_home/000388.sst
2026/04/19-18:14:18.691326 1629 [DEBUG] Syncing metadata for: /db_working_home/000388.sst
2026/04/19-18:14:18.692561 1629 [DEBUG] GetFileSize: /db_working_home/000388.sst 
2026/04/19-18:14:18.692596 1629 [DEBUG] New writable file: /db_working_home/000391.sst direct: 1
2026/04/19-18:14:18.699166 1629 Entering Apply Finish Threshold Function
2026/04/19-18:14:18.699176 1629 Finishing zone: Entering Finish()
2026/04/19-18:14:19.110681 1626 [DEBUG] New writable file: /db_working_home/000392.log direct: 0
2026/04/19-18:14:19.670337 1628 Zone Garbage Stats: [77 1 0 1 2 11 4 10 4 5 5 0 ]
2026/04/19-18:14:19.670349 1628 Total Garbage Bytes: 155588786 bytes
2026/04/19-18:14:19.673756 1630 [DEBUG] Allocating zone(new=1) start: 0x108000000 wp: 0x108000000 lt: 3 file lt: 3
2026/04/19-18:14:19.673771 1630 [Zonestats:time(s),used_cap(MB),reclaimable_cap(MB), avg_reclaimable(%), active(#), active_zones(#), open_zones(#)] 257 2014 4129 67 5 6 4
2026/04/19-18:14:19.673779 1630 [DEBUG] Syncing metadata for: /db_working_home/000390.sst
2026/04/19-18:14:19.817334 1630 [DEBUG] Syncing metadata for: /db_working_home/000390.sst
2026/04/19-18:14:19.817911 1630 [DEBUG] Syncing metadata for: /db_working_home/000390.sst
2026/04/19-18:14:19.818897 1630 [DEBUG] New random access file: /db_working_home/000390.sst direct: 1
2026/04/19-18:14:19.819077 1630 [DEBUG] GetFileSize: /db_working_home/000390.sst 
2026/04/19-18:14:19.821691 1630 [DEBUG] Syncing metadata for: /db_working_home/MANIFEST-000228
2026/04/19-18:14:19.822376 1630 [DEBUG] GetFileSize: /db_working_home/000390.sst 
2026/04/19-18:14:19.827611 1630 [DEBUG] Syncing metadata for: /db_working_home/000384.log
2026/04/19-18:14:19.828291 1630 [DEBUG] DeleteFile: ./db_working_home/000384.log 
2026/04/19-18:14:19.829198 1630 [Zonestats:time(s),used_cap(MB),reclaimable_cap(MB), avg_reclaimable(%), active(#), active_zones(#), open_zones(#)] 257 2014 4129 67 5 5 2
2026/04/19-18:14:19.829356 1630 [DEBUG] New writable file: /db_working_home/000393.sst direct: 1
2026/04/19-18:14:19.832071 1630 Entering Apply Finish Threshold Function
2026/04/19-18:14:19.832082 1630 Finishing zone: Entering Finish()
2026/04/19-18:14:19.910152 1626 [DEBUG] Allocating zone(new=1) start: 0x110000000 wp: 0x110000000 lt: 2 file lt: 2
2026/04/19-18:14:19.910165 1626 [DEBUG] Syncing metadata for: /db_working_home/000392.log
2026/04/19-18:14:20.200085 1629 [DEBUG] Allocating zone(new=1) start: 0x160000000 wp: 0x160000000 lt: 4 file lt: 4
2026/04/19-18:14:20.200103 1629 [Zonestats:time(s),used_cap(MB),reclaimable_cap(MB), avg_reclaimable(%), active(#), active_zones(#), open_zones(#)] 258 2018 4253 67 5 6 4
2026/04/19-18:14:20.200112 1629 [DEBUG] Syncing metadata for: /db_working_home/000391.sst
2026/04/19-18:14:20.670540 1628 Zone Garbage Stats: [75 1 0 1 2 11 4 11 4 6 5 0 ]
2026/04/19-18:14:20.670556 1628 Total Garbage Bytes: 155589446 bytes
2026/04/19-18:14:21.280245 1629 [DEBUG] Syncing metadata for: /db_working_home/000391.sst
2026/04/19-18:14:21.281196 1629 [DEBUG] Syncing metadata for: /db_working_home/000391.sst
2026/04/19-18:14:21.282248 1629 [DEBUG] GetFileSize: /db_working_home/000391.sst 
2026/04/19-18:14:21.282281 1629 [DEBUG] New writable file: /db_working_home/000394.sst direct: 1
2026/04/19-18:14:21.283448 1629 Entering Apply Finish Threshold Function
2026/04/19-18:14:21.283457 1629 Finishing zone: Entering Finish()
2026/04/19-18:14:21.670750 1628 Zone Garbage Stats: [75 1 0 1 2 11 4 11 4 6 5 0 ]
2026/04/19-18:14:21.670767 1628 Total Garbage Bytes: 155589446 bytes
2026/04/19-18:14:21.947531 1629 [DEBUG] Allocating zone(new=1) start: 0x188000000 wp: 0x188000000 lt: 4 file lt: 4
2026/04/19-18:14:21.947549 1629 [Zonestats:time(s),used_cap(MB),reclaimable_cap(MB), avg_reclaimable(%), active(#), active_zones(#), open_zones(#)] 259 2121 4278 66 5 6 4
2026/04/19-18:14:21.947559 1629 [DEBUG] Syncing metadata for: /db_working_home/000394.sst
2026/04/19-18:14:21.959021 1629 [DEBUG] Syncing metadata for: /db_working_home/000394.sst
2026/04/19-18:14:21.959876 1629 [DEBUG] Syncing metadata for: /db_working_home/000394.sst
2026/04/19-18:14:21.960941 1629 [DEBUG] GetFileSize: /db_working_home/000394.sst 
2026/04/19-18:14:21.962334 1629 [DEBUG] New random access file: /db_working_home/000387.sst direct: 1
2026/04/19-18:14:21.962936 1629 [DEBUG] GetFileSize: /db_working_home/000387.sst 
2026/04/19-18:14:21.963127 1629 [DEBUG] New random access file: /db_working_home/000388.sst direct: 1
2026/04/19-18:14:21.963672 1629 [DEBUG] GetFileSize: /db_working_home/000388.sst 
2026/04/19-18:14:21.963809 1629 [DEBUG] New random access file: /db_working_home/000391.sst direct: 1
2026/04/19-18:14:21.964482 1629 [DEBUG] GetFileSize: /db_working_home/000391.sst 
2026/04/19-18:14:21.964635 1629 [DEBUG] New random access file: /db_working_home/000394.sst direct: 1
2026/04/19-18:14:21.965143 1629 [DEBUG] GetFileSize: /db_working_home/000394.sst 
2026/04/19-18:14:21.966310 1629 [DEBUG] Syncing metadata for: /db_working_home/MANIFEST-000228
2026/04/19-18:14:21.968493 1629 [DEBUG] Syncing metadata for: /db_working_home/MANIFEST-000228
2026/04/19-18:14:21.970050 1629 [DEBUG] Syncing metadata for: /db_working_home/MANIFEST-000228
2026/04/19-18:14:21.977268 1629 [DEBUG] New writable file: /db_working_home/000395.sst direct: 1
2026/04/19-18:14:21.981125 1629 Entering Apply Finish Threshold Function
2026/04/19-18:14:21.981153 1629 [DEBUG] Allocating zone(new=1) start: 0x190000000 wp: 0x190000000 lt: 5 file lt: 5
2026/04/19-18:14:21.981160 1629 [Zonestats:time(s),used_cap(MB),reclaimable_cap(MB), avg_reclaimable(%), active(#), active_zones(#), open_zones(#)] 259 2122 4405 67 6 7 4
2026/04/19-18:14:21.981167 1629 [DEBUG] Syncing metadata for: /db_working_home/000395.sst
2026/04/19-18:14:22.020537 1626 [DEBUG] New writable file: /db_working_home/000396.log direct: 0
2026/04/19-18:14:22.670974 1628 Zone Garbage Stats: [73 2 0 2 2 11 4 11 4 6 5 0 ]
2026/04/19-18:14:22.671058 1628 Total Garbage Bytes: 155589809 bytes
2026/04/19-18:14:22.721995 1630 [DEBUG] Allocating zone(new=0) start: 0x188000000 wp: 0x188000a00 lt: 4 file lt: 3
2026/04/19-18:14:22.722011 1630 [Zonestats:time(s),used_cap(MB),reclaimable_cap(MB), avg_reclaimable(%), active(#), active_zones(#), open_zones(#)] 260 2122 4405 67 6 6 5
2026/04/19-18:14:22.722021 1630 [DEBUG] Syncing metadata for: /db_working_home/000393.sst
2026/04/19-18:14:22.882483 1630 [DEBUG] Syncing metadata for: /db_working_home/000393.sst
2026/04/19-18:14:22.886107 1630 [DEBUG] Syncing metadata for: /db_working_home/000393.sst
2026/04/19-18:14:22.886772 1630 [DEBUG] New random access file: /db_working_home/000393.sst direct: 1
2026/04/19-18:14:22.886980 1630 [DEBUG] GetFileSize: /db_working_home/000393.sst 
2026/04/19-18:14:22.889057 1630 [DEBUG] Syncing metadata for: /db_working_home/MANIFEST-000228
2026/04/19-18:14:22.893243 1630 [DEBUG] GetFileSize: /db_working_home/000393.sst 
2026/04/19-18:14:22.901732 1630 [DEBUG] Syncing metadata for: /db_working_home/000389.log
2026/04/19-18:14:22.902484 1630 [DEBUG] DeleteFile: ./db_working_home/000361.sst 
2026/04/19-18:14:22.903275 1630 [Zonestats:time(s),used_cap(MB),reclaimable_cap(MB), avg_reclaimable(%), active(#), active_zones(#), open_zones(#)] 260 2049 4350 67 6 6 3
2026/04/19-18:14:22.903320 1630 [DEBUG] DeleteFile: ./db_working_home/000383.sst 
2026/04/19-18:14:22.907229 1630 [Zonestats:time(s),used_cap(MB),reclaimable_cap(MB), avg_reclaimable(%), active(#), active_zones(#), open_zones(#)] 260 1957 4442 69 6 6 3
2026/04/19-18:14:22.907279 1630 [DEBUG] DeleteFile: ./db_working_home/000389.log 
2026/04/19-18:14:22.911768 1630 [Zonestats:time(s),used_cap(MB),reclaimable_cap(MB), avg_reclaimable(%), active(#), active_zones(#), open_zones(#)] 260 1942 4457 69 6 6 3
2026/04/19-18:14:22.912126 1630 [DEBUG] New writable file: /db_working_home/000397.sst direct: 1
2026/04/19-18:14:22.915554 1630 Entering Apply Finish Threshold Function
2026/04/19-18:14:22.915565 1630 Finishing zone: Entering Finish()
2026/04/19-18:14:23.045593 1626 [DEBUG] Allocating zone(new=0) start: 0x188000000 wp: 0x188f5ae00 lt: 4 file lt: 2
2026/04/19-18:14:23.045607 1626 [DEBUG] Syncing metadata for: /db_working_home/000396.log
2026/04/19-18:14:23.099305 1629 [DEBUG] Syncing metadata for: /db_working_home/000395.sst
2026/04/19-18:14:23.100411 1629 [DEBUG] Syncing metadata for: /db_working_home/000395.sst
2026/04/19-18:14:23.101188 1629 [DEBUG] GetFileSize: /db_working_home/000395.sst 
2026/04/19-18:14:23.102346 1629 [DEBUG] New random access file: /db_working_home/000395.sst direct: 1
2026/04/19-18:14:23.103244 1629 [DEBUG] GetFileSize: /db_working_home/000395.sst 
2026/04/19-18:14:23.104363 1629 [DEBUG] Syncing metadata for: /db_working_home/MANIFEST-000228
2026/04/19-18:14:23.117475 1629 [DEBUG] New writable file: /db_working_home/000398.sst direct: 1
2026/04/19-18:14:23.121252 1629 Entering Apply Finish Threshold Function
2026/04/19-18:14:23.121265 1629 Finishing zone: Entering Finish()
2026/04/19-18:14:23.671252 1628 Zone Garbage Stats: [74 1 0 1 1 11 4 11 4 7 6 0 ]
2026/04/19-18:14:23.671270 1628 Total Garbage Bytes: 251629794 bytes
2026/04/19-18:14:24.059891 1629 [DEBUG] Allocating zone(new=1) start: 0x138000000 wp: 0x138000000 lt: 3 file lt: 3
2026/04/19-18:14:24.059909 1629 [Zonestats:time(s),used_cap(MB),reclaimable_cap(MB), avg_reclaimable(%), active(#), active_zones(#), open_zones(#)] 262 2031 4496 68 5 6 4
2026/04/19-18:14:24.059920 1629 [DEBUG] Syncing metadata for: /db_working_home/000398.sst
2026/04/19-18:14:24.668515 1629 [DEBUG] Syncing metadata for: /db_working_home/000398.sst
2026/04/19-18:14:24.669581 1629 [DEBUG] Syncing metadata for: /db_working_home/000398.sst
2026/04/19-18:14:24.670887 1629 [DEBUG] GetFileSize: /db_working_home/000398.sst 
2026/04/19-18:14:24.670922 1629 [DEBUG] New writable file: /db_working_home/000399.sst direct: 1
2026/04/19-18:14:24.671459 1628 Zone Garbage Stats: [73 2 0 1 2 11 4 11 4 7 6 0 ]
2026/04/19-18:14:24.671474 1628 Total Garbage Bytes: 251630424 bytes
2026/04/19-18:14:24.674618 1629 Entering Apply Finish Threshold Function
2026/04/19-18:14:24.674630 1629 Finishing zone: Entering Finish()
2026/04/19-18:14:24.909658 1626 [DEBUG] New writable file: /db_working_home/000400.log direct: 0
2026/04/19-18:14:25.194852 1630 [DEBUG] Allocating zone(new=1) start: 0x1b8000000 wp: 0x1b8000000 lt: 3 file lt: 3
2026/04/19-18:14:25.194871 1630 [Zonestats:time(s),used_cap(MB),reclaimable_cap(MB), avg_reclaimable(%), active(#), active_zones(#), open_zones(#)] 263 2088 4567 68 5 6 4
2026/04/19-18:14:25.194883 1630 [DEBUG] Syncing metadata for: /db_working_home/000397.sst
2026/04/19-18:14:25.340045 1630 [DEBUG] Syncing metadata for: /db_working_home/000397.sst
2026/04/19-18:14:25.340827 1630 [DEBUG] Syncing metadata for: /db_working_home/000397.sst
2026/04/19-18:14:25.341828 1630 [DEBUG] New random access file: /db_working_home/000397.sst direct: 1
2026/04/19-18:14:25.342013 1630 [DEBUG] GetFileSize: /db_working_home/000397.sst 
2026/04/19-18:14:25.344598 1630 [DEBUG] Syncing metadata for: /db_working_home/MANIFEST-000228
2026/04/19-18:14:25.345239 1630 [DEBUG] GetFileSize: /db_working_home/000397.sst 
2026/04/19-18:14:25.350181 1630 [DEBUG] Syncing metadata for: /db_working_home/000392.log
2026/04/19-18:14:25.351147 1630 [DEBUG] DeleteFile: ./db_working_home/000346.sst 
2026/04/19-18:14:25.352018 1630 [Zonestats:time(s),used_cap(MB),reclaimable_cap(MB), avg_reclaimable(%), active(#), active_zones(#), open_zones(#)] 263 2059 4596 69 6 6 2
2026/04/19-18:14:25.352062 1630 [DEBUG] DeleteFile: ./db_working_home/000387.sst 
2026/04/19-18:14:25.352883 1630 [Zonestats:time(s),used_cap(MB),reclaimable_cap(MB), avg_reclaimable(%), active(#), active_zones(#), open_zones(#)] 263 2019 4508 69 6 6 2
2026/04/19-18:14:25.352916 1630 [DEBUG] DeleteFile: ./db_working_home/000392.log 
2026/04/19-18:14:25.353783 1630 [Zonestats:time(s),used_cap(MB),reclaimable_cap(MB), avg_reclaimable(%), active(#), active_zones(#), open_zones(#)] 263 2003 4396 68 5 5 2
2026/04/19-18:14:25.354003 1630 [DEBUG] New writable file: /db_working_home/000401.sst direct: 1
2026/04/19-18:14:25.356833 1630 Entering Apply Finish Threshold Function
2026/04/19-18:14:25.356846 1630 Finishing zone: Entering Finish()
2026/04/19-18:14:25.462521 1626 [DEBUG] Allocating zone(new=1) start: 0x110000000 wp: 0x110000000 lt: 2 file lt: 2
2026/04/19-18:14:25.462536 1626 [DEBUG] Syncing metadata for: /db_working_home/000400.log
2026/04/19-18:14:25.671671 1628 Zone Garbage Stats: [74 1 0 1 2 11 4 9 4 7 7 0 ]
2026/04/19-18:14:25.671690 1628 Total Garbage Bytes: 267983580 bytes
2026/04/19-18:14:26.061917 1629 [DEBUG] Allocating zone(new=1) start: 0x170000000 wp: 0x170000000 lt: 3 file lt: 3
2026/04/19-18:14:26.061968 1629 [Zonestats:time(s),used_cap(MB),reclaimable_cap(MB), avg_reclaimable(%), active(#), active_zones(#), open_zones(#)] 264 2009 4518 69 5 6 4
2026/04/19-18:14:26.061979 1629 [DEBUG] Syncing metadata for: /db_working_home/000399.sst
2026/04/19-18:14:26.144467 1629 [DEBUG] Syncing metadata for: /db_working_home/000399.sst
2026/04/19-18:14:26.145460 1629 [DEBUG] Syncing metadata for: /db_working_home/000399.sst
2026/04/19-18:14:26.146529 1629 [DEBUG] GetFileSize: /db_working_home/000399.sst 
2026/04/19-18:14:26.147692 1629 [DEBUG] New random access file: /db_working_home/000398.sst direct: 1
2026/04/19-18:14:26.148271 1629 [DEBUG] GetFileSize: /db_working_home/000398.sst 
2026/04/19-18:14:26.148453 1629 [DEBUG] New random access file: /db_working_home/000399.sst direct: 1
2026/04/19-18:14:26.148918 1629 [DEBUG] GetFileSize: /db_working_home/000399.sst 
2026/04/19-18:14:26.149981 1629 [DEBUG] Syncing metadata for: /db_working_home/MANIFEST-000228
2026/04/19-18:14:26.151935 1629 [DEBUG] Syncing metadata for: /db_working_home/MANIFEST-000228
2026/04/19-18:14:26.153717 1629 [DEBUG] Syncing metadata for: /db_working_home/MANIFEST-000228
2026/04/19-18:14:26.160731 1629 [DEBUG] New writable file: /db_working_home/000402.sst direct: 1
2026/04/19-18:14:26.164640 1629 Entering Apply Finish Threshold Function
2026/04/19-18:14:26.164667 1629 [DEBUG] Allocating zone(new=1) start: 0x180000000 wp: 0x180000000 lt: 5 file lt: 5
2026/04/19-18:14:26.164674 1629 [Zonestats:time(s),used_cap(MB),reclaimable_cap(MB), avg_reclaimable(%), active(#), active_zones(#), open_zones(#)] 264 2018 4637 69 6 7 4
2026/04/19-18:14:26.164680 1629 [DEBUG] Syncing metadata for: /db_working_home/000402.sst
2026/04/19-18:14:26.671885 1628 Zone Garbage Stats: [72 2 0 1 2 11 5 9 4 7 7 0 ]
2026/04/19-18:14:26.671902 1628 Total Garbage Bytes: 267984107 bytes
2026/04/19-18:14:27.422364 1626 [DEBUG] New writable file: /db_working_home/000403.log direct: 0
2026/04/19-18:14:27.672123 1628 Zone Garbage Stats: [72 2 0 1 2 11 5 9 4 7 7 0 ]
2026/04/19-18:14:27.672206 1628 Total Garbage Bytes: 267984107 bytes
2026/04/19-18:14:27.677670 1629 [DEBUG] Syncing metadata for: /db_working_home/000402.sst
2026/04/19-18:14:27.678436 1629 [DEBUG] Syncing metadata for: /db_working_home/000402.sst
2026/04/19-18:14:27.679454 1629 [DEBUG] GetFileSize: /db_working_home/000402.sst 
2026/04/19-18:14:27.680558 1629 [DEBUG] New random access file: /db_working_home/000402.sst direct: 1
2026/04/19-18:14:27.681038 1629 [DEBUG] GetFileSize: /db_working_home/000402.sst 
2026/04/19-18:14:27.681947 1629 [DEBUG] Syncing metadata for: /db_working_home/MANIFEST-000228
2026/04/19-18:14:27.688577 1629 [DEBUG] New writable file: /db_working_home/000404.sst direct: 1
2026/04/19-18:14:27.689643 1629 Entering Apply Finish Threshold Function
2026/04/19-18:14:27.689654 1629 Finishing zone: Entering Finish()
2026/04/19-18:14:27.947802 1629 [DEBUG] Allocating zone(new=1) start: 0x1c0000000 wp: 0x1c0000000 lt: 4 file lt: 4
2026/04/19-18:14:27.947821 1629 [Zonestats:time(s),used_cap(MB),reclaimable_cap(MB), avg_reclaimable(%), active(#), active_zones(#), open_zones(#)] 265 2136 4647 68 6 7 4
2026/04/19-18:14:27.947833 1629 [DEBUG] Syncing metadata for: /db_working_home/000404.sst
2026/04/19-18:14:27.952223 1629 [DEBUG] Syncing metadata for: /db_working_home/000404.sst
2026/04/19-18:14:27.952798 1629 [DEBUG] Syncing metadata for: /db_working_home/000404.sst
2026/04/19-18:14:27.953867 1629 [DEBUG] GetFileSize: /db_working_home/000404.sst 
2026/04/19-18:14:27.953910 1629 [DEBUG] New writable file: /db_working_home/000405.sst direct: 1
2026/04/19-18:14:27.957217 1629 Entering Apply Finish Threshold Function
2026/04/19-18:14:27.957244 1629 [DEBUG] Allocating zone(new=1) start: 0x1c8000000 wp: 0x1c8000000 lt: 4 file lt: 4
2026/04/19-18:14:27.957251 1629 [Zonestats:time(s),used_cap(MB),reclaimable_cap(MB), avg_reclaimable(%), active(#), active_zones(#), open_zones(#)] 265 2136 4775 69 7 8 4
2026/04/19-18:14:27.957257 1629 [DEBUG] Syncing metadata for: /db_working_home/000405.sst
2026/04/19-18:14:28.017338 1630 [DEBUG] Allocating zone(new=0) start: 0x1c0000000 wp: 0x1c0000a00 lt: 4 file lt: 3
2026/04/19-18:14:28.017356 1630 [Zonestats:time(s),used_cap(MB),reclaimable_cap(MB), avg_reclaimable(%), active(#), active_zones(#), open_zones(#)] 266 2136 4775 69 7 7 5
2026/04/19-18:14:28.017390 1630 [DEBUG] Syncing metadata for: /db_working_home/000401.sst
2026/04/19-18:14:28.183451 1630 [DEBUG] Syncing metadata for: /db_working_home/000401.sst
2026/04/19-18:14:28.185380 1630 [DEBUG] Syncing metadata for: /db_working_home/000401.sst
2026/04/19-18:14:28.186076 1630 [DEBUG] New random access file: /db_working_home/000401.sst direct: 1
2026/04/19-18:14:28.186262 1630 [DEBUG] GetFileSize: /db_working_home/000401.sst 
2026/04/19-18:14:28.189828 1630 [DEBUG] Syncing metadata for: /db_working_home/MANIFEST-000228
2026/04/19-18:14:28.191369 1630 [DEBUG] GetFileSize: /db_working_home/000401.sst 
2026/04/19-18:14:28.200164 1630 [DEBUG] Syncing metadata for: /db_working_home/000396.log
2026/04/19-18:14:28.203606 1630 [DEBUG] DeleteFile: ./db_working_home/000293.sst 
2026/04/19-18:14:28.204320 1630 [Zonestats:time(s),used_cap(MB),reclaimable_cap(MB), avg_reclaimable(%), active(#), active_zones(#), open_zones(#)] 266 2105 4678 68 7 7 3
2026/04/19-18:14:28.204366 1630 [DEBUG] DeleteFile: ./db_working_home/000381.sst 
2026/04/19-18:14:28.205027 1630 [Zonestats:time(s),used_cap(MB),reclaimable_cap(MB), avg_reclaimable(%), active(#), active_zones(#), open_zones(#)] 266 2089 4566 68 7 7 3
2026/04/19-18:14:28.205062 1630 [DEBUG] DeleteFile: ./db_working_home/000385.sst 
2026/04/19-18:14:28.205703 1630 [Zonestats:time(s),used_cap(MB),reclaimable_cap(MB), avg_reclaimable(%), active(#), active_zones(#), open_zones(#)] 266 2074 4453 68 7 7 3
2026/04/19-18:14:28.205736 1630 [DEBUG] DeleteFile: ./db_working_home/000390.sst 
2026/04/19-18:14:28.210192 1630 [Zonestats:time(s),used_cap(MB),reclaimable_cap(MB), avg_reclaimable(%), active(#), active_zones(#), open_zones(#)] 266 2059 4340 67 7 7 3
2026/04/19-18:14:28.210244 1630 [DEBUG] DeleteFile: ./db_working_home/000393.sst 
2026/04/19-18:14:28.214207 1630 [Zonestats:time(s),used_cap(MB),reclaimable_cap(MB), avg_reclaimable(%), active(#), active_zones(#), open_zones(#)] 266 2043 4356 68 7 7 3
2026/04/19-18:14:28.214259 1630 [DEBUG] DeleteFile: ./db_working_home/000395.sst 
2026/04/19-18:14:28.215016 1630 [Zonestats:time(s),used_cap(MB),reclaimable_cap(MB), avg_reclaimable(%), active(#), active_zones(#), open_zones(#)] 266 1965 4306 68 7 7 3
2026/04/19-18:14:28.215053 1630 [DEBUG] DeleteFile: ./db_working_home/000396.log 
2026/04/19-18:14:28.215620 1630 [Zonestats:time(s),used_cap(MB),reclaimable_cap(MB), avg_reclaimable(%), active(#), active_zones(#), open_zones(#)] 266 1949 4322 68 7 7 3
2026/04/19-18:14:28.215791 1630 [DEBUG] New writable file: /db_working_home/000406.sst direct: 1
2026/04/19-18:14:28.221847 1629 [DEBUG] Syncing metadata for: /db_working_home/000405.sst
2026/04/19-18:14:28.222364 1630 Entering Apply Finish Threshold Function
2026/04/19-18:14:28.222378 1630 Finishing zone: Entering Finish()
2026/04/19-18:14:28.222428 1629 [DEBUG] Syncing metadata for: /db_working_home/000405.sst
2026/04/19-18:14:28.223729 1629 [DEBUG] GetFileSize: /db_working_home/000405.sst 
2026/04/19-18:14:28.224754 1629 [DEBUG] New random access file: /db_working_home/000404.sst direct: 1
2026/04/19-18:14:28.225390 1629 [DEBUG] GetFileSize: /db_working_home/000404.sst 
2026/04/19-18:14:28.225535 1629 [DEBUG] New random access file: /db_working_home/000405.sst direct: 1
2026/04/19-18:14:28.226083 1629 [DEBUG] GetFileSize: /db_working_home/000405.sst 
2026/04/19-18:14:28.226989 1629 [DEBUG] Syncing metadata for: /db_working_home/MANIFEST-000228
2026/04/19-18:14:28.234606 1629 [DEBUG] New writable file: /db_working_home/000407.sst direct: 1
2026/04/19-18:14:28.238410 1629 Entering Apply Finish Threshold Function
2026/04/19-18:14:28.238423 1629 Finishing zone: Entering Finish()
2026/04/19-18:14:28.297257 1626 [DEBUG] Allocating zone(new=0) start: 0x170000000 wp: 0x170771800 lt: 3 file lt: 2
2026/04/19-18:14:28.297270 1626 [DEBUG] Syncing metadata for: /db_working_home/000403.log
2026/04/19-18:14:28.672325 1628 Zone Garbage Stats: [75 2 1 1 1 11 5 8 4 5 7 0 ]
2026/04/19-18:14:28.672341 1628 Total Garbage Bytes: 267982887 bytes
2026/04/19-18:14:29.617883 1626 [DEBUG] New writable file: /db_working_home/000408.log direct: 0
2026/04/19-18:14:29.672540 1628 Zone Garbage Stats: [75 2 1 1 1 11 5 8 4 5 7 0 ]
2026/04/19-18:14:29.672553 1628 Total Garbage Bytes: 267982887 bytes
2026/04/19-18:14:29.953233 1630 Finishing zone: Entering Finish()
2026/04/19-18:14:30.192133 1629 [DEBUG] Allocating zone(new=1) start: 0x100000000 wp: 0x100000000 lt: 5 file lt: 5
2026/04/19-18:14:30.192153 1629 [Zonestats:time(s),used_cap(MB),reclaimable_cap(MB), avg_reclaimable(%), active(#), active_zones(#), open_zones(#)] 268 1979 4420 69 5 6 4
2026/04/19-18:14:30.192179 1629 [DEBUG] Syncing metadata for: /db_working_home/000407.sst
2026/04/19-18:14:30.672808 1628 Zone Garbage Stats: [74 1 1 1 1 11 5 8 4 6 8 0 ]
2026/04/19-18:14:30.672825 1628 Total Garbage Bytes: 300435785 bytes
2026/04/19-18:14:31.246304 1629 [DEBUG] Syncing metadata for: /db_working_home/000407.sst
2026/04/19-18:14:31.247114 1629 [DEBUG] Syncing metadata for: /db_working_home/000407.sst
2026/04/19-18:14:31.248183 1629 [DEBUG] GetFileSize: /db_working_home/000407.sst 
2026/04/19-18:14:31.248248 1629 [DEBUG] New writable file: /db_working_home/000409.sst direct: 1
2026/04/19-18:14:31.254716 1629 Entering Apply Finish Threshold Function
2026/04/19-18:14:31.254730 1629 Finishing zone: Entering Finish()
2026/04/19-18:14:31.673087 1628 Zone Garbage Stats: [74 1 1 1 1 11 5 8 4 6 8 0 ]
2026/04/19-18:14:31.673101 1628 Total Garbage Bytes: 300435785 bytes
2026/04/19-18:14:31.768896 1629 [DEBUG] Allocating zone(new=1) start: 0x108000000 wp: 0x108000000 lt: 5 file lt: 5
2026/04/19-18:14:31.768911 1629 [Zonestats:time(s),used_cap(MB),reclaimable_cap(MB), avg_reclaimable(%), active(#), active_zones(#), open_zones(#)] 269 2071 4456 68 5 6 4
2026/04/19-18:14:31.768951 1629 [DEBUG] Syncing metadata for: /db_working_home/000409.sst
2026/04/19-18:14:32.468065 1630 [DEBUG] Allocating zone(new=1) start: 0x190000000 wp: 0x190000000 lt: 3 file lt: 3
2026/04/19-18:14:32.468111 1630 [Zonestats:time(s),used_cap(MB),reclaimable_cap(MB), avg_reclaimable(%), active(#), active_zones(#), open_zones(#)] 270 2071 4456 68 5 6 5
2026/04/19-18:14:32.468122 1630 [DEBUG] Syncing metadata for: /db_working_home/000406.sst
2026/04/19-18:14:32.673305 1628 Zone Garbage Stats: [72 1 1 2 1 11 5 8 4 7 8 0 ]
2026/04/19-18:14:32.673473 1628 Total Garbage Bytes: 300436310 bytes
2026/04/19-18:14:32.680288 1630 [DEBUG] Syncing metadata for: /db_working_home/000406.sst
2026/04/19-18:14:32.681570 1630 [DEBUG] Syncing metadata for: /db_working_home/000406.sst
2026/04/19-18:14:32.682269 1630 [DEBUG] New random access file: /db_working_home/000406.sst direct: 1
2026/04/19-18:14:32.682471 1630 [DEBUG] GetFileSize: /db_working_home/000406.sst 
2026/04/19-18:14:32.690971 1630 [DEBUG] Syncing metadata for: /db_working_home/MANIFEST-000228
2026/04/19-18:14:32.691730 1630 [DEBUG] GetFileSize: /db_working_home/000406.sst 
2026/04/19-18:14:32.696532 1630 [DEBUG] Syncing metadata for: /db_working_home/000400.log
2026/04/19-18:14:32.700114 1629 [DEBUG] Syncing metadata for: /db_working_home/000409.sst
2026/04/19-18:14:32.700787 1630 [DEBUG] DeleteFile: ./db_working_home/000386.sst 
2026/04/19-18:14:32.701134 1629 [DEBUG] Syncing metadata for: /db_working_home/000409.sst
2026/04/19-18:14:32.701853 1629 [DEBUG] GetFileSize: /db_working_home/000409.sst 
2026/04/19-18:14:32.702491 1630 [Zonestats:time(s),used_cap(MB),reclaimable_cap(MB), avg_reclaimable(%), active(#), active_zones(#), open_zones(#)] 270 2153 4502 67 6 6 2
2026/04/19-18:14:32.702546 1630 [DEBUG] DeleteFile: ./db_working_home/000399.sst 
2026/04/19-18:14:32.703116 1630 [Zonestats:time(s),used_cap(MB),reclaimable_cap(MB), avg_reclaimable(%), active(#), active_zones(#), open_zones(#)] 270 2146 4509 67 6 6 2
2026/04/19-18:14:32.703149 1630 [DEBUG] DeleteFile: ./db_working_home/000400.log 
2026/04/19-18:14:32.703729 1629 [DEBUG] New random access file: /db_working_home/000407.sst direct: 1
2026/04/19-18:14:32.703805 1630 [Zonestats:time(s),used_cap(MB),reclaimable_cap(MB), avg_reclaimable(%), active(#), active_zones(#), open_zones(#)] 270 2130 4397 67 5 5 2
2026/04/19-18:14:32.704060 1629 [DEBUG] GetFileSize: /db_working_home/000407.sst 
2026/04/19-18:14:32.704095 1630 [DEBUG] New writable file: /db_working_home/000410.sst direct: 1
2026/04/19-18:14:32.704689 1629 [DEBUG] New random access file: /db_working_home/000409.sst direct: 1
2026/04/19-18:14:32.704967 1629 [DEBUG] GetFileSize: /db_working_home/000409.sst 
2026/04/19-18:14:32.705842 1629 [DEBUG] Syncing metadata for: /db_working_home/MANIFEST-000228
2026/04/19-18:14:32.707859 1630 Entering Apply Finish Threshold Function
2026/04/19-18:14:32.707870 1630 Finishing zone: Entering Finish()
2026/04/19-18:14:32.712165 1629 [DEBUG] New writable file: /db_working_home/000411.sst direct: 1
2026/04/19-18:14:32.716804 1629 Entering Apply Finish Threshold Function
2026/04/19-18:14:32.716818 1629 Finishing zone: Entering Finish()
2026/04/19-18:14:32.810215 1626 [DEBUG] Allocating zone(new=1) start: 0x110000000 wp: 0x110000000 lt: 2 file lt: 2
2026/04/19-18:14:32.810229 1626 [DEBUG] Syncing metadata for: /db_working_home/000408.log
2026/04/19-18:14:33.673637 1628 Zone Garbage Stats: [73 1 1 2 1 11 5 8 4 7 7 0 ]
2026/04/19-18:14:33.673654 1628 Total Garbage Bytes: 284082240 bytes
2026/04/19-18:14:33.739223 1630 [DEBUG] Allocating zone(new=1) start: 0x118000000 wp: 0x118000000 lt: 3 file lt: 3
2026/04/19-18:14:33.739238 1630 [Zonestats:time(s),used_cap(MB),reclaimable_cap(MB), avg_reclaimable(%), active(#), active_zones(#), open_zones(#)] 271 2140 4515 67 5 6 4
2026/04/19-18:14:33.739248 1630 [DEBUG] Syncing metadata for: /db_working_home/000410.sst
2026/04/19-18:14:33.894548 1630 [DEBUG] Syncing metadata for: /db_working_home/000410.sst
2026/04/19-18:14:33.895566 1630 [DEBUG] Syncing metadata for: /db_working_home/000410.sst
2026/04/19-18:14:33.896767 1630 [DEBUG] New random access file: /db_working_home/000410.sst direct: 1
2026/04/19-18:14:33.897301 1630 [DEBUG] GetFileSize: /db_working_home/000410.sst 
2026/04/19-18:14:33.899707 1630 [DEBUG] Syncing metadata for: /db_working_home/MANIFEST-000228
2026/04/19-18:14:33.900442 1630 [DEBUG] GetFileSize: /db_working_home/000410.sst 
2026/04/19-18:14:33.905409 1630 [DEBUG] Syncing metadata for: /db_working_home/000403.log
2026/04/19-18:14:33.906628 1630 [DEBUG] DeleteFile: ./db_working_home/000357.sst 
2026/04/19-18:14:33.907722 1630 [Zonestats:time(s),used_cap(MB),reclaimable_cap(MB), avg_reclaimable(%), active(#), active_zones(#), open_zones(#)] 271 2071 4584 68 6 6 2
2026/04/19-18:14:33.907781 1630 [DEBUG] DeleteFile: ./db_working_home/000391.sst 
2026/04/19-18:14:33.908433 1630 [Zonestats:time(s),used_cap(MB),reclaimable_cap(MB), avg_reclaimable(%), active(#), active_zones(#), open_zones(#)] 271 1979 4548 69 6 6 2
2026/04/19-18:14:33.908466 1630 [DEBUG] DeleteFile: ./db_working_home/000403.log 
2026/04/19-18:14:33.909332 1630 [Zonestats:time(s),used_cap(MB),reclaimable_cap(MB), avg_reclaimable(%), active(#), active_zones(#), open_zones(#)] 271 1963 4436 69 5 5 2
2026/04/19-18:14:33.909354 1630 [DEBUG] DeleteFile: ./db_working_home/000404.sst 
2026/04/19-18:14:33.910323 1630 [Zonestats:time(s),used_cap(MB),reclaimable_cap(MB), avg_reclaimable(%), active(#), active_zones(#), open_zones(#)] 271 1963 4436 69 5 5 2
2026/04/19-18:14:34.196360 1626 [DEBUG] New writable file: /db_working_home/000412.log direct: 0
2026/04/19-18:14:34.197225 1630 [DEBUG] New writable file: /db_working_home/000413.sst direct: 1
2026/04/19-18:14:34.200024 1630 Entering Apply Finish Threshold Function
2026/04/19-18:14:34.200036 1630 Finishing zone: Entering Finish()
2026/04/19-18:14:34.263384 1626 [DEBUG] Allocating zone(new=1) start: 0xf0000000 wp: 0xf0000000 lt: 2 file lt: 2
2026/04/19-18:14:34.263396 1626 [DEBUG] Syncing metadata for: /db_working_home/000412.log
2026/04/19-18:14:34.673851 1628 Zone Garbage Stats: [74 1 1 1 0 12 5 8 4 7 7 0 ]
2026/04/19-18:14:34.673869 1628 Total Garbage Bytes: 284084631 bytes
2026/04/19-18:14:34.758160 1629 [DEBUG] Allocating zone(new=1) start: 0x160000000 wp: 0x160000000 lt: 5 file lt: 5
2026/04/19-18:14:34.758177 1629 [Zonestats:time(s),used_cap(MB),reclaimable_cap(MB), avg_reclaimable(%), active(#), active_zones(#), open_zones(#)] 272 1972 4555 69 5 6 4
2026/04/19-18:14:34.758186 1629 [DEBUG] Syncing metadata for: /db_working_home/000411.sst
2026/04/19-18:14:35.674094 1628 Zone Garbage Stats: [73 1 1 1 0 12 5 8 4 8 7 0 ]
2026/04/19-18:14:35.674188 1628 Total Garbage Bytes: 284084640 bytes
2026/04/19-18:14:36.124909 1629 [DEBUG] Syncing metadata for: /db_working_home/000411.sst
2026/04/19-18:14:36.125943 1629 [DEBUG] Syncing metadata for: /db_working_home/000411.sst
2026/04/19-18:14:36.126718 1629 [DEBUG] GetFileSize: /db_working_home/000411.sst 
2026/04/19-18:14:36.127942 1629 [DEBUG] New random access file: /db_working_home/000411.sst direct: 1
2026/04/19-18:14:36.128687 1629 [DEBUG] GetFileSize: /db_working_home/000411.sst 
2026/04/19-18:14:36.129806 1629 [DEBUG] Syncing metadata for: /db_working_home/MANIFEST-000228
2026/04/19-18:14:36.146442 1629 [DEBUG] New writable file: /db_working_home/000414.sst direct: 1
2026/04/19-18:14:36.150519 1629 Entering Apply Finish Threshold Function
2026/04/19-18:14:36.150532 1629 Finishing zone: Entering Finish()
2026/04/19-18:14:36.414114 1626 [DEBUG] New writable file: /db_working_home/000415.log direct: 0
2026/04/19-18:14:36.584943 1629 [DEBUG] Allocating zone(new=1) start: 0x170000000 wp: 0x170000000 lt: 3 file lt: 3
2026/04/19-18:14:36.584957 1629 [Zonestats:time(s),used_cap(MB),reclaimable_cap(MB), avg_reclaimable(%), active(#), active_zones(#), open_zones(#)] 274 2084 4571 68 5 6 4
2026/04/19-18:14:36.584968 1629 [DEBUG] Syncing metadata for: /db_working_home/000414.sst
2026/04/19-18:14:36.674387 1628 Zone Garbage Stats: [72 1 1 2 0 12 5 8 4 8 7 0 ]
2026/04/19-18:14:36.674403 1628 Total Garbage Bytes: 284084924 bytes
2026/04/19-18:14:37.070046 1630 [DEBUG] Allocating zone(new=1) start: 0x1a0000000 wp: 0x1a0000000 lt: 3 file lt: 3
2026/04/19-18:14:37.070063 1630 [Zonestats:time(s),used_cap(MB),reclaimable_cap(MB), avg_reclaimable(%), active(#), active_zones(#), open_zones(#)] 275 2084 4571 68 5 6 5
2026/04/19-18:14:37.070072 1630 [DEBUG] Syncing metadata for: /db_working_home/000413.sst
2026/04/19-18:14:37.265483 1630 [DEBUG] Syncing metadata for: /db_working_home/000413.sst
2026/04/19-18:14:37.272522 1630 [DEBUG] Syncing metadata for: /db_working_home/000413.sst
2026/04/19-18:14:37.273197 1630 [DEBUG] New random access file: /db_working_home/000413.sst direct: 1
2026/04/19-18:14:37.273379 1630 [DEBUG] GetFileSize: /db_working_home/000413.sst 
2026/04/19-18:14:37.282579 1630 [DEBUG] Syncing metadata for: /db_working_home/MANIFEST-000228
2026/04/19-18:14:37.283269 1630 [DEBUG] GetFileSize: /db_working_home/000413.sst 
2026/04/19-18:14:37.288030 1630 [DEBUG] Syncing metadata for: /db_working_home/000408.log
2026/04/19-18:14:37.295408 1630 [DEBUG] DeleteFile: ./db_working_home/000256.sst 
2026/04/19-18:14:37.296098 1630 [Zonestats:time(s),used_cap(MB),reclaimable_cap(MB), avg_reclaimable(%), active(#), active_zones(#), open_zones(#)] 275 2052 4603 69 6 6 3
2026/04/19-18:14:37.296142 1630 [DEBUG] DeleteFile: ./db_working_home/000394.sst 
2026/04/19-18:14:37.296789 1630 [Zonestats:time(s),used_cap(MB),reclaimable_cap(MB), avg_reclaimable(%), active(#), active_zones(#), open_zones(#)] 275 2052 4475 68 6 6 3
2026/04/19-18:14:37.296822 1630 [DEBUG] DeleteFile: ./db_working_home/000408.log 
2026/04/19-18:14:37.297631 1630 [Zonestats:time(s),used_cap(MB),reclaimable_cap(MB), avg_reclaimable(%), active(#), active_zones(#), open_zones(#)] 275 2036 4363 68 5 5 3
2026/04/19-18:14:37.297652 1630 [DEBUG] DeleteFile: ./db_working_home/000409.sst 
2026/04/19-18:14:37.305312 1630 [Zonestats:time(s),used_cap(MB),reclaimable_cap(MB), avg_reclaimable(%), active(#), active_zones(#), open_zones(#)] 275 1963 4308 68 5 5 3
2026/04/19-18:14:37.305527 1630 [DEBUG] New writable file: /db_working_home/000416.sst direct: 1
2026/04/19-18:14:37.308288 1630 Entering Apply Finish Threshold Function
2026/04/19-18:14:37.308300 1630 Finishing zone: Entering Finish()
2026/04/19-18:14:37.573483 1626 [DEBUG] Allocating zone(new=1) start: 0xb0000000 wp: 0xb0000000 lt: 2 file lt: 2
2026/04/19-18:14:37.573497 1626 [DEBUG] Syncing metadata for: /db_working_home/000415.log
2026/04/19-18:14:37.674517 1628 Zone Garbage Stats: [74 1 1 2 0 11 5 7 4 9 6 0 ]
2026/04/19-18:14:37.674625 1628 Total Garbage Bytes: 251631466 bytes
2026/04/19-18:14:37.861729 1629 [DEBUG] Syncing metadata for: /db_working_home/000414.sst
2026/04/19-18:14:37.862640 1629 [DEBUG] Syncing metadata for: /db_working_home/000414.sst
2026/04/19-18:14:37.863880 1629 [DEBUG] GetFileSize: /db_working_home/000414.sst 
2026/04/19-18:14:37.863928 1629 [DEBUG] New writable file: /db_working_home/000417.sst direct: 1
2026/04/19-18:14:37.867445 1629 Entering Apply Finish Threshold Function
2026/04/19-18:14:37.867458 1629 Finishing zone: Entering Finish()
2026/04/19-18:14:38.317425 1629 [DEBUG] Allocating zone(new=1) start: 0x108000000 wp: 0x108000000 lt: 3 file lt: 3
2026/04/19-18:14:38.317444 1629 [Zonestats:time(s),used_cap(MB),reclaimable_cap(MB), avg_reclaimable(%), active(#), active_zones(#), open_zones(#)] 276 2073 4454 68 5 6 4
2026/04/19-18:14:38.317453 1629 [DEBUG] Syncing metadata for: /db_working_home/000417.sst
2026/04/19-18:14:38.405272 1629 [DEBUG] Syncing metadata for: /db_working_home/000417.sst
2026/04/19-18:14:38.406203 1629 [DEBUG] Syncing metadata for: /db_working_home/000417.sst
2026/04/19-18:14:38.407273 1629 [DEBUG] GetFileSize: /db_working_home/000417.sst 
2026/04/19-18:14:38.408472 1629 [DEBUG] New random access file: /db_working_home/000414.sst direct: 1
2026/04/19-18:14:38.409277 1629 [DEBUG] GetFileSize: /db_working_home/000414.sst 
2026/04/19-18:14:38.409465 1629 [DEBUG] New random access file: /db_working_home/000417.sst direct: 1
2026/04/19-18:14:38.409824 1629 [DEBUG] GetFileSize: /db_working_home/000417.sst 
2026/04/19-18:14:38.410909 1629 [DEBUG] Syncing metadata for: /db_working_home/MANIFEST-000228
2026/04/19-18:14:38.412523 1629 [DEBUG] Syncing metadata for: /db_working_home/MANIFEST-000228
2026/04/19-18:14:38.419770 1629 [DEBUG] New writable file: /db_working_home/000418.sst direct: 1
2026/04/19-18:14:38.423134 1629 Entering Apply Finish Threshold Function
2026/04/19-18:14:38.423161 1629 [DEBUG] Allocating zone(new=1) start: 0x110000000 wp: 0x110000000 lt: 5 file lt: 5
2026/04/19-18:14:38.423169 1629 [Zonestats:time(s),used_cap(MB),reclaimable_cap(MB), avg_reclaimable(%), active(#), active_zones(#), open_zones(#)] 276 2080 4575 68 6 7 4
2026/04/19-18:14:38.423175 1629 [DEBUG] Syncing metadata for: /db_working_home/000418.sst
2026/04/19-18:14:38.674814 1628 Zone Garbage Stats: [72 2 2 2 0 11 5 7 4 9 6 0 ]
2026/04/19-18:14:38.674830 1628 Total Garbage Bytes: 251631821 bytes
2026/04/19-18:14:39.626001 1626 [DEBUG] New writable file: /db_working_home/000419.log direct: 0
2026/04/19-18:14:39.639140 1629 [DEBUG] Syncing metadata for: /db_working_home/000418.sst
2026/04/19-18:14:39.639715 1629 [DEBUG] Syncing metadata for: /db_working_home/000418.sst
2026/04/19-18:14:39.640770 1629 [DEBUG] GetFileSize: /db_working_home/000418.sst 
2026/04/19-18:14:39.640803 1629 [DEBUG] New writable file: /db_working_home/000420.sst direct: 1
2026/04/19-18:14:39.646812 1629 Entering Apply Finish Threshold Function
2026/04/19-18:14:39.646823 1629 Finishing zone: Entering Finish()
2026/04/19-18:14:39.675014 1628 Zone Garbage Stats: [72 2 2 2 0 11 5 7 4 9 6 0 ]
2026/04/19-18:14:39.675026 1628 Total Garbage Bytes: 251631821 bytes
2026/04/19-18:14:40.114461 1630 [DEBUG] Allocating zone(new=1) start: 0x188000000 wp: 0x188000000 lt: 3 file lt: 3
2026/04/19-18:14:40.114480 1630 [Zonestats:time(s),used_cap(MB),reclaimable_cap(MB), avg_reclaimable(%), active(#), active_zones(#), open_zones(#)] 278 2179 4604 67 6 7 4
2026/04/19-18:14:40.114492 1630 [DEBUG] Syncing metadata for: /db_working_home/000416.sst
2026/04/19-18:14:40.262171 1630 [DEBUG] Syncing metadata for: /db_working_home/000416.sst
2026/04/19-18:14:40.262753 1630 [DEBUG] Syncing metadata for: /db_working_home/000416.sst
2026/04/19-18:14:40.263566 1630 [DEBUG] New random access file: /db_working_home/000416.sst direct: 1
2026/04/19-18:14:40.263793 1630 [DEBUG] GetFileSize: /db_working_home/000416.sst 
2026/04/19-18:14:40.266353 1630 [DEBUG] Syncing metadata for: /db_working_home/MANIFEST-000228
2026/04/19-18:14:40.267017 1630 [DEBUG] GetFileSize: /db_working_home/000416.sst 
2026/04/19-18:14:40.271905 1630 [DEBUG] Syncing metadata for: /db_working_home/000412.log
2026/04/19-18:14:40.272653 1630 [DEBUG] DeleteFile: ./db_working_home/000397.sst 
2026/04/19-18:14:40.273496 1630 [Zonestats:time(s),used_cap(MB),reclaimable_cap(MB), avg_reclaimable(%), active(#), active_zones(#), open_zones(#)] 278 2179 4604 67 7 7 2
2026/04/19-18:14:40.273540 1630 [DEBUG] DeleteFile: ./db_working_home/000398.sst 
2026/04/19-18:14:40.274372 1630 [Zonestats:time(s),used_cap(MB),reclaimable_cap(MB), avg_reclaimable(%), active(#), active_zones(#), open_zones(#)] 278 2126 4529 68 7 7 2
2026/04/19-18:14:40.274406 1630 [DEBUG] DeleteFile: ./db_working_home/000401.sst 
2026/04/19-18:14:40.275269 1630 [Zonestats:time(s),used_cap(MB),reclaimable_cap(MB), avg_reclaimable(%), active(#), active_zones(#), open_zones(#)] 278 2111 4416 67 7 7 2
2026/04/19-18:14:40.275302 1630 [DEBUG] DeleteFile: ./db_working_home/000406.sst 
2026/04/19-18:14:40.276167 1630 [Zonestats:time(s),used_cap(MB),reclaimable_cap(MB), avg_reclaimable(%), active(#), active_zones(#), open_zones(#)] 278 2095 4304 67 7 7 2
2026/04/19-18:14:40.276199 1630 [DEBUG] DeleteFile: ./db_working_home/000410.sst 
2026/04/19-18:14:40.277066 1630 [Zonestats:time(s),used_cap(MB),reclaimable_cap(MB), avg_reclaimable(%), active(#), active_zones(#), open_zones(#)] 278 2080 4191 66 7 7 2
2026/04/19-18:14:40.277097 1630 [DEBUG] DeleteFile: ./db_working_home/000412.log 
2026/04/19-18:14:40.277738 1630 [Zonestats:time(s),used_cap(MB),reclaimable_cap(MB), avg_reclaimable(%), active(#), active_zones(#), open_zones(#)] 278 2064 4079 66 6 6 2
2026/04/19-18:14:40.277942 1630 [DEBUG] New writable file: /db_working_home/000421.sst direct: 1
2026/04/19-18:14:40.280633 1630 Entering Apply Finish Threshold Function
2026/04/19-18:14:40.280645 1630 Finishing zone: Entering Finish()
2026/04/19-18:14:40.293182 1629 [DEBUG] Allocating zone(new=1) start: 0xf0000000 wp: 0xf0000000 lt: 5 file lt: 5
2026/04/19-18:14:40.293196 1629 [Zonestats:time(s),used_cap(MB),reclaimable_cap(MB), avg_reclaimable(%), active(#), active_zones(#), open_zones(#)] 278 2064 4079 66 5 6 3
2026/04/19-18:14:40.293207 1629 [DEBUG] Syncing metadata for: /db_working_home/000420.sst
2026/04/19-18:14:40.398839 1626 [DEBUG] Allocating zone(new=0) start: 0x108000000 wp: 0x108788a00 lt: 3 file lt: 2
2026/04/19-18:14:40.398853 1626 [DEBUG] Syncing metadata for: /db_working_home/000419.log
2026/04/19-18:14:40.675142 1628 Zone Garbage Stats: [76 1 2 2 1 11 4 7 4 6 6 0 ]
2026/04/19-18:14:40.675158 1628 Total Garbage Bytes: 251628885 bytes
2026/04/19-18:14:40.932548 1629 [DEBUG] Syncing metadata for: /db_working_home/000420.sst
2026/04/19-18:14:40.933544 1629 [DEBUG] Syncing metadata for: /db_working_home/000420.sst
2026/04/19-18:14:40.934810 1629 [DEBUG] GetFileSize: /db_working_home/000420.sst 
2026/04/19-18:14:40.934844 1629 [DEBUG] New writable file: /db_working_home/000422.sst direct: 1
2026/04/19-18:14:40.938294 1629 Entering Apply Finish Threshold Function
2026/04/19-18:14:40.938304 1629 Finishing zone: Entering Finish()
2026/04/19-18:14:41.675358 1628 Zone Garbage Stats: [76 1 2 2 1 11 4 7 4 6 6 0 ]
2026/04/19-18:14:41.675375 1628 Total Garbage Bytes: 251628885 bytes
2026/04/19-18:14:41.817942 1626 [DEBUG] New writable file: /db_working_home/000423.log direct: 0
2026/04/19-18:14:42.322633 1629 [DEBUG] Allocating zone(new=1) start: 0x118000000 wp: 0x118000000 lt: 5 file lt: 5
2026/04/19-18:14:42.322649 1629 [Zonestats:time(s),used_cap(MB),reclaimable_cap(MB), avg_reclaimable(%), active(#), active_zones(#), open_zones(#)] 280 2127 4144 66 5 6 4
2026/04/19-18:14:42.322657 1629 [DEBUG] Syncing metadata for: /db_working_home/000422.sst
2026/04/19-18:14:42.633035 1630 [DEBUG] Allocating zone(new=1) start: 0x138000000 wp: 0x138000000 lt: 3 file lt: 3
2026/04/19-18:14:42.633053 1630 [Zonestats:time(s),used_cap(MB),reclaimable_cap(MB), avg_reclaimable(%), active(#), active_zones(#), open_zones(#)] 280 2127 4144 66 5 6 5
2026/04/19-18:14:42.633062 1630 [DEBUG] Syncing metadata for: /db_working_home/000421.sst
2026/04/19-18:14:42.675507 1628 Zone Garbage Stats: [74 1 2 2 1 11 4 8 4 7 6 0 ]
2026/04/19-18:14:42.675581 1628 Total Garbage Bytes: 251629466 bytes
2026/04/19-18:14:42.807175 1630 [DEBUG] Syncing metadata for: /db_working_home/000421.sst
2026/04/19-18:14:42.809848 1630 [DEBUG] Syncing metadata for: /db_working_home/000421.sst
2026/04/19-18:14:42.810652 1630 [DEBUG] New random access file: /db_working_home/000421.sst direct: 1
2026/04/19-18:14:42.816461 1630 [DEBUG] GetFileSize: /db_working_home/000421.sst 
2026/04/19-18:14:42.818603 1630 [DEBUG] Syncing metadata for: /db_working_home/MANIFEST-000228
2026/04/19-18:14:42.819256 1630 [DEBUG] GetFileSize: /db_working_home/000421.sst 
2026/04/19-18:14:42.824022 1630 [DEBUG] Syncing metadata for: /db_working_home/000415.log
2026/04/19-18:14:42.830337 1630 [DEBUG] DeleteFile: ./db_working_home/000415.log 
2026/04/19-18:14:42.832228 1630 [Zonestats:time(s),used_cap(MB),reclaimable_cap(MB), avg_reclaimable(%), active(#), active_zones(#), open_zones(#)] 280 2127 4144 66 5 5 3
2026/04/19-18:14:42.832402 1630 [DEBUG] New writable file: /db_working_home/000424.sst direct: 1
2026/04/19-18:14:42.835127 1630 Entering Apply Finish Threshold Function
2026/04/19-18:14:42.835138 1630 Finishing zone: Entering Finish()
2026/04/19-18:14:42.986395 1626 [DEBUG] Allocating zone(new=1) start: 0xb0000000 wp: 0xb0000000 lt: 2 file lt: 2
2026/04/19-18:14:42.986409 1626 [DEBUG] Syncing metadata for: /db_working_home/000423.log
2026/04/19-18:14:43.387394 1629 [DEBUG] Syncing metadata for: /db_working_home/000422.sst
2026/04/19-18:14:43.388309 1629 [DEBUG] Syncing metadata for: /db_working_home/000422.sst
2026/04/19-18:14:43.389527 1629 [DEBUG] GetFileSize: /db_working_home/000422.sst 
2026/04/19-18:14:43.389558 1629 [DEBUG] New writable file: /db_working_home/000425.sst direct: 1
2026/04/19-18:14:43.396154 1629 Entering Apply Finish Threshold Function
2026/04/19-18:14:43.396168 1629 Finishing zone: Entering Finish()
2026/04/19-18:14:43.675768 1628 Zone Garbage Stats: [74 1 2 2 1 11 4 8 4 7 6 0 ]
2026/04/19-18:14:43.675785 1628 Total Garbage Bytes: 251629466 bytes
2026/04/19-18:14:44.387490 1629 [DEBUG] Allocating zone(new=1) start: 0x190000000 wp: 0x190000000 lt: 5 file lt: 5
2026/04/19-18:14:44.387507 1629 [Zonestats:time(s),used_cap(MB),reclaimable_cap(MB), avg_reclaimable(%), active(#), active_zones(#), open_zones(#)] 282 2217 4310 66 5 6 4
2026/04/19-18:14:44.387517 1629 [DEBUG] Syncing metadata for: /db_working_home/000425.sst
2026/04/19-18:14:44.675982 1628 Zone Garbage Stats: [73 1 2 2 1 12 4 8 4 7 6 0 ]
2026/04/19-18:14:44.675998 1628 Total Garbage Bytes: 251629631 bytes
2026/04/19-18:14:44.677686 1626 [DEBUG] New writable file: /db_working_home/000426.log direct: 0
2026/04/19-18:14:44.918807 1629 [DEBUG] Syncing metadata for: /db_working_home/000425.sst
2026/04/19-18:14:44.919623 1629 [DEBUG] Syncing metadata for: /db_working_home/000425.sst
2026/04/19-18:14:44.920679 1629 [DEBUG] GetFileSize: /db_working_home/000425.sst 
2026/04/19-18:14:44.920713 1629 [DEBUG] New writable file: /db_working_home/000427.sst direct: 1
2026/04/19-18:14:44.927252 1629 Entering Apply Finish Threshold Function
2026/04/19-18:14:44.927264 1629 Finishing zone: Entering Finish()
2026/04/19-18:14:45.315557 1630 [DEBUG] Allocating zone(new=1) start: 0x1a8000000 wp: 0x1a8000000 lt: 3 file lt: 3
2026/04/19-18:14:45.315573 1630 [Zonestats:time(s),used_cap(MB),reclaimable_cap(MB), avg_reclaimable(%), active(#), active_zones(#), open_zones(#)] 283 2261 4394 66 5 6 4
2026/04/19-18:14:45.315584 1630 [DEBUG] Syncing metadata for: /db_working_home/000424.sst
2026/04/19-18:14:45.459665 1630 [DEBUG] Syncing metadata for: /db_working_home/000424.sst
2026/04/19-18:14:45.460476 1630 [DEBUG] Syncing metadata for: /db_working_home/000424.sst
2026/04/19-18:14:45.461463 1630 [DEBUG] New random access file: /db_working_home/000424.sst direct: 1
2026/04/19-18:14:45.461917 1630 [DEBUG] GetFileSize: /db_working_home/000424.sst 
2026/04/19-18:14:45.464343 1630 [DEBUG] Syncing metadata for: /db_working_home/MANIFEST-000228
2026/04/19-18:14:45.465014 1630 [DEBUG] GetFileSize: /db_working_home/000424.sst 
2026/04/19-18:14:45.469889 1630 [DEBUG] Syncing metadata for: /db_working_home/000419.log
2026/04/19-18:14:45.470591 1630 [DEBUG] DeleteFile: ./db_working_home/000419.log 
2026/04/19-18:14:45.471391 1630 [Zonestats:time(s),used_cap(MB),reclaimable_cap(MB), avg_reclaimable(%), active(#), active_zones(#), open_zones(#)] 283 2261 4522 66 6 6 2
2026/04/19-18:14:45.471546 1630 [DEBUG] New writable file: /db_working_home/000428.sst direct: 1
2026/04/19-18:14:45.474407 1630 Entering Apply Finish Threshold Function
2026/04/19-18:14:45.474418 1630 Finishing zone: Entering Finish()
2026/04/19-18:14:45.558075 1626 [DEBUG] Allocating zone(new=0) start: 0x1a8000000 wp: 0x1a8f56600 lt: 3 file lt: 2
2026/04/19-18:14:45.558089 1626 [DEBUG] Syncing metadata for: /db_working_home/000426.log
2026/04/19-18:14:45.676190 1628 Zone Garbage Stats: [72 1 2 2 1 12 4 8 4 8 6 0 ]
2026/04/19-18:14:45.676207 1628 Total Garbage Bytes: 251629697 bytes
2026/04/19-18:14:46.481107 1629 [DEBUG] Allocating zone(new=1) start: 0x1b8000000 wp: 0x1b8000000 lt: 5 file lt: 5
2026/04/19-18:14:46.481124 1629 [Zonestats:time(s),used_cap(MB),reclaimable_cap(MB), avg_reclaimable(%), active(#), active_zones(#), open_zones(#)] 284 2271 4512 66 5 6 4
2026/04/19-18:14:46.481134 1629 [DEBUG] Syncing metadata for: /db_working_home/000427.sst
2026/04/19-18:14:46.676394 1628 Zone Garbage Stats: [71 1 2 2 1 12 4 9 4 8 6 0 ]
2026/04/19-18:14:46.676411 1628 Total Garbage Bytes: 251630068 bytes
2026/04/19-18:14:46.882494 1629 [DEBUG] Syncing metadata for: /db_working_home/000427.sst
2026/04/19-18:14:46.883462 1629 [DEBUG] Syncing metadata for: /db_working_home/000427.sst
2026/04/19-18:14:46.884522 1629 [DEBUG] GetFileSize: /db_working_home/000427.sst 
2026/04/19-18:14:46.885691 1629 [DEBUG] New random access file: /db_working_home/000418.sst direct: 1
2026/04/19-18:14:46.886510 1629 [DEBUG] GetFileSize: /db_working_home/000418.sst 
2026/04/19-18:14:46.886693 1629 [DEBUG] New random access file: /db_working_home/000420.sst direct: 1
2026/04/19-18:14:46.887237 1629 [DEBUG] GetFileSize: /db_working_home/000420.sst 
2026/04/19-18:14:46.887379 1629 [DEBUG] New random access file: /db_working_home/000422.sst direct: 1
2026/04/19-18:14:46.888021 1629 [DEBUG] GetFileSize: /db_working_home/000422.sst 
2026/04/19-18:14:46.888169 1629 [DEBUG] New random access file: /db_working_home/000425.sst direct: 1
2026/04/19-18:14:46.888636 1629 [DEBUG] GetFileSize: /db_working_home/000425.sst 
2026/04/19-18:14:46.888766 1629 [DEBUG] New random access file: /db_working_home/000427.sst direct: 1
2026/04/19-18:14:46.889355 1629 [DEBUG] GetFileSize: /db_working_home/000427.sst 
2026/04/19-18:14:46.890457 1629 [DEBUG] Syncing metadata for: /db_working_home/MANIFEST-000228
2026/04/19-18:14:46.897511 1629 [DEBUG] New writable file: /db_working_home/000429.sst direct: 1
2026/04/19-18:14:46.901326 1629 Entering Apply Finish Threshold Function
2026/04/19-18:14:46.901339 1629 Finishing zone: Entering Finish()
2026/04/19-18:14:47.215364 1626 [DEBUG] New writable file: /db_working_home/000430.log direct: 0
2026/04/19-18:14:47.554188 1630 [DEBUG] Allocating zone(new=1) start: 0x1c0000000 wp: 0x1c0000000 lt: 3 file lt: 3
2026/04/19-18:14:47.554203 1630 [Zonestats:time(s),used_cap(MB),reclaimable_cap(MB), avg_reclaimable(%), active(#), active_zones(#), open_zones(#)] 285 2310 4601 66 5 6 4
2026/04/19-18:14:47.554212 1630 [DEBUG] Syncing metadata for: /db_working_home/000428.sst
2026/04/19-18:14:47.676609 1628 Zone Garbage Stats: [70 1 2 2 1 12 4 9 4 8 7 0 ]
2026/04/19-18:14:47.676686 1628 Total Garbage Bytes: 267982908 bytes
2026/04/19-18:14:47.697974 1630 [DEBUG] Syncing metadata for: /db_working_home/000428.sst
2026/04/19-18:14:47.698760 1630 [DEBUG] Syncing metadata for: /db_working_home/000428.sst
2026/04/19-18:14:47.699744 1630 [DEBUG] New random access file: /db_working_home/000428.sst direct: 1
2026/04/19-18:14:47.700203 1630 [DEBUG] GetFileSize: /db_working_home/000428.sst 
2026/04/19-18:14:47.702651 1630 [DEBUG] Syncing metadata for: /db_working_home/MANIFEST-000228
2026/04/19-18:14:47.703293 1630 [DEBUG] GetFileSize: /db_working_home/000428.sst 
2026/04/19-18:14:47.708170 1630 [DEBUG] Syncing metadata for: /db_working_home/000423.log
2026/04/19-18:14:47.709228 1630 [DEBUG] DeleteFile: ./db_working_home/000379.sst 
2026/04/19-18:14:47.710061 1630 [Zonestats:time(s),used_cap(MB),reclaimable_cap(MB), avg_reclaimable(%), active(#), active_zones(#), open_zones(#)] 285 2279 4632 67 6 6 2
2026/04/19-18:14:47.710105 1630 [DEBUG] DeleteFile: ./db_working_home/000388.sst 
2026/04/19-18:14:47.710947 1630 [Zonestats:time(s),used_cap(MB),reclaimable_cap(MB), avg_reclaimable(%), active(#), active_zones(#), open_zones(#)] 285 2236 4547 67 6 6 2
2026/04/19-18:14:47.710982 1630 [DEBUG] DeleteFile: ./db_working_home/000405.sst 
2026/04/19-18:14:47.711834 1630 [Zonestats:time(s),used_cap(MB),reclaimable_cap(MB), avg_reclaimable(%), active(#), active_zones(#), open_zones(#)] 285 2221 4434 66 6 6 2
2026/04/19-18:14:47.711876 1630 [DEBUG] DeleteFile: ./db_working_home/000407.sst 
2026/04/19-18:14:47.712731 1630 [Zonestats:time(s),used_cap(MB),reclaimable_cap(MB), avg_reclaimable(%), active(#), active_zones(#), open_zones(#)] 285 2129 4398 67 6 6 2
2026/04/19-18:14:47.712764 1630 [DEBUG] DeleteFile: ./db_working_home/000414.sst 
2026/04/19-18:14:47.713401 1630 [Zonestats:time(s),used_cap(MB),reclaimable_cap(MB), avg_reclaimable(%), active(#), active_zones(#), open_zones(#)] 285 2024 4375 68 6 6 2
2026/04/19-18:14:47.713432 1630 [DEBUG] DeleteFile: ./db_working_home/000423.log 
2026/04/19-18:14:47.714304 1630 [Zonestats:time(s),used_cap(MB),reclaimable_cap(MB), avg_reclaimable(%), active(#), active_zones(#), open_zones(#)] 285 2009 4262 67 5 5 2
2026/04/19-18:14:47.714476 1630 [DEBUG] New writable file: /db_working_home/000431.sst direct: 1
2026/04/19-18:14:47.717184 1630 Entering Apply Finish Threshold Function
2026/04/19-18:14:47.717196 1630 Finishing zone: Entering Finish()
2026/04/19-18:14:47.797639 1626 [DEBUG] Allocating zone(new=1) start: 0x60000000 wp: 0x60000000 lt: 2 file lt: 2
2026/04/19-18:14:47.797653 1626 [DEBUG] Syncing metadata for: /db_working_home/000430.log
2026/04/19-18:14:48.640181 1629 [DEBUG] Allocating zone(new=1) start: 0xb0000000 wp: 0xb0000000 lt: 5 file lt: 5
2026/04/19-18:14:48.640199 1629 [Zonestats:time(s),used_cap(MB),reclaimable_cap(MB), avg_reclaimable(%), active(#), active_zones(#), open_zones(#)] 286 2018 4381 68 5 6 4
2026/04/19-18:14:48.640208 1629 [DEBUG] Syncing metadata for: /db_working_home/000429.sst
2026/04/19-18:14:48.676883 1628 Zone Garbage Stats: [74 1 1 1 1 12 4 7 5 7 7 0 ]
2026/04/19-18:14:48.676899 1628 Total Garbage Bytes: 267981983 bytes
2026/04/19-18:14:49.214565 1629 [DEBUG] Syncing metadata for: /db_working_home/000429.sst
2026/04/19-18:14:49.215152 1629 [DEBUG] Syncing metadata for: /db_working_home/000429.sst
2026/04/19-18:14:49.216215 1629 [DEBUG] GetFileSize: /db_working_home/000429.sst 
2026/04/19-18:14:49.216249 1629 [DEBUG] New writable file: /db_working_home/000432.sst direct: 1
2026/04/19-18:14:49.217637 1629 Entering Apply Finish Threshold Function
2026/04/19-18:14:49.217647 1629 Finishing zone: Entering Finish()
2026/04/19-18:14:49.572945 1626 [DEBUG] New writable file: /db_working_home/000433.log direct: 0
2026/04/19-18:14:49.677081 1628 Zone Garbage Stats: [74 1 1 1 1 12 4 7 5 7 7 0 ]
2026/04/19-18:14:49.677094 1628 Total Garbage Bytes: 267981983 bytes
2026/04/19-18:14:49.983815 1630 [DEBUG] Allocating zone(new=1) start: 0x100000000 wp: 0x100000000 lt: 3 file lt: 3
2026/04/19-18:14:49.983830 1630 [Zonestats:time(s),used_cap(MB),reclaimable_cap(MB), avg_reclaimable(%), active(#), active_zones(#), open_zones(#)] 287 2068 4459 68 5 6 4
2026/04/19-18:14:49.983858 1630 [DEBUG] Syncing metadata for: /db_working_home/000431.sst
2026/04/19-18:14:50.127416 1630 [DEBUG] Syncing metadata for: /db_working_home/000431.sst
2026/04/19-18:14:50.127994 1630 [DEBUG] Syncing metadata for: /db_working_home/000431.sst
2026/04/19-18:14:50.128979 1630 [DEBUG] New random access file: /db_working_home/000431.sst direct: 1
2026/04/19-18:14:50.129160 1630 [DEBUG] GetFileSize: /db_working_home/000431.sst 
2026/04/19-18:14:50.131797 1630 [DEBUG] Syncing metadata for: /db_working_home/MANIFEST-000228
2026/04/19-18:14:50.132463 1630 [DEBUG] GetFileSize: /db_working_home/000431.sst 
2026/04/19-18:14:50.137384 1630 [DEBUG] Syncing metadata for: /db_working_home/000426.log
2026/04/19-18:14:50.138308 1630 [DEBUG] DeleteFile: ./db_working_home/000426.log 
2026/04/19-18:14:50.139099 1630 [Zonestats:time(s),used_cap(MB),reclaimable_cap(MB), avg_reclaimable(%), active(#), active_zones(#), open_zones(#)] 288 2068 4587 68 6 6 2
2026/04/19-18:14:50.139293 1630 [DEBUG] New writable file: /db_working_home/000434.sst direct: 1
2026/04/19-18:14:50.142088 1630 Entering Apply Finish Threshold Function
2026/04/19-18:14:50.142099 1630 Finishing zone: Entering Finish()
2026/04/19-18:14:50.259879 1626 [DEBUG] Allocating zone(new=0) start: 0x1a8000000 wp: 0x1a9eeee00 lt: 3 file lt: 2
2026/04/19-18:14:50.259893 1626 [DEBUG] Syncing metadata for: /db_working_home/000433.log
2026/04/19-18:14:50.677207 1628 Zone Garbage Stats: [73 1 1 1 1 12 4 7 5 8 7 0 ]
2026/04/19-18:14:50.677242 1628 Total Garbage Bytes: 267982238 bytes
2026/04/19-18:14:50.735359 1629 [DEBUG] Allocating zone(new=1) start: 0x170000000 wp: 0x170000000 lt: 5 file lt: 5
2026/04/19-18:14:50.735374 1629 [Zonestats:time(s),used_cap(MB),reclaimable_cap(MB), avg_reclaimable(%), active(#), active_zones(#), open_zones(#)] 288 2072 4583 68 5 6 4
2026/04/19-18:14:50.735383 1629 [DEBUG] Syncing metadata for: /db_working_home/000432.sst
2026/04/19-18:14:50.740003 1629 [DEBUG] Syncing metadata for: /db_working_home/000432.sst
2026/04/19-18:14:50.741000 1629 [DEBUG] Syncing metadata for: /db_working_home/000432.sst
2026/04/19-18:14:50.742263 1629 [DEBUG] GetFileSize: /db_working_home/000432.sst 
2026/04/19-18:14:50.743655 1629 [DEBUG] New random access file: /db_working_home/000429.sst direct: 1
2026/04/19-18:14:50.744187 1629 [DEBUG] GetFileSize: /db_working_home/000429.sst 
2026/04/19-18:14:50.744362 1629 [DEBUG] New random access file: /db_working_home/000432.sst direct: 1
2026/04/19-18:14:50.744726 1629 [DEBUG] GetFileSize: /db_working_home/000432.sst 
2026/04/19-18:14:50.745829 1629 [DEBUG] Syncing metadata for: /db_working_home/MANIFEST-000228
2026/04/19-18:14:50.776064 1629 [DEBUG] New writable file: /db_working_home/000435.sst direct: 1
2026/04/19-18:14:50.779936 1629 Entering Apply Finish Threshold Function
2026/04/19-18:14:50.779961 1629 [DEBUG] Allocating zone(new=0) start: 0x170000000 wp: 0x170002800 lt: 5 file lt: 3
2026/04/19-18:14:50.779969 1629 [Zonestats:time(s),used_cap(MB),reclaimable_cap(MB), avg_reclaimable(%), active(#), active_zones(#), open_zones(#)] 288 2073 4710 69 6 6 4
2026/04/19-18:14:50.779976 1629 [DEBUG] Syncing metadata for: /db_working_home/000435.sst
2026/04/19-18:14:51.366956 1629 [DEBUG] Syncing metadata for: /db_working_home/000435.sst
2026/04/19-18:14:51.367949 1629 [DEBUG] Syncing metadata for: /db_working_home/000435.sst
2026/04/19-18:14:51.368760 1629 [DEBUG] GetFileSize: /db_working_home/000435.sst 
2026/04/19-18:14:51.368794 1629 [DEBUG] New writable file: /db_working_home/000436.sst direct: 1
2026/04/19-18:14:51.372173 1629 Entering Apply Finish Threshold Function
2026/04/19-18:14:51.372185 1629 Finishing zone: Entering Finish()
2026/04/19-18:14:51.677434 1628 Zone Garbage Stats: [72 1 1 1 1 12 4 8 5 8 7 0 ]
2026/04/19-18:14:51.677451 1628 Total Garbage Bytes: 267982644 bytes
2026/04/19-18:14:52.265050 1626 [DEBUG] New writable file: /db_working_home/000437.log direct: 0
2026/04/19-18:14:52.498306 1630 [DEBUG] Allocating zone(new=1) start: 0x1b0000000 wp: 0x1b0000000 lt: 3 file lt: 3
2026/04/19-18:14:52.498320 1630 [Zonestats:time(s),used_cap(MB),reclaimable_cap(MB), avg_reclaimable(%), active(#), active_zones(#), open_zones(#)] 290 2134 4649 68 5 6 4
2026/04/19-18:14:52.498329 1630 [DEBUG] Syncing metadata for: /db_working_home/000434.sst
2026/04/19-18:14:52.642089 1630 [DEBUG] Syncing metadata for: /db_working_home/000434.sst
2026/04/19-18:14:52.642900 1630 [DEBUG] Syncing metadata for: /db_working_home/000434.sst
2026/04/19-18:14:52.643896 1630 [DEBUG] New random access file: /db_working_home/000434.sst direct: 1
2026/04/19-18:14:52.644341 1630 [DEBUG] GetFileSize: /db_working_home/000434.sst 
2026/04/19-18:14:52.646784 1630 [DEBUG] Syncing metadata for: /db_working_home/MANIFEST-000228
2026/04/19-18:14:52.647785 1630 [DEBUG] GetFileSize: /db_working_home/000434.sst 
2026/04/19-18:14:52.652740 1630 [DEBUG] Syncing metadata for: /db_working_home/000430.log
2026/04/19-18:14:52.653732 1630 [DEBUG] DeleteFile: ./db_working_home/000280.sst 
2026/04/19-18:14:52.654441 1630 [Zonestats:time(s),used_cap(MB),reclaimable_cap(MB), avg_reclaimable(%), active(#), active_zones(#), open_zones(#)] 290 2135 4648 68 6 6 2
2026/04/19-18:14:52.654494 1630 [DEBUG] DeleteFile: ./db_working_home/000382.sst 
2026/04/19-18:14:52.655291 1630 [Zonestats:time(s),used_cap(MB),reclaimable_cap(MB), avg_reclaimable(%), active(#), active_zones(#), open_zones(#)] 290 2135 4520 67 6 6 2
2026/04/19-18:14:52.655327 1630 [DEBUG] DeleteFile: ./db_working_home/000427.sst 
2026/04/19-18:14:52.656185 1630 [Zonestats:time(s),used_cap(MB),reclaimable_cap(MB), avg_reclaimable(%), active(#), active_zones(#), open_zones(#)] 290 2101 4426 67 6 6 2
2026/04/19-18:14:52.656217 1630 [DEBUG] DeleteFile: ./db_working_home/000430.log 
2026/04/19-18:14:52.657088 1630 [Zonestats:time(s),used_cap(MB),reclaimable_cap(MB), avg_reclaimable(%), active(#), active_zones(#), open_zones(#)] 290 2085 4314 67 5 5 2
2026/04/19-18:14:52.657260 1630 [DEBUG] New writable file: /db_working_home/000438.sst direct: 1
2026/04/19-18:14:52.660128 1630 Entering Apply Finish Threshold Function
2026/04/19-18:14:52.660141 1630 Finishing zone: Entering Finish()
2026/04/19-18:14:52.677653 1628 Zone Garbage Stats: [75 1 1 1 1 12 4 8 4 8 6 0 ]
2026/04/19-18:14:52.677753 1628 Total Garbage Bytes: 171942550 bytes
2026/04/19-18:14:52.744818 1626 [DEBUG] Allocating zone(new=1) start: 0x60000000 wp: 0x60000000 lt: 2 file lt: 2
2026/04/19-18:14:52.744845 1626 [DEBUG] Syncing metadata for: /db_working_home/000437.log
2026/04/19-18:14:52.817896 1629 [DEBUG] Allocating zone(new=1) start: 0x128000000 wp: 0x128000000 lt: 3 file lt: 3
2026/04/19-18:14:52.817914 1629 [Zonestats:time(s),used_cap(MB),reclaimable_cap(MB), avg_reclaimable(%), active(#), active_zones(#), open_zones(#)] 290 2086 4441 68 5 6 4
2026/04/19-18:14:52.817952 1629 [DEBUG] Syncing metadata for: /db_working_home/000436.sst
2026/04/19-18:14:53.430144 1629 [DEBUG] Syncing metadata for: /db_working_home/000436.sst
2026/04/19-18:14:53.430897 1629 [DEBUG] Syncing metadata for: /db_working_home/000436.sst
2026/04/19-18:14:53.431665 1629 [DEBUG] GetFileSize: /db_working_home/000436.sst 
2026/04/19-18:14:53.433100 1629 [DEBUG] New random access file: /db_working_home/000435.sst direct: 1
2026/04/19-18:14:53.433943 1629 [DEBUG] GetFileSize: /db_working_home/000435.sst 
2026/04/19-18:14:53.434115 1629 [DEBUG] New random access file: /db_working_home/000436.sst direct: 1
2026/04/19-18:14:53.434637 1629 [DEBUG] GetFileSize: /db_working_home/000436.sst 
2026/04/19-18:14:53.435686 1629 [DEBUG] Syncing metadata for: /db_working_home/MANIFEST-000228
2026/04/19-18:14:53.437273 1629 [DEBUG] Syncing metadata for: /db_working_home/MANIFEST-000228
2026/04/19-18:14:53.444351 1629 [DEBUG] New writable file: /db_working_home/000439.sst direct: 1
2026/04/19-18:14:53.448095 1629 Entering Apply Finish Threshold Function
2026/04/19-18:14:53.448106 1629 Finishing zone: Entering Finish()
2026/04/19-18:14:53.677976 1628 Zone Garbage Stats: [73 1 1 1 1 12 4 9 4 8 6 0 ]
2026/04/19-18:14:53.677994 1628 Total Garbage Bytes: 171942932 bytes
2026/04/19-18:14:54.236060 1626 [DEBUG] New writable file: /db_working_home/000440.log direct: 0
2026/04/19-18:14:54.678181 1628 Zone Garbage Stats: [73 1 1 1 1 12 4 9 4 8 6 0 ]
2026/04/19-18:14:54.678193 1628 Total Garbage Bytes: 171942932 bytes
2026/04/19-18:14:54.829623 1629 [DEBUG] Allocating zone(new=1) start: 0x168000000 wp: 0x168000000 lt: 5 file lt: 5
2026/04/19-18:14:54.829638 1629 [Zonestats:time(s),used_cap(MB),reclaimable_cap(MB), avg_reclaimable(%), active(#), active_zones(#), open_zones(#)] 292 2146 4509 67 5 6 4
2026/04/19-18:14:54.829648 1629 [DEBUG] Syncing metadata for: /db_working_home/000439.sst
2026/04/19-18:14:54.886323 1630 [DEBUG] Allocating zone(new=1) start: 0x1b8000000 wp: 0x1b8000000 lt: 3 file lt: 3
2026/04/19-18:14:54.886338 1630 [Zonestats:time(s),used_cap(MB),reclaimable_cap(MB), avg_reclaimable(%), active(#), active_zones(#), open_zones(#)] 292 2146 4509 67 5 6 5
2026/04/19-18:14:54.886347 1630 [DEBUG] Syncing metadata for: /db_working_home/000438.sst
2026/04/19-18:14:55.084381 1630 [DEBUG] Syncing metadata for: /db_working_home/000438.sst
2026/04/19-18:14:55.091638 1630 [DEBUG] Syncing metadata for: /db_working_home/000438.sst
2026/04/19-18:14:55.092299 1630 [DEBUG] New random access file: /db_working_home/000438.sst direct: 1
2026/04/19-18:14:55.092480 1630 [DEBUG] GetFileSize: /db_working_home/000438.sst 
2026/04/19-18:14:55.095941 1630 [DEBUG] Syncing metadata for: /db_working_home/MANIFEST-000228
2026/04/19-18:14:55.096628 1630 [DEBUG] GetFileSize: /db_working_home/000438.sst 
2026/04/19-18:14:55.115223 1630 [DEBUG] Syncing metadata for: /db_working_home/000433.log
2026/04/19-18:14:55.116031 1630 [DEBUG] DeleteFile: ./db_working_home/000413.sst 
2026/04/19-18:14:55.116899 1630 [Zonestats:time(s),used_cap(MB),reclaimable_cap(MB), avg_reclaimable(%), active(#), active_zones(#), open_zones(#)] 293 2147 4508 67 6 6 3
2026/04/19-18:14:55.116943 1630 [DEBUG] DeleteFile: ./db_working_home/000416.sst 
2026/04/19-18:14:55.124801 1630 [Zonestats:time(s),used_cap(MB),reclaimable_cap(MB), avg_reclaimable(%), active(#), active_zones(#), open_zones(#)] 293 2131 4396 67 6 6 3
2026/04/19-18:14:55.124867 1630 [DEBUG] DeleteFile: ./db_working_home/000417.sst 
2026/04/19-18:14:55.127322 1630 [Zonestats:time(s),used_cap(MB),reclaimable_cap(MB), avg_reclaimable(%), active(#), active_zones(#), open_zones(#)] 293 2124 4275 66 6 6 3
2026/04/19-18:14:55.127375 1630 [DEBUG] DeleteFile: ./db_working_home/000421.sst 
2026/04/19-18:14:55.128041 1630 [Zonestats:time(s),used_cap(MB),reclaimable_cap(MB), avg_reclaimable(%), active(#), active_zones(#), open_zones(#)] 293 2108 4163 66 6 6 3
2026/04/19-18:14:55.128078 1630 [DEBUG] DeleteFile: ./db_working_home/000424.sst 
2026/04/19-18:14:55.128753 1630 [Zonestats:time(s),used_cap(MB),reclaimable_cap(MB), avg_reclaimable(%), active(#), active_zones(#), open_zones(#)] 293 2093 4178 66 6 6 3
2026/04/19-18:14:55.128787 1630 [DEBUG] DeleteFile: ./db_working_home/000428.sst 
2026/04/19-18:14:55.136509 1630 [Zonestats:time(s),used_cap(MB),reclaimable_cap(MB), avg_reclaimable(%), active(#), active_zones(#), open_zones(#)] 293 2078 4065 66 6 6 3
2026/04/19-18:14:55.136561 1630 [DEBUG] DeleteFile: ./db_working_home/000431.sst 
2026/04/19-18:14:55.137227 1630 [Zonestats:time(s),used_cap(MB),reclaimable_cap(MB), avg_reclaimable(%), active(#), active_zones(#), open_zones(#)] 293 2062 3953 65 6 6 3
2026/04/19-18:14:55.137261 1630 [DEBUG] DeleteFile: ./db_working_home/000433.log 
2026/04/19-18:14:55.137943 1630 [Zonestats:time(s),used_cap(MB),reclaimable_cap(MB), avg_reclaimable(%), active(#), active_zones(#), open_zones(#)] 293 2047 3840 65 5 5 3
2026/04/19-18:14:55.138126 1630 [DEBUG] New writable file: /db_working_home/000441.sst direct: 1
2026/04/19-18:14:55.148044 1630 Entering Apply Finish Threshold Function
2026/04/19-18:14:55.148059 1630 Finishing zone: Entering Finish()
2026/04/19-18:14:55.368012 1626 [DEBUG] Allocating zone(new=1) start: 0x100000000 wp: 0x100000000 lt: 2 file lt: 2
2026/04/19-18:14:55.368027 1626 [DEBUG] Syncing metadata for: /db_working_home/000440.log
2026/04/19-18:14:55.678377 1628 Zone Garbage Stats: [77 1 1 1 1 12 4 10 4 4 5 0 ]
2026/04/19-18:14:55.678393 1628 Total Garbage Bytes: 155590151 bytes
2026/04/19-18:14:55.902423 1629 [DEBUG] Syncing metadata for: /db_working_home/000439.sst
2026/04/19-18:14:55.903359 1629 [DEBUG] Syncing metadata for: /db_working_home/000439.sst
2026/04/19-18:14:55.904596 1629 [DEBUG] GetFileSize: /db_working_home/000439.sst 
2026/04/19-18:14:55.904630 1629 [DEBUG] New writable file: /db_working_home/000442.sst direct: 1
2026/04/19-18:14:55.908092 1629 Entering Apply Finish Threshold Function
2026/04/19-18:14:55.908105 1629 Finishing zone: Entering Finish()
2026/04/19-18:14:56.678525 1628 Zone Garbage Stats: [77 1 1 1 1 12 4 10 4 4 5 0 ]
2026/04/19-18:14:56.678541 1628 Total Garbage Bytes: 155590151 bytes
2026/04/19-18:14:56.711975 1629 [DEBUG] Allocating zone(new=1) start: 0x108000000 wp: 0x108000000 lt: 5 file lt: 5
2026/04/19-18:14:56.711990 1629 [Zonestats:time(s),used_cap(MB),reclaimable_cap(MB), avg_reclaimable(%), active(#), active_zones(#), open_zones(#)] 294 2146 3997 65 5 6 4
2026/04/19-18:14:56.711998 1629 [DEBUG] Syncing metadata for: /db_working_home/000442.sst
2026/04/19-18:14:57.085660 1626 [DEBUG] New writable file: /db_working_home/000443.log direct: 0
2026/04/19-18:14:57.498101 1629 [DEBUG] Syncing metadata for: /db_working_home/000442.sst
2026/04/19-18:14:57.498680 1629 [DEBUG] Syncing metadata for: /db_working_home/000442.sst
2026/04/19-18:14:57.499738 1629 [DEBUG] GetFileSize: /db_working_home/000442.sst 
2026/04/19-18:14:57.499773 1629 [DEBUG] New writable file: /db_working_home/000444.sst direct: 1
2026/04/19-18:14:57.502752 1629 Entering Apply Finish Threshold Function
2026/04/19-18:14:57.502763 1629 Finishing zone: Entering Finish()
2026/04/19-18:14:57.678731 1628 Zone Garbage Stats: [76 1 1 1 2 12 4 10 4 4 5 0 ]
2026/04/19-18:14:57.678799 1628 Total Garbage Bytes: 155590455 bytes
2026/04/19-18:14:57.836921 1630 [DEBUG] Allocating zone(new=1) start: 0x138000000 wp: 0x138000000 lt: 3 file lt: 3
2026/04/19-18:14:57.836935 1630 [Zonestats:time(s),used_cap(MB),reclaimable_cap(MB), avg_reclaimable(%), active(#), active_zones(#), open_zones(#)] 295 2209 4062 64 5 6 4
2026/04/19-18:14:57.836945 1630 [DEBUG] Syncing metadata for: /db_working_home/000441.sst
2026/04/19-18:14:57.981195 1630 [DEBUG] Syncing metadata for: /db_working_home/000441.sst
2026/04/19-18:14:57.981771 1630 [DEBUG] Syncing metadata for: /db_working_home/000441.sst
2026/04/19-18:14:57.982760 1630 [DEBUG] New random access file: /db_working_home/000441.sst direct: 1
2026/04/19-18:14:57.982953 1630 [DEBUG] GetFileSize: /db_working_home/000441.sst 
2026/04/19-18:14:57.985577 1630 [DEBUG] Syncing metadata for: /db_working_home/MANIFEST-000228
2026/04/19-18:14:57.986243 1630 [DEBUG] GetFileSize: /db_working_home/000441.sst 
2026/04/19-18:14:57.991106 1630 [DEBUG] Syncing metadata for: /db_working_home/000437.log
2026/04/19-18:14:57.991797 1630 [DEBUG] DeleteFile: ./db_working_home/000437.log 
2026/04/19-18:14:57.992703 1630 [Zonestats:time(s),used_cap(MB),reclaimable_cap(MB), avg_reclaimable(%), active(#), active_zones(#), open_zones(#)] 295 2209 4062 64 5 5 2
2026/04/19-18:14:57.992887 1630 [DEBUG] New writable file: /db_working_home/000445.sst direct: 1
2026/04/19-18:14:57.995638 1630 Entering Apply Finish Threshold Function
2026/04/19-18:14:57.995649 1630 Finishing zone: Entering Finish()
2026/04/19-18:14:58.068378 1626 [DEBUG] Allocating zone(new=1) start: 0x60000000 wp: 0x60000000 lt: 2 file lt: 2
2026/04/19-18:14:58.068391 1626 [DEBUG] Syncing metadata for: /db_working_home/000443.log
2026/04/19-18:14:58.678931 1628 Zone Garbage Stats: [75 1 1 1 2 12 4 10 4 5 5 0 ]
2026/04/19-18:14:58.678947 1628 Total Garbage Bytes: 155590660 bytes
2026/04/19-18:14:58.742027 1629 [DEBUG] Allocating zone(new=1) start: 0x188000000 wp: 0x188000000 lt: 5 file lt: 5
2026/04/19-18:14:58.742042 1629 [Zonestats:time(s),used_cap(MB),reclaimable_cap(MB), avg_reclaimable(%), active(#), active_zones(#), open_zones(#)] 296 2217 4182 65 5 6 4
2026/04/19-18:14:58.742050 1629 [DEBUG] Syncing metadata for: /db_working_home/000444.sst
2026/04/19-18:14:58.880889 1629 [DEBUG] Syncing metadata for: /db_working_home/000444.sst
2026/04/19-18:14:58.881839 1629 [DEBUG] Syncing metadata for: /db_working_home/000444.sst
2026/04/19-18:14:58.883104 1629 [DEBUG] GetFileSize: /db_working_home/000444.sst 
2026/04/19-18:14:58.884502 1629 [DEBUG] New random access file: /db_working_home/000439.sst direct: 1
2026/04/19-18:14:58.885039 1629 [DEBUG] GetFileSize: /db_working_home/000439.sst 
2026/04/19-18:14:58.885232 1629 [DEBUG] New random access file: /db_working_home/000442.sst direct: 1
2026/04/19-18:14:58.885749 1629 [DEBUG] GetFileSize: /db_working_home/000442.sst 
2026/04/19-18:14:58.885913 1629 [DEBUG] New random access file: /db_working_home/000444.sst direct: 1
2026/04/19-18:14:58.893598 1629 [DEBUG] GetFileSize: /db_working_home/000444.sst 
2026/04/19-18:14:58.894555 1629 [DEBUG] Syncing metadata for: /db_working_home/MANIFEST-000228
2026/04/19-18:14:58.901872 1629 [DEBUG] New writable file: /db_working_home/000446.sst direct: 1
2026/04/19-18:14:58.905712 1629 Entering Apply Finish Threshold Function
2026/04/19-18:14:58.905740 1629 [DEBUG] Allocating zone(new=1) start: 0x1a0000000 wp: 0x1a0000000 lt: 5 file lt: 5
2026/04/19-18:14:58.905748 1629 [Zonestats:time(s),used_cap(MB),reclaimable_cap(MB), avg_reclaimable(%), active(#), active_zones(#), open_zones(#)] 296 2229 4298 65 6 7 4
2026/04/19-18:14:58.905755 1629 [DEBUG] Syncing metadata for: /db_working_home/000446.sst
2026/04/19-18:14:59.679129 1628 Zone Garbage Stats: [73 2 1 1 2 12 5 10 4 5 5 0 ]
2026/04/19-18:14:59.679146 1628 Total Garbage Bytes: 155591568 bytes
2026/04/19-18:15:00.302979 1626 [DEBUG] New writable file: /db_working_home/000447.log direct: 0
2026/04/19-18:15:00.375213 1629 [DEBUG] Syncing metadata for: /db_working_home/000446.sst
2026/04/19-18:15:00.375805 1629 [DEBUG] Syncing metadata for: /db_working_home/000446.sst
2026/04/19-18:15:00.376864 1629 [DEBUG] GetFileSize: /db_working_home/000446.sst 
2026/04/19-18:15:00.378247 1629 [DEBUG] New random access file: /db_working_home/000446.sst direct: 1
2026/04/19-18:15:00.378905 1629 [DEBUG] GetFileSize: /db_working_home/000446.sst 
2026/04/19-18:15:00.379831 1629 [DEBUG] Syncing metadata for: /db_working_home/MANIFEST-000228
2026/04/19-18:15:00.380566 1629 [DEBUG] DeleteFile: ./db_working_home/000439.sst 
2026/04/19-18:15:00.381410 1629 [Zonestats:time(s),used_cap(MB),reclaimable_cap(MB), avg_reclaimable(%), active(#), active_zones(#), open_zones(#)] 298 2271 4256 65 7 7 3
2026/04/19-18:15:00.387348 1629 [DEBUG] New writable file: /db_working_home/000448.sst direct: 1
2026/04/19-18:15:00.390956 1629 Entering Apply Finish Threshold Function
2026/04/19-18:15:00.390968 1629 Finishing zone: Entering Finish()
2026/04/19-18:15:00.487113 1629 [DEBUG] Allocating zone(new=1) start: 0x168000000 wp: 0x168000000 lt: 5 file lt: 5
2026/04/19-18:15:00.487128 1629 [Zonestats:time(s),used_cap(MB),reclaimable_cap(MB), avg_reclaimable(%), active(#), active_zones(#), open_zones(#)] 298 2271 4256 65 6 7 4
2026/04/19-18:15:00.487136 1629 [DEBUG] Syncing metadata for: /db_working_home/000448.sst
2026/04/19-18:15:00.679342 1628 Zone Garbage Stats: [73 3 1 1 1 12 5 10 4 5 5 0 ]
2026/04/19-18:15:00.679359 1628 Total Garbage Bytes: 155591543 bytes
2026/04/19-18:15:01.120636 1630 [DEBUG] Allocating zone(new=0) start: 0x188000000 wp: 0x188b58c00 lt: 5 file lt: 3
2026/04/19-18:15:01.120653 1630 [Zonestats:time(s),used_cap(MB),reclaimable_cap(MB), avg_reclaimable(%), active(#), active_zones(#), open_zones(#)] 299 2271 4256 65 6 6 5
2026/04/19-18:15:01.120663 1630 [DEBUG] Syncing metadata for: /db_working_home/000445.sst
2026/04/19-18:15:01.211575 1629 [DEBUG] Syncing metadata for: /db_working_home/000448.sst
2026/04/19-18:15:01.219205 1629 [DEBUG] Syncing metadata for: /db_working_home/000448.sst
2026/04/19-18:15:01.219953 1629 [DEBUG] GetFileSize: /db_working_home/000448.sst 
2026/04/19-18:15:01.219992 1629 [DEBUG] New writable file: /db_working_home/000449.sst direct: 1
2026/04/19-18:15:01.232197 1629 Entering Apply Finish Threshold Function
2026/04/19-18:15:01.232210 1629 Finishing zone: Entering Finish()
2026/04/19-18:15:01.287253 1630 [DEBUG] Syncing metadata for: /db_working_home/000445.sst
2026/04/19-18:15:01.287832 1630 [DEBUG] Syncing metadata for: /db_working_home/000445.sst
2026/04/19-18:15:01.288829 1630 [DEBUG] New random access file: /db_working_home/000445.sst direct: 1
2026/04/19-18:15:01.289009 1630 [DEBUG] GetFileSize: /db_working_home/000445.sst 
2026/04/19-18:15:01.291634 1630 [DEBUG] Syncing metadata for: /db_working_home/MANIFEST-000228
2026/04/19-18:15:01.292289 1630 [DEBUG] GetFileSize: /db_working_home/000445.sst 
2026/04/19-18:15:01.297220 1630 [DEBUG] Syncing metadata for: /db_working_home/000440.log
2026/04/19-18:15:01.298210 1630 [DEBUG] DeleteFile: ./db_working_home/000309.sst 
2026/04/19-18:15:01.299048 1630 [Zonestats:time(s),used_cap(MB),reclaimable_cap(MB), avg_reclaimable(%), active(#), active_zones(#), open_zones(#)] 299 2287 4240 64 6 6 2
2026/04/19-18:15:01.299091 1630 [DEBUG] DeleteFile: ./db_working_home/000422.sst 
2026/04/19-18:15:01.299924 1630 [Zonestats:time(s),used_cap(MB),reclaimable_cap(MB), avg_reclaimable(%), active(#), active_zones(#), open_zones(#)] 299 2211 4188 65 6 6 2
2026/04/19-18:15:01.299960 1630 [DEBUG] DeleteFile: ./db_working_home/000425.sst 
2026/04/19-18:15:01.300831 1630 [Zonestats:time(s),used_cap(MB),reclaimable_cap(MB), avg_reclaimable(%), active(#), active_zones(#), open_zones(#)] 299 2167 4104 65 6 6 2
2026/04/19-18:15:01.300865 1630 [DEBUG] DeleteFile: ./db_working_home/000436.sst 
2026/04/19-18:15:01.301719 1630 [Zonestats:time(s),used_cap(MB),reclaimable_cap(MB), avg_reclaimable(%), active(#), active_zones(#), open_zones(#)] 299 2121 4022 65 6 6 2
2026/04/19-18:15:01.301751 1630 [DEBUG] DeleteFile: ./db_working_home/000440.log 
2026/04/19-18:15:01.302625 1630 [Zonestats:time(s),used_cap(MB),reclaimable_cap(MB), avg_reclaimable(%), active(#), active_zones(#), open_zones(#)] 299 2106 3909 64 5 5 2
2026/04/19-18:15:01.302809 1630 [DEBUG] New writable file: /db_working_home/000450.sst direct: 1
2026/04/19-18:15:01.305539 1630 Entering Apply Finish Threshold Function
2026/04/19-18:15:01.305551 1630 Finishing zone: Entering Finish()
2026/04/19-18:15:01.382991 1626 [DEBUG] Allocating zone(new=1) start: 0xd0000000 wp: 0xd0000000 lt: 2 file lt: 2
2026/04/19-18:15:01.383004 1626 [DEBUG] Syncing metadata for: /db_working_home/000447.log
2026/04/19-18:15:01.679548 1628 Zone Garbage Stats: [77 2 1 1 1 11 4 8 4 6 5 0 ]
2026/04/19-18:15:01.679564 1628 Total Garbage Bytes: 155590403 bytes
2026/04/19-18:15:02.525096 1629 [DEBUG] Allocating zone(new=1) start: 0x100000000 wp: 0x100000000 lt: 5 file lt: 5
2026/04/19-18:15:02.525114 1629 [Zonestats:time(s),used_cap(MB),reclaimable_cap(MB), avg_reclaimable(%), active(#), active_zones(#), open_zones(#)] 300 2118 4025 65 5 6 4
2026/04/19-18:15:02.525124 1629 [DEBUG] Syncing metadata for: /db_working_home/000449.sst
2026/04/19-18:15:02.679756 1628 Zone Garbage Stats: [76 2 1 1 1 11 5 8 4 6 5 0 ]
2026/04/19-18:15:02.679865 1628 Total Garbage Bytes: 155590732 bytes
2026/04/19-18:15:02.697368 1629 [DEBUG] Syncing metadata for: /db_working_home/000449.sst
2026/04/19-18:15:02.698431 1629 [DEBUG] Syncing metadata for: /db_working_home/000449.sst
2026/04/19-18:15:02.699669 1629 [DEBUG] GetFileSize: /db_working_home/000449.sst 
2026/04/19-18:15:02.700882 1629 [DEBUG] New random access file: /db_working_home/000448.sst direct: 1
2026/04/19-18:15:02.701454 1629 [DEBUG] GetFileSize: /db_working_home/000448.sst 
2026/04/19-18:15:02.701619 1629 [DEBUG] New random access file: /db_working_home/000449.sst direct: 1
2026/04/19-18:15:02.702173 1629 [DEBUG] GetFileSize: /db_working_home/000449.sst 
2026/04/19-18:15:02.703141 1629 [DEBUG] Syncing metadata for: /db_working_home/MANIFEST-000228
2026/04/19-18:15:02.716035 1629 [DEBUG] New writable file: /db_working_home/000451.sst direct: 1
2026/04/19-18:15:02.719579 1629 Entering Apply Finish Threshold Function
2026/04/19-18:15:02.719591 1629 Finishing zone: Entering Finish()
2026/04/19-18:15:02.915025 1626 [DEBUG] New writable file: /db_working_home/000452.log direct: 0
2026/04/19-18:15:03.220499 1630 [DEBUG] Allocating zone(new=1) start: 0x118000000 wp: 0x118000000 lt: 3 file lt: 3
2026/04/19-18:15:03.220514 1630 [Zonestats:time(s),used_cap(MB),reclaimable_cap(MB), avg_reclaimable(%), active(#), active_zones(#), open_zones(#)] 301 2136 4135 65 5 6 4
2026/04/19-18:15:03.220523 1630 [DEBUG] Syncing metadata for: /db_working_home/000450.sst
2026/04/19-18:15:03.364266 1630 [DEBUG] Syncing metadata for: /db_working_home/000450.sst
2026/04/19-18:15:03.365052 1630 [DEBUG] Syncing metadata for: /db_working_home/000450.sst
2026/04/19-18:15:03.366037 1630 [DEBUG] New random access file: /db_working_home/000450.sst direct: 1
2026/04/19-18:15:03.366492 1630 [DEBUG] GetFileSize: /db_working_home/000450.sst 
2026/04/19-18:15:03.368937 1630 [DEBUG] Syncing metadata for: /db_working_home/MANIFEST-000228
2026/04/19-18:15:03.369575 1630 [DEBUG] GetFileSize: /db_working_home/000450.sst 
2026/04/19-18:15:03.374522 1630 [DEBUG] Syncing metadata for: /db_working_home/000443.log
2026/04/19-18:15:03.375481 1630 [DEBUG] DeleteFile: ./db_working_home/000356.sst 
2026/04/19-18:15:03.376344 1630 [Zonestats:time(s),used_cap(MB),reclaimable_cap(MB), avg_reclaimable(%), active(#), active_zones(#), open_zones(#)] 301 2116 4155 66 6 6 2
2026/04/19-18:15:03.376388 1630 [DEBUG] DeleteFile: ./db_working_home/000420.sst 
2026/04/19-18:15:03.377223 1630 [Zonestats:time(s),used_cap(MB),reclaimable_cap(MB), avg_reclaimable(%), active(#), active_zones(#), open_zones(#)] 301 2069 4074 66 6 6 2
2026/04/19-18:15:03.377256 1630 [DEBUG] DeleteFile: ./db_working_home/000443.log 
2026/04/19-18:15:03.378128 1630 [Zonestats:time(s),used_cap(MB),reclaimable_cap(MB), avg_reclaimable(%), active(#), active_zones(#), open_zones(#)] 301 2053 3962 65 5 5 2
2026/04/19-18:15:03.378302 1630 [DEBUG] New writable file: /db_working_home/000453.sst direct: 1
2026/04/19-18:15:03.380991 1630 Entering Apply Finish Threshold Function
2026/04/19-18:15:03.381002 1630 Finishing zone: Entering Finish()
2026/04/19-18:15:03.457589 1626 [DEBUG] Allocating zone(new=1) start: 0x60000000 wp: 0x60000000 lt: 2 file lt: 2
2026/04/19-18:15:03.457603 1626 [DEBUG] Syncing metadata for: /db_working_home/000452.log
2026/04/19-18:15:03.680056 1628 Zone Garbage Stats: [77 2 1 1 1 11 5 7 4 6 5 0 ]
2026/04/19-18:15:03.680073 1628 Total Garbage Bytes: 155590888 bytes
2026/04/19-18:15:04.680266 1628 Zone Garbage Stats: [77 2 1 1 1 11 5 7 4 6 5 0 ]
2026/04/19-18:15:04.680283 1628 Total Garbage Bytes: 155590888 bytes
2026/04/19-18:15:04.835142 1629 [DEBUG] Allocating zone(new=1) start: 0xf0000000 wp: 0xf0000000 lt: 3 file lt: 3
2026/04/19-18:15:04.835159 1629 [Zonestats:time(s),used_cap(MB),reclaimable_cap(MB), avg_reclaimable(%), active(#), active_zones(#), open_zones(#)] 302 2067 4076 66 5 6 4
2026/04/19-18:15:04.835168 1629 [DEBUG] Syncing metadata for: /db_working_home/000451.sst
2026/04/19-18:15:05.206350 1626 [DEBUG] New writable file: /db_working_home/000454.log direct: 0
2026/04/19-18:15:05.566378 1629 [DEBUG] Syncing metadata for: /db_working_home/000451.sst
2026/04/19-18:15:05.566957 1629 [DEBUG] Syncing metadata for: /db_working_home/000451.sst
2026/04/19-18:15:05.568020 1629 [DEBUG] GetFileSize: /db_working_home/000451.sst 
2026/04/19-18:15:05.569177 1629 [DEBUG] New random access file: /db_working_home/000451.sst direct: 1
2026/04/19-18:15:05.569477 1629 [DEBUG] GetFileSize: /db_working_home/000451.sst 
2026/04/19-18:15:05.570401 1629 [DEBUG] Syncing metadata for: /db_working_home/MANIFEST-000228
2026/04/19-18:15:05.571830 1629 [DEBUG] Syncing metadata for: /db_working_home/MANIFEST-000228
2026/04/19-18:15:05.579061 1629 [DEBUG] New writable file: /db_working_home/000455.sst direct: 1
2026/04/19-18:15:05.582524 1629 Entering Apply Finish Threshold Function
2026/04/19-18:15:05.582535 1629 Finishing zone: Entering Finish()
2026/04/19-18:15:05.680467 1628 Zone Garbage Stats: [76 2 1 1 1 11 5 7 4 7 5 0 ]
2026/04/19-18:15:05.680480 1628 Total Garbage Bytes: 155591194 bytes
2026/04/19-18:15:05.753020 1630 [DEBUG] Allocating zone(new=1) start: 0x128000000 wp: 0x128000000 lt: 3 file lt: 3
2026/04/19-18:15:05.753035 1630 [Zonestats:time(s),used_cap(MB),reclaimable_cap(MB), avg_reclaimable(%), active(#), active_zones(#), open_zones(#)] 303 2128 4143 66 5 6 4
2026/04/19-18:15:05.753044 1630 [DEBUG] Syncing metadata for: /db_working_home/000453.sst
2026/04/19-18:15:05.897107 1630 [DEBUG] Syncing metadata for: /db_working_home/000453.sst
2026/04/19-18:15:05.897890 1630 [DEBUG] Syncing metadata for: /db_working_home/000453.sst
2026/04/19-18:15:05.898889 1630 [DEBUG] New random access file: /db_working_home/000453.sst direct: 1
2026/04/19-18:15:05.899332 1630 [DEBUG] GetFileSize: /db_working_home/000453.sst 
2026/04/19-18:15:05.901757 1630 [DEBUG] Syncing metadata for: /db_working_home/MANIFEST-000228
2026/04/19-18:15:05.902426 1630 [DEBUG] GetFileSize: /db_working_home/000453.sst 
2026/04/19-18:15:05.907823 1630 [DEBUG] Syncing metadata for: /db_working_home/000447.log
2026/04/19-18:15:05.908799 1630 [DEBUG] DeleteFile: ./db_working_home/000434.sst 
2026/04/19-18:15:05.909657 1630 [Zonestats:time(s),used_cap(MB),reclaimable_cap(MB), avg_reclaimable(%), active(#), active_zones(#), open_zones(#)] 303 2129 4142 66 6 6 2
2026/04/19-18:15:05.909700 1630 [DEBUG] DeleteFile: ./db_working_home/000438.sst 
2026/04/19-18:15:05.910515 1630 [Zonestats:time(s),used_cap(MB),reclaimable_cap(MB), avg_reclaimable(%), active(#), active_zones(#), open_zones(#)] 303 2114 4029 65 6 6 2
2026/04/19-18:15:05.910551 1630 [DEBUG] DeleteFile: ./db_working_home/000441.sst 
2026/04/19-18:15:05.911408 1630 [Zonestats:time(s),used_cap(MB),reclaimable_cap(MB), avg_reclaimable(%), active(#), active_zones(#), open_zones(#)] 303 2098 3917 65 6 6 2
2026/04/19-18:15:05.911442 1630 [DEBUG] DeleteFile: ./db_working_home/000445.sst 
2026/04/19-18:15:05.912000 1630 [Zonestats:time(s),used_cap(MB),reclaimable_cap(MB), avg_reclaimable(%), active(#), active_zones(#), open_zones(#)] 303 2083 3932 65 6 6 2
2026/04/19-18:15:05.912030 1630 [DEBUG] DeleteFile: ./db_working_home/000447.log 
2026/04/19-18:15:05.912994 1630 [Zonestats:time(s),used_cap(MB),reclaimable_cap(MB), avg_reclaimable(%), active(#), active_zones(#), open_zones(#)] 303 2067 3820 64 5 5 2
2026/04/19-18:15:05.913164 1630 [DEBUG] New writable file: /db_working_home/000456.sst direct: 1
2026/04/19-18:15:05.915917 1630 Entering Apply Finish Threshold Function
2026/04/19-18:15:05.915928 1630 Finishing zone: Entering Finish()
2026/04/19-18:15:05.988891 1626 [DEBUG] Allocating zone(new=1) start: 0xd0000000 wp: 0xd0000000 lt: 2 file lt: 2
2026/04/19-18:15:05.988905 1626 [DEBUG] Syncing metadata for: /db_working_home/000454.log
2026/04/19-18:15:06.680672 1628 Zone Garbage Stats: [78 2 1 1 1 11 5 7 3 5 6 0 ]
2026/04/19-18:15:06.680689 1628 Total Garbage Bytes: 171665108 bytes
2026/04/19-18:15:06.878509 1629 [DEBUG] Allocating zone(new=1) start: 0x138000000 wp: 0x138000000 lt: 5 file lt: 5
2026/04/19-18:15:06.878525 1629 [Zonestats:time(s),used_cap(MB),reclaimable_cap(MB), avg_reclaimable(%), active(#), active_zones(#), open_zones(#)] 304 2077 3938 65 5 6 4
2026/04/19-18:15:06.878534 1629 [DEBUG] Syncing metadata for: /db_working_home/000455.sst
2026/04/19-18:15:07.680814 1628 Zone Garbage Stats: [77 2 1 1 1 11 6 7 3 5 6 0 ]
2026/04/19-18:15:07.680907 1628 Total Garbage Bytes: 171665350 bytes
2026/04/19-18:15:07.884887 1626 [DEBUG] New writable file: /db_working_home/000457.log direct: 0
2026/04/19-18:15:08.385553 1629 Entering Apply Finish Threshold Function
2026/04/19-18:15:08.385585 1629 [DEBUG] Allocating zone(new=1) start: 0x190000000 wp: 0x190000000 lt: 5 file lt: 5
2026/04/19-18:15:08.385593 1629 [Zonestats:time(s),used_cap(MB),reclaimable_cap(MB), avg_reclaimable(%), active(#), active_zones(#), open_zones(#)] 306 2210 3933 64 5 6 4
2026/04/19-18:15:08.385600 1629 [DEBUG] Syncing metadata for: /db_working_home/000455.sst
2026/04/19-18:15:08.391183 1629 [DEBUG] Syncing metadata for: /db_working_home/000455.sst
2026/04/19-18:15:08.391996 1629 [DEBUG] Syncing metadata for: /db_working_home/000455.sst
2026/04/19-18:15:08.392705 1629 [DEBUG] GetFileSize: /db_working_home/000455.sst 
2026/04/19-18:15:08.392741 1629 [DEBUG] New writable file: /db_working_home/000458.sst direct: 1
2026/04/19-18:15:08.396005 1629 Entering Apply Finish Threshold Function
2026/04/19-18:15:08.396031 1629 [DEBUG] Allocating zone(new=1) start: 0x198000000 wp: 0x198000000 lt: 5 file lt: 5
2026/04/19-18:15:08.396038 1629 [Zonestats:time(s),used_cap(MB),reclaimable_cap(MB), avg_reclaimable(%), active(#), active_zones(#), open_zones(#)] 306 2211 4060 64 6 7 4
2026/04/19-18:15:08.396044 1629 [DEBUG] Syncing metadata for: /db_working_home/000458.sst
2026/04/19-18:15:08.601112 1629 [DEBUG] Syncing metadata for: /db_working_home/000458.sst
2026/04/19-18:15:08.601940 1629 [DEBUG] Syncing metadata for: /db_working_home/000458.sst
2026/04/19-18:15:08.602983 1629 [DEBUG] GetFileSize: /db_working_home/000458.sst 
2026/04/19-18:15:08.604353 1629 [DEBUG] New random access file: /db_working_home/000455.sst direct: 1
2026/04/19-18:15:08.605044 1629 [DEBUG] GetFileSize: /db_working_home/000455.sst 
2026/04/19-18:15:08.605241 1629 [DEBUG] New random access file: /db_working_home/000458.sst direct: 1
2026/04/19-18:15:08.605598 1629 [DEBUG] GetFileSize: /db_working_home/000458.sst 
2026/04/19-18:15:08.606535 1629 [DEBUG] Syncing metadata for: /db_working_home/MANIFEST-000228
2026/04/19-18:15:08.613153 1629 [DEBUG] New writable file: /db_working_home/000459.sst direct: 1
2026/04/19-18:15:08.616574 1629 Entering Apply Finish Threshold Function
2026/04/19-18:15:08.616586 1629 Finishing zone: Entering Finish()
2026/04/19-18:15:08.681103 1628 Zone Garbage Stats: [75 4 1 1 1 11 6 7 3 5 6 0 ]
2026/04/19-18:15:08.681116 1628 Total Garbage Bytes: 171665617 bytes
2026/04/19-18:15:08.773659 1630 [DEBUG] Allocating zone(new=0) start: 0x190000000 wp: 0x19002d800 lt: 5 file lt: 3
2026/04/19-18:15:08.773674 1630 [Zonestats:time(s),used_cap(MB),reclaimable_cap(MB), avg_reclaimable(%), active(#), active_zones(#), open_zones(#)] 306 2228 4171 65 6 6 4
2026/04/19-18:15:08.773683 1630 [DEBUG] Syncing metadata for: /db_working_home/000456.sst
2026/04/19-18:15:08.914653 1630 [DEBUG] Syncing metadata for: /db_working_home/000456.sst
2026/04/19-18:15:08.915229 1630 [DEBUG] Syncing metadata for: /db_working_home/000456.sst
2026/04/19-18:15:08.916214 1630 [DEBUG] New random access file: /db_working_home/000456.sst direct: 1
2026/04/19-18:15:08.916395 1630 [DEBUG] GetFileSize: /db_working_home/000456.sst 
2026/04/19-18:15:08.919034 1630 [DEBUG] Syncing metadata for: /db_working_home/MANIFEST-000228
2026/04/19-18:15:08.919690 1630 [DEBUG] GetFileSize: /db_working_home/000456.sst 
2026/04/19-18:15:08.924624 1630 [DEBUG] Syncing metadata for: /db_working_home/000452.log
2026/04/19-18:15:08.925572 1630 [DEBUG] DeleteFile: ./db_working_home/000446.sst 
2026/04/19-18:15:08.926449 1630 [Zonestats:time(s),used_cap(MB),reclaimable_cap(MB), avg_reclaimable(%), active(#), active_zones(#), open_zones(#)] 306 2122 4149 66 6 6 2
2026/04/19-18:15:08.926491 1630 [DEBUG] DeleteFile: ./db_working_home/000452.log 
2026/04/19-18:15:08.927330 1630 [Zonestats:time(s),used_cap(MB),reclaimable_cap(MB), avg_reclaimable(%), active(#), active_zones(#), open_zones(#)] 306 2107 4036 65 5 5 2
2026/04/19-18:15:08.927478 1630 [DEBUG] New writable file: /db_working_home/000460.sst direct: 1
2026/04/19-18:15:08.930258 1630 Entering Apply Finish Threshold Function
2026/04/19-18:15:08.930270 1630 Finishing zone: Entering Finish()
2026/04/19-18:15:09.015665 1626 [DEBUG] Allocating zone(new=1) start: 0x60000000 wp: 0x60000000 lt: 2 file lt: 2
2026/04/19-18:15:09.015679 1626 [DEBUG] Syncing metadata for: /db_working_home/000457.log
2026/04/19-18:15:09.681307 1628 Zone Garbage Stats: [76 2 1 1 1 11 6 7 3 6 6 0 ]
2026/04/19-18:15:09.681324 1628 Total Garbage Bytes: 171665344 bytes
2026/04/19-18:15:10.317016 1626 [DEBUG] New writable file: /db_working_home/000461.log direct: 0
2026/04/19-18:15:10.633723 1629 [DEBUG] Allocating zone(new=1) start: 0x1a0000000 wp: 0x1a0000000 lt: 5 file lt: 5
2026/04/19-18:15:10.633737 1629 [Zonestats:time(s),used_cap(MB),reclaimable_cap(MB), avg_reclaimable(%), active(#), active_zones(#), open_zones(#)] 308 2122 4149 66 5 6 4
2026/04/19-18:15:10.633759 1629 [DEBUG] Syncing metadata for: /db_working_home/000459.sst
2026/04/19-18:15:10.681516 1628 Zone Garbage Stats: [75 2 1 1 1 11 6 7 3 7 6 0 ]
2026/04/19-18:15:10.681531 1628 Total Garbage Bytes: 171665831 bytes
2026/04/19-18:15:11.173480 1630 [DEBUG] Allocating zone(new=1) start: 0x1a8000000 wp: 0x1a8000000 lt: 3 file lt: 3
2026/04/19-18:15:11.173498 1630 [Zonestats:time(s),used_cap(MB),reclaimable_cap(MB), avg_reclaimable(%), active(#), active_zones(#), open_zones(#)] 309 2122 4149 66 5 6 5
2026/04/19-18:15:11.173507 1630 [DEBUG] Syncing metadata for: /db_working_home/000460.sst
2026/04/19-18:15:11.373412 1630 [DEBUG] Syncing metadata for: /db_working_home/000460.sst
2026/04/19-18:15:11.376121 1630 [DEBUG] Syncing metadata for: /db_working_home/000460.sst
2026/04/19-18:15:11.376811 1630 [DEBUG] New random access file: /db_working_home/000460.sst direct: 1
2026/04/19-18:15:11.376995 1630 [DEBUG] GetFileSize: /db_working_home/000460.sst 
2026/04/19-18:15:11.385455 1630 [DEBUG] Syncing metadata for: /db_working_home/MANIFEST-000228
2026/04/19-18:15:11.386168 1630 [DEBUG] GetFileSize: /db_working_home/000460.sst 
2026/04/19-18:15:11.390924 1630 [DEBUG] Syncing metadata for: /db_working_home/000454.log
2026/04/19-18:15:11.398262 1630 [DEBUG] DeleteFile: ./db_working_home/000454.log 
2026/04/19-18:15:11.398989 1630 [Zonestats:time(s),used_cap(MB),reclaimable_cap(MB), avg_reclaimable(%), active(#), active_zones(#), open_zones(#)] 309 2122 4149 66 5 5 3
2026/04/19-18:15:11.399190 1630 [DEBUG] New writable file: /db_working_home/000462.sst direct: 1
2026/04/19-18:15:11.404333 1630 Entering Apply Finish Threshold Function
2026/04/19-18:15:11.404348 1630 Finishing zone: Entering Finish()
2026/04/19-18:15:11.593597 1626 [DEBUG] Allocating zone(new=1) start: 0xd0000000 wp: 0xd0000000 lt: 2 file lt: 2
2026/04/19-18:15:11.593611 1626 [DEBUG] Syncing metadata for: /db_working_home/000461.log
2026/04/19-18:15:11.681720 1628 Zone Garbage Stats: [74 2 1 1 1 11 6 7 3 8 6 0 ]
2026/04/19-18:15:11.681737 1628 Total Garbage Bytes: 171666260 bytes
2026/04/19-18:15:12.123413 1629 [DEBUG] Syncing metadata for: /db_working_home/000459.sst
2026/04/19-18:15:12.124436 1629 [DEBUG] Syncing metadata for: /db_working_home/000459.sst
2026/04/19-18:15:12.125682 1629 [DEBUG] GetFileSize: /db_working_home/000459.sst 
2026/04/19-18:15:12.125726 1629 [DEBUG] New writable file: /db_working_home/000463.sst direct: 1
2026/04/19-18:15:12.138344 1629 Entering Apply Finish Threshold Function
2026/04/19-18:15:12.138359 1629 Finishing zone: Entering Finish()
2026/04/19-18:15:12.258498 1629 [DEBUG] Allocating zone(new=1) start: 0x1b0000000 wp: 0x1b0000000 lt: 5 file lt: 5
2026/04/19-18:15:12.258515 1629 [Zonestats:time(s),used_cap(MB),reclaimable_cap(MB), avg_reclaimable(%), active(#), active_zones(#), open_zones(#)] 310 2248 4279 65 5 6 4
2026/04/19-18:15:12.258525 1629 [DEBUG] Syncing metadata for: /db_working_home/000463.sst
2026/04/19-18:15:12.651446 1629 [DEBUG] Syncing metadata for: /db_working_home/000463.sst
2026/04/19-18:15:12.652407 1629 [DEBUG] Syncing metadata for: /db_working_home/000463.sst
2026/04/19-18:15:12.653673 1629 [DEBUG] GetFileSize: /db_working_home/000463.sst 
2026/04/19-18:15:12.655083 1629 [DEBUG] New random access file: /db_working_home/000459.sst direct: 1
2026/04/19-18:15:12.655654 1629 [DEBUG] GetFileSize: /db_working_home/000459.sst 
2026/04/19-18:15:12.655859 1629 [DEBUG] New random access file: /db_working_home/000463.sst direct: 1
2026/04/19-18:15:12.656364 1629 [DEBUG] GetFileSize: /db_working_home/000463.sst 
2026/04/19-18:15:12.657334 1629 [DEBUG] Syncing metadata for: /db_working_home/MANIFEST-000228
2026/04/19-18:15:12.664735 1629 [DEBUG] New writable file: /db_working_home/000464.sst direct: 1
2026/04/19-18:15:12.668360 1629 Entering Apply Finish Threshold Function
2026/04/19-18:15:12.668373 1629 Finishing zone: Entering Finish()
2026/04/19-18:15:12.681972 1628 Zone Garbage Stats: [73 3 1 1 1 11 6 7 3 8 6 0 ]
2026/04/19-18:15:12.682065 1628 Total Garbage Bytes: 171666613 bytes
2026/04/19-18:15:13.599076 1626 [DEBUG] New writable file: /db_working_home/000465.log direct: 0
2026/04/19-18:15:13.682252 1628 Zone Garbage Stats: [73 3 1 1 1 11 6 7 3 8 6 0 ]
2026/04/19-18:15:13.682264 1628 Total Garbage Bytes: 171666613 bytes
2026/04/19-18:15:13.952145 1630 [DEBUG] Allocating zone(new=1) start: 0x1b8000000 wp: 0x1b8000000 lt: 3 file lt: 3
2026/04/19-18:15:13.952159 1630 [Zonestats:time(s),used_cap(MB),reclaimable_cap(MB), avg_reclaimable(%), active(#), active_zones(#), open_zones(#)] 311 2288 4367 65 5 6 4
2026/04/19-18:15:13.952168 1630 [DEBUG] Syncing metadata for: /db_working_home/000462.sst
2026/04/19-18:15:14.096425 1630 [DEBUG] Syncing metadata for: /db_working_home/000462.sst
2026/04/19-18:15:14.097005 1630 [DEBUG] Syncing metadata for: /db_working_home/000462.sst
2026/04/19-18:15:14.098016 1630 [DEBUG] New random access file: /db_working_home/000462.sst direct: 1
2026/04/19-18:15:14.098197 1630 [DEBUG] GetFileSize: /db_working_home/000462.sst 
2026/04/19-18:15:14.100776 1630 [DEBUG] Syncing metadata for: /db_working_home/MANIFEST-000228
2026/04/19-18:15:14.101784 1630 [DEBUG] GetFileSize: /db_working_home/000462.sst 
2026/04/19-18:15:14.106925 1630 [DEBUG] Syncing metadata for: /db_working_home/000457.log
2026/04/19-18:15:14.107749 1630 [DEBUG] DeleteFile: ./db_working_home/000411.sst 
2026/04/19-18:15:14.108422 1630 [Zonestats:time(s),used_cap(MB),reclaimable_cap(MB), avg_reclaimable(%), active(#), active_zones(#), open_zones(#)] 312 2202 4453 66 6 6 2
2026/04/19-18:15:14.108466 1630 [DEBUG] DeleteFile: ./db_working_home/000442.sst 
2026/04/19-18:15:14.109302 1630 [Zonestats:time(s),used_cap(MB),reclaimable_cap(MB), avg_reclaimable(%), active(#), active_zones(#), open_zones(#)] 312 2141 4386 67 6 6 2
2026/04/19-18:15:14.109335 1630 [DEBUG] DeleteFile: ./db_working_home/000457.log 
2026/04/19-18:15:14.110203 1630 [Zonestats:time(s),used_cap(MB),reclaimable_cap(MB), avg_reclaimable(%), active(#), active_zones(#), open_zones(#)] 312 2126 4273 66 5 5 2
2026/04/19-18:15:14.110352 1630 [DEBUG] New writable file: /db_working_home/000466.sst direct: 1
2026/04/19-18:15:14.113424 1630 Entering Apply Finish Threshold Function
2026/04/19-18:15:14.113436 1630 Finishing zone: Entering Finish()
2026/04/19-18:15:14.197574 1626 [DEBUG] Allocating zone(new=1) start: 0x60000000 wp: 0x60000000 lt: 2 file lt: 2
2026/04/19-18:15:14.197588 1626 [DEBUG] Syncing metadata for: /db_working_home/000465.log
2026/04/19-18:15:14.480417 1629 [DEBUG] Allocating zone(new=1) start: 0x108000000 wp: 0x108000000 lt: 5 file lt: 5
2026/04/19-18:15:14.480435 1629 [Zonestats:time(s),used_cap(MB),reclaimable_cap(MB), avg_reclaimable(%), active(#), active_zones(#), open_zones(#)] 312 2129 4398 67 5 6 4
2026/04/19-18:15:14.480445 1629 [DEBUG] Syncing metadata for: /db_working_home/000464.sst
2026/04/19-18:15:14.682453 1628 Zone Garbage Stats: [73 3 1 0 1 11 5 7 4 9 6 0 ]
2026/04/19-18:15:14.682469 1628 Total Garbage Bytes: 171666480 bytes
2026/04/19-18:15:15.682656 1628 Zone Garbage Stats: [73 3 1 0 1 11 5 7 4 9 6 0 ]
2026/04/19-18:15:15.682672 1628 Total Garbage Bytes: 171666480 bytes
2026/04/19-18:15:15.989619 1629 Entering Apply Finish Threshold Function
2026/04/19-18:15:15.989650 1629 [DEBUG] Allocating zone(new=1) start: 0x160000000 wp: 0x160000000 lt: 5 file lt: 5
2026/04/19-18:15:15.989659 1629 [Zonestats:time(s),used_cap(MB),reclaimable_cap(MB), avg_reclaimable(%), active(#), active_zones(#), open_zones(#)] 313 2262 4393 66 5 6 4
2026/04/19-18:15:15.989665 1629 [DEBUG] Syncing metadata for: /db_working_home/000464.sst
2026/04/19-18:15:15.995353 1629 [DEBUG] Syncing metadata for: /db_working_home/000464.sst
2026/04/19-18:15:15.996348 1629 [DEBUG] Syncing metadata for: /db_working_home/000464.sst
2026/04/19-18:15:15.997058 1629 [DEBUG] GetFileSize: /db_working_home/000464.sst 
2026/04/19-18:15:15.997108 1629 [DEBUG] New writable file: /db_working_home/000467.sst direct: 1
2026/04/19-18:15:16.000754 1629 Entering Apply Finish Threshold Function
2026/04/19-18:15:16.000781 1629 [DEBUG] Allocating zone(new=1) start: 0x1c0000000 wp: 0x1c0000000 lt: 5 file lt: 5
2026/04/19-18:15:16.000789 1629 [Zonestats:time(s),used_cap(MB),reclaimable_cap(MB), avg_reclaimable(%), active(#), active_zones(#), open_zones(#)] 313 2262 4521 66 6 7 4
2026/04/19-18:15:16.000794 1629 [DEBUG] Syncing metadata for: /db_working_home/000467.sst
2026/04/19-18:15:16.223622 1629 [DEBUG] Syncing metadata for: /db_working_home/000467.sst
2026/04/19-18:15:16.224609 1629 [DEBUG] Syncing metadata for: /db_working_home/000467.sst
2026/04/19-18:15:16.225891 1629 [DEBUG] GetFileSize: /db_working_home/000467.sst 
2026/04/19-18:15:16.227111 1629 [DEBUG] New random access file: /db_working_home/000464.sst direct: 1
2026/04/19-18:15:16.227904 1629 [DEBUG] GetFileSize: /db_working_home/000464.sst 
2026/04/19-18:15:16.228095 1629 [DEBUG] New random access file: /db_working_home/000467.sst direct: 1
2026/04/19-18:15:16.228490 1629 [DEBUG] GetFileSize: /db_working_home/000467.sst 
2026/04/19-18:15:16.229719 1629 [DEBUG] Syncing metadata for: /db_working_home/MANIFEST-000228
2026/04/19-18:15:16.249166 1629 [DEBUG] New writable file: /db_working_home/000468.sst direct: 1
2026/04/19-18:15:16.253085 1629 Entering Apply Finish Threshold Function
2026/04/19-18:15:16.253099 1629 Finishing zone: Entering Finish()
2026/04/19-18:15:16.682867 1628 Zone Garbage Stats: [71 5 1 0 1 11 5 7 4 9 6 0 ]
2026/04/19-18:15:16.682884 1628 Total Garbage Bytes: 171666611 bytes
2026/04/19-18:15:16.948491 1626 [DEBUG] New writable file: /db_working_home/000469.log direct: 0
2026/04/19-18:15:17.090194 1630 [DEBUG] Allocating zone(new=0) start: 0x160000000 wp: 0x16002f400 lt: 5 file lt: 3
2026/04/19-18:15:17.090209 1630 [Zonestats:time(s),used_cap(MB),reclaimable_cap(MB), avg_reclaimable(%), active(#), active_zones(#), open_zones(#)] 315 2286 4625 66 6 6 4
2026/04/19-18:15:17.090218 1630 [DEBUG] Syncing metadata for: /db_working_home/000466.sst
2026/04/19-18:15:17.232327 1630 [DEBUG] Syncing metadata for: /db_working_home/000466.sst
2026/04/19-18:15:17.232906 1630 [DEBUG] Syncing metadata for: /db_working_home/000466.sst
2026/04/19-18:15:17.233939 1630 [DEBUG] New random access file: /db_working_home/000466.sst direct: 1
2026/04/19-18:15:17.234125 1630 [DEBUG] GetFileSize: /db_working_home/000466.sst 
2026/04/19-18:15:17.236670 1630 [DEBUG] Syncing metadata for: /db_working_home/MANIFEST-000228
2026/04/19-18:15:17.237322 1630 [DEBUG] GetFileSize: /db_working_home/000466.sst 
2026/04/19-18:15:17.242216 1630 [DEBUG] Syncing metadata for: /db_working_home/000461.log
2026/04/19-18:15:17.242933 1630 [DEBUG] DeleteFile: ./db_working_home/000459.sst 
2026/04/19-18:15:17.243831 1630 [Zonestats:time(s),used_cap(MB),reclaimable_cap(MB), avg_reclaimable(%), active(#), active_zones(#), open_zones(#)] 315 2181 4602 67 6 6 2
2026/04/19-18:15:17.243875 1630 [DEBUG] DeleteFile: ./db_working_home/000461.log 
2026/04/19-18:15:17.244686 1630 [Zonestats:time(s),used_cap(MB),reclaimable_cap(MB), avg_reclaimable(%), active(#), active_zones(#), open_zones(#)] 315 2165 4490 67 5 5 2
2026/04/19-18:15:17.244913 1630 [DEBUG] New writable file: /db_working_home/000470.sst direct: 1
2026/04/19-18:15:17.247853 1630 Entering Apply Finish Threshold Function
2026/04/19-18:15:17.247864 1630 Finishing zone: Entering Finish()
2026/04/19-18:15:17.345856 1626 [DEBUG] Allocating zone(new=1) start: 0xd0000000 wp: 0xd0000000 lt: 2 file lt: 2
2026/04/19-18:15:17.345870 1626 [DEBUG] Syncing metadata for: /db_working_home/000469.log
2026/04/19-18:15:17.683077 1628 Zone Garbage Stats: [72 3 1 0 1 11 5 7 4 10 6 0 ]
2026/04/19-18:15:17.683148 1628 Total Garbage Bytes: 171666482 bytes
2026/04/19-18:15:18.337263 1629 [DEBUG] Allocating zone(new=1) start: 0x1a0000000 wp: 0x1a0000000 lt: 3 file lt: 3
2026/04/19-18:15:18.337281 1629 [Zonestats:time(s),used_cap(MB),reclaimable_cap(MB), avg_reclaimable(%), active(#), active_zones(#), open_zones(#)] 316 2173 4610 67 5 6 4
2026/04/19-18:15:18.337293 1629 [DEBUG] Syncing metadata for: /db_working_home/000468.sst
2026/04/19-18:15:18.683279 1628 Zone Garbage Stats: [71 3 1 0 1 11 5 7 4 11 6 0 ]
2026/04/19-18:15:18.683295 1628 Total Garbage Bytes: 171666859 bytes
2026/04/19-18:15:19.217677 1629 [DEBUG] Syncing metadata for: /db_working_home/000468.sst
2026/04/19-18:15:19.218691 1629 [DEBUG] Syncing metadata for: /db_working_home/000468.sst
2026/04/19-18:15:19.219990 1629 [DEBUG] GetFileSize: /db_working_home/000468.sst 
2026/04/19-18:15:19.220026 1629 [DEBUG] New writable file: /db_working_home/000471.sst direct: 1
2026/04/19-18:15:19.223620 1629 Entering Apply Finish Threshold Function
2026/04/19-18:15:19.223633 1629 Finishing zone: Entering Finish()
2026/04/19-18:15:19.615240 1626 [DEBUG] New writable file: /db_working_home/000472.log direct: 0
2026/04/19-18:15:19.683483 1628 Zone Garbage Stats: [71 3 1 0 1 11 5 7 4 11 6 0 ]
2026/04/19-18:15:19.683495 1628 Total Garbage Bytes: 171666859 bytes
2026/04/19-18:15:19.769840 1630 [DEBUG] Allocating zone(new=1) start: 0x1c8000000 wp: 0x1c8000000 lt: 3 file lt: 3
2026/04/19-18:15:19.769855 1630 [Zonestats:time(s),used_cap(MB),reclaimable_cap(MB), avg_reclaimable(%), active(#), active_zones(#), open_zones(#)] 317 2256 4655 67 5 6 4
2026/04/19-18:15:19.769863 1630 [DEBUG] Syncing metadata for: /db_working_home/000470.sst
2026/04/19-18:15:19.914116 1630 [DEBUG] Syncing metadata for: /db_working_home/000470.sst
2026/04/19-18:15:19.914694 1630 [DEBUG] Syncing metadata for: /db_working_home/000470.sst
2026/04/19-18:15:19.915514 1630 [DEBUG] New random access file: /db_working_home/000470.sst direct: 1
2026/04/19-18:15:19.915744 1630 [DEBUG] GetFileSize: /db_working_home/000470.sst 
2026/04/19-18:15:19.918293 1630 [DEBUG] Syncing metadata for: /db_working_home/MANIFEST-000228
2026/04/19-18:15:19.918961 1630 [DEBUG] GetFileSize: /db_working_home/000470.sst 
2026/04/19-18:15:19.924325 1630 [DEBUG] Syncing metadata for: /db_working_home/000465.log
2026/04/19-18:15:19.925251 1630 [DEBUG] DeleteFile: ./db_working_home/000465.log 
2026/04/19-18:15:19.926160 1630 [Zonestats:time(s),used_cap(MB),reclaimable_cap(MB), avg_reclaimable(%), active(#), active_zones(#), open_zones(#)] 317 2256 4655 67 5 5 2
2026/04/19-18:15:19.926326 1630 [DEBUG] New writable file: /db_working_home/000473.sst direct: 1
2026/04/19-18:15:19.929116 1630 Entering Apply Finish Threshold Function
2026/04/19-18:15:19.929128 1630 Finishing zone: Entering Finish()
2026/04/19-18:15:20.053896 1626 [DEBUG] Allocating zone(new=1) start: 0x60000000 wp: 0x60000000 lt: 2 file lt: 2
2026/04/19-18:15:20.053909 1626 [DEBUG] Syncing metadata for: /db_working_home/000472.log
2026/04/19-18:15:20.227893 1629 [DEBUG] Allocating zone(new=1) start: 0x1d0000000 wp: 0x1d0000000 lt: 3 file lt: 3
2026/04/19-18:15:20.227910 1629 [Zonestats:time(s),used_cap(MB),reclaimable_cap(MB), avg_reclaimable(%), active(#), active_zones(#), open_zones(#)] 318 2258 4781 67 5 6 4
2026/04/19-18:15:20.227920 1629 [DEBUG] Syncing metadata for: /db_working_home/000471.sst
2026/04/19-18:15:20.683721 1628 Zone Garbage Stats: [69 3 1 0 1 12 5 7 4 12 6 0 ]
2026/04/19-18:15:20.683737 1628 Total Garbage Bytes: 171667740 bytes
2026/04/19-18:15:20.986528 1629 [DEBUG] Syncing metadata for: /db_working_home/000471.sst
2026/04/19-18:15:20.987489 1629 [DEBUG] Syncing metadata for: /db_working_home/000471.sst
2026/04/19-18:15:20.988307 1629 [DEBUG] GetFileSize: /db_working_home/000471.sst 
2026/04/19-18:15:20.989558 1629 [DEBUG] New random access file: /db_working_home/000468.sst direct: 1
2026/04/19-18:15:20.990294 1629 [DEBUG] GetFileSize: /db_working_home/000468.sst 
2026/04/19-18:15:20.990496 1629 [DEBUG] New random access file: /db_working_home/000471.sst direct: 1
2026/04/19-18:15:20.991048 1629 [DEBUG] GetFileSize: /db_working_home/000471.sst 
2026/04/19-18:15:20.992181 1629 [DEBUG] Syncing metadata for: /db_working_home/MANIFEST-000228
2026/04/19-18:15:20.993989 1629 [DEBUG] Syncing metadata for: /db_working_home/MANIFEST-000228
2026/04/19-18:15:21.000500 1629 [DEBUG] New writable file: /db_working_home/000474.sst direct: 1
2026/04/19-18:15:21.004054 1629 Entering Apply Finish Threshold Function
2026/04/19-18:15:21.004067 1629 Finishing zone: Entering Finish()
2026/04/19-18:15:21.683994 1628 Zone Garbage Stats: [69 3 1 0 1 12 5 7 4 12 6 0 ]
2026/04/19-18:15:21.684012 1628 Total Garbage Bytes: 171667740 bytes
2026/04/19-18:15:21.886876 1626 [DEBUG] New writable file: /db_working_home/000475.log direct: 0
2026/04/19-18:15:22.236613 1629 [DEBUG] Allocating zone(new=1) start: 0x1d8000000 wp: 0x1d8000000 lt: 4 file lt: 4
2026/04/19-18:15:22.236647 1629 [Zonestats:time(s),used_cap(MB),reclaimable_cap(MB), avg_reclaimable(%), active(#), active_zones(#), open_zones(#)] 320 2328 4839 67 5 6 4
2026/04/19-18:15:22.236658 1629 [DEBUG] Syncing metadata for: /db_working_home/000474.sst
2026/04/19-18:15:22.273057 1630 [DEBUG] Allocating zone(new=1) start: 0x1e0000000 wp: 0x1e0000000 lt: 3 file lt: 3
2026/04/19-18:15:22.273073 1630 [Zonestats:time(s),used_cap(MB),reclaimable_cap(MB), avg_reclaimable(%), active(#), active_zones(#), open_zones(#)] 320 2328 4839 67 5 6 5
2026/04/19-18:15:22.273082 1630 [DEBUG] Syncing metadata for: /db_working_home/000473.sst
2026/04/19-18:15:22.478293 1630 [DEBUG] Syncing metadata for: /db_working_home/000473.sst
2026/04/19-18:15:22.485852 1630 [DEBUG] Syncing metadata for: /db_working_home/000473.sst
2026/04/19-18:15:22.486708 1630 [DEBUG] New random access file: /db_working_home/000473.sst direct: 1
2026/04/19-18:15:22.488817 1630 [DEBUG] GetFileSize: /db_working_home/000473.sst 
2026/04/19-18:15:22.498072 1630 [DEBUG] Syncing metadata for: /db_working_home/MANIFEST-000228
2026/04/19-18:15:22.498797 1630 [DEBUG] GetFileSize: /db_working_home/000473.sst 
2026/04/19-18:15:22.510802 1630 [DEBUG] Syncing metadata for: /db_working_home/000469.log
2026/04/19-18:15:22.513718 1630 [DEBUG] DeleteFile: ./db_working_home/000450.sst 
2026/04/19-18:15:22.514526 1630 [Zonestats:time(s),used_cap(MB),reclaimable_cap(MB), avg_reclaimable(%), active(#), active_zones(#), open_zones(#)] 320 2329 4838 67 6 6 3
2026/04/19-18:15:22.514577 1630 [DEBUG] DeleteFile: ./db_working_home/000451.sst 
2026/04/19-18:15:22.515231 1630 [Zonestats:time(s),used_cap(MB),reclaimable_cap(MB), avg_reclaimable(%), active(#), active_zones(#), open_zones(#)] 320 2269 4770 67 6 6 3
2026/04/19-18:15:22.515267 1630 [DEBUG] DeleteFile: ./db_working_home/000453.sst 
2026/04/19-18:15:22.523006 1630 [Zonestats:time(s),used_cap(MB),reclaimable_cap(MB), avg_reclaimable(%), active(#), active_zones(#), open_zones(#)] 320 2253 4658 67 6 6 3
2026/04/19-18:15:22.523058 1630 [DEBUG] DeleteFile: ./db_working_home/000456.sst 
2026/04/19-18:15:22.523634 1630 [Zonestats:time(s),used_cap(MB),reclaimable_cap(MB), avg_reclaimable(%), active(#), active_zones(#), open_zones(#)] 320 2238 4673 67 6 6 3
2026/04/19-18:15:22.523669 1630 [DEBUG] DeleteFile: ./db_working_home/000460.sst 
2026/04/19-18:15:22.524329 1630 [Zonestats:time(s),used_cap(MB),reclaimable_cap(MB), avg_reclaimable(%), active(#), active_zones(#), open_zones(#)] 320 2222 4561 67 6 6 3
2026/04/19-18:15:22.524363 1630 [DEBUG] DeleteFile: ./db_working_home/000462.sst 
2026/04/19-18:15:22.532313 1630 [Zonestats:time(s),used_cap(MB),reclaimable_cap(MB), avg_reclaimable(%), active(#), active_zones(#), open_zones(#)] 320 2207 4448 66 6 6 3
2026/04/19-18:15:22.532363 1630 [DEBUG] DeleteFile: ./db_working_home/000469.log 
2026/04/19-18:15:22.533060 1630 [Zonestats:time(s),used_cap(MB),reclaimable_cap(MB), avg_reclaimable(%), active(#), active_zones(#), open_zones(#)] 320 2192 4335 66 5 5 3
2026/04/19-18:15:22.533328 1630 [DEBUG] New writable file: /db_working_home/000476.sst direct: 1
2026/04/19-18:15:22.536536 1630 Entering Apply Finish Threshold Function
2026/04/19-18:15:22.536548 1630 Finishing zone: Entering Finish()
2026/04/19-18:15:22.684222 1628 Zone Garbage Stats: [73 3 1 0 1 12 5 7 4 8 7 0 ]
2026/04/19-18:15:22.684307 1628 Total Garbage Bytes: 187750061 bytes
2026/04/19-18:15:22.747837 1626 [DEBUG] Allocating zone(new=1) start: 0xd0000000 wp: 0xd0000000 lt: 2 file lt: 2
2026/04/19-18:15:22.747850 1626 [DEBUG] Syncing metadata for: /db_working_home/000475.log
2026/04/19-18:15:23.338569 1629 [DEBUG] Syncing metadata for: /db_working_home/000474.sst
2026/04/19-18:15:23.339582 1629 [DEBUG] Syncing metadata for: /db_working_home/000474.sst
2026/04/19-18:15:23.340667 1629 [DEBUG] GetFileSize: /db_working_home/000474.sst 
2026/04/19-18:15:23.340721 1629 [DEBUG] New writable file: /db_working_home/000477.sst direct: 1
2026/04/19-18:15:23.347376 1629 Entering Apply Finish Threshold Function
2026/04/19-18:15:23.347392 1629 Finishing zone: Entering Finish()
2026/04/19-18:15:23.684518 1628 Zone Garbage Stats: [72 3 1 0 1 12 5 7 4 8 7 0 ]
2026/04/19-18:15:23.684536 1628 Total Garbage Bytes: 187750061 bytes
2026/04/19-18:15:24.094105 1629 [DEBUG] Allocating zone(new=1) start: 0xf0000000 wp: 0xf0000000 lt: 4 file lt: 4
2026/04/19-18:15:24.094123 1629 [Zonestats:time(s),used_cap(MB),reclaimable_cap(MB), avg_reclaimable(%), active(#), active_zones(#), open_zones(#)] 322 2293 4490 66 5 6 4
2026/04/19-18:15:24.094132 1629 [DEBUG] Syncing metadata for: /db_working_home/000477.sst
2026/04/19-18:15:24.471319 1629 [DEBUG] Syncing metadata for: /db_working_home/000477.sst
2026/04/19-18:15:24.472338 1629 [DEBUG] Syncing metadata for: /db_working_home/000477.sst
2026/04/19-18:15:24.473617 1629 [DEBUG] GetFileSize: /db_working_home/000477.sst 
2026/04/19-18:15:24.475009 1629 [DEBUG] New random access file: /db_working_home/000474.sst direct: 1
2026/04/19-18:15:24.481788 1629 [DEBUG] GetFileSize: /db_working_home/000474.sst 
2026/04/19-18:15:24.482027 1629 [DEBUG] New random access file: /db_working_home/000477.sst direct: 1
2026/04/19-18:15:24.482424 1629 [DEBUG] GetFileSize: /db_working_home/000477.sst 
2026/04/19-18:15:24.483545 1629 [DEBUG] Syncing metadata for: /db_working_home/MANIFEST-000228
2026/04/19-18:15:24.485753 1629 [DEBUG] Syncing metadata for: /db_working_home/MANIFEST-000228
2026/04/19-18:15:24.493202 1629 [DEBUG] New writable file: /db_working_home/000478.sst direct: 1
2026/04/19-18:15:24.496582 1629 Entering Apply Finish Threshold Function
2026/04/19-18:15:24.496593 1629 Finishing zone: Entering Finish()
2026/04/19-18:15:24.621943 1626 [DEBUG] New writable file: /db_working_home/000479.log direct: 0
2026/04/19-18:15:24.684738 1628 Zone Garbage Stats: [71 3 1 0 2 12 5 7 4 8 7 0 ]
2026/04/19-18:15:24.684750 1628 Total Garbage Bytes: 187750349 bytes
2026/04/19-18:15:25.144743 1630 [DEBUG] Allocating zone(new=1) start: 0x118000000 wp: 0x118000000 lt: 3 file lt: 3
2026/04/19-18:15:25.144757 1630 [Zonestats:time(s),used_cap(MB),reclaimable_cap(MB), avg_reclaimable(%), active(#), active_zones(#), open_zones(#)] 323 2329 4582 66 5 6 4
2026/04/19-18:15:25.144766 1630 [DEBUG] Syncing metadata for: /db_working_home/000476.sst
2026/04/19-18:15:25.291567 1630 [DEBUG] Syncing metadata for: /db_working_home/000476.sst
2026/04/19-18:15:25.292320 1630 [DEBUG] Syncing metadata for: /db_working_home/000476.sst
2026/04/19-18:15:25.293014 1630 [DEBUG] New random access file: /db_working_home/000476.sst direct: 1
2026/04/19-18:15:25.293372 1630 [DEBUG] GetFileSize: /db_working_home/000476.sst 
2026/04/19-18:15:25.296283 1630 [DEBUG] Syncing metadata for: /db_working_home/MANIFEST-000228
2026/04/19-18:15:25.296986 1630 [DEBUG] GetFileSize: /db_working_home/000476.sst 
2026/04/19-18:15:25.301877 1630 [DEBUG] Syncing metadata for: /db_working_home/000472.log
2026/04/19-18:15:25.302885 1630 [DEBUG] DeleteFile: ./db_working_home/000435.sst 
2026/04/19-18:15:25.303615 1630 [Zonestats:time(s),used_cap(MB),reclaimable_cap(MB), avg_reclaimable(%), active(#), active_zones(#), open_zones(#)] 323 2294 4745 67 6 6 2
2026/04/19-18:15:25.303668 1630 [DEBUG] DeleteFile: ./db_working_home/000468.sst 
2026/04/19-18:15:25.304611 1630 [Zonestats:time(s),used_cap(MB),reclaimable_cap(MB), avg_reclaimable(%), active(#), active_zones(#), open_zones(#)] 323 2218 4693 67 6 6 2
2026/04/19-18:15:25.304655 1630 [DEBUG] DeleteFile: ./db_working_home/000472.log 
2026/04/19-18:15:25.305482 1630 [Zonestats:time(s),used_cap(MB),reclaimable_cap(MB), avg_reclaimable(%), active(#), active_zones(#), open_zones(#)] 323 2203 4580 67 5 5 2
2026/04/19-18:15:25.305657 1630 [DEBUG] New writable file: /db_working_home/000480.sst direct: 1
2026/04/19-18:15:25.308999 1630 Entering Apply Finish Threshold Function
2026/04/19-18:15:25.309010 1630 Finishing zone: Entering Finish()
2026/04/19-18:15:25.391941 1626 [DEBUG] Allocating zone(new=1) start: 0x60000000 wp: 0x60000000 lt: 2 file lt: 2
2026/04/19-18:15:25.391955 1626 [DEBUG] Syncing metadata for: /db_working_home/000479.log
2026/04/19-18:15:25.684942 1628 Zone Garbage Stats: [71 3 1 0 2 11 5 6 4 9 8 0 ]
2026/04/19-18:15:25.684960 1628 Total Garbage Bytes: 241154279 bytes
2026/04/19-18:15:26.192001 1629 [DEBUG] Allocating zone(new=1) start: 0x128000000 wp: 0x128000000 lt: 5 file lt: 5
2026/04/19-18:15:26.192020 1629 [Zonestats:time(s),used_cap(MB),reclaimable_cap(MB), avg_reclaimable(%), active(#), active_zones(#), open_zones(#)] 324 2212 4699 67 5 6 4
2026/04/19-18:15:26.192031 1629 [DEBUG] Syncing metadata for: /db_working_home/000478.sst
2026/04/19-18:15:26.659031 1629 [DEBUG] Syncing metadata for: /db_working_home/000478.sst
2026/04/19-18:15:26.659993 1629 [DEBUG] Syncing metadata for: /db_working_home/000478.sst
2026/04/19-18:15:26.661054 1629 [DEBUG] GetFileSize: /db_working_home/000478.sst 
2026/04/19-18:15:26.661089 1629 [DEBUG] New writable file: /db_working_home/000481.sst direct: 1
2026/04/19-18:15:26.664314 1629 Entering Apply Finish Threshold Function
2026/04/19-18:15:26.664325 1629 Finishing zone: Entering Finish()
2026/04/19-18:15:26.685152 1628 Zone Garbage Stats: [70 3 1 0 2 11 5 6 5 9 8 0 ]
2026/04/19-18:15:26.685165 1628 Total Garbage Bytes: 241154629 bytes
2026/04/19-18:15:27.078750 1626 [DEBUG] New writable file: /db_working_home/000482.log direct: 0
2026/04/19-18:15:27.550479 1630 [DEBUG] Allocating zone(new=1) start: 0x1a0000000 wp: 0x1a0000000 lt: 3 file lt: 3
2026/04/19-18:15:27.550494 1630 [Zonestats:time(s),used_cap(MB),reclaimable_cap(MB), avg_reclaimable(%), active(#), active_zones(#), open_zones(#)] 325 2259 4780 67 5 6 4
2026/04/19-18:15:27.550503 1630 [DEBUG] Syncing metadata for: /db_working_home/000480.sst
2026/04/19-18:15:27.685349 1628 Zone Garbage Stats: [69 3 1 0 2 11 5 6 5 10 8 0 ]
2026/04/19-18:15:27.685454 1628 Total Garbage Bytes: 241154913 bytes
2026/04/19-18:15:27.694272 1630 [DEBUG] Syncing metadata for: /db_working_home/000480.sst
2026/04/19-18:15:27.695062 1630 [DEBUG] Syncing metadata for: /db_working_home/000480.sst
2026/04/19-18:15:27.696045 1630 [DEBUG] New random access file: /db_working_home/000480.sst direct: 1
2026/04/19-18:15:27.696503 1630 [DEBUG] GetFileSize: /db_working_home/000480.sst 
2026/04/19-18:15:27.699454 1630 [DEBUG] Syncing metadata for: /db_working_home/MANIFEST-000228
2026/04/19-18:15:27.700116 1630 [DEBUG] GetFileSize: /db_working_home/000480.sst 
2026/04/19-18:15:27.705038 1630 [DEBUG] Syncing metadata for: /db_working_home/000475.log
2026/04/19-18:15:27.705980 1630 [DEBUG] DeleteFile: ./db_working_home/000475.log 
2026/04/19-18:15:27.706861 1630 [Zonestats:time(s),used_cap(MB),reclaimable_cap(MB), avg_reclaimable(%), active(#), active_zones(#), open_zones(#)] 325 2259 4780 67 5 5 2
2026/04/19-18:15:27.707044 1630 [DEBUG] New writable file: /db_working_home/000483.sst direct: 1
2026/04/19-18:15:27.709735 1630 Entering Apply Finish Threshold Function
2026/04/19-18:15:27.709747 1630 Finishing zone: Entering Finish()
2026/04/19-18:15:27.811504 1626 [DEBUG] Allocating zone(new=1) start: 0xd0000000 wp: 0xd0000000 lt: 2 file lt: 2
2026/04/19-18:15:27.811519 1626 [DEBUG] Syncing metadata for: /db_working_home/000482.log
2026/04/19-18:15:28.236060 1629 [DEBUG] Allocating zone(new=1) start: 0x1a8000000 wp: 0x1a8000000 lt: 5 file lt: 5
2026/04/19-18:15:28.236078 1629 [Zonestats:time(s),used_cap(MB),reclaimable_cap(MB), avg_reclaimable(%), active(#), active_zones(#), open_zones(#)] 326 2264 4903 68 5 6 4
2026/04/19-18:15:28.236087 1629 [DEBUG] Syncing metadata for: /db_working_home/000481.sst
2026/04/19-18:15:28.543380 1629 [DEBUG] Syncing metadata for: /db_working_home/000481.sst
2026/04/19-18:15:28.543977 1629 [DEBUG] Syncing metadata for: /db_working_home/000481.sst
2026/04/19-18:15:28.545039 1629 [DEBUG] GetFileSize: /db_working_home/000481.sst 
2026/04/19-18:15:28.546414 1629 [DEBUG] New random access file: /db_working_home/000478.sst direct: 1
2026/04/19-18:15:28.546814 1629 [DEBUG] GetFileSize: /db_working_home/000478.sst 
2026/04/19-18:15:28.546981 1629 [DEBUG] New random access file: /db_working_home/000481.sst direct: 1
2026/04/19-18:15:28.547575 1629 [DEBUG] GetFileSize: /db_working_home/000481.sst 
2026/04/19-18:15:28.548650 1629 [DEBUG] Syncing metadata for: /db_working_home/MANIFEST-000228
2026/04/19-18:15:28.561478 1629 [DEBUG] New writable file: /db_working_home/000484.sst direct: 1
2026/04/19-18:15:28.564913 1629 Entering Apply Finish Threshold Function
2026/04/19-18:15:28.564925 1629 Finishing zone: Entering Finish()
2026/04/19-18:15:28.685648 1628 Zone Garbage Stats: [68 3 1 0 2 11 5 7 5 10 8 0 ]
2026/04/19-18:15:28.685666 1628 Total Garbage Bytes: 241155314 bytes
2026/04/19-18:15:29.522844 1626 [DEBUG] New writable file: /db_working_home/000485.log direct: 0
2026/04/19-18:15:29.685865 1628 Zone Garbage Stats: [68 3 1 0 2 11 5 7 5 10 8 0 ]
2026/04/19-18:15:29.685877 1628 Total Garbage Bytes: 241155314 bytes
2026/04/19-18:15:29.892764 1630 [DEBUG] Allocating zone(new=1) start: 0x1b8000000 wp: 0x1b8000000 lt: 3 file lt: 3
2026/04/19-18:15:29.892779 1630 [Zonestats:time(s),used_cap(MB),reclaimable_cap(MB), avg_reclaimable(%), active(#), active_zones(#), open_zones(#)] 327 2301 4994 68 5 6 4
2026/04/19-18:15:29.892787 1630 [DEBUG] Syncing metadata for: /db_working_home/000483.sst
2026/04/19-18:15:30.036321 1630 [DEBUG] Syncing metadata for: /db_working_home/000483.sst
2026/04/19-18:15:30.036899 1630 [DEBUG] Syncing metadata for: /db_working_home/000483.sst
2026/04/19-18:15:30.037887 1630 [DEBUG] New random access file: /db_working_home/000483.sst direct: 1
2026/04/19-18:15:30.038086 1630 [DEBUG] GetFileSize: /db_working_home/000483.sst 
2026/04/19-18:15:30.040700 1630 [DEBUG] Syncing metadata for: /db_working_home/MANIFEST-000228
2026/04/19-18:15:30.041340 1630 [DEBUG] GetFileSize: /db_working_home/000483.sst 
2026/04/19-18:15:30.046285 1630 [DEBUG] Syncing metadata for: /db_working_home/000479.log
2026/04/19-18:15:30.047245 1630 [DEBUG] DeleteFile: ./db_working_home/000444.sst 
2026/04/19-18:15:30.047920 1630 [Zonestats:time(s),used_cap(MB),reclaimable_cap(MB), avg_reclaimable(%), active(#), active_zones(#), open_zones(#)] 328 2305 4990 68 6 6 2
2026/04/19-18:15:30.047965 1630 [DEBUG] DeleteFile: ./db_working_home/000471.sst 
2026/04/19-18:15:30.048797 1630 [Zonestats:time(s),used_cap(MB),reclaimable_cap(MB), avg_reclaimable(%), active(#), active_zones(#), open_zones(#)] 328 2248 4919 68 6 6 2
2026/04/19-18:15:30.048830 1630 [DEBUG] DeleteFile: ./db_working_home/000479.log 
2026/04/19-18:15:30.049707 1630 [Zonestats:time(s),used_cap(MB),reclaimable_cap(MB), avg_reclaimable(%), active(#), active_zones(#), open_zones(#)] 328 2232 4807 68 5 5 2
2026/04/19-18:15:30.049863 1630 [DEBUG] New writable file: /db_working_home/000486.sst direct: 1
2026/04/19-18:15:30.052563 1630 Entering Apply Finish Threshold Function
2026/04/19-18:15:30.052575 1630 Finishing zone: Entering Finish()
2026/04/19-18:15:30.151099 1626 [DEBUG] Allocating zone(new=1) start: 0x60000000 wp: 0x60000000 lt: 2 file lt: 2
2026/04/19-18:15:30.151112 1626 [DEBUG] Syncing metadata for: /db_working_home/000485.log
2026/04/19-18:15:30.427833 1629 [DEBUG] Allocating zone(new=1) start: 0x188000000 wp: 0x188000000 lt: 3 file lt: 3
2026/04/19-18:15:30.427851 1629 [Zonestats:time(s),used_cap(MB),reclaimable_cap(MB), avg_reclaimable(%), active(#), active_zones(#), open_zones(#)] 328 2235 4932 68 5 6 4
2026/04/19-18:15:30.427859 1629 [DEBUG] Syncing metadata for: /db_working_home/000484.sst
2026/04/19-18:15:30.686068 1628 Zone Garbage Stats: [68 3 1 0 2 11 4 7 6 11 7 0 ]
2026/04/19-18:15:30.686085 1628 Total Garbage Bytes: 225079726 bytes
2026/04/19-18:15:31.373265 1629 [DEBUG] Syncing metadata for: /db_working_home/000484.sst
2026/04/19-18:15:31.374195 1629 [DEBUG] Syncing metadata for: /db_working_home/000484.sst
2026/04/19-18:15:31.375430 1629 [DEBUG] GetFileSize: /db_working_home/000484.sst 
2026/04/19-18:15:31.376637 1629 [DEBUG] New random access file: /db_working_home/000484.sst direct: 1
2026/04/19-18:15:31.377292 1629 [DEBUG] GetFileSize: /db_working_home/000484.sst 
2026/04/19-18:15:31.378389 1629 [DEBUG] Syncing metadata for: /db_working_home/MANIFEST-000228
2026/04/19-18:15:31.385426 1629 [DEBUG] New writable file: /db_working_home/000487.sst direct: 1
2026/04/19-18:15:31.388786 1629 Entering Apply Finish Threshold Function
2026/04/19-18:15:31.388797 1629 Finishing zone: Entering Finish()
2026/04/19-18:15:31.686205 1628 Zone Garbage Stats: [68 3 1 0 2 11 4 7 6 11 7 0 ]
2026/04/19-18:15:31.686222 1628 Total Garbage Bytes: 225079726 bytes
2026/04/19-18:15:31.999141 1626 [DEBUG] New writable file: /db_working_home/000488.log direct: 0
2026/04/19-18:15:32.301584 1629 [DEBUG] Allocating zone(new=1) start: 0x1d0000000 wp: 0x1d0000000 lt: 4 file lt: 4
2026/04/19-18:15:32.301599 1629 [Zonestats:time(s),used_cap(MB),reclaimable_cap(MB), avg_reclaimable(%), active(#), active_zones(#), open_zones(#)] 330 2323 4972 68 5 6 4
2026/04/19-18:15:32.301607 1629 [DEBUG] Syncing metadata for: /db_working_home/000487.sst
2026/04/19-18:15:32.686413 1628 Zone Garbage Stats: [67 3 1 0 2 12 4 7 6 11 7 0 ]
2026/04/19-18:15:32.686495 1628 Total Garbage Bytes: 225080056 bytes
2026/04/19-18:15:32.711249 1630 [DEBUG] Allocating zone(new=1) start: 0x1e8000000 wp: 0x1e8000000 lt: 3 file lt: 3
2026/04/19-18:15:32.711264 1630 [Zonestats:time(s),used_cap(MB),reclaimable_cap(MB), avg_reclaimable(%), active(#), active_zones(#), open_zones(#)] 330 2323 4972 68 5 6 5
2026/04/19-18:15:32.711273 1630 [DEBUG] Syncing metadata for: /db_working_home/000486.sst
2026/04/19-18:15:32.908430 1630 [DEBUG] Syncing metadata for: /db_working_home/000486.sst
2026/04/19-18:15:32.915607 1630 [DEBUG] Syncing metadata for: /db_working_home/000486.sst
2026/04/19-18:15:32.916279 1630 [DEBUG] New random access file: /db_working_home/000486.sst direct: 1
2026/04/19-18:15:32.916463 1630 [DEBUG] GetFileSize: /db_working_home/000486.sst 
2026/04/19-18:15:32.925397 1630 [DEBUG] Syncing metadata for: /db_working_home/MANIFEST-000228
2026/04/19-18:15:32.926084 1630 [DEBUG] GetFileSize: /db_working_home/000486.sst 
2026/04/19-18:15:32.930843 1630 [DEBUG] Syncing metadata for: /db_working_home/000482.log
2026/04/19-18:15:32.933731 1630 [DEBUG] DeleteFile: ./db_working_home/000466.sst 
2026/04/19-18:15:32.934320 1630 [Zonestats:time(s),used_cap(MB),reclaimable_cap(MB), avg_reclaimable(%), active(#), active_zones(#), open_zones(#)] 330 2323 5100 68 6 6 3
2026/04/19-18:15:32.934364 1630 [DEBUG] DeleteFile: ./db_working_home/000470.sst 
2026/04/19-18:15:32.942183 1630 [Zonestats:time(s),used_cap(MB),reclaimable_cap(MB), avg_reclaimable(%), active(#), active_zones(#), open_zones(#)] 330 2308 4987 68 6 6 3
2026/04/19-18:15:32.942236 1630 [DEBUG] DeleteFile: ./db_working_home/000473.sst 
2026/04/19-18:15:32.942905 1630 [Zonestats:time(s),used_cap(MB),reclaimable_cap(MB), avg_reclaimable(%), active(#), active_zones(#), open_zones(#)] 330 2293 4874 68 6 6 3
2026/04/19-18:15:32.942941 1630 [DEBUG] DeleteFile: ./db_working_home/000476.sst 
2026/04/19-18:15:32.943748 1630 [Zonestats:time(s),used_cap(MB),reclaimable_cap(MB), avg_reclaimable(%), active(#), active_zones(#), open_zones(#)] 330 2277 4762 67 6 6 3
2026/04/19-18:15:32.943781 1630 [DEBUG] DeleteFile: ./db_working_home/000480.sst 
2026/04/19-18:15:32.951505 1630 [Zonestats:time(s),used_cap(MB),reclaimable_cap(MB), avg_reclaimable(%), active(#), active_zones(#), open_zones(#)] 330 2262 4649 67 6 6 3
2026/04/19-18:15:32.951554 1630 [DEBUG] DeleteFile: ./db_working_home/000482.log 
2026/04/19-18:15:32.952225 1630 [Zonestats:time(s),used_cap(MB),reclaimable_cap(MB), avg_reclaimable(%), active(#), active_zones(#), open_zones(#)] 330 2246 4537 66 5 5 3
2026/04/19-18:15:32.952406 1630 [DEBUG] New writable file: /db_working_home/000489.sst direct: 1
2026/04/19-18:15:32.955284 1630 Entering Apply Finish Threshold Function
2026/04/19-18:15:32.955296 1630 Finishing zone: Entering Finish()
2026/04/19-18:15:33.163491 1626 [DEBUG] Allocating zone(new=1) start: 0xd0000000 wp: 0xd0000000 lt: 2 file lt: 2
2026/04/19-18:15:33.163506 1626 [DEBUG] Syncing metadata for: /db_working_home/000488.log
2026/04/19-18:15:33.686700 1628 Zone Garbage Stats: [70 3 1 0 2 12 4 7 6 7 8 0 ]
2026/04/19-18:15:33.686717 1628 Total Garbage Bytes: 241166313 bytes
2026/04/19-18:15:33.701729 1629 [DEBUG] Syncing metadata for: /db_working_home/000487.sst
2026/04/19-18:15:33.709731 1629 [DEBUG] Syncing metadata for: /db_working_home/000487.sst
2026/04/19-18:15:33.710923 1629 [DEBUG] GetFileSize: /db_working_home/000487.sst 
2026/04/19-18:15:33.710958 1629 [DEBUG] New writable file: /db_working_home/000490.sst direct: 1
2026/04/19-18:15:33.717272 1629 Entering Apply Finish Threshold Function
2026/04/19-18:15:33.717284 1629 Finishing zone: Entering Finish()
2026/04/19-18:15:33.943369 1629 [DEBUG] Allocating zone(new=1) start: 0x118000000 wp: 0x118000000 lt: 4 file lt: 4
2026/04/19-18:15:33.943387 1629 [Zonestats:time(s),used_cap(MB),reclaimable_cap(MB), avg_reclaimable(%), active(#), active_zones(#), open_zones(#)] 331 2368 4671 66 5 6 4
2026/04/19-18:15:33.943395 1629 [DEBUG] Syncing metadata for: /db_working_home/000490.sst
2026/04/19-18:15:34.484847 1629 [DEBUG] Syncing metadata for: /db_working_home/000490.sst
2026/04/19-18:15:34.485842 1629 [DEBUG] Syncing metadata for: /db_working_home/000490.sst
2026/04/19-18:15:34.486903 1629 [DEBUG] GetFileSize: /db_working_home/000490.sst 
2026/04/19-18:15:34.488091 1629 [DEBUG] New random access file: /db_working_home/000487.sst direct: 1
2026/04/19-18:15:34.488935 1629 [DEBUG] GetFileSize: /db_working_home/000487.sst 
2026/04/19-18:15:34.489121 1629 [DEBUG] New random access file: /db_working_home/000490.sst direct: 1
2026/04/19-18:15:34.489685 1629 [DEBUG] GetFileSize: /db_working_home/000490.sst 
2026/04/19-18:15:34.490680 1629 [DEBUG] Syncing metadata for: /db_working_home/MANIFEST-000228
2026/04/19-18:15:34.497469 1629 [DEBUG] New writable file: /db_working_home/000491.sst direct: 1
2026/04/19-18:15:34.500806 1629 Entering Apply Finish Threshold Function
2026/04/19-18:15:34.500817 1629 Finishing zone: Entering Finish()
2026/04/19-18:15:34.686908 1628 Zone Garbage Stats: [69 4 1 0 2 12 4 7 6 7 8 0 ]
2026/04/19-18:15:34.686924 1628 Total Garbage Bytes: 241166415 bytes
2026/04/19-18:15:34.919424 1626 [DEBUG] New writable file: /db_working_home/000492.log direct: 0
2026/04/19-18:15:35.549331 1630 [DEBUG] Allocating zone(new=1) start: 0x1a0000000 wp: 0x1a0000000 lt: 3 file lt: 3
2026/04/19-18:15:35.549346 1630 [Zonestats:time(s),used_cap(MB),reclaimable_cap(MB), avg_reclaimable(%), active(#), active_zones(#), open_zones(#)] 333 2421 4746 66 5 6 4
2026/04/19-18:15:35.549355 1630 [DEBUG] Syncing metadata for: /db_working_home/000489.sst
2026/04/19-18:15:35.687113 1628 Zone Garbage Stats: [68 4 1 0 2 12 4 7 6 8 8 0 ]
2026/04/19-18:15:35.687129 1628 Total Garbage Bytes: 241166469 bytes
2026/04/19-18:15:35.693106 1630 [DEBUG] Syncing metadata for: /db_working_home/000489.sst
2026/04/19-18:15:35.693681 1630 [DEBUG] Syncing metadata for: /db_working_home/000489.sst
2026/04/19-18:15:35.694679 1630 [DEBUG] New random access file: /db_working_home/000489.sst direct: 1
2026/04/19-18:15:35.694858 1630 [DEBUG] GetFileSize: /db_working_home/000489.sst 
2026/04/19-18:15:35.696969 1630 [DEBUG] Syncing metadata for: /db_working_home/MANIFEST-000228
2026/04/19-18:15:35.697616 1630 [DEBUG] GetFileSize: /db_working_home/000489.sst 
2026/04/19-18:15:35.702506 1630 [DEBUG] Syncing metadata for: /db_working_home/000485.log
2026/04/19-18:15:35.703231 1630 [DEBUG] DeleteFile: ./db_working_home/000474.sst 
2026/04/19-18:15:35.704091 1630 [Zonestats:time(s),used_cap(MB),reclaimable_cap(MB), avg_reclaimable(%), active(#), active_zones(#), open_zones(#)] 333 2348 4819 67 6 6 2
2026/04/19-18:15:35.704134 1630 [DEBUG] DeleteFile: ./db_working_home/000484.sst 
2026/04/19-18:15:35.704777 1630 [Zonestats:time(s),used_cap(MB),reclaimable_cap(MB), avg_reclaimable(%), active(#), active_zones(#), open_zones(#)] 333 2273 4766 67 6 6 2
2026/04/19-18:15:35.704810 1630 [DEBUG] DeleteFile: ./db_working_home/000485.log 
2026/04/19-18:15:35.705685 1630 [Zonestats:time(s),used_cap(MB),reclaimable_cap(MB), avg_reclaimable(%), active(#), active_zones(#), open_zones(#)] 333 2257 4654 67 5 5 2
2026/04/19-18:15:35.705839 1630 [DEBUG] New writable file: /db_working_home/000493.sst direct: 1
2026/04/19-18:15:35.708610 1630 Entering Apply Finish Threshold Function
2026/04/19-18:15:35.708621 1630 Finishing zone: Entering Finish()
2026/04/19-18:15:35.815110 1626 [DEBUG] Allocating zone(new=1) start: 0x60000000 wp: 0x60000000 lt: 2 file lt: 2
2026/04/19-18:15:35.815124 1626 [DEBUG] Syncing metadata for: /db_working_home/000492.log
2026/04/19-18:15:35.964296 1629 [DEBUG] Allocating zone(new=1) start: 0x188000000 wp: 0x188000000 lt: 5 file lt: 5
2026/04/19-18:15:35.964313 1629 [Zonestats:time(s),used_cap(MB),reclaimable_cap(MB), avg_reclaimable(%), active(#), active_zones(#), open_zones(#)] 333 2259 4780 67 5 6 4
2026/04/19-18:15:35.964322 1629 [DEBUG] Syncing metadata for: /db_working_home/000491.sst
2026/04/19-18:15:36.687320 1628 Zone Garbage Stats: [69 4 1 0 1 11 4 8 6 8 8 0 ]
2026/04/19-18:15:36.687336 1628 Total Garbage Bytes: 241166327 bytes
2026/04/19-18:15:36.836164 1629 [DEBUG] Syncing metadata for: /db_working_home/000491.sst
2026/04/19-18:15:36.837201 1629 [DEBUG] Syncing metadata for: /db_working_home/000491.sst
2026/04/19-18:15:36.838466 1629 [DEBUG] GetFileSize: /db_working_home/000491.sst 
2026/04/19-18:15:36.838500 1629 [DEBUG] New writable file: /db_working_home/000494.sst direct: 1
2026/04/19-18:15:36.842041 1629 Entering Apply Finish Threshold Function
2026/04/19-18:15:36.842053 1629 Finishing zone: Entering Finish()
2026/04/19-18:15:37.659811 1626 [DEBUG] New writable file: /db_working_home/000495.log direct: 0
2026/04/19-18:15:37.687525 1628 Zone Garbage Stats: [69 4 1 0 1 11 4 8 6 8 8 0 ]
2026/04/19-18:15:37.687595 1628 Total Garbage Bytes: 241166327 bytes
2026/04/19-18:15:37.807421 1629 [DEBUG] Allocating zone(new=1) start: 0x1c8000000 wp: 0x1c8000000 lt: 5 file lt: 5
2026/04/19-18:15:37.807435 1629 [Zonestats:time(s),used_cap(MB),reclaimable_cap(MB), avg_reclaimable(%), active(#), active_zones(#), open_zones(#)] 335 2347 4820 67 5 6 4
2026/04/19-18:15:37.807444 1629 [DEBUG] Syncing metadata for: /db_working_home/000494.sst
2026/04/19-18:15:38.569184 1630 [DEBUG] Allocating zone(new=1) start: 0x1d8000000 wp: 0x1d8000000 lt: 3 file lt: 3
2026/04/19-18:15:38.569201 1630 [Zonestats:time(s),used_cap(MB),reclaimable_cap(MB), avg_reclaimable(%), active(#), active_zones(#), open_zones(#)] 336 2347 4820 67 5 6 5
2026/04/19-18:15:38.569211 1630 [DEBUG] Syncing metadata for: /db_working_home/000493.sst
2026/04/19-18:15:38.687721 1628 Zone Garbage Stats: [67 4 1 0 1 12 4 8 6 9 8 0 ]
2026/04/19-18:15:38.687738 1628 Total Garbage Bytes: 241167089 bytes
2026/04/19-18:15:38.768164 1630 [DEBUG] Syncing metadata for: /db_working_home/000493.sst
2026/04/19-18:15:38.775396 1630 [DEBUG] Syncing metadata for: /db_working_home/000493.sst
2026/04/19-18:15:38.776058 1630 [DEBUG] New random access file: /db_working_home/000493.sst direct: 1
2026/04/19-18:15:38.776242 1630 [DEBUG] GetFileSize: /db_working_home/000493.sst 
2026/04/19-18:15:38.785288 1630 [DEBUG] Syncing metadata for: /db_working_home/MANIFEST-000228
2026/04/19-18:15:38.786044 1630 [DEBUG] GetFileSize: /db_working_home/000493.sst 
2026/04/19-18:15:38.792716 1630 [DEBUG] Syncing metadata for: /db_working_home/000488.log
2026/04/19-18:15:38.800064 1630 [DEBUG] DeleteFile: ./db_working_home/000488.log 
2026/04/19-18:15:38.800769 1630 [Zonestats:time(s),used_cap(MB),reclaimable_cap(MB), avg_reclaimable(%), active(#), active_zones(#), open_zones(#)] 336 2348 4819 67 5 5 3
2026/04/19-18:15:38.800935 1630 [DEBUG] New writable file: /db_working_home/000496.sst direct: 1
2026/04/19-18:15:38.804671 1630 Entering Apply Finish Threshold Function
2026/04/19-18:15:38.804686 1630 Finishing zone: Entering Finish()
2026/04/19-18:15:39.020346 1626 [DEBUG] Allocating zone(new=1) start: 0xd0000000 wp: 0xd0000000 lt: 2 file lt: 2
2026/04/19-18:15:39.020361 1626 [DEBUG] Syncing metadata for: /db_working_home/000495.log
2026/04/19-18:15:39.201140 1629 [DEBUG] Syncing metadata for: /db_working_home/000494.sst
2026/04/19-18:15:39.208752 1629 [DEBUG] Syncing metadata for: /db_working_home/000494.sst
2026/04/19-18:15:39.210195 1629 [DEBUG] GetFileSize: /db_working_home/000494.sst 
2026/04/19-18:15:39.211643 1629 [DEBUG] New random access file: /db_working_home/000491.sst direct: 1
2026/04/19-18:15:39.212336 1629 [DEBUG] GetFileSize: /db_working_home/000491.sst 
2026/04/19-18:15:39.212512 1629 [DEBUG] New random access file: /db_working_home/000494.sst direct: 1
2026/04/19-18:15:39.213115 1629 [DEBUG] GetFileSize: /db_working_home/000494.sst 
2026/04/19-18:15:39.214122 1629 [DEBUG] Syncing metadata for: /db_working_home/MANIFEST-000228
2026/04/19-18:15:39.215853 1629 [DEBUG] Syncing metadata for: /db_working_home/MANIFEST-000228
2026/04/19-18:15:39.228803 1629 [DEBUG] New writable file: /db_working_home/000497.sst direct: 1
2026/04/19-18:15:39.232328 1629 Entering Apply Finish Threshold Function
2026/04/19-18:15:39.232341 1629 Finishing zone: Entering Finish()
2026/04/19-18:15:39.468539 1629 [DEBUG] Allocating zone(new=1) start: 0x1e0000000 wp: 0x1e0000000 lt: 3 file lt: 3
2026/04/19-18:15:39.468557 1629 [Zonestats:time(s),used_cap(MB),reclaimable_cap(MB), avg_reclaimable(%), active(#), active_zones(#), open_zones(#)] 337 2467 4956 66 5 6 4
2026/04/19-18:15:39.468566 1629 [DEBUG] Syncing metadata for: /db_working_home/000497.sst
2026/04/19-18:15:39.687855 1628 Zone Garbage Stats: [66 5 1 0 1 12 4 8 6 9 8 0 ]
2026/04/19-18:15:39.687871 1628 Total Garbage Bytes: 241167203 bytes
2026/04/19-18:15:40.219470 1629 [DEBUG] Syncing metadata for: /db_working_home/000497.sst
2026/04/19-18:15:40.220521 1629 [DEBUG] Syncing metadata for: /db_working_home/000497.sst
2026/04/19-18:15:40.228434 1629 [DEBUG] GetFileSize: /db_working_home/000497.sst 
2026/04/19-18:15:40.228469 1629 [DEBUG] New writable file: /db_working_home/000498.sst direct: 1
2026/04/19-18:15:40.229736 1629 Entering Apply Finish Threshold Function
2026/04/19-18:15:40.229746 1629 Finishing zone: Entering Finish()
2026/04/19-18:15:40.688065 1628 Zone Garbage Stats: [66 5 1 0 1 12 4 8 6 9 8 0 ]
2026/04/19-18:15:40.688082 1628 Total Garbage Bytes: 241167203 bytes
2026/04/19-18:15:40.970675 1626 [DEBUG] New writable file: /db_working_home/000499.log direct: 0
2026/04/19-18:15:41.379104 1629 [DEBUG] Allocating zone(new=1) start: 0x1f0000000 wp: 0x1f0000000 lt: 3 file lt: 3
2026/04/19-18:15:41.379119 1629 [Zonestats:time(s),used_cap(MB),reclaimable_cap(MB), avg_reclaimable(%), active(#), active_zones(#), open_zones(#)] 339 2538 5013 66 5 6 4
2026/04/19-18:15:41.379127 1629 [DEBUG] Syncing metadata for: /db_working_home/000498.sst
2026/04/19-18:15:41.383503 1629 [DEBUG] Syncing metadata for: /db_working_home/000498.sst
2026/04/19-18:15:41.383515 1630 [DEBUG] Allocating zone(new=1) start: 0x1f8000000 wp: 0x1f8000000 lt: 3 file lt: 3
2026/04/19-18:15:41.383531 1630 [Zonestats:time(s),used_cap(MB),reclaimable_cap(MB), avg_reclaimable(%), active(#), active_zones(#), open_zones(#)] 339 2538 5141 66 5 6 5
2026/04/19-18:15:41.383541 1630 [DEBUG] Syncing metadata for: /db_working_home/000496.sst
2026/04/19-18:15:41.384083 1629 [DEBUG] Syncing metadata for: /db_working_home/000498.sst
2026/04/19-18:15:41.384853 1629 [DEBUG] GetFileSize: /db_working_home/000498.sst 
2026/04/19-18:15:41.386668 1629 [DEBUG] New random access file: /db_working_home/000497.sst direct: 1
2026/04/19-18:15:41.395778 1629 [DEBUG] GetFileSize: /db_working_home/000497.sst 
2026/04/19-18:15:41.395966 1629 [DEBUG] New random access file: /db_working_home/000498.sst direct: 1
2026/04/19-18:15:41.396151 1629 [DEBUG] GetFileSize: /db_working_home/000498.sst 
2026/04/19-18:15:41.397030 1629 [DEBUG] Syncing metadata for: /db_working_home/MANIFEST-000228
2026/04/19-18:15:41.405257 1629 [DEBUG] Syncing metadata for: /db_working_home/MANIFEST-000228
2026/04/19-18:15:41.418225 1629 [DEBUG] New writable file: /db_working_home/000500.sst direct: 1
2026/04/19-18:15:41.428290 1629 Entering Apply Finish Threshold Function
2026/04/19-18:15:41.428319 1629 [DEBUG] Allocating zone(new=1) start: 0x200000000 wp: 0x200000000 lt: 4 file lt: 4
2026/04/19-18:15:41.428326 1629 [Zonestats:time(s),used_cap(MB),reclaimable_cap(MB), avg_reclaimable(%), active(#), active_zones(#), open_zones(#)] 339 2538 5141 66 6 7 5
2026/04/19-18:15:41.428333 1629 [DEBUG] Syncing metadata for: /db_working_home/000500.sst
2026/04/19-18:15:41.574328 1630 [DEBUG] Syncing metadata for: /db_working_home/000496.sst
2026/04/19-18:15:41.577045 1630 [DEBUG] Syncing metadata for: /db_working_home/000496.sst
2026/04/19-18:15:41.577726 1630 [DEBUG] New random access file: /db_working_home/000496.sst direct: 1
2026/04/19-18:15:41.578026 1630 [DEBUG] GetFileSize: /db_working_home/000496.sst 
2026/04/19-18:15:41.585645 1630 [DEBUG] Syncing metadata for: /db_working_home/MANIFEST-000228
2026/04/19-18:15:41.586333 1630 [DEBUG] GetFileSize: /db_working_home/000496.sst 
2026/04/19-18:15:41.591097 1630 [DEBUG] Syncing metadata for: /db_working_home/000492.log
2026/04/19-18:15:41.598921 1630 [DEBUG] DeleteFile: ./db_working_home/000418.sst 
2026/04/19-18:15:41.599832 1630 [Zonestats:time(s),used_cap(MB),reclaimable_cap(MB), avg_reclaimable(%), active(#), active_zones(#), open_zones(#)] 339 2465 5214 67 7 7 3
2026/04/19-18:15:41.599878 1630 [DEBUG] DeleteFile: ./db_working_home/000483.sst 
2026/04/19-18:15:41.602437 1630 [Zonestats:time(s),used_cap(MB),reclaimable_cap(MB), avg_reclaimable(%), active(#), active_zones(#), open_zones(#)] 339 2450 5101 67 7 7 3
2026/04/19-18:15:41.602490 1630 [DEBUG] DeleteFile: ./db_working_home/000486.sst 
2026/04/19-18:15:41.603157 1630 [Zonestats:time(s),used_cap(MB),reclaimable_cap(MB), avg_reclaimable(%), active(#), active_zones(#), open_zones(#)] 339 2434 4989 67 7 7 3
2026/04/19-18:15:41.603194 1630 [DEBUG] DeleteFile: ./db_working_home/000487.sst 
2026/04/19-18:15:41.610928 1630 [Zonestats:time(s),used_cap(MB),reclaimable_cap(MB), avg_reclaimable(%), active(#), active_zones(#), open_zones(#)] 339 2319 4976 68 7 7 3
2026/04/19-18:15:41.610980 1630 [DEBUG] DeleteFile: ./db_working_home/000489.sst 
2026/04/19-18:15:41.611657 1630 [Zonestats:time(s),used_cap(MB),reclaimable_cap(MB), avg_reclaimable(%), active(#), active_zones(#), open_zones(#)] 339 2303 4864 67 7 7 3
2026/04/19-18:15:41.611691 1630 [DEBUG] DeleteFile: ./db_working_home/000492.log 
2026/04/19-18:15:41.612480 1630 [Zonestats:time(s),used_cap(MB),reclaimable_cap(MB), avg_reclaimable(%), active(#), active_zones(#), open_zones(#)] 339 2288 4751 67 6 6 3
2026/04/19-18:15:41.612501 1630 [DEBUG] DeleteFile: ./db_working_home/000493.sst 
2026/04/19-18:15:41.620121 1630 [Zonestats:time(s),used_cap(MB),reclaimable_cap(MB), avg_reclaimable(%), active(#), active_zones(#), open_zones(#)] 339 2272 4639 67 6 6 3
2026/04/19-18:15:41.620342 1630 [DEBUG] New writable file: /db_working_home/000501.sst direct: 1
2026/04/19-18:15:41.623332 1630 Entering Apply Finish Threshold Function
2026/04/19-18:15:41.623345 1630 Finishing zone: Entering Finish()
2026/04/19-18:15:41.688206 1628 Zone Garbage Stats: [70 5 1 0 0 12 5 8 6 6 8 0 ]
2026/04/19-18:15:41.688220 1628 Total Garbage Bytes: 241166411 bytes
2026/04/19-18:15:41.819564 1626 [DEBUG] Allocating zone(new=0) start: 0x1f0000000 wp: 0x1f0000a00 lt: 3 file lt: 2
2026/04/19-18:15:41.819577 1626 [DEBUG] Syncing metadata for: /db_working_home/000499.log
2026/04/19-18:15:42.471664 1629 [DEBUG] Syncing metadata for: /db_working_home/000500.sst
2026/04/19-18:15:42.472244 1629 [DEBUG] Syncing metadata for: /db_working_home/000500.sst
2026/04/19-18:15:42.473534 1629 [DEBUG] GetFileSize: /db_working_home/000500.sst 
2026/04/19-18:15:42.473568 1629 [DEBUG] New writable file: /db_working_home/000502.sst direct: 1
2026/04/19-18:15:42.480295 1629 Entering Apply Finish Threshold Function
2026/04/19-18:15:42.480309 1629 Finishing zone: Entering Finish()
2026/04/19-18:15:42.688419 1628 Zone Garbage Stats: [70 4 1 0 0 12 5 8 6 6 8 0 ]
2026/04/19-18:15:42.688526 1628 Total Garbage Bytes: 241166408 bytes
2026/04/19-18:15:43.277660 1629 [DEBUG] Allocating zone(new=1) start: 0x60000000 wp: 0x60000000 lt: 4 file lt: 4
2026/04/19-18:15:43.277678 1629 [Zonestats:time(s),used_cap(MB),reclaimable_cap(MB), avg_reclaimable(%), active(#), active_zones(#), open_zones(#)] 341 2373 4666 66 5 6 4
2026/04/19-18:15:43.277687 1629 [DEBUG] Syncing metadata for: /db_working_home/000502.sst
2026/04/19-18:15:43.453054 1626 [DEBUG] New writable file: /db_working_home/000503.log direct: 0
2026/04/19-18:15:43.466198 1629 [DEBUG] Syncing metadata for: /db_working_home/000502.sst
2026/04/19-18:15:43.467010 1629 [DEBUG] Syncing metadata for: /db_working_home/000502.sst
2026/04/19-18:15:43.468065 1629 [DEBUG] GetFileSize: /db_working_home/000502.sst 
2026/04/19-18:15:43.469450 1629 [DEBUG] New random access file: /db_working_home/000500.sst direct: 1
2026/04/19-18:15:43.470032 1629 [DEBUG] GetFileSize: /db_working_home/000500.sst 
2026/04/19-18:15:43.470203 1629 [DEBUG] New random access file: /db_working_home/000502.sst direct: 1
2026/04/19-18:15:43.470585 1629 [DEBUG] GetFileSize: /db_working_home/000502.sst 
2026/04/19-18:15:43.471466 1629 [DEBUG] Syncing metadata for: /db_working_home/MANIFEST-000228
2026/04/19-18:15:43.478100 1629 [DEBUG] New writable file: /db_working_home/000504.sst direct: 1
2026/04/19-18:15:43.481342 1629 Entering Apply Finish Threshold Function
2026/04/19-18:15:43.481352 1629 Finishing zone: Entering Finish()
2026/04/19-18:15:43.688709 1628 Zone Garbage Stats: [69 4 1 0 1 12 5 8 6 6 8 0 ]
2026/04/19-18:15:43.688723 1628 Total Garbage Bytes: 241166895 bytes
2026/04/19-18:15:44.118313 1630 [DEBUG] Allocating zone(new=1) start: 0x110000000 wp: 0x110000000 lt: 3 file lt: 3
2026/04/19-18:15:44.118329 1630 [Zonestats:time(s),used_cap(MB),reclaimable_cap(MB), avg_reclaimable(%), active(#), active_zones(#), open_zones(#)] 342 2390 4777 66 5 6 4
2026/04/19-18:15:44.118338 1630 [DEBUG] Syncing metadata for: /db_working_home/000501.sst
2026/04/19-18:15:44.262400 1630 [DEBUG] Syncing metadata for: /db_working_home/000501.sst
2026/04/19-18:15:44.263210 1630 [DEBUG] Syncing metadata for: /db_working_home/000501.sst
2026/04/19-18:15:44.264195 1630 [DEBUG] New random access file: /db_working_home/000501.sst direct: 1
2026/04/19-18:15:44.264651 1630 [DEBUG] GetFileSize: /db_working_home/000501.sst 
2026/04/19-18:15:44.267069 1630 [DEBUG] Syncing metadata for: /db_working_home/MANIFEST-000228
2026/04/19-18:15:44.267725 1630 [DEBUG] GetFileSize: /db_working_home/000501.sst 
2026/04/19-18:15:44.272670 1630 [DEBUG] Syncing metadata for: /db_working_home/000495.log
2026/04/19-18:15:44.273627 1630 [DEBUG] DeleteFile: ./db_working_home/000490.sst 
2026/04/19-18:15:44.274478 1630 [Zonestats:time(s),used_cap(MB),reclaimable_cap(MB), avg_reclaimable(%), active(#), active_zones(#), open_zones(#)] 342 2362 4805 67 6 6 2
2026/04/19-18:15:44.274521 1630 [DEBUG] DeleteFile: ./db_working_home/000495.log 
2026/04/19-18:15:44.275171 1630 [Zonestats:time(s),used_cap(MB),reclaimable_cap(MB), avg_reclaimable(%), active(#), active_zones(#), open_zones(#)] 342 2346 4693 66 5 5 2
2026/04/19-18:15:44.275194 1630 [DEBUG] DeleteFile: ./db_working_home/000497.sst 
2026/04/19-18:15:44.276065 1630 [Zonestats:time(s),used_cap(MB),reclaimable_cap(MB), avg_reclaimable(%), active(#), active_zones(#), open_zones(#)] 342 2286 4625 66 5 5 2
2026/04/19-18:15:44.276231 1630 [DEBUG] New writable file: /db_working_home/000505.sst direct: 1
2026/04/19-18:15:44.279023 1630 Entering Apply Finish Threshold Function
2026/04/19-18:15:44.279033 1630 Finishing zone: Entering Finish()
2026/04/19-18:15:44.340030 1626 [DEBUG] Allocating zone(new=1) start: 0xd0000000 wp: 0xd0000000 lt: 2 file lt: 2
2026/04/19-18:15:44.340044 1626 [DEBUG] Syncing metadata for: /db_working_home/000503.log
2026/04/19-18:15:44.688914 1628 Zone Garbage Stats: [70 4 1 0 1 12 4 7 6 7 8 0 ]
2026/04/19-18:15:44.688931 1628 Total Garbage Bytes: 241166453 bytes
2026/04/19-18:15:45.471559 1629 [DEBUG] Allocating zone(new=1) start: 0x118000000 wp: 0x118000000 lt: 5 file lt: 5
2026/04/19-18:15:45.471577 1629 [Zonestats:time(s),used_cap(MB),reclaimable_cap(MB), avg_reclaimable(%), active(#), active_zones(#), open_zones(#)] 343 2300 4739 67 5 6 4
2026/04/19-18:15:45.471586 1629 [DEBUG] Syncing metadata for: /db_working_home/000504.sst
2026/04/19-18:15:45.681478 1626 [DEBUG] New writable file: /db_working_home/000506.log direct: 0
2026/04/19-18:15:45.689113 1628 Zone Garbage Stats: [69 4 1 0 1 12 4 7 6 8 8 0 ]
2026/04/19-18:15:45.689125 1628 Total Garbage Bytes: 241166851 bytes
2026/04/19-18:15:45.937502 1629 [DEBUG] Syncing metadata for: /db_working_home/000504.sst
2026/04/19-18:15:45.938086 1629 [DEBUG] Syncing metadata for: /db_working_home/000504.sst
2026/04/19-18:15:45.939144 1629 [DEBUG] GetFileSize: /db_working_home/000504.sst 
2026/04/19-18:15:45.940296 1629 [DEBUG] New random access file: /db_working_home/000504.sst direct: 1
2026/04/19-18:15:45.940525 1629 [DEBUG] GetFileSize: /db_working_home/000504.sst 
2026/04/19-18:15:45.941470 1629 [DEBUG] Syncing metadata for: /db_working_home/MANIFEST-000228
2026/04/19-18:15:45.948082 1629 [DEBUG] New writable file: /db_working_home/000507.sst direct: 1
2026/04/19-18:15:45.951654 1629 Entering Apply Finish Threshold Function
2026/04/19-18:15:45.951665 1629 Finishing zone: Entering Finish()
2026/04/19-18:15:46.470398 1630 [DEBUG] Allocating zone(new=1) start: 0x1a0000000 wp: 0x1a0000000 lt: 3 file lt: 3
2026/04/19-18:15:46.470414 1630 [Zonestats:time(s),used_cap(MB),reclaimable_cap(MB), avg_reclaimable(%), active(#), active_zones(#), open_zones(#)] 344 2342 4825 67 5 6 4
2026/04/19-18:15:46.470423 1630 [DEBUG] Syncing metadata for: /db_working_home/000505.sst
2026/04/19-18:15:46.614658 1630 [DEBUG] Syncing metadata for: /db_working_home/000505.sst
2026/04/19-18:15:46.615235 1630 [DEBUG] Syncing metadata for: /db_working_home/000505.sst
2026/04/19-18:15:46.616221 1630 [DEBUG] New random access file: /db_working_home/000505.sst direct: 1
2026/04/19-18:15:46.616402 1630 [DEBUG] GetFileSize: /db_working_home/000505.sst 
2026/04/19-18:15:46.619030 1630 [DEBUG] Syncing metadata for: /db_working_home/MANIFEST-000228
2026/04/19-18:15:46.619685 1630 [DEBUG] GetFileSize: /db_working_home/000505.sst 
2026/04/19-18:15:46.624627 1630 [DEBUG] Syncing metadata for: /db_working_home/000499.log
2026/04/19-18:15:46.625602 1630 [DEBUG] DeleteFile: ./db_working_home/000481.sst 
2026/04/19-18:15:46.626440 1630 [Zonestats:time(s),used_cap(MB),reclaimable_cap(MB), avg_reclaimable(%), active(#), active_zones(#), open_zones(#)] 344 2331 4836 67 6 6 2
2026/04/19-18:15:46.626484 1630 [DEBUG] DeleteFile: ./db_working_home/000498.sst 
2026/04/19-18:15:46.627044 1630 [Zonestats:time(s),used_cap(MB),reclaimable_cap(MB), avg_reclaimable(%), active(#), active_zones(#), open_zones(#)] 344 2331 4836 67 6 6 2
2026/04/19-18:15:46.627078 1630 [DEBUG] DeleteFile: ./db_working_home/000499.log 
2026/04/19-18:15:46.628039 1630 [Zonestats:time(s),used_cap(MB),reclaimable_cap(MB), avg_reclaimable(%), active(#), active_zones(#), open_zones(#)] 344 2316 4723 67 5 5 2
2026/04/19-18:15:46.628060 1630 [DEBUG] DeleteFile: ./db_working_home/000502.sst 
2026/04/19-18:15:46.628929 1630 [Zonestats:time(s),used_cap(MB),reclaimable_cap(MB), avg_reclaimable(%), active(#), active_zones(#), open_zones(#)] 344 2299 4612 66 5 5 2
2026/04/19-18:15:46.629112 1630 [DEBUG] New writable file: /db_working_home/000508.sst direct: 1
2026/04/19-18:15:46.631887 1630 Entering Apply Finish Threshold Function
2026/04/19-18:15:46.631900 1630 Finishing zone: Entering Finish()
2026/04/19-18:15:46.689314 1628 Zone Garbage Stats: [71 4 1 0 1 12 4 7 5 8 8 0 ]
2026/04/19-18:15:46.689329 1628 Total Garbage Bytes: 241166451 bytes
2026/04/19-18:15:46.711569 1626 [DEBUG] Allocating zone(new=1) start: 0x60000000 wp: 0x60000000 lt: 2 file lt: 2
2026/04/19-18:15:46.711580 1626 [DEBUG] Syncing metadata for: /db_working_home/000506.log
2026/04/19-18:15:47.502097 1629 [DEBUG] Allocating zone(new=1) start: 0x1a8000000 wp: 0x1a8000000 lt: 5 file lt: 5
2026/04/19-18:15:47.502116 1629 [Zonestats:time(s),used_cap(MB),reclaimable_cap(MB), avg_reclaimable(%), active(#), active_zones(#), open_zones(#)] 345 2308 4731 67 5 6 4
2026/04/19-18:15:47.502127 1629 [DEBUG] Syncing metadata for: /db_working_home/000507.sst
2026/04/19-18:15:47.689448 1628 Zone Garbage Stats: [69 4 1 0 1 12 4 8 5 8 8 0 ]
2026/04/19-18:15:47.689536 1628 Total Garbage Bytes: 241166560 bytes
2026/04/19-18:15:48.689657 1628 Zone Garbage Stats: [69 4 1 0 1 12 4 8 5 8 8 0 ]
2026/04/19-18:15:48.689672 1628 Total Garbage Bytes: 241166560 bytes
2026/04/19-18:15:48.724420 1626 [DEBUG] New writable file: /db_working_home/000509.log direct: 0
2026/04/19-18:15:49.003296 1629 Entering Apply Finish Threshold Function
2026/04/19-18:15:49.003328 1629 [DEBUG] Allocating zone(new=1) start: 0x1b8000000 wp: 0x1b8000000 lt: 5 file lt: 5
2026/04/19-18:15:49.003337 1629 [Zonestats:time(s),used_cap(MB),reclaimable_cap(MB), avg_reclaimable(%), active(#), active_zones(#), open_zones(#)] 347 2442 4725 65 5 6 4
2026/04/19-18:15:49.003344 1629 [DEBUG] Syncing metadata for: /db_working_home/000507.sst
2026/04/19-18:15:49.009305 1629 [DEBUG] Syncing metadata for: /db_working_home/000507.sst
2026/04/19-18:15:49.009872 1629 [DEBUG] Syncing metadata for: /db_working_home/000507.sst
2026/04/19-18:15:49.010936 1629 [DEBUG] GetFileSize: /db_working_home/000507.sst 
2026/04/19-18:15:49.010971 1629 [DEBUG] New writable file: /db_working_home/000510.sst direct: 1
2026/04/19-18:15:49.017195 1629 Entering Apply Finish Threshold Function
2026/04/19-18:15:49.017224 1629 [DEBUG] Allocating zone(new=1) start: 0x1d0000000 wp: 0x1d0000000 lt: 5 file lt: 5
2026/04/19-18:15:49.017232 1629 [Zonestats:time(s),used_cap(MB),reclaimable_cap(MB), avg_reclaimable(%), active(#), active_zones(#), open_zones(#)] 347 2442 4853 66 6 7 4
2026/04/19-18:15:49.017238 1629 [DEBUG] Syncing metadata for: /db_working_home/000510.sst
2026/04/19-18:15:49.251190 1629 [DEBUG] Syncing metadata for: /db_working_home/000510.sst
2026/04/19-18:15:49.251972 1629 [DEBUG] Syncing metadata for: /db_working_home/000510.sst
2026/04/19-18:15:49.253034 1629 [DEBUG] GetFileSize: /db_working_home/000510.sst 
2026/04/19-18:15:49.254409 1629 [DEBUG] New random access file: /db_working_home/000507.sst direct: 1
2026/04/19-18:15:49.255058 1629 [DEBUG] GetFileSize: /db_working_home/000507.sst 
2026/04/19-18:15:49.255249 1629 [DEBUG] New random access file: /db_working_home/000510.sst direct: 1
2026/04/19-18:15:49.255626 1629 [DEBUG] GetFileSize: /db_working_home/000510.sst 
2026/04/19-18:15:49.256558 1629 [DEBUG] Syncing metadata for: /db_working_home/MANIFEST-000228
2026/04/19-18:15:49.265974 1629 [DEBUG] New writable file: /db_working_home/000511.sst direct: 1
2026/04/19-18:15:49.269207 1629 Entering Apply Finish Threshold Function
2026/04/19-18:15:49.269220 1629 Finishing zone: Entering Finish()
2026/04/19-18:15:49.519142 1630 [DEBUG] Allocating zone(new=0) start: 0x1b8000000 wp: 0x1b8033800 lt: 5 file lt: 3
2026/04/19-18:15:49.519158 1630 [Zonestats:time(s),used_cap(MB),reclaimable_cap(MB), avg_reclaimable(%), active(#), active_zones(#), open_zones(#)] 347 2463 4960 66 6 6 4
2026/04/19-18:15:49.519167 1630 [DEBUG] Syncing metadata for: /db_working_home/000508.sst
2026/04/19-18:15:49.660407 1630 [DEBUG] Syncing metadata for: /db_working_home/000508.sst
2026/04/19-18:15:49.660986 1630 [DEBUG] Syncing metadata for: /db_working_home/000508.sst
2026/04/19-18:15:49.662000 1630 [DEBUG] New random access file: /db_working_home/000508.sst direct: 1
2026/04/19-18:15:49.662184 1630 [DEBUG] GetFileSize: /db_working_home/000508.sst 
2026/04/19-18:15:49.664304 1630 [DEBUG] Syncing metadata for: /db_working_home/MANIFEST-000228
2026/04/19-18:15:49.664946 1630 [DEBUG] GetFileSize: /db_working_home/000508.sst 
2026/04/19-18:15:49.669856 1630 [DEBUG] Syncing metadata for: /db_working_home/000503.log
2026/04/19-18:15:49.670600 1630 [DEBUG] DeleteFile: ./db_working_home/000347.sst 
2026/04/19-18:15:49.671445 1630 [Zonestats:time(s),used_cap(MB),reclaimable_cap(MB), avg_reclaimable(%), active(#), active_zones(#), open_zones(#)] 347 2429 4866 66 6 6 2
2026/04/19-18:15:49.671489 1630 [DEBUG] DeleteFile: ./db_working_home/000494.sst 
2026/04/19-18:15:49.672322 1630 [Zonestats:time(s),used_cap(MB),reclaimable_cap(MB), avg_reclaimable(%), active(#), active_zones(#), open_zones(#)] 347 2314 4853 67 6 6 2
2026/04/19-18:15:49.672357 1630 [DEBUG] DeleteFile: ./db_working_home/000503.log 
2026/04/19-18:15:49.673223 1630 [Zonestats:time(s),used_cap(MB),reclaimable_cap(MB), avg_reclaimable(%), active(#), active_zones(#), open_zones(#)] 347 2298 4741 67 5 5 2
2026/04/19-18:15:49.673401 1630 [DEBUG] New writable file: /db_working_home/000512.sst direct: 1
2026/04/19-18:15:49.676102 1630 Entering Apply Finish Threshold Function
2026/04/19-18:15:49.676114 1630 Finishing zone: Entering Finish()
2026/04/19-18:15:49.689860 1628 Zone Garbage Stats: [70 4 1 0 1 12 4 7 5 9 8 0 ]
2026/04/19-18:15:49.689872 1628 Total Garbage Bytes: 241166370 bytes
2026/04/19-18:15:49.777760 1626 [DEBUG] Allocating zone(new=1) start: 0xd0000000 wp: 0xd0000000 lt: 2 file lt: 2
2026/04/19-18:15:49.777774 1626 [DEBUG] Syncing metadata for: /db_working_home/000509.log
2026/04/19-18:15:50.690065 1628 Zone Garbage Stats: [69 4 1 0 1 12 4 7 5 9 8 0 ]
2026/04/19-18:15:50.690083 1628 Total Garbage Bytes: 241166370 bytes
2026/04/19-18:15:51.133550 1626 [DEBUG] New writable file: /db_working_home/000513.log direct: 0
2026/04/19-18:15:51.252358 1629 [DEBUG] Allocating zone(new=1) start: 0x140000000 wp: 0x140000000 lt: 3 file lt: 3
2026/04/19-18:15:51.252372 1629 [Zonestats:time(s),used_cap(MB),reclaimable_cap(MB), avg_reclaimable(%), active(#), active_zones(#), open_zones(#)] 349 2313 4854 67 5 6 4
2026/04/19-18:15:51.252381 1629 [DEBUG] Syncing metadata for: /db_working_home/000511.sst
2026/04/19-18:15:51.690267 1628 Zone Garbage Stats: [68 4 1 0 1 12 4 7 5 10 8 0 ]
2026/04/19-18:15:51.690283 1628 Total Garbage Bytes: 241166708 bytes
2026/04/19-18:15:51.691720 1629 [DEBUG] Syncing metadata for: /db_working_home/000511.sst
2026/04/19-18:15:51.692298 1629 [DEBUG] Syncing metadata for: /db_working_home/000511.sst
2026/04/19-18:15:51.693354 1629 [DEBUG] GetFileSize: /db_working_home/000511.sst 
2026/04/19-18:15:51.693387 1629 [DEBUG] New writable file: /db_working_home/000514.sst direct: 1
2026/04/19-18:15:51.696418 1629 Entering Apply Finish Threshold Function
2026/04/19-18:15:51.696429 1629 Finishing zone: Entering Finish()
2026/04/19-18:15:51.888341 1630 [DEBUG] Allocating zone(new=1) start: 0x1c8000000 wp: 0x1c8000000 lt: 3 file lt: 3
2026/04/19-18:15:51.888356 1630 [Zonestats:time(s),used_cap(MB),reclaimable_cap(MB), avg_reclaimable(%), active(#), active_zones(#), open_zones(#)] 349 2353 4942 67 5 6 4
2026/04/19-18:15:51.888365 1630 [DEBUG] Syncing metadata for: /db_working_home/000512.sst
2026/04/19-18:15:52.032628 1630 [DEBUG] Syncing metadata for: /db_working_home/000512.sst
2026/04/19-18:15:52.033203 1630 [DEBUG] Syncing metadata for: /db_working_home/000512.sst
2026/04/19-18:15:52.034192 1630 [DEBUG] New random access file: /db_working_home/000512.sst direct: 1
2026/04/19-18:15:52.034373 1630 [DEBUG] GetFileSize: /db_working_home/000512.sst 
2026/04/19-18:15:52.036974 1630 [DEBUG] Syncing metadata for: /db_working_home/MANIFEST-000228
2026/04/19-18:15:52.037635 1630 [DEBUG] GetFileSize: /db_working_home/000512.sst 
2026/04/19-18:15:52.042517 1630 [DEBUG] Syncing metadata for: /db_working_home/000506.log
2026/04/19-18:15:52.043221 1630 [DEBUG] DeleteFile: ./db_working_home/000506.log 
2026/04/19-18:15:52.044122 1630 [Zonestats:time(s),used_cap(MB),reclaimable_cap(MB), avg_reclaimable(%), active(#), active_zones(#), open_zones(#)] 350 2353 4942 67 5 5 2
2026/04/19-18:15:52.044280 1630 [DEBUG] New writable file: /db_working_home/000515.sst direct: 1
2026/04/19-18:15:52.047063 1630 Entering Apply Finish Threshold Function
2026/04/19-18:15:52.047076 1630 Finishing zone: Entering Finish()
2026/04/19-18:15:52.148491 1626 [DEBUG] Allocating zone(new=1) start: 0x60000000 wp: 0x60000000 lt: 2 file lt: 2
2026/04/19-18:15:52.148504 1626 [DEBUG] Syncing metadata for: /db_working_home/000513.log
2026/04/19-18:15:52.690492 1628 Zone Garbage Stats: [67 4 1 0 1 12 4 7 5 11 8 0 ]
2026/04/19-18:15:52.690612 1628 Total Garbage Bytes: 241166945 bytes
2026/04/19-18:15:53.366603 1629 [DEBUG] Allocating zone(new=1) start: 0x1d8000000 wp: 0x1d8000000 lt: 3 file lt: 3
2026/04/19-18:15:53.366620 1629 [Zonestats:time(s),used_cap(MB),reclaimable_cap(MB), avg_reclaimable(%), active(#), active_zones(#), open_zones(#)] 351 2365 5058 68 5 6 4
2026/04/19-18:15:53.366629 1629 [DEBUG] Syncing metadata for: /db_working_home/000514.sst
2026/04/19-18:15:53.432753 1629 [DEBUG] Syncing metadata for: /db_working_home/000514.sst
2026/04/19-18:15:53.433714 1629 [DEBUG] Syncing metadata for: /db_working_home/000514.sst
2026/04/19-18:15:53.434775 1629 [DEBUG] GetFileSize: /db_working_home/000514.sst 
2026/04/19-18:15:53.436017 1629 [DEBUG] New random access file: /db_working_home/000511.sst direct: 1
2026/04/19-18:15:53.436557 1629 [DEBUG] GetFileSize: /db_working_home/000511.sst 
2026/04/19-18:15:53.436731 1629 [DEBUG] New random access file: /db_working_home/000514.sst direct: 1
2026/04/19-18:15:53.437275 1629 [DEBUG] GetFileSize: /db_working_home/000514.sst 
2026/04/19-18:15:53.438164 1629 [DEBUG] Syncing metadata for: /db_working_home/MANIFEST-000228
2026/04/19-18:15:53.445234 1629 [DEBUG] New writable file: /db_working_home/000516.sst direct: 1
2026/04/19-18:15:53.448934 1629 Entering Apply Finish Threshold Function
2026/04/19-18:15:53.448962 1629 [DEBUG] Allocating zone(new=1) start: 0x1e0000000 wp: 0x1e0000000 lt: 5 file lt: 5
2026/04/19-18:15:53.448970 1629 [Zonestats:time(s),used_cap(MB),reclaimable_cap(MB), avg_reclaimable(%), active(#), active_zones(#), open_zones(#)] 351 2371 5180 68 6 7 4
2026/04/19-18:15:53.448976 1629 [DEBUG] Syncing metadata for: /db_working_home/000516.sst
2026/04/19-18:15:53.690733 1628 Zone Garbage Stats: [65 5 1 0 1 12 4 8 5 11 8 0 ]
2026/04/19-18:15:53.690750 1628 Total Garbage Bytes: 241167441 bytes
2026/04/19-18:15:54.036749 1626 [DEBUG] New writable file: /db_working_home/000517.log direct: 0
2026/04/19-18:15:54.287850 1629 [DEBUG] Syncing metadata for: /db_working_home/000516.sst
2026/04/19-18:15:54.288428 1629 [DEBUG] Syncing metadata for: /db_working_home/000516.sst
2026/04/19-18:15:54.289488 1629 [DEBUG] GetFileSize: /db_working_home/000516.sst 
2026/04/19-18:15:54.289523 1629 [DEBUG] New writable file: /db_working_home/000518.sst direct: 1
2026/04/19-18:15:54.292819 1629 Entering Apply Finish Threshold Function
2026/04/19-18:15:54.292832 1629 Finishing zone: Entering Finish()
2026/04/19-18:15:54.535268 1630 [DEBUG] Allocating zone(new=1) start: 0x1e8000000 wp: 0x1e8000000 lt: 3 file lt: 3
2026/04/19-18:15:54.535283 1630 [Zonestats:time(s),used_cap(MB),reclaimable_cap(MB), avg_reclaimable(%), active(#), active_zones(#), open_zones(#)] 352 2445 5234 68 6 7 4
2026/04/19-18:15:54.535292 1630 [DEBUG] Syncing metadata for: /db_working_home/000515.sst
2026/04/19-18:15:54.679550 1630 [DEBUG] Syncing metadata for: /db_working_home/000515.sst
2026/04/19-18:15:54.680142 1630 [DEBUG] Syncing metadata for: /db_working_home/000515.sst
2026/04/19-18:15:54.681130 1630 [DEBUG] New random access file: /db_working_home/000515.sst direct: 1
2026/04/19-18:15:54.681313 1630 [DEBUG] GetFileSize: /db_working_home/000515.sst 
2026/04/19-18:15:54.683459 1630 [DEBUG] Syncing metadata for: /db_working_home/MANIFEST-000228
2026/04/19-18:15:54.684100 1630 [DEBUG] GetFileSize: /db_working_home/000515.sst 
2026/04/19-18:15:54.688999 1630 [DEBUG] Syncing metadata for: /db_working_home/000509.log
2026/04/19-18:15:54.689746 1630 [DEBUG] DeleteFile: ./db_working_home/000496.sst 
2026/04/19-18:15:54.690597 1630 [Zonestats:time(s),used_cap(MB),reclaimable_cap(MB), avg_reclaimable(%), active(#), active_zones(#), open_zones(#)] 352 2446 5233 68 7 7 2
2026/04/19-18:15:54.690646 1630 [DEBUG] DeleteFile: ./db_working_home/000501.sst 
2026/04/19-18:15:54.690948 1628 Zone Garbage Stats: [65 7 1 0 1 12 4 8 5 11 8 0 ]
2026/04/19-18:15:54.690963 1628 Total Garbage Bytes: 241167908 bytes
2026/04/19-18:15:54.691465 1630 [Zonestats:time(s),used_cap(MB),reclaimable_cap(MB), avg_reclaimable(%), active(#), active_zones(#), open_zones(#)] 352 2430 5121 67 7 7 2
2026/04/19-18:15:54.691501 1630 [DEBUG] DeleteFile: ./db_working_home/000505.sst 
2026/04/19-18:15:54.692142 1630 [Zonestats:time(s),used_cap(MB),reclaimable_cap(MB), avg_reclaimable(%), active(#), active_zones(#), open_zones(#)] 352 2415 5008 67 7 7 2
2026/04/19-18:15:54.692174 1630 [DEBUG] DeleteFile: ./db_working_home/000509.log 
2026/04/19-18:15:54.693042 1630 [Zonestats:time(s),used_cap(MB),reclaimable_cap(MB), avg_reclaimable(%), active(#), active_zones(#), open_zones(#)] 352 2399 4896 67 6 6 2
2026/04/19-18:15:54.693211 1630 [DEBUG] New writable file: /db_working_home/000519.sst direct: 1
2026/04/19-18:15:54.695990 1630 Entering Apply Finish Threshold Function
2026/04/19-18:15:54.696003 1630 Finishing zone: Entering Finish()
2026/04/19-18:15:54.789571 1626 [DEBUG] Allocating zone(new=0) start: 0x1d8000000 wp: 0x1d85ac400 lt: 3 file lt: 2
2026/04/19-18:15:54.789586 1626 [DEBUG] Syncing metadata for: /db_working_home/000517.log
2026/04/19-18:15:55.353862 1629 [DEBUG] Allocating zone(new=1) start: 0xd0000000 wp: 0xd0000000 lt: 5 file lt: 5
2026/04/19-18:15:55.353880 1629 [Zonestats:time(s),used_cap(MB),reclaimable_cap(MB), avg_reclaimable(%), active(#), active_zones(#), open_zones(#)] 353 2405 4890 67 5 6 4
2026/04/19-18:15:55.353889 1629 [DEBUG] Syncing metadata for: /db_working_home/000518.sst
2026/04/19-18:15:55.691149 1628 Zone Garbage Stats: [67 4 1 0 1 13 4 8 5 9 8 0 ]
2026/04/19-18:15:55.691165 1628 Total Garbage Bytes: 241166398 bytes
2026/04/19-18:15:56.197821 1629 [DEBUG] Syncing metadata for: /db_working_home/000518.sst
2026/04/19-18:15:56.198786 1629 [DEBUG] Syncing metadata for: /db_working_home/000518.sst
2026/04/19-18:15:56.200050 1629 [DEBUG] GetFileSize: /db_working_home/000518.sst 
2026/04/19-18:15:56.201428 1629 [DEBUG] New random access file: /db_working_home/000516.sst direct: 1
2026/04/19-18:15:56.201845 1629 [DEBUG] GetFileSize: /db_working_home/000516.sst 
2026/04/19-18:15:56.202045 1629 [DEBUG] New random access file: /db_working_home/000518.sst direct: 1
2026/04/19-18:15:56.202621 1629 [DEBUG] GetFileSize: /db_working_home/000518.sst 
2026/04/19-18:15:56.203642 1629 [DEBUG] Syncing metadata for: /db_working_home/MANIFEST-000228
2026/04/19-18:15:56.216572 1629 [DEBUG] New writable file: /db_working_home/000520.sst direct: 1
2026/04/19-18:15:56.220041 1629 Entering Apply Finish Threshold Function
2026/04/19-18:15:56.220052 1629 Finishing zone: Entering Finish()
2026/04/19-18:15:56.655835 1626 [DEBUG] New writable file: /db_working_home/000521.log direct: 0
2026/04/19-18:15:56.691352 1628 Zone Garbage Stats: [67 4 1 0 1 13 4 8 5 9 8 0 ]
2026/04/19-18:15:56.691364 1628 Total Garbage Bytes: 241166398 bytes
2026/04/19-18:15:57.115284 1630 [DEBUG] Allocating zone(new=1) start: 0x110000000 wp: 0x110000000 lt: 3 file lt: 3
2026/04/19-18:15:57.115299 1630 [Zonestats:time(s),used_cap(MB),reclaimable_cap(MB), avg_reclaimable(%), active(#), active_zones(#), open_zones(#)] 355 2485 4938 66 5 6 4
2026/04/19-18:15:57.115308 1630 [DEBUG] Syncing metadata for: /db_working_home/000519.sst
2026/04/19-18:15:57.220113 1629 [DEBUG] Allocating zone(new=1) start: 0x1a0000000 wp: 0x1a0000000 lt: 3 file lt: 3
2026/04/19-18:15:57.220130 1629 [Zonestats:time(s),used_cap(MB),reclaimable_cap(MB), avg_reclaimable(%), active(#), active_zones(#), open_zones(#)] 355 2485 4938 66 5 6 5
2026/04/19-18:15:57.220141 1629 [DEBUG] Syncing metadata for: /db_working_home/000520.sst
2026/04/19-18:15:57.272520 1630 [DEBUG] Syncing metadata for: /db_working_home/000519.sst
2026/04/19-18:15:57.280150 1630 [DEBUG] Syncing metadata for: /db_working_home/000519.sst
2026/04/19-18:15:57.280809 1630 [DEBUG] New random access file: /db_working_home/000519.sst direct: 1
2026/04/19-18:15:57.280994 1630 [DEBUG] GetFileSize: /db_working_home/000519.sst 
2026/04/19-18:15:57.290065 1630 [DEBUG] Syncing metadata for: /db_working_home/MANIFEST-000228
2026/04/19-18:15:57.290779 1630 [DEBUG] GetFileSize: /db_working_home/000519.sst 
2026/04/19-18:15:57.304724 1630 [DEBUG] Syncing metadata for: /db_working_home/000513.log
2026/04/19-18:15:57.305435 1630 [DEBUG] DeleteFile: ./db_working_home/000402.sst 
2026/04/19-18:15:57.306107 1630 [Zonestats:time(s),used_cap(MB),reclaimable_cap(MB), avg_reclaimable(%), active(#), active_zones(#), open_zones(#)] 355 2391 5032 67 6 6 3
2026/04/19-18:15:57.306149 1630 [DEBUG] DeleteFile: ./db_working_home/000513.log 
2026/04/19-18:15:57.306958 1630 [Zonestats:time(s),used_cap(MB),reclaimable_cap(MB), avg_reclaimable(%), active(#), active_zones(#), open_zones(#)] 355 2375 4920 67 5 5 3
2026/04/19-18:15:57.307111 1630 [DEBUG] New writable file: /db_working_home/000522.sst direct: 1
2026/04/19-18:15:57.316563 1630 Entering Apply Finish Threshold Function
2026/04/19-18:15:57.316576 1630 Finishing zone: Entering Finish()
2026/04/19-18:15:57.486084 1626 [DEBUG] Allocating zone(new=1) start: 0x60000000 wp: 0x60000000 lt: 2 file lt: 2
2026/04/19-18:15:57.486098 1626 [DEBUG] Syncing metadata for: /db_working_home/000521.log
2026/04/19-18:15:57.691479 1628 Zone Garbage Stats: [66 4 0 0 1 14 4 8 5 10 8 0 ]
2026/04/19-18:15:57.691562 1628 Total Garbage Bytes: 241166813 bytes
2026/04/19-18:15:58.247028 1629 [DEBUG] Syncing metadata for: /db_working_home/000520.sst
2026/04/19-18:15:58.247978 1629 [DEBUG] Syncing metadata for: /db_working_home/000520.sst
2026/04/19-18:15:58.249219 1629 [DEBUG] GetFileSize: /db_working_home/000520.sst 
2026/04/19-18:15:58.249254 1629 [DEBUG] New writable file: /db_working_home/000523.sst direct: 1
2026/04/19-18:15:58.252632 1629 Entering Apply Finish Threshold Function
2026/04/19-18:15:58.252645 1629 Finishing zone: Entering Finish()
2026/04/19-18:15:58.691675 1628 Zone Garbage Stats: [66 4 0 0 1 14 4 8 5 10 8 0 ]
2026/04/19-18:15:58.691691 1628 Total Garbage Bytes: 241166813 bytes
2026/04/19-18:15:59.187732 1629 [DEBUG] Allocating zone(new=1) start: 0x180000000 wp: 0x180000000 lt: 3 file lt: 3
2026/04/19-18:15:59.187750 1629 [Zonestats:time(s),used_cap(MB),reclaimable_cap(MB), avg_reclaimable(%), active(#), active_zones(#), open_zones(#)] 357 2467 5084 67 5 6 4
2026/04/19-18:15:59.187759 1629 [DEBUG] Syncing metadata for: /db_working_home/000523.sst
2026/04/19-18:15:59.319648 1629 [DEBUG] Syncing metadata for: /db_working_home/000523.sst
2026/04/19-18:15:59.320699 1629 [DEBUG] Syncing metadata for: /db_working_home/000523.sst
2026/04/19-18:15:59.321979 1629 [DEBUG] GetFileSize: /db_working_home/000523.sst 
2026/04/19-18:15:59.323201 1629 [DEBUG] New random access file: /db_working_home/000520.sst direct: 1
2026/04/19-18:15:59.323933 1629 [DEBUG] GetFileSize: /db_working_home/000520.sst 
2026/04/19-18:15:59.324103 1629 [DEBUG] New random access file: /db_working_home/000523.sst direct: 1
2026/04/19-18:15:59.324574 1629 [DEBUG] GetFileSize: /db_working_home/000523.sst 
2026/04/19-18:15:59.325613 1629 [DEBUG] Syncing metadata for: /db_working_home/MANIFEST-000228
2026/04/19-18:15:59.327346 1629 [DEBUG] Syncing metadata for: /db_working_home/MANIFEST-000228
2026/04/19-18:15:59.334397 1629 [DEBUG] New writable file: /db_working_home/000524.sst direct: 1
2026/04/19-18:15:59.337775 1629 Entering Apply Finish Threshold Function
2026/04/19-18:15:59.337804 1629 [DEBUG] Allocating zone(new=1) start: 0x1f0000000 wp: 0x1f0000000 lt: 4 file lt: 4
2026/04/19-18:15:59.337811 1629 [Zonestats:time(s),used_cap(MB),reclaimable_cap(MB), avg_reclaimable(%), active(#), active_zones(#), open_zones(#)] 357 2479 5200 67 6 7 4
2026/04/19-18:15:59.337818 1629 [DEBUG] Syncing metadata for: /db_working_home/000524.sst
2026/04/19-18:15:59.601786 1626 [DEBUG] New writable file: /db_working_home/000525.log direct: 0
2026/04/19-18:15:59.691887 1628 Zone Garbage Stats: [64 5 0 0 2 14 4 8 5 10 8 0 ]
2026/04/19-18:15:59.691902 1628 Total Garbage Bytes: 241167289 bytes
2026/04/19-18:16:00.417952 1630 [DEBUG] Allocating zone(new=1) start: 0x1f8000000 wp: 0x1f8000000 lt: 3 file lt: 3
2026/04/19-18:16:00.417970 1630 [Zonestats:time(s),used_cap(MB),reclaimable_cap(MB), avg_reclaimable(%), active(#), active_zones(#), open_zones(#)] 358 2480 5199 67 6 7 5
2026/04/19-18:16:00.417980 1630 [DEBUG] Syncing metadata for: /db_working_home/000522.sst
2026/04/19-18:16:00.622991 1630 [DEBUG] Syncing metadata for: /db_working_home/000522.sst
2026/04/19-18:16:00.625613 1630 [DEBUG] Syncing metadata for: /db_working_home/000522.sst
2026/04/19-18:16:00.626271 1630 [DEBUG] New random access file: /db_working_home/000522.sst direct: 1
2026/04/19-18:16:00.626454 1630 [DEBUG] GetFileSize: /db_working_home/000522.sst 
2026/04/19-18:16:00.634344 1630 [DEBUG] Syncing metadata for: /db_working_home/MANIFEST-000228
2026/04/19-18:16:00.635181 1630 [DEBUG] GetFileSize: /db_working_home/000522.sst 
2026/04/19-18:16:00.641757 1630 [DEBUG] Syncing metadata for: /db_working_home/000517.log
2026/04/19-18:16:00.649618 1630 [DEBUG] DeleteFile: ./db_working_home/000508.sst 
2026/04/19-18:16:00.650207 1630 [Zonestats:time(s),used_cap(MB),reclaimable_cap(MB), avg_reclaimable(%), active(#), active_zones(#), open_zones(#)] 358 2480 5327 68 7 7 3
2026/04/19-18:16:00.650251 1630 [DEBUG] DeleteFile: ./db_working_home/000511.sst 
2026/04/19-18:16:00.650950 1630 [Zonestats:time(s),used_cap(MB),reclaimable_cap(MB), avg_reclaimable(%), active(#), active_zones(#), open_zones(#)] 358 2441 5238 68 7 7 3
2026/04/19-18:16:00.650985 1630 [DEBUG] DeleteFile: ./db_working_home/000512.sst 
2026/04/19-18:16:00.658844 1630 [Zonestats:time(s),used_cap(MB),reclaimable_cap(MB), avg_reclaimable(%), active(#), active_zones(#), open_zones(#)] 358 2425 5126 67 7 7 3
2026/04/19-18:16:00.658898 1630 [DEBUG] DeleteFile: ./db_working_home/000514.sst 
2026/04/19-18:16:00.659475 1630 [Zonestats:time(s),used_cap(MB),reclaimable_cap(MB), avg_reclaimable(%), active(#), active_zones(#), open_zones(#)] 358 2420 5131 67 7 7 3
2026/04/19-18:16:00.659512 1630 [DEBUG] DeleteFile: ./db_working_home/000515.sst 
2026/04/19-18:16:00.660172 1630 [Zonestats:time(s),used_cap(MB),reclaimable_cap(MB), avg_reclaimable(%), active(#), active_zones(#), open_zones(#)] 358 2404 5019 67 7 7 3
2026/04/19-18:16:00.660205 1630 [DEBUG] DeleteFile: ./db_working_home/000517.log 
2026/04/19-18:16:00.668175 1630 [Zonestats:time(s),used_cap(MB),reclaimable_cap(MB), avg_reclaimable(%), active(#), active_zones(#), open_zones(#)] 358 2389 4906 67 6 6 3
2026/04/19-18:16:00.668389 1630 [DEBUG] New writable file: /db_working_home/000526.sst direct: 1
2026/04/19-18:16:00.671188 1630 Entering Apply Finish Threshold Function
2026/04/19-18:16:00.671200 1630 Finishing zone: Entering Finish()
2026/04/19-18:16:00.692100 1628 Zone Garbage Stats: [67 5 0 0 2 14 4 7 5 8 9 0 ]
2026/04/19-18:16:00.692116 1628 Total Garbage Bytes: 257247684 bytes
2026/04/19-18:16:00.847953 1626 [DEBUG] Allocating zone(new=0) start: 0x180000000 wp: 0x180b0f400 lt: 3 file lt: 2
2026/04/19-18:16:00.847967 1626 [DEBUG] Syncing metadata for: /db_working_home/000525.log
2026/04/19-18:16:00.848606 1629 Entering Apply Finish Threshold Function
2026/04/19-18:16:00.848637 1629 [DEBUG] Allocating zone(new=1) start: 0x140000000 wp: 0x140000000 lt: 4 file lt: 4
2026/04/19-18:16:00.848646 1629 [Zonestats:time(s),used_cap(MB),reclaimable_cap(MB), avg_reclaimable(%), active(#), active_zones(#), open_zones(#)] 358 2517 4906 66 5 6 4
2026/04/19-18:16:00.848653 1629 [DEBUG] Syncing metadata for: /db_working_home/000524.sst
2026/04/19-18:16:00.861878 1629 [DEBUG] Syncing metadata for: /db_working_home/000524.sst
2026/04/19-18:16:00.862896 1629 [DEBUG] Syncing metadata for: /db_working_home/000524.sst
2026/04/19-18:16:00.864165 1629 [DEBUG] GetFileSize: /db_working_home/000524.sst 
2026/04/19-18:16:00.864200 1629 [DEBUG] New writable file: /db_working_home/000527.sst direct: 1
2026/04/19-18:16:00.870559 1629 Entering Apply Finish Threshold Function
2026/04/19-18:16:00.870586 1629 [DEBUG] Allocating zone(new=1) start: 0x1c8000000 wp: 0x1c8000000 lt: 4 file lt: 4
2026/04/19-18:16:00.870594 1629 [Zonestats:time(s),used_cap(MB),reclaimable_cap(MB), avg_reclaimable(%), active(#), active_zones(#), open_zones(#)] 358 2518 5033 66 6 7 4
2026/04/19-18:16:00.870600 1629 [DEBUG] Syncing metadata for: /db_working_home/000527.sst
2026/04/19-18:16:01.229792 1629 [DEBUG] Syncing metadata for: /db_working_home/000527.sst
2026/04/19-18:16:01.230729 1629 [DEBUG] Syncing metadata for: /db_working_home/000527.sst
2026/04/19-18:16:01.231968 1629 [DEBUG] GetFileSize: /db_working_home/000527.sst 
2026/04/19-18:16:01.233346 1629 [DEBUG] New random access file: /db_working_home/000524.sst direct: 1
2026/04/19-18:16:01.234079 1629 [DEBUG] GetFileSize: /db_working_home/000524.sst 
2026/04/19-18:16:01.234261 1629 [DEBUG] New random access file: /db_working_home/000527.sst direct: 1
2026/04/19-18:16:01.234788 1629 [DEBUG] GetFileSize: /db_working_home/000527.sst 
2026/04/19-18:16:01.235872 1629 [DEBUG] Syncing metadata for: /db_working_home/MANIFEST-000228
2026/04/19-18:16:01.237564 1629 [DEBUG] Syncing metadata for: /db_working_home/MANIFEST-000228
2026/04/19-18:16:01.244474 1629 [DEBUG] New writable file: /db_working_home/000528.sst direct: 1
2026/04/19-18:16:01.247977 1629 Entering Apply Finish Threshold Function
2026/04/19-18:16:01.247989 1629 Finishing zone: Entering Finish()
2026/04/19-18:16:01.692309 1628 Zone Garbage Stats: [65 6 0 0 2 14 4 7 5 8 9 0 ]
2026/04/19-18:16:01.692326 1628 Total Garbage Bytes: 257247950 bytes
2026/04/19-18:16:02.226765 1626 [DEBUG] New writable file: /db_working_home/000529.log direct: 0
2026/04/19-18:16:02.692513 1628 Zone Garbage Stats: [65 6 0 0 2 14 4 7 5 8 9 0 ]
2026/04/19-18:16:02.692621 1628 Total Garbage Bytes: 257247950 bytes
2026/04/19-18:16:02.885062 1629 [DEBUG] Allocating zone(new=1) start: 0x1d8000000 wp: 0x1d8000000 lt: 5 file lt: 5
2026/04/19-18:16:02.885076 1629 [Zonestats:time(s),used_cap(MB),reclaimable_cap(MB), avg_reclaimable(%), active(#), active_zones(#), open_zones(#)] 360 2563 5116 66 6 7 4
2026/04/19-18:16:02.885085 1629 [DEBUG] Syncing metadata for: /db_working_home/000528.sst
2026/04/19-18:16:02.920130 1630 [DEBUG] Allocating zone(new=0) start: 0x140000000 wp: 0x14002f800 lt: 4 file lt: 3
2026/04/19-18:16:02.920147 1630 [Zonestats:time(s),used_cap(MB),reclaimable_cap(MB), avg_reclaimable(%), active(#), active_zones(#), open_zones(#)] 360 2563 5116 66 6 6 5
2026/04/19-18:16:02.920156 1630 [DEBUG] Syncing metadata for: /db_working_home/000526.sst
2026/04/19-18:16:03.115102 1630 [DEBUG] Syncing metadata for: /db_working_home/000526.sst
2026/04/19-18:16:03.122320 1630 [DEBUG] Syncing metadata for: /db_working_home/000526.sst
2026/04/19-18:16:03.123154 1630 [DEBUG] New random access file: /db_working_home/000526.sst direct: 1
2026/04/19-18:16:03.125071 1630 [DEBUG] GetFileSize: /db_working_home/000526.sst 
2026/04/19-18:16:03.127585 1630 [DEBUG] Syncing metadata for: /db_working_home/MANIFEST-000228
2026/04/19-18:16:03.135018 1630 [DEBUG] GetFileSize: /db_working_home/000526.sst 
2026/04/19-18:16:03.139784 1630 [DEBUG] Syncing metadata for: /db_working_home/000521.log
2026/04/19-18:16:03.147597 1630 [DEBUG] DeleteFile: ./db_working_home/000500.sst 
2026/04/19-18:16:03.148287 1630 [Zonestats:time(s),used_cap(MB),reclaimable_cap(MB), avg_reclaimable(%), active(#), active_zones(#), open_zones(#)] 361 2493 5058 66 6 6 3
2026/04/19-18:16:03.148330 1630 [DEBUG] DeleteFile: ./db_working_home/000520.sst 
2026/04/19-18:16:03.151119 1630 [Zonestats:time(s),used_cap(MB),reclaimable_cap(MB), avg_reclaimable(%), active(#), active_zones(#), open_zones(#)] 361 2414 5009 67 6 6 3
2026/04/19-18:16:03.151169 1630 [DEBUG] DeleteFile: ./db_working_home/000521.log 
2026/04/19-18:16:03.151842 1630 [Zonestats:time(s),used_cap(MB),reclaimable_cap(MB), avg_reclaimable(%), active(#), active_zones(#), open_zones(#)] 361 2399 4896 67 5 5 3
2026/04/19-18:16:03.152002 1630 [DEBUG] New writable file: /db_working_home/000530.sst direct: 1
2026/04/19-18:16:03.161753 1630 Entering Apply Finish Threshold Function
2026/04/19-18:16:03.161766 1630 Finishing zone: Entering Finish()
2026/04/19-18:16:03.308099 1626 [DEBUG] Allocating zone(new=1) start: 0x60000000 wp: 0x60000000 lt: 2 file lt: 2
2026/04/19-18:16:03.308115 1626 [DEBUG] Syncing metadata for: /db_working_home/000529.log
2026/04/19-18:16:03.692811 1628 Zone Garbage Stats: [66 5 0 0 0 14 4 7 6 9 9 0 ]
2026/04/19-18:16:03.692828 1628 Total Garbage Bytes: 257246926 bytes
2026/04/19-18:16:04.084393 1629 [DEBUG] Syncing metadata for: /db_working_home/000528.sst
2026/04/19-18:16:04.085357 1629 [DEBUG] Syncing metadata for: /db_working_home/000528.sst
2026/04/19-18:16:04.086609 1629 [DEBUG] GetFileSize: /db_working_home/000528.sst 
2026/04/19-18:16:04.086645 1629 [DEBUG] New writable file: /db_working_home/000531.sst direct: 1
2026/04/19-18:16:04.092835 1629 Entering Apply Finish Threshold Function
2026/04/19-18:16:04.092850 1629 Finishing zone: Entering Finish()
2026/04/19-18:16:04.685494 1629 [DEBUG] Allocating zone(new=1) start: 0x1a0000000 wp: 0x1a0000000 lt: 5 file lt: 5
2026/04/19-18:16:04.685528 1629 [Zonestats:time(s),used_cap(MB),reclaimable_cap(MB), avg_reclaimable(%), active(#), active_zones(#), open_zones(#)] 362 2506 5045 66 5 6 4
2026/04/19-18:16:04.685539 1629 [DEBUG] Syncing metadata for: /db_working_home/000531.sst
2026/04/19-18:16:04.693017 1628 Zone Garbage Stats: [65 5 0 1 0 14 4 7 6 9 9 0 ]
2026/04/19-18:16:04.693029 1628 Total Garbage Bytes: 257247099 bytes
2026/04/19-18:16:05.431840 1629 [DEBUG] Syncing metadata for: /db_working_home/000531.sst
2026/04/19-18:16:05.432424 1629 [DEBUG] Syncing metadata for: /db_working_home/000531.sst
2026/04/19-18:16:05.433491 1629 [DEBUG] GetFileSize: /db_working_home/000531.sst 
2026/04/19-18:16:05.433540 1629 [DEBUG] New writable file: /db_working_home/000532.sst direct: 1
2026/04/19-18:16:05.436366 1629 Entering Apply Finish Threshold Function
2026/04/19-18:16:05.436378 1629 Finishing zone: Entering Finish()
2026/04/19-18:16:05.535904 1626 [DEBUG] New writable file: /db_working_home/000533.log direct: 0
2026/04/19-18:16:05.693216 1628 Zone Garbage Stats: [65 5 0 1 0 14 4 7 6 9 9 0 ]
2026/04/19-18:16:05.693229 1628 Total Garbage Bytes: 257247099 bytes
2026/04/19-18:16:06.039611 1630 [DEBUG] Allocating zone(new=1) start: 0x1e8000000 wp: 0x1e8000000 lt: 3 file lt: 3
2026/04/19-18:16:06.039626 1630 [Zonestats:time(s),used_cap(MB),reclaimable_cap(MB), avg_reclaimable(%), active(#), active_zones(#), open_zones(#)] 364 2576 5103 66 5 6 4
2026/04/19-18:16:06.039635 1630 [DEBUG] Syncing metadata for: /db_working_home/000530.sst
2026/04/19-18:16:06.186383 1630 [DEBUG] Syncing metadata for: /db_working_home/000530.sst
2026/04/19-18:16:06.186960 1630 [DEBUG] Syncing metadata for: /db_working_home/000530.sst
2026/04/19-18:16:06.187945 1630 [DEBUG] New random access file: /db_working_home/000530.sst direct: 1
2026/04/19-18:16:06.188125 1630 [DEBUG] GetFileSize: /db_working_home/000530.sst 
2026/04/19-18:16:06.190731 1630 [DEBUG] Syncing metadata for: /db_working_home/MANIFEST-000228
2026/04/19-18:16:06.191384 1630 [DEBUG] GetFileSize: /db_working_home/000530.sst 
2026/04/19-18:16:06.196273 1630 [DEBUG] Syncing metadata for: /db_working_home/000525.log
2026/04/19-18:16:06.196961 1630 [DEBUG] DeleteFile: ./db_working_home/000525.log 
2026/04/19-18:16:06.197758 1630 [Zonestats:time(s),used_cap(MB),reclaimable_cap(MB), avg_reclaimable(%), active(#), active_zones(#), open_zones(#)] 364 2576 5231 67 6 6 2
2026/04/19-18:16:06.197954 1630 [DEBUG] New writable file: /db_working_home/000534.sst direct: 1
2026/04/19-18:16:06.200588 1630 Entering Apply Finish Threshold Function
2026/04/19-18:16:06.200600 1630 Finishing zone: Entering Finish()
2026/04/19-18:16:06.274343 1626 [DEBUG] Allocating zone(new=0) start: 0x1e8000000 wp: 0x1e8f54e00 lt: 3 file lt: 2
2026/04/19-18:16:06.274356 1626 [DEBUG] Syncing metadata for: /db_working_home/000533.log
2026/04/19-18:16:06.536058 1629 [DEBUG] Allocating zone(new=1) start: 0x200000000 wp: 0x200000000 lt: 5 file lt: 5
2026/04/19-18:16:06.536076 1629 [Zonestats:time(s),used_cap(MB),reclaimable_cap(MB), avg_reclaimable(%), active(#), active_zones(#), open_zones(#)] 364 2579 5228 66 5 6 4
2026/04/19-18:16:06.536085 1629 [DEBUG] Syncing metadata for: /db_working_home/000532.sst
2026/04/19-18:16:06.693413 1628 Zone Garbage Stats: [63 5 0 1 0 15 4 7 6 10 9 0 ]
2026/04/19-18:16:06.693430 1628 Total Garbage Bytes: 257248106 bytes
2026/04/19-18:16:06.930253 1629 [DEBUG] Syncing metadata for: /db_working_home/000532.sst
2026/04/19-18:16:06.931222 1629 [DEBUG] Syncing metadata for: /db_working_home/000532.sst
2026/04/19-18:16:06.932487 1629 [DEBUG] GetFileSize: /db_working_home/000532.sst 
2026/04/19-18:16:06.933881 1629 [DEBUG] New random access file: /db_working_home/000528.sst direct: 1
2026/04/19-18:16:06.934628 1629 [DEBUG] GetFileSize: /db_working_home/000528.sst 
2026/04/19-18:16:06.934810 1629 [DEBUG] New random access file: /db_working_home/000531.sst direct: 1
2026/04/19-18:16:06.935378 1629 [DEBUG] GetFileSize: /db_working_home/000531.sst 
2026/04/19-18:16:06.935544 1629 [DEBUG] New random access file: /db_working_home/000532.sst direct: 1
2026/04/19-18:16:06.936119 1629 [DEBUG] GetFileSize: /db_working_home/000532.sst 
2026/04/19-18:16:06.937399 1629 [DEBUG] Syncing metadata for: /db_working_home/MANIFEST-000228
2026/04/19-18:16:06.949776 1629 [DEBUG] New writable file: /db_working_home/000535.sst direct: 1
2026/04/19-18:16:06.953393 1629 Entering Apply Finish Threshold Function
2026/04/19-18:16:06.953406 1629 Finishing zone: Entering Finish()
2026/04/19-18:16:07.693615 1628 Zone Garbage Stats: [63 5 0 1 0 15 4 7 6 10 9 0 ]
2026/04/19-18:16:07.693696 1628 Total Garbage Bytes: 257248106 bytes
2026/04/19-18:16:07.866571 1626 [DEBUG] New writable file: /db_working_home/000536.log direct: 0
2026/04/19-18:16:08.227572 1630 [DEBUG] Allocating zone(new=1) start: 0x208000000 wp: 0x208000000 lt: 3 file lt: 3
2026/04/19-18:16:08.227587 1630 [Zonestats:time(s),used_cap(MB),reclaimable_cap(MB), avg_reclaimable(%), active(#), active_zones(#), open_zones(#)] 366 2625 5310 66 5 6 4
2026/04/19-18:16:08.227596 1630 [DEBUG] Syncing metadata for: /db_working_home/000534.sst
2026/04/19-18:16:08.371153 1630 [DEBUG] Syncing metadata for: /db_working_home/000534.sst
2026/04/19-18:16:08.371731 1630 [DEBUG] Syncing metadata for: /db_working_home/000534.sst
2026/04/19-18:16:08.372717 1630 [DEBUG] New random access file: /db_working_home/000534.sst direct: 1
2026/04/19-18:16:08.372898 1630 [DEBUG] GetFileSize: /db_working_home/000534.sst 
2026/04/19-18:16:08.375535 1630 [DEBUG] Syncing metadata for: /db_working_home/MANIFEST-000228
2026/04/19-18:16:08.376181 1630 [DEBUG] GetFileSize: /db_working_home/000534.sst 
2026/04/19-18:16:08.381067 1630 [DEBUG] Syncing metadata for: /db_working_home/000529.log
2026/04/19-18:16:08.381798 1630 [DEBUG] DeleteFile: ./db_working_home/000491.sst 
2026/04/19-18:16:08.382662 1630 [Zonestats:time(s),used_cap(MB),reclaimable_cap(MB), avg_reclaimable(%), active(#), active_zones(#), open_zones(#)] 366 2566 5369 67 6 6 2
2026/04/19-18:16:08.382707 1630 [DEBUG] DeleteFile: ./db_working_home/000524.sst 
2026/04/19-18:16:08.383543 1630 [Zonestats:time(s),used_cap(MB),reclaimable_cap(MB), avg_reclaimable(%), active(#), active_zones(#), open_zones(#)] 366 2438 5369 68 6 6 2
2026/04/19-18:16:08.383578 1630 [DEBUG] DeleteFile: ./db_working_home/000529.log 
2026/04/19-18:16:08.384434 1630 [Zonestats:time(s),used_cap(MB),reclaimable_cap(MB), avg_reclaimable(%), active(#), active_zones(#), open_zones(#)] 366 2423 5256 68 5 5 2
2026/04/19-18:16:08.384612 1630 [DEBUG] New writable file: /db_working_home/000537.sst direct: 1
2026/04/19-18:16:08.387293 1630 Entering Apply Finish Threshold Function
2026/04/19-18:16:08.387306 1630 Finishing zone: Entering Finish()
2026/04/19-18:16:08.492718 1626 [DEBUG] Allocating zone(new=1) start: 0x60000000 wp: 0x60000000 lt: 2 file lt: 2
2026/04/19-18:16:08.492733 1626 [DEBUG] Syncing metadata for: /db_working_home/000536.log
2026/04/19-18:16:08.686575 1629 [DEBUG] Allocating zone(new=1) start: 0x188000000 wp: 0x188000000 lt: 3 file lt: 3
2026/04/19-18:16:08.686592 1629 [Zonestats:time(s),used_cap(MB),reclaimable_cap(MB), avg_reclaimable(%), active(#), active_zones(#), open_zones(#)] 366 2425 5382 68 5 6 4
2026/04/19-18:16:08.686601 1629 [DEBUG] Syncing metadata for: /db_working_home/000535.sst
2026/04/19-18:16:08.693884 1628 Zone Garbage Stats: [63 4 0 1 0 14 4 7 7 10 10 0 ]
2026/04/19-18:16:08.693896 1628 Total Garbage Bytes: 273795790 bytes
2026/04/19-18:16:09.355461 1629 [DEBUG] Syncing metadata for: /db_working_home/000535.sst
2026/04/19-18:16:09.356422 1629 [DEBUG] Syncing metadata for: /db_working_home/000535.sst
2026/04/19-18:16:09.357668 1629 [DEBUG] GetFileSize: /db_working_home/000535.sst 
2026/04/19-18:16:09.357703 1629 [DEBUG] New writable file: /db_working_home/000538.sst direct: 1
2026/04/19-18:16:09.360941 1629 Entering Apply Finish Threshold Function
2026/04/19-18:16:09.360954 1629 Finishing zone: Entering Finish()
2026/04/19-18:16:09.694105 1628 Zone Garbage Stats: [63 4 0 1 0 14 4 7 7 10 10 0 ]
2026/04/19-18:16:09.694122 1628 Total Garbage Bytes: 273795790 bytes
2026/04/19-18:16:10.401670 1626 [DEBUG] New writable file: /db_working_home/000539.log direct: 0
2026/04/19-18:16:10.691892 1629 [DEBUG] Allocating zone(new=1) start: 0x1f0000000 wp: 0x1f0000000 lt: 3 file lt: 3
2026/04/19-18:16:10.691906 1629 [Zonestats:time(s),used_cap(MB),reclaimable_cap(MB), avg_reclaimable(%), active(#), active_zones(#), open_zones(#)] 368 2490 5445 68 5 6 4
2026/04/19-18:16:10.691915 1629 [DEBUG] Syncing metadata for: /db_working_home/000538.sst
2026/04/19-18:16:10.694303 1628 Zone Garbage Stats: [62 4 0 1 0 14 5 7 7 10 10 0 ]
2026/04/19-18:16:10.694314 1628 Total Garbage Bytes: 273795987 bytes
2026/04/19-18:16:10.763978 1630 [DEBUG] Allocating zone(new=1) start: 0x210000000 wp: 0x210000000 lt: 3 file lt: 3
2026/04/19-18:16:10.763995 1630 [Zonestats:time(s),used_cap(MB),reclaimable_cap(MB), avg_reclaimable(%), active(#), active_zones(#), open_zones(#)] 368 2490 5445 68 5 6 5
2026/04/19-18:16:10.764004 1630 [DEBUG] Syncing metadata for: /db_working_home/000537.sst
2026/04/19-18:16:10.785565 1629 [DEBUG] Syncing metadata for: /db_working_home/000538.sst
2026/04/19-18:16:10.793106 1629 [DEBUG] Syncing metadata for: /db_working_home/000538.sst
2026/04/19-18:16:10.793842 1629 [DEBUG] GetFileSize: /db_working_home/000538.sst 
2026/04/19-18:16:10.795270 1629 [DEBUG] New random access file: /db_working_home/000535.sst direct: 1
2026/04/19-18:16:10.802138 1629 [DEBUG] GetFileSize: /db_working_home/000535.sst 
2026/04/19-18:16:10.802325 1629 [DEBUG] New random access file: /db_working_home/000538.sst direct: 1
2026/04/19-18:16:10.802527 1629 [DEBUG] GetFileSize: /db_working_home/000538.sst 
2026/04/19-18:16:10.803425 1629 [DEBUG] Syncing metadata for: /db_working_home/MANIFEST-000228
2026/04/19-18:16:10.811602 1629 [DEBUG] Syncing metadata for: /db_working_home/MANIFEST-000228
2026/04/19-18:16:10.824560 1629 [DEBUG] New writable file: /db_working_home/000540.sst direct: 1
2026/04/19-18:16:10.834886 1629 Entering Apply Finish Threshold Function
2026/04/19-18:16:10.834916 1629 [DEBUG] Allocating zone(new=1) start: 0x218000000 wp: 0x218000000 lt: 5 file lt: 5
2026/04/19-18:16:10.834924 1629 [Zonestats:time(s),used_cap(MB),reclaimable_cap(MB), avg_reclaimable(%), active(#), active_zones(#), open_zones(#)] 368 2498 5565 69 6 7 5
2026/04/19-18:16:10.834931 1629 [DEBUG] Syncing metadata for: /db_working_home/000540.sst
2026/04/19-18:16:10.954920 1630 [DEBUG] Syncing metadata for: /db_working_home/000537.sst
2026/04/19-18:16:10.962042 1630 [DEBUG] Syncing metadata for: /db_working_home/000537.sst
2026/04/19-18:16:10.962719 1630 [DEBUG] New random access file: /db_working_home/000537.sst direct: 1
2026/04/19-18:16:10.962900 1630 [DEBUG] GetFileSize: /db_working_home/000537.sst 
2026/04/19-18:16:10.971893 1630 [DEBUG] Syncing metadata for: /db_working_home/MANIFEST-000228
2026/04/19-18:16:10.972593 1630 [DEBUG] GetFileSize: /db_working_home/000537.sst 
2026/04/19-18:16:10.977346 1630 [DEBUG] Syncing metadata for: /db_working_home/000533.log
2026/04/19-18:16:10.984742 1630 [DEBUG] DeleteFile: ./db_working_home/000519.sst 
2026/04/19-18:16:10.985451 1630 [Zonestats:time(s),used_cap(MB),reclaimable_cap(MB), avg_reclaimable(%), active(#), active_zones(#), open_zones(#)] 368 2499 5564 69 7 7 3
2026/04/19-18:16:10.985507 1630 [DEBUG] DeleteFile: ./db_working_home/000522.sst 
2026/04/19-18:16:10.986468 1630 [Zonestats:time(s),used_cap(MB),reclaimable_cap(MB), avg_reclaimable(%), active(#), active_zones(#), open_zones(#)] 368 2483 5452 68 7 7 3
2026/04/19-18:16:10.986515 1630 [DEBUG] DeleteFile: ./db_working_home/000526.sst 
2026/04/19-18:16:10.989017 1630 [Zonestats:time(s),used_cap(MB),reclaimable_cap(MB), avg_reclaimable(%), active(#), active_zones(#), open_zones(#)] 368 2468 5339 68 7 7 3
2026/04/19-18:16:10.989070 1630 [DEBUG] DeleteFile: ./db_working_home/000530.sst 
2026/04/19-18:16:10.996914 1630 [Zonestats:time(s),used_cap(MB),reclaimable_cap(MB), avg_reclaimable(%), active(#), active_zones(#), open_zones(#)] 368 2453 5354 68 7 7 3
2026/04/19-18:16:10.996964 1630 [DEBUG] DeleteFile: ./db_working_home/000533.log 
2026/04/19-18:16:10.997996 1630 [Zonestats:time(s),used_cap(MB),reclaimable_cap(MB), avg_reclaimable(%), active(#), active_zones(#), open_zones(#)] 368 2437 5242 68 6 6 3
2026/04/19-18:16:10.998181 1630 [DEBUG] New writable file: /db_working_home/000541.sst direct: 1
2026/04/19-18:16:11.002801 1630 Entering Apply Finish Threshold Function
2026/04/19-18:16:11.002816 1630 Finishing zone: Entering Finish()
2026/04/19-18:16:11.208744 1626 [DEBUG] Allocating zone(new=0) start: 0x1f0000000 wp: 0x1f0787400 lt: 3 file lt: 2
2026/04/19-18:16:11.208757 1626 [DEBUG] Syncing metadata for: /db_working_home/000539.log
2026/04/19-18:16:11.684345 1629 [DEBUG] Syncing metadata for: /db_working_home/000540.sst
2026/04/19-18:16:11.685337 1629 [DEBUG] Syncing metadata for: /db_working_home/000540.sst
2026/04/19-18:16:11.686635 1629 [DEBUG] GetFileSize: /db_working_home/000540.sst 
2026/04/19-18:16:11.686671 1629 [DEBUG] New writable file: /db_working_home/000542.sst direct: 1
2026/04/19-18:16:11.689863 1629 Entering Apply Finish Threshold Function
2026/04/19-18:16:11.689876 1629 Finishing zone: Entering Finish()
2026/04/19-18:16:11.694506 1628 Zone Garbage Stats: [64 4 0 1 0 14 5 7 7 8 10 0 ]
2026/04/19-18:16:11.694519 1628 Total Garbage Bytes: 273600722 bytes
2026/04/19-18:16:12.694715 1628 Zone Garbage Stats: [64 4 0 1 0 14 5 7 7 8 10 0 ]
2026/04/19-18:16:12.694795 1628 Total Garbage Bytes: 273600722 bytes
2026/04/19-18:16:12.780170 1626 [DEBUG] New writable file: /db_working_home/000543.log direct: 0
2026/04/19-18:16:12.794951 1629 [DEBUG] Allocating zone(new=1) start: 0x110000000 wp: 0x110000000 lt: 5 file lt: 5
2026/04/19-18:16:12.794966 1629 [Zonestats:time(s),used_cap(MB),reclaimable_cap(MB), avg_reclaimable(%), active(#), active_zones(#), open_zones(#)] 370 2522 5285 67 5 6 4
2026/04/19-18:16:12.794974 1629 [DEBUG] Syncing metadata for: /db_working_home/000542.sst
2026/04/19-18:16:12.822422 1629 [DEBUG] Syncing metadata for: /db_working_home/000542.sst
2026/04/19-18:16:12.823014 1629 [DEBUG] Syncing metadata for: /db_working_home/000542.sst
2026/04/19-18:16:12.823889 1629 [DEBUG] GetFileSize: /db_working_home/000542.sst 
2026/04/19-18:16:12.825071 1629 [DEBUG] New random access file: /db_working_home/000540.sst direct: 1
2026/04/19-18:16:12.825336 1629 [DEBUG] GetFileSize: /db_working_home/000540.sst 
2026/04/19-18:16:12.825535 1629 [DEBUG] New random access file: /db_working_home/000542.sst direct: 1
2026/04/19-18:16:12.825896 1629 [DEBUG] GetFileSize: /db_working_home/000542.sst 
2026/04/19-18:16:12.826781 1629 [DEBUG] Syncing metadata for: /db_working_home/MANIFEST-000228
2026/04/19-18:16:12.828440 1629 [DEBUG] New writable file: /db_working_home/000544.sst direct: 1
2026/04/19-18:16:12.829547 1629 Entering Apply Finish Threshold Function
2026/04/19-18:16:12.829571 1629 [DEBUG] Allocating zone(new=1) start: 0x140000000 wp: 0x140000000 lt: 5 file lt: 5
2026/04/19-18:16:12.829578 1629 [Zonestats:time(s),used_cap(MB),reclaimable_cap(MB), avg_reclaimable(%), active(#), active_zones(#), open_zones(#)] 370 2524 5411 68 6 7 4
2026/04/19-18:16:12.829584 1629 [DEBUG] Syncing metadata for: /db_working_home/000544.sst
2026/04/19-18:16:12.833766 1629 [DEBUG] Syncing metadata for: /db_working_home/000544.sst
2026/04/19-18:16:12.834528 1629 [DEBUG] Syncing metadata for: /db_working_home/000544.sst
2026/04/19-18:16:12.835583 1629 [DEBUG] GetFileSize: /db_working_home/000544.sst 
2026/04/19-18:16:12.836695 1629 [DEBUG] New random access file: /db_working_home/000544.sst direct: 1
2026/04/19-18:16:12.836964 1629 [DEBUG] GetFileSize: /db_working_home/000544.sst 
2026/04/19-18:16:12.837821 1629 [DEBUG] Syncing metadata for: /db_working_home/MANIFEST-000228
2026/04/19-18:16:12.844471 1629 [DEBUG] New writable file: /db_working_home/000545.sst direct: 1
2026/04/19-18:16:12.848049 1629 Entering Apply Finish Threshold Function
2026/04/19-18:16:12.848077 1629 [DEBUG] Allocating zone(new=1) start: 0x1e8000000 wp: 0x1e8000000 lt: 5 file lt: 5
2026/04/19-18:16:12.848084 1629 [Zonestats:time(s),used_cap(MB),reclaimable_cap(MB), avg_reclaimable(%), active(#), active_zones(#), open_zones(#)] 370 2524 5539 68 7 8 4
2026/04/19-18:16:12.848090 1629 [DEBUG] Syncing metadata for: /db_working_home/000545.sst
2026/04/19-18:16:13.629102 1629 [DEBUG] Syncing metadata for: /db_working_home/000545.sst
2026/04/19-18:16:13.629911 1629 [DEBUG] Syncing metadata for: /db_working_home/000545.sst
2026/04/19-18:16:13.631000 1629 [DEBUG] GetFileSize: /db_working_home/000545.sst 
2026/04/19-18:16:13.631037 1629 [DEBUG] New writable file: /db_working_home/000546.sst direct: 1
2026/04/19-18:16:13.634542 1629 Entering Apply Finish Threshold Function
2026/04/19-18:16:13.634556 1629 Finishing zone: Entering Finish()
2026/04/19-18:16:13.694990 1628 Zone Garbage Stats: [61 6 0 1 0 15 5 7 7 8 10 0 ]
2026/04/19-18:16:13.695003 1628 Total Garbage Bytes: 273601048 bytes
2026/04/19-18:16:13.771595 1630 [DEBUG] Allocating zone(new=0) start: 0x140000000 wp: 0x140003400 lt: 5 file lt: 3
2026/04/19-18:16:13.771611 1630 [Zonestats:time(s),used_cap(MB),reclaimable_cap(MB), avg_reclaimable(%), active(#), active_zones(#), open_zones(#)] 371 2595 5596 68 7 7 4
2026/04/19-18:16:13.771620 1630 [DEBUG] Syncing metadata for: /db_working_home/000541.sst
2026/04/19-18:16:13.914693 1630 [DEBUG] Syncing metadata for: /db_working_home/000541.sst
2026/04/19-18:16:13.915271 1630 [DEBUG] Syncing metadata for: /db_working_home/000541.sst
2026/04/19-18:16:13.916256 1630 [DEBUG] New random access file: /db_working_home/000541.sst direct: 1
2026/04/19-18:16:13.916438 1630 [DEBUG] GetFileSize: /db_working_home/000541.sst 
2026/04/19-18:16:13.919043 1630 [DEBUG] Syncing metadata for: /db_working_home/MANIFEST-000228
2026/04/19-18:16:13.919684 1630 [DEBUG] GetFileSize: /db_working_home/000541.sst 
2026/04/19-18:16:13.924624 1630 [DEBUG] Syncing metadata for: /db_working_home/000536.log
2026/04/19-18:16:13.925565 1630 [DEBUG] DeleteFile: ./db_working_home/000262.sst 
2026/04/19-18:16:13.926399 1630 [Zonestats:time(s),used_cap(MB),reclaimable_cap(MB), avg_reclaimable(%), active(#), active_zones(#), open_zones(#)] 371 2611 5452 67 7 7 2
2026/04/19-18:16:13.926443 1630 [DEBUG] DeleteFile: ./db_working_home/000432.sst 
2026/04/19-18:16:13.927260 1630 [Zonestats:time(s),used_cap(MB),reclaimable_cap(MB), avg_reclaimable(%), active(#), active_zones(#), open_zones(#)] 371 2611 5324 67 7 7 2
2026/04/19-18:16:13.927295 1630 [DEBUG] DeleteFile: ./db_working_home/000478.sst 
2026/04/19-18:16:13.928153 1630 [Zonestats:time(s),used_cap(MB),reclaimable_cap(MB), avg_reclaimable(%), active(#), active_zones(#), open_zones(#)] 371 2570 5237 67 7 7 2
2026/04/19-18:16:13.928187 1630 [DEBUG] DeleteFile: ./db_working_home/000532.sst 
2026/04/19-18:16:13.929051 1630 [Zonestats:time(s),used_cap(MB),reclaimable_cap(MB), avg_reclaimable(%), active(#), active_zones(#), open_zones(#)] 371 2536 5143 66 7 7 2
2026/04/19-18:16:13.929082 1630 [DEBUG] DeleteFile: ./db_working_home/000536.log 
2026/04/19-18:16:13.929975 1630 [Zonestats:time(s),used_cap(MB),reclaimable_cap(MB), avg_reclaimable(%), active(#), active_zones(#), open_zones(#)] 371 2520 5031 66 6 6 2
2026/04/19-18:16:13.930134 1630 [DEBUG] New writable file: /db_working_home/000547.sst direct: 1
2026/04/19-18:16:13.933068 1630 Entering Apply Finish Threshold Function
2026/04/19-18:16:13.933079 1630 Finishing zone: Entering Finish()
2026/04/19-18:16:14.007784 1626 [DEBUG] Allocating zone(new=0) start: 0x110000000 wp: 0x11027b000 lt: 5 file lt: 2
2026/04/19-18:16:14.007797 1626 [DEBUG] Syncing metadata for: /db_working_home/000543.log
2026/04/19-18:16:14.695193 1628 Zone Garbage Stats: [66 4 0 1 0 15 5 6 6 9 8 0 ]
2026/04/19-18:16:14.695210 1628 Total Garbage Bytes: 162330215 bytes
2026/04/19-18:16:14.738569 1629 [DEBUG] Allocating zone(new=1) start: 0x60000000 wp: 0x60000000 lt: 5 file lt: 5
2026/04/19-18:16:14.738585 1629 [Zonestats:time(s),used_cap(MB),reclaimable_cap(MB), avg_reclaimable(%), active(#), active_zones(#), open_zones(#)] 372 2528 5023 66 5 6 4
2026/04/19-18:16:14.738594 1629 [DEBUG] Syncing metadata for: /db_working_home/000546.sst
2026/04/19-18:16:15.399401 1629 [DEBUG] Syncing metadata for: /db_working_home/000546.sst
2026/04/19-18:16:15.399995 1629 [DEBUG] Syncing metadata for: /db_working_home/000546.sst
2026/04/19-18:16:15.401057 1629 [DEBUG] GetFileSize: /db_working_home/000546.sst 
2026/04/19-18:16:15.401092 1629 [DEBUG] New writable file: /db_working_home/000548.sst direct: 1
2026/04/19-18:16:15.407437 1629 Entering Apply Finish Threshold Function
2026/04/19-18:16:15.407450 1629 Finishing zone: Entering Finish()
2026/04/19-18:16:15.695407 1628 Zone Garbage Stats: [65 4 0 1 0 16 5 6 6 9 8 0 ]
2026/04/19-18:16:15.695424 1628 Total Garbage Bytes: 162330591 bytes
2026/04/19-18:16:15.809334 1626 [DEBUG] New writable file: /db_working_home/000549.log direct: 0
2026/04/19-18:16:16.268736 1630 [DEBUG] Allocating zone(new=1) start: 0x128000000 wp: 0x128000000 lt: 3 file lt: 3
2026/04/19-18:16:16.268751 1630 [Zonestats:time(s),used_cap(MB),reclaimable_cap(MB), avg_reclaimable(%), active(#), active_zones(#), open_zones(#)] 374 2591 5088 66 5 6 4
2026/04/19-18:16:16.268759 1630 [DEBUG] Syncing metadata for: /db_working_home/000547.sst
2026/04/19-18:16:16.412813 1630 [DEBUG] Syncing metadata for: /db_working_home/000547.sst
2026/04/19-18:16:16.413623 1630 [DEBUG] Syncing metadata for: /db_working_home/000547.sst
2026/04/19-18:16:16.414608 1630 [DEBUG] New random access file: /db_working_home/000547.sst direct: 1
2026/04/19-18:16:16.415063 1630 [DEBUG] GetFileSize: /db_working_home/000547.sst 
2026/04/19-18:16:16.417493 1630 [DEBUG] Syncing metadata for: /db_working_home/MANIFEST-000228
2026/04/19-18:16:16.418503 1630 [DEBUG] GetFileSize: /db_working_home/000547.sst 
2026/04/19-18:16:16.423267 1630 [DEBUG] Syncing metadata for: /db_working_home/000539.log
2026/04/19-18:16:16.423957 1630 [DEBUG] DeleteFile: ./db_working_home/000539.log 
2026/04/19-18:16:16.424755 1630 [Zonestats:time(s),used_cap(MB),reclaimable_cap(MB), avg_reclaimable(%), active(#), active_zones(#), open_zones(#)] 374 2591 5216 66 6 6 2
2026/04/19-18:16:16.424933 1630 [DEBUG] New writable file: /db_working_home/000550.sst direct: 1
2026/04/19-18:16:16.427799 1630 Entering Apply Finish Threshold Function
2026/04/19-18:16:16.427810 1630 Finishing zone: Entering Finish()
2026/04/19-18:16:16.531740 1626 [DEBUG] Allocating zone(new=0) start: 0x1f0000000 wp: 0x1f1720200 lt: 3 file lt: 2
2026/04/19-18:16:16.531754 1626 [DEBUG] Syncing metadata for: /db_working_home/000549.log
2026/04/19-18:16:16.686883 1629 [DEBUG] Allocating zone(new=1) start: 0x130000000 wp: 0x130000000 lt: 5 file lt: 5
2026/04/19-18:16:16.686900 1629 [Zonestats:time(s),used_cap(MB),reclaimable_cap(MB), avg_reclaimable(%), active(#), active_zones(#), open_zones(#)] 374 2593 5214 66 5 6 4
2026/04/19-18:16:16.686909 1629 [DEBUG] Syncing metadata for: /db_working_home/000548.sst
2026/04/19-18:16:16.695608 1628 Zone Garbage Stats: [63 4 0 1 0 16 6 6 6 10 8 0 ]
2026/04/19-18:16:16.695621 1628 Total Garbage Bytes: 162331218 bytes
2026/04/19-18:16:17.348752 1629 [DEBUG] Syncing metadata for: /db_working_home/000548.sst
2026/04/19-18:16:17.349737 1629 [DEBUG] Syncing metadata for: /db_working_home/000548.sst
2026/04/19-18:16:17.351012 1629 [DEBUG] GetFileSize: /db_working_home/000548.sst 
2026/04/19-18:16:17.351050 1629 [DEBUG] New writable file: /db_working_home/000551.sst direct: 1
2026/04/19-18:16:17.357541 1629 Entering Apply Finish Threshold Function
2026/04/19-18:16:17.357553 1629 Finishing zone: Entering Finish()
2026/04/19-18:16:17.695817 1628 Zone Garbage Stats: [63 4 0 1 0 16 6 6 6 10 8 0 ]
2026/04/19-18:16:17.695906 1628 Total Garbage Bytes: 162331218 bytes
2026/04/19-18:16:18.527302 1626 [DEBUG] New writable file: /db_working_home/000552.log direct: 0
2026/04/19-18:16:18.666797 1629 [DEBUG] Allocating zone(new=1) start: 0x170000000 wp: 0x170000000 lt: 5 file lt: 5
2026/04/19-18:16:18.666812 1629 [Zonestats:time(s),used_cap(MB),reclaimable_cap(MB), avg_reclaimable(%), active(#), active_zones(#), open_zones(#)] 376 2663 5272 66 5 6 4
2026/04/19-18:16:18.666821 1629 [DEBUG] Syncing metadata for: /db_working_home/000551.sst
2026/04/19-18:16:18.696089 1628 Zone Garbage Stats: [62 4 0 1 0 16 7 6 6 10 8 0 ]
2026/04/19-18:16:18.696102 1628 Total Garbage Bytes: 162331237 bytes
2026/04/19-18:16:18.962349 1630 [DEBUG] Allocating zone(new=1) start: 0x1f8000000 wp: 0x1f8000000 lt: 3 file lt: 3
2026/04/19-18:16:18.962368 1630 [Zonestats:time(s),used_cap(MB),reclaimable_cap(MB), avg_reclaimable(%), active(#), active_zones(#), open_zones(#)] 376 2663 5272 66 5 6 5
2026/04/19-18:16:18.962378 1630 [DEBUG] Syncing metadata for: /db_working_home/000550.sst
2026/04/19-18:16:19.160421 1630 [DEBUG] Syncing metadata for: /db_working_home/000550.sst
2026/04/19-18:16:19.168072 1630 [DEBUG] Syncing metadata for: /db_working_home/000550.sst
2026/04/19-18:16:19.168749 1630 [DEBUG] New random access file: /db_working_home/000550.sst direct: 1
2026/04/19-18:16:19.169711 1630 [DEBUG] GetFileSize: /db_working_home/000550.sst 
2026/04/19-18:16:19.179343 1630 [DEBUG] Syncing metadata for: /db_working_home/MANIFEST-000228
2026/04/19-18:16:19.180047 1630 [DEBUG] GetFileSize: /db_working_home/000550.sst 
2026/04/19-18:16:19.186981 1630 [DEBUG] Syncing metadata for: /db_working_home/000543.log
2026/04/19-18:16:19.187671 1630 [DEBUG] DeleteFile: ./db_working_home/000543.log 
2026/04/19-18:16:19.195025 1630 [Zonestats:time(s),used_cap(MB),reclaimable_cap(MB), avg_reclaimable(%), active(#), active_zones(#), open_zones(#)] 377 2663 5400 66 6 6 3
2026/04/19-18:16:19.195242 1630 [DEBUG] New writable file: /db_working_home/000553.sst direct: 1
2026/04/19-18:16:19.198277 1630 Entering Apply Finish Threshold Function
2026/04/19-18:16:19.198288 1630 Finishing zone: Entering Finish()
2026/04/19-18:16:19.249772 1629 [DEBUG] Syncing metadata for: /db_working_home/000551.sst
2026/04/19-18:16:19.250352 1629 [DEBUG] Syncing metadata for: /db_working_home/000551.sst
2026/04/19-18:16:19.251417 1629 [DEBUG] GetFileSize: /db_working_home/000551.sst 
2026/04/19-18:16:19.251472 1629 [DEBUG] New writable file: /db_working_home/000554.sst direct: 1
2026/04/19-18:16:19.256483 1629 Entering Apply Finish Threshold Function
2026/04/19-18:16:19.256495 1629 Finishing zone: Entering Finish()
2026/04/19-18:16:19.326283 1626 [DEBUG] Allocating zone(new=0) start: 0x1f8000000 wp: 0x1f8f55000 lt: 3 file lt: 2
2026/04/19-18:16:19.326297 1626 [DEBUG] Syncing metadata for: /db_working_home/000552.log
2026/04/19-18:16:19.696290 1628 Zone Garbage Stats: [61 4 0 1 0 16 7 6 6 11 8 0 ]
2026/04/19-18:16:19.696306 1628 Total Garbage Bytes: 162331417 bytes
2026/04/19-18:16:20.696541 1628 Zone Garbage Stats: [61 4 0 1 0 16 7 6 6 11 8 0 ]
2026/04/19-18:16:20.696558 1628 Total Garbage Bytes: 162331417 bytes
2026/04/19-18:16:20.841010 1629 [DEBUG] Allocating zone(new=1) start: 0x200000000 wp: 0x200000000 lt: 5 file lt: 5
2026/04/19-18:16:20.841027 1629 [Zonestats:time(s),used_cap(MB),reclaimable_cap(MB), avg_reclaimable(%), active(#), active_zones(#), open_zones(#)] 378 2721 5470 66 5 6 4
2026/04/19-18:16:20.841036 1629 [DEBUG] Syncing metadata for: /db_working_home/000554.sst
2026/04/19-18:16:20.867085 1629 [DEBUG] Syncing metadata for: /db_working_home/000554.sst
2026/04/19-18:16:20.867643 1629 [DEBUG] Syncing metadata for: /db_working_home/000554.sst
2026/04/19-18:16:20.868771 1629 [DEBUG] GetFileSize: /db_working_home/000554.sst 
2026/04/19-18:16:20.870183 1629 [DEBUG] New random access file: /db_working_home/000545.sst direct: 1
2026/04/19-18:16:20.870788 1629 [DEBUG] GetFileSize: /db_working_home/000545.sst 
2026/04/19-18:16:20.870989 1629 [DEBUG] New random access file: /db_working_home/000546.sst direct: 1
2026/04/19-18:16:20.871561 1629 [DEBUG] GetFileSize: /db_working_home/000546.sst 
2026/04/19-18:16:20.871704 1629 [DEBUG] New random access file: /db_working_home/000548.sst direct: 1
2026/04/19-18:16:20.872302 1629 [DEBUG] GetFileSize: /db_working_home/000548.sst 
2026/04/19-18:16:20.872436 1629 [DEBUG] New random access file: /db_working_home/000551.sst direct: 1
2026/04/19-18:16:20.873023 1629 [DEBUG] GetFileSize: /db_working_home/000551.sst 
2026/04/19-18:16:20.873165 1629 [DEBUG] New random access file: /db_working_home/000554.sst direct: 1
2026/04/19-18:16:20.873570 1629 [DEBUG] GetFileSize: /db_working_home/000554.sst 
2026/04/19-18:16:20.874733 1629 [DEBUG] Syncing metadata for: /db_working_home/MANIFEST-000228
2026/04/19-18:16:20.898768 1629 [DEBUG] New writable file: /db_working_home/000555.sst direct: 1
2026/04/19-18:16:20.906523 1629 Entering Apply Finish Threshold Function
2026/04/19-18:16:20.906549 1629 [DEBUG] Allocating zone(new=0) start: 0x200000000 wp: 0x200209600 lt: 5 file lt: 3
2026/04/19-18:16:20.906557 1629 [Zonestats:time(s),used_cap(MB),reclaimable_cap(MB), avg_reclaimable(%), active(#), active_zones(#), open_zones(#)] 378 2724 5595 67 6 6 4
2026/04/19-18:16:20.906564 1629 [DEBUG] Syncing metadata for: /db_working_home/000555.sst
2026/04/19-18:16:21.002559 1626 [DEBUG] New writable file: /db_working_home/000556.log direct: 0
2026/04/19-18:16:21.580733 1630 [DEBUG] Allocating zone(new=1) start: 0x220000000 wp: 0x220000000 lt: 3 file lt: 3
2026/04/19-18:16:21.580750 1630 [Zonestats:time(s),used_cap(MB),reclaimable_cap(MB), avg_reclaimable(%), active(#), active_zones(#), open_zones(#)] 379 2724 5595 67 5 6 5
2026/04/19-18:16:21.580759 1630 [DEBUG] Syncing metadata for: /db_working_home/000553.sst
2026/04/19-18:16:21.696751 1628 Zone Garbage Stats: [59 4 0 1 0 16 7 7 6 11 9 0 ]
2026/04/19-18:16:21.696769 1628 Total Garbage Bytes: 178687219 bytes
2026/04/19-18:16:21.787640 1630 [DEBUG] Syncing metadata for: /db_working_home/000553.sst
2026/04/19-18:16:21.789869 1630 [DEBUG] Syncing metadata for: /db_working_home/000553.sst
2026/04/19-18:16:21.790542 1630 [DEBUG] New random access file: /db_working_home/000553.sst direct: 1
2026/04/19-18:16:21.797581 1630 [DEBUG] GetFileSize: /db_working_home/000553.sst 
2026/04/19-18:16:21.800818 1630 [DEBUG] Syncing metadata for: /db_working_home/MANIFEST-000228
2026/04/19-18:16:21.801515 1630 [DEBUG] GetFileSize: /db_working_home/000553.sst 
2026/04/19-18:16:21.813513 1630 [DEBUG] Syncing metadata for: /db_working_home/000549.log
2026/04/19-18:16:21.816595 1630 [DEBUG] DeleteFile: ./db_working_home/000296.sst 
2026/04/19-18:16:21.818990 1630 [Zonestats:time(s),used_cap(MB),reclaimable_cap(MB), avg_reclaimable(%), active(#), active_zones(#), open_zones(#)] 379 2688 5631 67 6 6 3
2026/04/19-18:16:21.819045 1630 [DEBUG] DeleteFile: ./db_working_home/000507.sst 
2026/04/19-18:16:21.819796 1630 [Zonestats:time(s),used_cap(MB),reclaimable_cap(MB), avg_reclaimable(%), active(#), active_zones(#), open_zones(#)] 379 2560 5503 68 6 6 3
2026/04/19-18:16:21.819832 1630 [DEBUG] DeleteFile: ./db_working_home/000518.sst 
2026/04/19-18:16:21.820479 1630 [Zonestats:time(s),used_cap(MB),reclaimable_cap(MB), avg_reclaimable(%), active(#), active_zones(#), open_zones(#)] 379 2489 5446 68 6 6 3
2026/04/19-18:16:21.820511 1630 [DEBUG] DeleteFile: ./db_working_home/000549.log 
2026/04/19-18:16:21.828126 1630 [Zonestats:time(s),used_cap(MB),reclaimable_cap(MB), avg_reclaimable(%), active(#), active_zones(#), open_zones(#)] 379 2474 5461 68 6 6 3
2026/04/19-18:16:21.828308 1630 [DEBUG] New writable file: /db_working_home/000557.sst direct: 1
2026/04/19-18:16:21.831184 1630 Entering Apply Finish Threshold Function
2026/04/19-18:16:21.831196 1630 Finishing zone: Entering Finish()
2026/04/19-18:16:22.098292 1626 [DEBUG] Allocating zone(new=0) start: 0x220000000 wp: 0x220f54e00 lt: 3 file lt: 2
2026/04/19-18:16:22.098307 1626 [DEBUG] Syncing metadata for: /db_working_home/000556.log
2026/04/19-18:16:22.299685 1629 [DEBUG] Syncing metadata for: /db_working_home/000555.sst
2026/04/19-18:16:22.300673 1629 [DEBUG] Syncing metadata for: /db_working_home/000555.sst
2026/04/19-18:16:22.301958 1629 [DEBUG] GetFileSize: /db_working_home/000555.sst 
2026/04/19-18:16:22.302013 1629 [DEBUG] New writable file: /db_working_home/000558.sst direct: 1
2026/04/19-18:16:22.305621 1629 Entering Apply Finish Threshold Function
2026/04/19-18:16:22.305635 1629 Finishing zone: Entering Finish()
2026/04/19-18:16:22.499730 1629 [DEBUG] Allocating zone(new=1) start: 0xd0000000 wp: 0xd0000000 lt: 3 file lt: 3
2026/04/19-18:16:22.499748 1629 [Zonestats:time(s),used_cap(MB),reclaimable_cap(MB), avg_reclaimable(%), active(#), active_zones(#), open_zones(#)] 380 2593 5342 67 5 6 4
2026/04/19-18:16:22.499757 1629 [DEBUG] Syncing metadata for: /db_working_home/000558.sst
2026/04/19-18:16:22.696968 1628 Zone Garbage Stats: [62 4 0 1 0 15 6 7 6 11 8 0 ]
2026/04/19-18:16:22.697051 1628 Total Garbage Bytes: 162606180 bytes
2026/04/19-18:16:22.712400 1629 [DEBUG] Syncing metadata for: /db_working_home/000558.sst
2026/04/19-18:16:22.713350 1629 [DEBUG] Syncing metadata for: /db_working_home/000558.sst
2026/04/19-18:16:22.714621 1629 [DEBUG] GetFileSize: /db_working_home/000558.sst 
2026/04/19-18:16:22.716030 1629 [DEBUG] New random access file: /db_working_home/000555.sst direct: 1
2026/04/19-18:16:22.716706 1629 [DEBUG] GetFileSize: /db_working_home/000555.sst 
2026/04/19-18:16:22.716920 1629 [DEBUG] New random access file: /db_working_home/000558.sst direct: 1
2026/04/19-18:16:22.717416 1629 [DEBUG] GetFileSize: /db_working_home/000558.sst 
2026/04/19-18:16:22.718534 1629 [DEBUG] Syncing metadata for: /db_working_home/MANIFEST-000228
2026/04/19-18:16:22.720311 1629 [DEBUG] Syncing metadata for: /db_working_home/MANIFEST-000228
2026/04/19-18:16:22.727234 1629 [DEBUG] New writable file: /db_working_home/000559.sst direct: 1
2026/04/19-18:16:22.730495 1629 Entering Apply Finish Threshold Function
2026/04/19-18:16:22.730505 1629 Finishing zone: Entering Finish()
2026/04/19-18:16:23.582032 1626 [DEBUG] New writable file: /db_working_home/000560.log direct: 0
2026/04/19-18:16:23.697224 1628 Zone Garbage Stats: [62 4 0 1 0 15 6 7 6 11 8 0 ]
2026/04/19-18:16:23.697236 1628 Total Garbage Bytes: 162606180 bytes
2026/04/19-18:16:23.787954 1630 [DEBUG] Allocating zone(new=1) start: 0x120000000 wp: 0x120000000 lt: 3 file lt: 3
2026/04/19-18:16:23.787969 1630 [Zonestats:time(s),used_cap(MB),reclaimable_cap(MB), avg_reclaimable(%), active(#), active_zones(#), open_zones(#)] 381 2621 5442 67 5 6 4
2026/04/19-18:16:23.787978 1630 [DEBUG] Syncing metadata for: /db_working_home/000557.sst
2026/04/19-18:16:23.931722 1630 [DEBUG] Syncing metadata for: /db_working_home/000557.sst
2026/04/19-18:16:23.932300 1630 [DEBUG] Syncing metadata for: /db_working_home/000557.sst
2026/04/19-18:16:23.933299 1630 [DEBUG] New random access file: /db_working_home/000557.sst direct: 1
2026/04/19-18:16:23.933507 1630 [DEBUG] GetFileSize: /db_working_home/000557.sst 
2026/04/19-18:16:23.936604 1630 [DEBUG] Syncing metadata for: /db_working_home/MANIFEST-000228
2026/04/19-18:16:23.937285 1630 [DEBUG] GetFileSize: /db_working_home/000557.sst 
2026/04/19-18:16:23.942204 1630 [DEBUG] Syncing metadata for: /db_working_home/000552.log
2026/04/19-18:16:23.943217 1630 [DEBUG] DeleteFile: ./db_working_home/000534.sst 
2026/04/19-18:16:23.944023 1630 [Zonestats:time(s),used_cap(MB),reclaimable_cap(MB), avg_reclaimable(%), active(#), active_zones(#), open_zones(#)] 381 2622 5441 67 6 6 2
2026/04/19-18:16:23.944073 1630 [DEBUG] DeleteFile: ./db_working_home/000535.sst 
2026/04/19-18:16:23.944720 1630 [Zonestats:time(s),used_cap(MB),reclaimable_cap(MB), avg_reclaimable(%), active(#), active_zones(#), open_zones(#)] 381 2569 5366 67 6 6 2
2026/04/19-18:16:23.944756 1630 [DEBUG] DeleteFile: ./db_working_home/000537.sst 
2026/04/19-18:16:23.945618 1630 [Zonestats:time(s),used_cap(MB),reclaimable_cap(MB), avg_reclaimable(%), active(#), active_zones(#), open_zones(#)] 381 2553 5254 67 6 6 2
2026/04/19-18:16:23.945650 1630 [DEBUG] DeleteFile: ./db_working_home/000538.sst 
2026/04/19-18:16:23.946533 1630 [Zonestats:time(s),used_cap(MB),reclaimable_cap(MB), avg_reclaimable(%), active(#), active_zones(#), open_zones(#)] 381 2546 5133 66 6 6 2
2026/04/19-18:16:23.946566 1630 [DEBUG] DeleteFile: ./db_working_home/000541.sst 
2026/04/19-18:16:23.947332 1630 [Zonestats:time(s),used_cap(MB),reclaimable_cap(MB), avg_reclaimable(%), active(#), active_zones(#), open_zones(#)] 381 2531 5148 67 6 6 2
2026/04/19-18:16:23.947365 1630 [DEBUG] DeleteFile: ./db_working_home/000547.sst 
2026/04/19-18:16:23.948325 1630 [Zonestats:time(s),used_cap(MB),reclaimable_cap(MB), avg_reclaimable(%), active(#), active_zones(#), open_zones(#)] 381 2515 5036 66 6 6 2
2026/04/19-18:16:23.948358 1630 [DEBUG] DeleteFile: ./db_working_home/000550.sst 
2026/04/19-18:16:23.949131 1630 [Zonestats:time(s),used_cap(MB),reclaimable_cap(MB), avg_reclaimable(%), active(#), active_zones(#), open_zones(#)] 381 2500 5051 66 6 6 2
2026/04/19-18:16:23.949162 1630 [DEBUG] DeleteFile: ./db_working_home/000552.log 
2026/04/19-18:16:23.950133 1630 [Zonestats:time(s),used_cap(MB),reclaimable_cap(MB), avg_reclaimable(%), active(#), active_zones(#), open_zones(#)] 381 2484 4939 66 5 5 2
2026/04/19-18:16:23.950329 1630 [DEBUG] New writable file: /db_working_home/000561.sst direct: 1
2026/04/19-18:16:23.953052 1630 Entering Apply Finish Threshold Function
2026/04/19-18:16:23.953063 1630 Finishing zone: Entering Finish()
2026/04/19-18:16:24.025666 1626 [DEBUG] Allocating zone(new=1) start: 0x128000000 wp: 0x128000000 lt: 2 file lt: 2
2026/04/19-18:16:24.025681 1626 [DEBUG] Syncing metadata for: /db_working_home/000560.log
2026/04/19-18:16:24.697397 1628 Zone Garbage Stats: [66 4 0 1 0 15 5 7 6 7 9 0 ]
2026/04/19-18:16:24.697414 1628 Total Garbage Bytes: 178675300 bytes
2026/04/19-18:16:24.862636 1629 [DEBUG] Allocating zone(new=1) start: 0x188000000 wp: 0x188000000 lt: 5 file lt: 5
2026/04/19-18:16:24.862668 1629 [Zonestats:time(s),used_cap(MB),reclaimable_cap(MB), avg_reclaimable(%), active(#), active_zones(#), open_zones(#)] 382 2495 5056 66 5 6 4
2026/04/19-18:16:24.862679 1629 [DEBUG] Syncing metadata for: /db_working_home/000559.sst
2026/04/19-18:16:25.697644 1628 Zone Garbage Stats: [65 4 0 1 0 15 5 7 6 8 9 0 ]
2026/04/19-18:16:25.697660 1628 Total Garbage Bytes: 178675757 bytes
2026/04/19-18:16:25.732836 1629 [DEBUG] Syncing metadata for: /db_working_home/000559.sst
2026/04/19-18:16:25.733414 1629 [DEBUG] Syncing metadata for: /db_working_home/000559.sst
2026/04/19-18:16:25.734494 1629 [DEBUG] GetFileSize: /db_working_home/000559.sst 
2026/04/19-18:16:25.734540 1629 [DEBUG] New writable file: /db_working_home/000562.sst direct: 1
2026/04/19-18:16:25.744078 1629 Entering Apply Finish Threshold Function
2026/04/19-18:16:25.744093 1629 Finishing zone: Entering Finish()
2026/04/19-18:16:25.745865 1626 [DEBUG] New writable file: /db_working_home/000563.log direct: 0
2026/04/19-18:16:26.361850 1630 [DEBUG] Allocating zone(new=1) start: 0x1a8000000 wp: 0x1a8000000 lt: 3 file lt: 3
2026/04/19-18:16:26.361866 1630 [Zonestats:time(s),used_cap(MB),reclaimable_cap(MB), avg_reclaimable(%), active(#), active_zones(#), open_zones(#)] 384 2575 5104 66 5 6 4
2026/04/19-18:16:26.361875 1630 [DEBUG] Syncing metadata for: /db_working_home/000561.sst
2026/04/19-18:16:26.506093 1630 [DEBUG] Syncing metadata for: /db_working_home/000561.sst
2026/04/19-18:16:26.506670 1630 [DEBUG] Syncing metadata for: /db_working_home/000561.sst
2026/04/19-18:16:26.507498 1630 [DEBUG] New random access file: /db_working_home/000561.sst direct: 1
2026/04/19-18:16:26.507713 1630 [DEBUG] GetFileSize: /db_working_home/000561.sst 
2026/04/19-18:16:26.510283 1630 [DEBUG] Syncing metadata for: /db_working_home/MANIFEST-000228
2026/04/19-18:16:26.510947 1630 [DEBUG] GetFileSize: /db_working_home/000561.sst 
2026/04/19-18:16:26.515870 1630 [DEBUG] Syncing metadata for: /db_working_home/000556.log
2026/04/19-18:16:26.516804 1630 [DEBUG] DeleteFile: ./db_working_home/000556.log 
2026/04/19-18:16:26.517590 1630 [Zonestats:time(s),used_cap(MB),reclaimable_cap(MB), avg_reclaimable(%), active(#), active_zones(#), open_zones(#)] 384 2575 5232 67 6 6 2
2026/04/19-18:16:26.517746 1630 [DEBUG] New writable file: /db_working_home/000564.sst direct: 1
2026/04/19-18:16:26.520576 1630 Entering Apply Finish Threshold Function
2026/04/19-18:16:26.520588 1630 Finishing zone: Entering Finish()
2026/04/19-18:16:26.588237 1626 [DEBUG] Allocating zone(new=0) start: 0x220000000 wp: 0x221eee200 lt: 3 file lt: 2
2026/04/19-18:16:26.588251 1626 [DEBUG] Syncing metadata for: /db_working_home/000563.log
2026/04/19-18:16:26.612709 1629 [DEBUG] Allocating zone(new=1) start: 0x1b8000000 wp: 0x1b8000000 lt: 5 file lt: 5
2026/04/19-18:16:26.612724 1629 [Zonestats:time(s),used_cap(MB),reclaimable_cap(MB), avg_reclaimable(%), active(#), active_zones(#), open_zones(#)] 384 2576 5231 66 5 6 4
2026/04/19-18:16:26.612732 1629 [DEBUG] Syncing metadata for: /db_working_home/000562.sst
2026/04/19-18:16:26.697853 1628 Zone Garbage Stats: [63 4 0 1 0 16 5 7 6 9 9 0 ]
2026/04/19-18:16:26.697869 1628 Total Garbage Bytes: 178675973 bytes
2026/04/19-18:16:27.299004 1629 [DEBUG] Syncing metadata for: /db_working_home/000562.sst
2026/04/19-18:16:27.299927 1629 [DEBUG] Syncing metadata for: /db_working_home/000562.sst
2026/04/19-18:16:27.300807 1629 [DEBUG] GetFileSize: /db_working_home/000562.sst 
2026/04/19-18:16:27.300842 1629 [DEBUG] New writable file: /db_working_home/000565.sst direct: 1
2026/04/19-18:16:27.304081 1629 Entering Apply Finish Threshold Function
2026/04/19-18:16:27.304094 1629 Finishing zone: Entering Finish()
2026/04/19-18:16:27.698064 1628 Zone Garbage Stats: [63 4 0 1 0 16 5 7 6 9 9 0 ]
2026/04/19-18:16:27.698198 1628 Total Garbage Bytes: 178675973 bytes
2026/04/19-18:16:28.358482 1626 [DEBUG] New writable file: /db_working_home/000566.log direct: 0
2026/04/19-18:16:28.548352 1629 [DEBUG] Allocating zone(new=1) start: 0x1f0000000 wp: 0x1f0000000 lt: 5 file lt: 5
2026/04/19-18:16:28.548379 1629 [Zonestats:time(s),used_cap(MB),reclaimable_cap(MB), avg_reclaimable(%), active(#), active_zones(#), open_zones(#)] 386 2649 5286 66 5 6 4
2026/04/19-18:16:28.548389 1629 [DEBUG] Syncing metadata for: /db_working_home/000565.sst
2026/04/19-18:16:28.698427 1628 Zone Garbage Stats: [62 4 0 1 0 16 6 7 6 9 9 0 ]
2026/04/19-18:16:28.698444 1628 Total Garbage Bytes: 178676450 bytes
2026/04/19-18:16:29.235740 1630 [DEBUG] Allocating zone(new=1) start: 0x1f8000000 wp: 0x1f8000000 lt: 3 file lt: 3
2026/04/19-18:16:29.235757 1630 [Zonestats:time(s),used_cap(MB),reclaimable_cap(MB), avg_reclaimable(%), active(#), active_zones(#), open_zones(#)] 387 2649 5286 66 5 6 5
2026/04/19-18:16:29.235767 1630 [DEBUG] Syncing metadata for: /db_working_home/000564.sst
2026/04/19-18:16:29.266400 1629 [DEBUG] Syncing metadata for: /db_working_home/000565.sst
2026/04/19-18:16:29.273679 1629 [DEBUG] Syncing metadata for: /db_working_home/000565.sst
2026/04/19-18:16:29.274479 1629 [DEBUG] GetFileSize: /db_working_home/000565.sst 
2026/04/19-18:16:29.274526 1629 [DEBUG] New writable file: /db_working_home/000567.sst direct: 1
2026/04/19-18:16:29.277574 1629 Entering Apply Finish Threshold Function
2026/04/19-18:16:29.277587 1629 Finishing zone: Entering Finish()
2026/04/19-18:16:29.387641 1630 [DEBUG] Syncing metadata for: /db_working_home/000564.sst
2026/04/19-18:16:29.388219 1630 [DEBUG] Syncing metadata for: /db_working_home/000564.sst
2026/04/19-18:16:29.389230 1630 [DEBUG] New random access file: /db_working_home/000564.sst direct: 1
2026/04/19-18:16:29.389663 1630 [DEBUG] GetFileSize: /db_working_home/000564.sst 
2026/04/19-18:16:29.392588 1630 [DEBUG] Syncing metadata for: /db_working_home/MANIFEST-000228
2026/04/19-18:16:29.393276 1630 [DEBUG] GetFileSize: /db_working_home/000564.sst 
2026/04/19-18:16:29.398119 1630 [DEBUG] Syncing metadata for: /db_working_home/000560.log
2026/04/19-18:16:29.398812 1630 [DEBUG] DeleteFile: ./db_working_home/000560.log 
2026/04/19-18:16:29.399799 1630 [Zonestats:time(s),used_cap(MB),reclaimable_cap(MB), avg_reclaimable(%), active(#), active_zones(#), open_zones(#)] 387 2713 5350 66 5 5 2
2026/04/19-18:16:29.399975 1630 [DEBUG] New writable file: /db_working_home/000568.sst direct: 1
2026/04/19-18:16:29.403174 1630 Entering Apply Finish Threshold Function
2026/04/19-18:16:29.403187 1630 Finishing zone: Entering Finish()
2026/04/19-18:16:29.492768 1626 [DEBUG] Allocating zone(new=1) start: 0x128000000 wp: 0x128000000 lt: 2 file lt: 2
2026/04/19-18:16:29.492782 1626 [DEBUG] Syncing metadata for: /db_working_home/000566.log
2026/04/19-18:16:29.698637 1628 Zone Garbage Stats: [61 4 0 1 0 16 6 7 6 10 9 0 ]
2026/04/19-18:16:29.698653 1628 Total Garbage Bytes: 178676467 bytes
2026/04/19-18:16:30.553013 1629 [DEBUG] Allocating zone(new=1) start: 0x208000000 wp: 0x208000000 lt: 5 file lt: 5
2026/04/19-18:16:30.553030 1629 [Zonestats:time(s),used_cap(MB),reclaimable_cap(MB), avg_reclaimable(%), active(#), active_zones(#), open_zones(#)] 388 2724 5467 66 5 6 4
2026/04/19-18:16:30.553040 1629 [DEBUG] Syncing metadata for: /db_working_home/000567.sst
2026/04/19-18:16:30.698838 1628 Zone Garbage Stats: [60 4 0 1 0 16 7 7 6 10 9 0 ]
2026/04/19-18:16:30.698854 1628 Total Garbage Bytes: 178676600 bytes
2026/04/19-18:16:31.196813 1629 [DEBUG] Syncing metadata for: /db_working_home/000567.sst
2026/04/19-18:16:31.197392 1629 [DEBUG] Syncing metadata for: /db_working_home/000567.sst
2026/04/19-18:16:31.198463 1629 [DEBUG] GetFileSize: /db_working_home/000567.sst 
2026/04/19-18:16:31.198497 1629 [DEBUG] New writable file: /db_working_home/000569.sst direct: 1
2026/04/19-18:16:31.199654 1629 Entering Apply Finish Threshold Function
2026/04/19-18:16:31.199664 1629 Finishing zone: Entering Finish()
2026/04/19-18:16:31.371696 1626 [DEBUG] New writable file: /db_working_home/000570.log direct: 0
2026/04/19-18:16:31.699037 1628 Zone Garbage Stats: [60 4 0 1 0 16 7 7 6 10 9 0 ]
2026/04/19-18:16:31.699049 1628 Total Garbage Bytes: 178676600 bytes
2026/04/19-18:16:31.756531 1630 [DEBUG] Allocating zone(new=1) start: 0x210000000 wp: 0x210000000 lt: 3 file lt: 3
2026/04/19-18:16:31.756545 1630 [Zonestats:time(s),used_cap(MB),reclaimable_cap(MB), avg_reclaimable(%), active(#), active_zones(#), open_zones(#)] 389 2784 5535 66 5 6 4
2026/04/19-18:16:31.756554 1630 [DEBUG] Syncing metadata for: /db_working_home/000568.sst
2026/04/19-18:16:31.900308 1630 [DEBUG] Syncing metadata for: /db_working_home/000568.sst
2026/04/19-18:16:31.900887 1630 [DEBUG] Syncing metadata for: /db_working_home/000568.sst
2026/04/19-18:16:31.901870 1630 [DEBUG] New random access file: /db_working_home/000568.sst direct: 1
2026/04/19-18:16:31.902327 1630 [DEBUG] GetFileSize: /db_working_home/000568.sst 
2026/04/19-18:16:31.904746 1630 [DEBUG] Syncing metadata for: /db_working_home/MANIFEST-000228
2026/04/19-18:16:31.905406 1630 [DEBUG] GetFileSize: /db_working_home/000568.sst 
2026/04/19-18:16:31.910330 1630 [DEBUG] Syncing metadata for: /db_working_home/000563.log
2026/04/19-18:16:31.911208 1630 [DEBUG] DeleteFile: ./db_working_home/000563.log 
2026/04/19-18:16:31.912005 1630 [Zonestats:time(s),used_cap(MB),reclaimable_cap(MB), avg_reclaimable(%), active(#), active_zones(#), open_zones(#)] 389 2784 5663 67 6 6 2
2026/04/19-18:16:31.912162 1630 [DEBUG] New writable file: /db_working_home/000571.sst direct: 1
2026/04/19-18:16:31.914997 1630 Entering Apply Finish Threshold Function
2026/04/19-18:16:31.915010 1630 Finishing zone: Entering Finish()
2026/04/19-18:16:32.013552 1626 [DEBUG] Allocating zone(new=0) start: 0x220000000 wp: 0x222e86e00 lt: 3 file lt: 2
2026/04/19-18:16:32.013566 1626 [DEBUG] Syncing metadata for: /db_working_home/000570.log
2026/04/19-18:16:32.505188 1629 [DEBUG] Allocating zone(new=1) start: 0x228000000 wp: 0x228000000 lt: 5 file lt: 5
2026/04/19-18:16:32.505206 1629 [Zonestats:time(s),used_cap(MB),reclaimable_cap(MB), avg_reclaimable(%), active(#), active_zones(#), open_zones(#)] 390 2789 5658 66 5 6 4
2026/04/19-18:16:32.505216 1629 [DEBUG] Syncing metadata for: /db_working_home/000569.sst
2026/04/19-18:16:32.510425 1629 [DEBUG] Syncing metadata for: /db_working_home/000569.sst
2026/04/19-18:16:32.511430 1629 [DEBUG] Syncing metadata for: /db_working_home/000569.sst
2026/04/19-18:16:32.512671 1629 [DEBUG] GetFileSize: /db_working_home/000569.sst 
2026/04/19-18:16:32.513850 1629 [DEBUG] New random access file: /db_working_home/000559.sst direct: 1
2026/04/19-18:16:32.514433 1629 [DEBUG] GetFileSize: /db_working_home/000559.sst 
2026/04/19-18:16:32.514617 1629 [DEBUG] New random access file: /db_working_home/000562.sst direct: 1
2026/04/19-18:16:32.515142 1629 [DEBUG] GetFileSize: /db_working_home/000562.sst 
2026/04/19-18:16:32.515277 1629 [DEBUG] New random access file: /db_working_home/000565.sst direct: 1
2026/04/19-18:16:32.515950 1629 [DEBUG] GetFileSize: /db_working_home/000565.sst 
2026/04/19-18:16:32.516085 1629 [DEBUG] New random access file: /db_working_home/000567.sst direct: 1
2026/04/19-18:16:32.516696 1629 [DEBUG] GetFileSize: /db_working_home/000567.sst 
2026/04/19-18:16:32.516837 1629 [DEBUG] New random access file: /db_working_home/000569.sst direct: 1
2026/04/19-18:16:32.517348 1629 [DEBUG] GetFileSize: /db_working_home/000569.sst 
2026/04/19-18:16:32.518451 1629 [DEBUG] Syncing metadata for: /db_working_home/MANIFEST-000228
2026/04/19-18:16:32.534858 1629 [DEBUG] New writable file: /db_working_home/000572.sst direct: 1
2026/04/19-18:16:32.541666 1629 Entering Apply Finish Threshold Function
2026/04/19-18:16:32.541693 1629 [DEBUG] Allocating zone(new=0) start: 0x228000000 wp: 0x228002400 lt: 5 file lt: 3
2026/04/19-18:16:32.541701 1629 [Zonestats:time(s),used_cap(MB),reclaimable_cap(MB), avg_reclaimable(%), active(#), active_zones(#), open_zones(#)] 390 2789 5786 67 6 6 4
2026/04/19-18:16:32.541708 1629 [DEBUG] Syncing metadata for: /db_working_home/000572.sst
2026/04/19-18:16:32.699253 1628 Zone Garbage Stats: [58 4 0 1 0 16 8 7 6 11 9 0 ]
2026/04/19-18:16:32.699345 1628 Total Garbage Bytes: 178676927 bytes
2026/04/19-18:16:33.283214 1629 [DEBUG] Syncing metadata for: /db_working_home/000572.sst
2026/04/19-18:16:33.284197 1629 [DEBUG] Syncing metadata for: /db_working_home/000572.sst
2026/04/19-18:16:33.285481 1629 [DEBUG] GetFileSize: /db_working_home/000572.sst 
2026/04/19-18:16:33.285517 1629 [DEBUG] New writable file: /db_working_home/000573.sst direct: 1
2026/04/19-18:16:33.288991 1629 Entering Apply Finish Threshold Function
2026/04/19-18:16:33.289005 1629 Finishing zone: Entering Finish()
2026/04/19-18:16:33.699542 1628 Zone Garbage Stats: [58 4 0 1 0 16 8 7 6 11 9 0 ]
2026/04/19-18:16:33.699559 1628 Total Garbage Bytes: 178676927 bytes
2026/04/19-18:16:34.020667 1626 [DEBUG] New writable file: /db_working_home/000574.log direct: 0
2026/04/19-18:16:34.330629 1630 [DEBUG] Allocating zone(new=1) start: 0x230000000 wp: 0x230000000 lt: 3 file lt: 3
2026/04/19-18:16:34.330643 1630 [Zonestats:time(s),used_cap(MB),reclaimable_cap(MB), avg_reclaimable(%), active(#), active_zones(#), open_zones(#)] 392 2864 5711 66 5 6 4
2026/04/19-18:16:34.330652 1630 [DEBUG] Syncing metadata for: /db_working_home/000571.sst
2026/04/19-18:16:34.452715 1629 [DEBUG] Allocating zone(new=1) start: 0x238000000 wp: 0x238000000 lt: 3 file lt: 3
2026/04/19-18:16:34.452731 1629 [Zonestats:time(s),used_cap(MB),reclaimable_cap(MB), avg_reclaimable(%), active(#), active_zones(#), open_zones(#)] 392 2864 5711 66 5 6 5
2026/04/19-18:16:34.452741 1629 [DEBUG] Syncing metadata for: /db_working_home/000573.sst
2026/04/19-18:16:34.485023 1630 [DEBUG] Syncing metadata for: /db_working_home/000571.sst
2026/04/19-18:16:34.492666 1630 [DEBUG] Syncing metadata for: /db_working_home/000571.sst
2026/04/19-18:16:34.493327 1630 [DEBUG] New random access file: /db_working_home/000571.sst direct: 1
2026/04/19-18:16:34.493512 1630 [DEBUG] GetFileSize: /db_working_home/000571.sst 
2026/04/19-18:16:34.502275 1630 [DEBUG] Syncing metadata for: /db_working_home/MANIFEST-000228
2026/04/19-18:16:34.502963 1630 [DEBUG] GetFileSize: /db_working_home/000571.sst 
2026/04/19-18:16:34.507723 1630 [DEBUG] Syncing metadata for: /db_working_home/000566.log
2026/04/19-18:16:34.510647 1630 [DEBUG] DeleteFile: ./db_working_home/000504.sst 
2026/04/19-18:16:34.511433 1630 [Zonestats:time(s),used_cap(MB),reclaimable_cap(MB), avg_reclaimable(%), active(#), active_zones(#), open_zones(#)] 392 2838 5737 66 6 6 3
2026/04/19-18:16:34.511478 1630 [DEBUG] DeleteFile: ./db_working_home/000523.sst 
2026/04/19-18:16:34.519085 1630 [Zonestats:time(s),used_cap(MB),reclaimable_cap(MB), avg_reclaimable(%), active(#), active_zones(#), open_zones(#)] 392 2827 5620 66 6 6 3
2026/04/19-18:16:34.519138 1630 [DEBUG] DeleteFile: ./db_working_home/000527.sst 
2026/04/19-18:16:34.519804 1630 [Zonestats:time(s),used_cap(MB),reclaimable_cap(MB), avg_reclaimable(%), active(#), active_zones(#), open_zones(#)] 392 2796 5523 66 6 6 3
2026/04/19-18:16:34.519841 1630 [DEBUG] DeleteFile: ./db_working_home/000531.sst 
2026/04/19-18:16:34.520499 1630 [Zonestats:time(s),used_cap(MB),reclaimable_cap(MB), avg_reclaimable(%), active(#), active_zones(#), open_zones(#)] 392 2731 5460 66 6 6 3
2026/04/19-18:16:34.520533 1630 [DEBUG] DeleteFile: ./db_working_home/000555.sst 
2026/04/19-18:16:34.521088 1630 [Zonestats:time(s),used_cap(MB),reclaimable_cap(MB), avg_reclaimable(%), active(#), active_zones(#), open_zones(#)] 392 2615 5576 68 6 6 3
2026/04/19-18:16:34.521120 1630 [DEBUG] DeleteFile: ./db_working_home/000566.log 
2026/04/19-18:16:34.528963 1630 [Zonestats:time(s),used_cap(MB),reclaimable_cap(MB), avg_reclaimable(%), active(#), active_zones(#), open_zones(#)] 392 2599 5464 67 5 5 3
2026/04/19-18:16:34.529180 1630 [DEBUG] New writable file: /db_working_home/000575.sst direct: 1
2026/04/19-18:16:34.532030 1630 Entering Apply Finish Threshold Function
2026/04/19-18:16:34.532043 1630 Finishing zone: Entering Finish()
2026/04/19-18:16:34.699752 1628 Zone Garbage Stats: [61 3 0 1 0 16 8 6 5 12 9 0 ]
2026/04/19-18:16:34.699769 1628 Total Garbage Bytes: 283729415 bytes
2026/04/19-18:16:34.752790 1629 [DEBUG] Syncing metadata for: /db_working_home/000573.sst
2026/04/19-18:16:34.753371 1629 [DEBUG] Syncing metadata for: /db_working_home/000573.sst
2026/04/19-18:16:34.754664 1629 [DEBUG] GetFileSize: /db_working_home/000573.sst 
2026/04/19-18:16:34.755859 1629 [DEBUG] New random access file: /db_working_home/000572.sst direct: 1
2026/04/19-18:16:34.756652 1629 [DEBUG] GetFileSize: /db_working_home/000572.sst 
2026/04/19-18:16:34.756819 1629 [DEBUG] New random access file: /db_working_home/000573.sst direct: 1
2026/04/19-18:16:34.757370 1629 [DEBUG] GetFileSize: /db_working_home/000573.sst 
2026/04/19-18:16:34.758405 1629 [DEBUG] Syncing metadata for: /db_working_home/MANIFEST-000228
2026/04/19-18:16:34.760151 1629 [DEBUG] Syncing metadata for: /db_working_home/MANIFEST-000228
2026/04/19-18:16:34.761773 1629 [DEBUG] Syncing metadata for: /db_working_home/MANIFEST-000228
2026/04/19-18:16:34.769004 1629 [DEBUG] New writable file: /db_working_home/000576.sst direct: 1
2026/04/19-18:16:34.771070 1626 [DEBUG] Allocating zone(new=0) start: 0x238000000 wp: 0x239a50400 lt: 3 file lt: 2
2026/04/19-18:16:34.771080 1626 [DEBUG] Syncing metadata for: /db_working_home/000574.log
2026/04/19-18:16:34.772494 1629 Entering Apply Finish Threshold Function
2026/04/19-18:16:34.772521 1629 [DEBUG] Allocating zone(new=1) start: 0x118000000 wp: 0x118000000 lt: 5 file lt: 5
2026/04/19-18:16:34.772529 1629 [Zonestats:time(s),used_cap(MB),reclaimable_cap(MB), avg_reclaimable(%), active(#), active_zones(#), open_zones(#)] 392 2626 5565 67 5 6 4
2026/04/19-18:16:34.772535 1629 [DEBUG] Syncing metadata for: /db_working_home/000576.sst
2026/04/19-18:16:35.699960 1628 Zone Garbage Stats: [60 3 0 1 0 16 8 6 5 12 9 0 ]
2026/04/19-18:16:35.699976 1628 Total Garbage Bytes: 283729415 bytes
2026/04/19-18:16:35.805107 1629 [DEBUG] Syncing metadata for: /db_working_home/000576.sst
2026/04/19-18:16:35.806119 1629 [DEBUG] Syncing metadata for: /db_working_home/000576.sst
2026/04/19-18:16:35.807422 1629 [DEBUG] GetFileSize: /db_working_home/000576.sst 
2026/04/19-18:16:35.807457 1629 [DEBUG] New writable file: /db_working_home/000577.sst direct: 1
2026/04/19-18:16:35.810912 1629 Entering Apply Finish Threshold Function
2026/04/19-18:16:35.810924 1629 Finishing zone: Entering Finish()
2026/04/19-18:16:36.505669 1626 [DEBUG] New writable file: /db_working_home/000578.log direct: 0
2026/04/19-18:16:36.560271 1629 [DEBUG] Allocating zone(new=1) start: 0x128000000 wp: 0x128000000 lt: 5 file lt: 5
2026/04/19-18:16:36.560285 1629 [Zonestats:time(s),used_cap(MB),reclaimable_cap(MB), avg_reclaimable(%), active(#), active_zones(#), open_zones(#)] 394 2728 5591 67 5 6 4
2026/04/19-18:16:36.560294 1629 [DEBUG] Syncing metadata for: /db_working_home/000577.sst
2026/04/19-18:16:36.700168 1628 Zone Garbage Stats: [59 3 0 1 1 16 8 6 5 12 9 0 ]
2026/04/19-18:16:36.700183 1628 Total Garbage Bytes: 283729730 bytes
2026/04/19-18:16:36.727965 1629 [DEBUG] Syncing metadata for: /db_working_home/000577.sst
2026/04/19-18:16:36.728749 1629 [DEBUG] Syncing metadata for: /db_working_home/000577.sst
2026/04/19-18:16:36.729806 1629 [DEBUG] GetFileSize: /db_working_home/000577.sst 
2026/04/19-18:16:36.730992 1629 [DEBUG] New random access file: /db_working_home/000576.sst direct: 1
2026/04/19-18:16:36.731284 1629 [DEBUG] GetFileSize: /db_working_home/000576.sst 
2026/04/19-18:16:36.731471 1629 [DEBUG] New random access file: /db_working_home/000577.sst direct: 1
2026/04/19-18:16:36.731871 1629 [DEBUG] GetFileSize: /db_working_home/000577.sst 
2026/04/19-18:16:36.732775 1629 [DEBUG] Syncing metadata for: /db_working_home/MANIFEST-000228
2026/04/19-18:16:36.739400 1629 [DEBUG] New writable file: /db_working_home/000579.sst direct: 1
2026/04/19-18:16:36.742553 1629 Entering Apply Finish Threshold Function
2026/04/19-18:16:36.742564 1629 Finishing zone: Entering Finish()
2026/04/19-18:16:37.220229 1630 [DEBUG] Allocating zone(new=1) start: 0x180000000 wp: 0x180000000 lt: 3 file lt: 3
2026/04/19-18:16:37.220244 1630 [Zonestats:time(s),used_cap(MB),reclaimable_cap(MB), avg_reclaimable(%), active(#), active_zones(#), open_zones(#)] 395 2743 5704 67 5 6 4
2026/04/19-18:16:37.220254 1630 [DEBUG] Syncing metadata for: /db_working_home/000575.sst
2026/04/19-18:16:37.364496 1630 [DEBUG] Syncing metadata for: /db_working_home/000575.sst
2026/04/19-18:16:37.365073 1630 [DEBUG] Syncing metadata for: /db_working_home/000575.sst
2026/04/19-18:16:37.366060 1630 [DEBUG] New random access file: /db_working_home/000575.sst direct: 1
2026/04/19-18:16:37.366239 1630 [DEBUG] GetFileSize: /db_working_home/000575.sst 
2026/04/19-18:16:37.368870 1630 [DEBUG] Syncing metadata for: /db_working_home/MANIFEST-000228
2026/04/19-18:16:37.369508 1630 [DEBUG] GetFileSize: /db_working_home/000575.sst 
2026/04/19-18:16:37.374883 1630 [DEBUG] Syncing metadata for: /db_working_home/000570.log
2026/04/19-18:16:37.375881 1630 [DEBUG] DeleteFile: ./db_working_home/000477.sst 
2026/04/19-18:16:37.376683 1630 [Zonestats:time(s),used_cap(MB),reclaimable_cap(MB), avg_reclaimable(%), active(#), active_zones(#), open_zones(#)] 395 2726 5721 67 6 6 2
2026/04/19-18:16:37.376727 1630 [DEBUG] DeleteFile: ./db_working_home/000510.sst 
2026/04/19-18:16:37.377562 1630 [Zonestats:time(s),used_cap(MB),reclaimable_cap(MB), avg_reclaimable(%), active(#), active_zones(#), open_zones(#)] 395 2705 5614 67 6 6 2
2026/04/19-18:16:37.377597 1630 [DEBUG] DeleteFile: ./db_working_home/000553.sst 
2026/04/19-18:16:37.378389 1630 [Zonestats:time(s),used_cap(MB),reclaimable_cap(MB), avg_reclaimable(%), active(#), active_zones(#), open_zones(#)] 395 2690 5629 67 6 6 2
2026/04/19-18:16:37.378424 1630 [DEBUG] DeleteFile: ./db_working_home/000557.sst 
2026/04/19-18:16:37.379358 1630 [Zonestats:time(s),used_cap(MB),reclaimable_cap(MB), avg_reclaimable(%), active(#), active_zones(#), open_zones(#)] 395 2675 5516 67 6 6 2
2026/04/19-18:16:37.379402 1630 [DEBUG] DeleteFile: ./db_working_home/000558.sst 
2026/04/19-18:16:37.380256 1630 [Zonestats:time(s),used_cap(MB),reclaimable_cap(MB), avg_reclaimable(%), active(#), active_zones(#), open_zones(#)] 395 2658 5405 67 6 6 2
2026/04/19-18:16:37.380288 1630 [DEBUG] DeleteFile: ./db_working_home/000561.sst 
2026/04/19-18:16:37.381156 1630 [Zonestats:time(s),used_cap(MB),reclaimable_cap(MB), avg_reclaimable(%), active(#), active_zones(#), open_zones(#)] 395 2643 5292 66 6 6 2
2026/04/19-18:16:37.381187 1630 [DEBUG] DeleteFile: ./db_working_home/000562.sst 
2026/04/19-18:16:37.382056 1630 [Zonestats:time(s),used_cap(MB),reclaimable_cap(MB), avg_reclaimable(%), active(#), active_zones(#), open_zones(#)] 395 2584 5223 66 6 6 2
2026/04/19-18:16:37.382088 1630 [DEBUG] DeleteFile: ./db_working_home/000564.sst 
2026/04/19-18:16:37.382721 1630 [Zonestats:time(s),used_cap(MB),reclaimable_cap(MB), avg_reclaimable(%), active(#), active_zones(#), open_zones(#)] 395 2568 5111 66 6 6 2
2026/04/19-18:16:37.382754 1630 [DEBUG] DeleteFile: ./db_working_home/000568.sst 
2026/04/19-18:16:37.383621 1630 [Zonestats:time(s),used_cap(MB),reclaimable_cap(MB), avg_reclaimable(%), active(#), active_zones(#), open_zones(#)] 395 2553 4998 66 6 6 2
2026/04/19-18:16:37.383652 1630 [DEBUG] DeleteFile: ./db_working_home/000570.log 
2026/04/19-18:16:37.384525 1630 [Zonestats:time(s),used_cap(MB),reclaimable_cap(MB), avg_reclaimable(%), active(#), active_zones(#), open_zones(#)] 395 2537 4886 65 5 5 2
2026/04/19-18:16:37.384708 1630 [DEBUG] New writable file: /db_working_home/000580.sst direct: 1
2026/04/19-18:16:37.387478 1630 Entering Apply Finish Threshold Function
2026/04/19-18:16:37.387490 1630 Finishing zone: Entering Finish()
2026/04/19-18:16:37.471713 1626 [DEBUG] Allocating zone(new=1) start: 0xd0000000 wp: 0xd0000000 lt: 2 file lt: 2
2026/04/19-18:16:37.471727 1626 [DEBUG] Syncing metadata for: /db_working_home/000578.log
2026/04/19-18:16:37.700397 1628 Zone Garbage Stats: [66 3 0 1 1 16 7 6 4 7 9 0 ]
2026/04/19-18:16:37.700509 1628 Total Garbage Bytes: 283727926 bytes
2026/04/19-18:16:38.662636 1626 [DEBUG] New writable file: /db_working_home/000581.log direct: 0
2026/04/19-18:16:38.700697 1628 Zone Garbage Stats: [66 3 0 1 1 16 7 6 4 7 9 0 ]
2026/04/19-18:16:38.700710 1628 Total Garbage Bytes: 283727926 bytes
2026/04/19-18:16:38.780928 1629 [DEBUG] Allocating zone(new=1) start: 0xf0000000 wp: 0xf0000000 lt: 5 file lt: 5
2026/04/19-18:16:38.780943 1629 [Zonestats:time(s),used_cap(MB),reclaimable_cap(MB), avg_reclaimable(%), active(#), active_zones(#), open_zones(#)] 396 2552 4999 66 5 6 4
2026/04/19-18:16:38.780951 1629 [DEBUG] Syncing metadata for: /db_working_home/000579.sst
2026/04/19-18:16:39.621417 1629 [DEBUG] Syncing metadata for: /db_working_home/000579.sst
2026/04/19-18:16:39.621998 1629 [DEBUG] Syncing metadata for: /db_working_home/000579.sst
2026/04/19-18:16:39.622842 1629 [DEBUG] GetFileSize: /db_working_home/000579.sst 
2026/04/19-18:16:39.622879 1629 [DEBUG] New writable file: /db_working_home/000582.sst direct: 1
2026/04/19-18:16:39.623828 1629 Entering Apply Finish Threshold Function
2026/04/19-18:16:39.623837 1629 Finishing zone: Entering Finish()
2026/04/19-18:16:39.700896 1628 Zone Garbage Stats: [65 3 0 1 1 16 7 6 4 8 9 0 ]
2026/04/19-18:16:39.700909 1628 Total Garbage Bytes: 283728245 bytes
2026/04/19-18:16:39.787943 1630 [DEBUG] Allocating zone(new=1) start: 0x120000000 wp: 0x120000000 lt: 3 file lt: 3
2026/04/19-18:16:39.787957 1630 [Zonestats:time(s),used_cap(MB),reclaimable_cap(MB), avg_reclaimable(%), active(#), active_zones(#), open_zones(#)] 397 2628 5051 65 5 6 4
2026/04/19-18:16:39.787967 1630 [DEBUG] Syncing metadata for: /db_working_home/000580.sst
2026/04/19-18:16:39.931774 1630 [DEBUG] Syncing metadata for: /db_working_home/000580.sst
2026/04/19-18:16:39.932352 1630 [DEBUG] Syncing metadata for: /db_working_home/000580.sst
2026/04/19-18:16:39.933340 1630 [DEBUG] New random access file: /db_working_home/000580.sst direct: 1
2026/04/19-18:16:39.933532 1630 [DEBUG] GetFileSize: /db_working_home/000580.sst 
2026/04/19-18:16:39.935632 1630 [DEBUG] Syncing metadata for: /db_working_home/MANIFEST-000228
2026/04/19-18:16:39.936282 1630 [DEBUG] GetFileSize: /db_working_home/000580.sst 
2026/04/19-18:16:39.941216 1630 [DEBUG] Syncing metadata for: /db_working_home/000574.log
2026/04/19-18:16:39.942140 1630 [DEBUG] DeleteFile: ./db_working_home/000574.log 
2026/04/19-18:16:39.942934 1630 [Zonestats:time(s),used_cap(MB),reclaimable_cap(MB), avg_reclaimable(%), active(#), active_zones(#), open_zones(#)] 397 2628 5179 66 6 6 2
2026/04/19-18:16:39.943128 1630 [DEBUG] New writable file: /db_working_home/000583.sst direct: 1
2026/04/19-18:16:39.945774 1630 Entering Apply Finish Threshold Function
2026/04/19-18:16:39.945785 1630 Finishing zone: Entering Finish()
2026/04/19-18:16:40.013187 1626 [DEBUG] Allocating zone(new=0) start: 0x238000000 wp: 0x23a9e8a00 lt: 3 file lt: 2
2026/04/19-18:16:40.013201 1626 [DEBUG] Syncing metadata for: /db_working_home/000581.log
2026/04/19-18:16:40.634261 1629 [DEBUG] Allocating zone(new=1) start: 0x1a0000000 wp: 0x1a0000000 lt: 5 file lt: 5
2026/04/19-18:16:40.634279 1629 [Zonestats:time(s),used_cap(MB),reclaimable_cap(MB), avg_reclaimable(%), active(#), active_zones(#), open_zones(#)] 398 2635 5172 66 5 6 4
2026/04/19-18:16:40.634288 1629 [DEBUG] Syncing metadata for: /db_working_home/000582.sst
2026/04/19-18:16:40.638789 1629 [DEBUG] Syncing metadata for: /db_working_home/000582.sst
2026/04/19-18:16:40.646680 1629 [DEBUG] Syncing metadata for: /db_working_home/000582.sst
2026/04/19-18:16:40.647679 1629 [DEBUG] GetFileSize: /db_working_home/000582.sst 
2026/04/19-18:16:40.648849 1629 [DEBUG] New random access file: /db_working_home/000579.sst direct: 1
2026/04/19-18:16:40.649655 1629 [DEBUG] GetFileSize: /db_working_home/000579.sst 
2026/04/19-18:16:40.649837 1629 [DEBUG] New random access file: /db_working_home/000582.sst direct: 1
2026/04/19-18:16:40.650214 1629 [DEBUG] GetFileSize: /db_working_home/000582.sst 
2026/04/19-18:16:40.651452 1629 [DEBUG] Syncing metadata for: /db_working_home/MANIFEST-000228
2026/04/19-18:16:40.662030 1629 [DEBUG] New writable file: /db_working_home/000584.sst direct: 1
2026/04/19-18:16:40.665331 1629 Entering Apply Finish Threshold Function
2026/04/19-18:16:40.665356 1629 [DEBUG] Allocating zone(new=0) start: 0x1a0000000 wp: 0x1a0000c00 lt: 5 file lt: 3
2026/04/19-18:16:40.665374 1629 [Zonestats:time(s),used_cap(MB),reclaimable_cap(MB), avg_reclaimable(%), active(#), active_zones(#), open_zones(#)] 398 2636 5299 66 6 6 4
2026/04/19-18:16:40.665381 1629 [DEBUG] Syncing metadata for: /db_working_home/000584.sst
2026/04/19-18:16:40.701101 1628 Zone Garbage Stats: [63 3 0 1 1 17 7 6 4 9 9 0 ]
2026/04/19-18:16:40.701116 1628 Total Garbage Bytes: 283728521 bytes
2026/04/19-18:16:41.114610 1629 [DEBUG] Syncing metadata for: /db_working_home/000584.sst
2026/04/19-18:16:41.115577 1629 [DEBUG] Syncing metadata for: /db_working_home/000584.sst
2026/04/19-18:16:41.116814 1629 [DEBUG] GetFileSize: /db_working_home/000584.sst 
2026/04/19-18:16:41.116849 1629 [DEBUG] New writable file: /db_working_home/000585.sst direct: 1
2026/04/19-18:16:41.120119 1629 Entering Apply Finish Threshold Function
2026/04/19-18:16:41.120131 1629 Finishing zone: Entering Finish()
2026/04/19-18:16:41.592066 1626 [DEBUG] New writable file: /db_working_home/000586.log direct: 0
2026/04/19-18:16:41.701303 1628 Zone Garbage Stats: [63 3 0 1 1 17 7 6 4 9 9 0 ]
2026/04/19-18:16:41.701315 1628 Total Garbage Bytes: 283728521 bytes
2026/04/19-18:16:42.146614 1630 [DEBUG] Allocating zone(new=1) start: 0x1a8000000 wp: 0x1a8000000 lt: 3 file lt: 3
2026/04/19-18:16:42.146628 1630 [Zonestats:time(s),used_cap(MB),reclaimable_cap(MB), avg_reclaimable(%), active(#), active_zones(#), open_zones(#)] 400 2682 5253 66 5 6 4
2026/04/19-18:16:42.146637 1630 [DEBUG] Syncing metadata for: /db_working_home/000583.sst
2026/04/19-18:16:42.290417 1630 [DEBUG] Syncing metadata for: /db_working_home/000583.sst
2026/04/19-18:16:42.290993 1630 [DEBUG] Syncing metadata for: /db_working_home/000583.sst
2026/04/19-18:16:42.291980 1630 [DEBUG] New random access file: /db_working_home/000583.sst direct: 1
2026/04/19-18:16:42.292160 1630 [DEBUG] GetFileSize: /db_working_home/000583.sst 
2026/04/19-18:16:42.294792 1630 [DEBUG] Syncing metadata for: /db_working_home/MANIFEST-000228
2026/04/19-18:16:42.295446 1630 [DEBUG] GetFileSize: /db_working_home/000583.sst 
2026/04/19-18:16:42.300327 1630 [DEBUG] Syncing metadata for: /db_working_home/000578.log
2026/04/19-18:16:42.301061 1630 [DEBUG] DeleteFile: ./db_working_home/000567.sst 
2026/04/19-18:16:42.301946 1630 [Zonestats:time(s),used_cap(MB),reclaimable_cap(MB), avg_reclaimable(%), active(#), active_zones(#), open_zones(#)] 400 2642 5293 66 6 6 2
2026/04/19-18:16:42.301991 1630 [DEBUG] DeleteFile: ./db_working_home/000573.sst 
2026/04/19-18:16:42.302720 1630 [Zonestats:time(s),used_cap(MB),reclaimable_cap(MB), avg_reclaimable(%), active(#), active_zones(#), open_zones(#)] 400 2616 5319 67 6 6 2
2026/04/19-18:16:42.302754 1630 [DEBUG] DeleteFile: ./db_working_home/000578.log 
2026/04/19-18:16:42.303711 1630 [Zonestats:time(s),used_cap(MB),reclaimable_cap(MB), avg_reclaimable(%), active(#), active_zones(#), open_zones(#)] 400 2600 5207 66 5 5 2
2026/04/19-18:16:42.303865 1630 [DEBUG] New writable file: /db_working_home/000587.sst direct: 1
2026/04/19-18:16:42.306608 1630 Entering Apply Finish Threshold Function
2026/04/19-18:16:42.306619 1630 Finishing zone: Entering Finish()
2026/04/19-18:16:42.388137 1626 [DEBUG] Allocating zone(new=1) start: 0xd0000000 wp: 0xd0000000 lt: 2 file lt: 2
2026/04/19-18:16:42.388151 1626 [DEBUG] Syncing metadata for: /db_working_home/000586.log
2026/04/19-18:16:42.700799 1629 [DEBUG] Allocating zone(new=1) start: 0x1b8000000 wp: 0x1b8000000 lt: 3 file lt: 3
2026/04/19-18:16:42.700878 1629 [Zonestats:time(s),used_cap(MB),reclaimable_cap(MB), avg_reclaimable(%), active(#), active_zones(#), open_zones(#)] 400 2604 5331 67 5 6 4
2026/04/19-18:16:42.700888 1629 [DEBUG] Syncing metadata for: /db_working_home/000585.sst
2026/04/19-18:16:42.701502 1628 Zone Garbage Stats: [62 3 0 1 1 17 6 7 4 10 9 0 ]
2026/04/19-18:16:42.701516 1628 Total Garbage Bytes: 283729408 bytes
2026/04/19-18:16:42.767857 1629 [DEBUG] Syncing metadata for: /db_working_home/000585.sst
2026/04/19-18:16:42.768827 1629 [DEBUG] Syncing metadata for: /db_working_home/000585.sst
2026/04/19-18:16:42.769668 1629 [DEBUG] GetFileSize: /db_working_home/000585.sst 
2026/04/19-18:16:42.771073 1629 [DEBUG] New random access file: /db_working_home/000584.sst direct: 1
2026/04/19-18:16:42.771469 1629 [DEBUG] GetFileSize: /db_working_home/000584.sst 
2026/04/19-18:16:42.771637 1629 [DEBUG] New random access file: /db_working_home/000585.sst direct: 1
2026/04/19-18:16:42.772088 1629 [DEBUG] GetFileSize: /db_working_home/000585.sst 
2026/04/19-18:16:42.773239 1629 [DEBUG] Syncing metadata for: /db_working_home/MANIFEST-000228
2026/04/19-18:16:42.779828 1629 [DEBUG] New writable file: /db_working_home/000588.sst direct: 1
2026/04/19-18:16:42.783339 1629 Entering Apply Finish Threshold Function
2026/04/19-18:16:42.783376 1629 [DEBUG] Allocating zone(new=1) start: 0x1c8000000 wp: 0x1c8000000 lt: 5 file lt: 5
2026/04/19-18:16:42.783384 1629 [Zonestats:time(s),used_cap(MB),reclaimable_cap(MB), avg_reclaimable(%), active(#), active_zones(#), open_zones(#)] 400 2611 5452 67 6 7 4
2026/04/19-18:16:42.783391 1629 [DEBUG] Syncing metadata for: /db_working_home/000588.sst
2026/04/19-18:16:43.459654 1629 [DEBUG] Syncing metadata for: /db_working_home/000588.sst
2026/04/19-18:16:43.460642 1629 [DEBUG] Syncing metadata for: /db_working_home/000588.sst
2026/04/19-18:16:43.461903 1629 [DEBUG] GetFileSize: /db_working_home/000588.sst 
2026/04/19-18:16:43.461981 1629 [DEBUG] New writable file: /db_working_home/000589.sst direct: 1
2026/04/19-18:16:43.468418 1629 Entering Apply Finish Threshold Function
2026/04/19-18:16:43.468432 1629 Finishing zone: Entering Finish()
2026/04/19-18:16:43.701704 1628 Zone Garbage Stats: [61 4 0 1 1 17 6 7 4 10 9 0 ]
2026/04/19-18:16:43.701721 1628 Total Garbage Bytes: 283729625 bytes
2026/04/19-18:16:44.102030 1626 [DEBUG] New writable file: /db_working_home/000590.log direct: 0
2026/04/19-18:16:44.626090 1629 [DEBUG] Allocating zone(new=1) start: 0x1d0000000 wp: 0x1d0000000 lt: 5 file lt: 5
2026/04/19-18:16:44.626107 1629 [Zonestats:time(s),used_cap(MB),reclaimable_cap(MB), avg_reclaimable(%), active(#), active_zones(#), open_zones(#)] 402 2680 5511 67 6 7 4
2026/04/19-18:16:44.626117 1629 [DEBUG] Syncing metadata for: /db_working_home/000589.sst
2026/04/19-18:16:44.701942 1628 Zone Garbage Stats: [60 4 0 1 1 17 7 7 4 10 9 0 ]
2026/04/19-18:16:44.701959 1628 Total Garbage Bytes: 283729791 bytes
2026/04/19-18:16:44.719224 1630 [DEBUG] Allocating zone(new=1) start: 0x1f8000000 wp: 0x1f8000000 lt: 3 file lt: 3
2026/04/19-18:16:44.719239 1630 [Zonestats:time(s),used_cap(MB),reclaimable_cap(MB), avg_reclaimable(%), active(#), active_zones(#), open_zones(#)] 402 2680 5511 67 6 7 5
2026/04/19-18:16:44.719250 1630 [DEBUG] Syncing metadata for: /db_working_home/000587.sst
2026/04/19-18:16:44.917105 1630 [DEBUG] Syncing metadata for: /db_working_home/000587.sst
2026/04/19-18:16:44.924385 1630 [DEBUG] Syncing metadata for: /db_working_home/000587.sst
2026/04/19-18:16:44.925177 1630 [DEBUG] New random access file: /db_working_home/000587.sst direct: 1
2026/04/19-18:16:44.927354 1630 [DEBUG] GetFileSize: /db_working_home/000587.sst 
2026/04/19-18:16:44.936847 1630 [DEBUG] Syncing metadata for: /db_working_home/MANIFEST-000228
2026/04/19-18:16:44.937547 1630 [DEBUG] GetFileSize: /db_working_home/000587.sst 
2026/04/19-18:16:44.942311 1630 [DEBUG] Syncing metadata for: /db_working_home/000581.log
2026/04/19-18:16:44.950115 1630 [DEBUG] DeleteFile: ./db_working_home/000571.sst 
2026/04/19-18:16:44.950808 1630 [Zonestats:time(s),used_cap(MB),reclaimable_cap(MB), avg_reclaimable(%), active(#), active_zones(#), open_zones(#)] 402 2681 5510 67 7 7 3
2026/04/19-18:16:44.950853 1630 [DEBUG] DeleteFile: ./db_working_home/000575.sst 
2026/04/19-18:16:44.951503 1630 [Zonestats:time(s),used_cap(MB),reclaimable_cap(MB), avg_reclaimable(%), active(#), active_zones(#), open_zones(#)] 402 2666 5397 66 7 7 3
2026/04/19-18:16:44.951538 1630 [DEBUG] DeleteFile: ./db_working_home/000580.sst 
2026/04/19-18:16:44.953570 1630 [Zonestats:time(s),used_cap(MB),reclaimable_cap(MB), avg_reclaimable(%), active(#), active_zones(#), open_zones(#)] 402 2650 5285 66 7 7 3
2026/04/19-18:16:44.953620 1630 [DEBUG] DeleteFile: ./db_working_home/000581.log 
2026/04/19-18:16:44.954909 1630 [Zonestats:time(s),used_cap(MB),reclaimable_cap(MB), avg_reclaimable(%), active(#), active_zones(#), open_zones(#)] 402 2635 5172 66 6 6 3
2026/04/19-18:16:44.955072 1630 [DEBUG] New writable file: /db_working_home/000591.sst direct: 1
2026/04/19-18:16:44.964666 1630 Entering Apply Finish Threshold Function
2026/04/19-18:16:44.964681 1630 Finishing zone: Entering Finish()
2026/04/19-18:16:45.141050 1626 [DEBUG] Allocating zone(new=0) start: 0x1b8000000 wp: 0x1b8669c00 lt: 3 file lt: 2
2026/04/19-18:16:45.141064 1626 [DEBUG] Syncing metadata for: /db_working_home/000590.log
2026/04/19-18:16:45.474836 1629 [DEBUG] Syncing metadata for: /db_working_home/000589.sst
2026/04/19-18:16:45.475716 1629 [DEBUG] Syncing metadata for: /db_working_home/000589.sst
2026/04/19-18:16:45.477007 1629 [DEBUG] GetFileSize: /db_working_home/000589.sst 
2026/04/19-18:16:45.478186 1629 [DEBUG] New random access file: /db_working_home/000588.sst direct: 1
2026/04/19-18:16:45.478970 1629 [DEBUG] GetFileSize: /db_working_home/000588.sst 
2026/04/19-18:16:45.479135 1629 [DEBUG] New random access file: /db_working_home/000589.sst direct: 1
2026/04/19-18:16:45.479712 1629 [DEBUG] GetFileSize: /db_working_home/000589.sst 
2026/04/19-18:16:45.480871 1629 [DEBUG] Syncing metadata for: /db_working_home/MANIFEST-000228
2026/04/19-18:16:45.487977 1629 [DEBUG] New writable file: /db_working_home/000592.sst direct: 1
2026/04/19-18:16:45.491679 1629 Entering Apply Finish Threshold Function
2026/04/19-18:16:45.491691 1629 Finishing zone: Entering Finish()
2026/04/19-18:16:45.702151 1628 Zone Garbage Stats: [63 3 0 1 1 17 7 7 4 8 9 0 ]
2026/04/19-18:16:45.702167 1628 Total Garbage Bytes: 283728903 bytes
2026/04/19-18:16:46.659821 1629 [DEBUG] Allocating zone(new=1) start: 0x120000000 wp: 0x120000000 lt: 5 file lt: 5
2026/04/19-18:16:46.659838 1629 [Zonestats:time(s),used_cap(MB),reclaimable_cap(MB), avg_reclaimable(%), active(#), active_zones(#), open_zones(#)] 404 2716 5219 65 5 6 4
2026/04/19-18:16:46.659848 1629 [DEBUG] Syncing metadata for: /db_working_home/000592.sst
2026/04/19-18:16:46.677439 1626 [DEBUG] New writable file: /db_working_home/000593.log direct: 0
2026/04/19-18:16:46.702392 1628 Zone Garbage Stats: [62 3 0 1 1 18 7 7 4 8 9 0 ]
2026/04/19-18:16:46.702406 1628 Total Garbage Bytes: 283729276 bytes
2026/04/19-18:16:46.946809 1629 [DEBUG] Syncing metadata for: /db_working_home/000592.sst
2026/04/19-18:16:46.947390 1629 [DEBUG] Syncing metadata for: /db_working_home/000592.sst
2026/04/19-18:16:46.948459 1629 [DEBUG] GetFileSize: /db_working_home/000592.sst 
2026/04/19-18:16:46.949624 1629 [DEBUG] New random access file: /db_working_home/000592.sst direct: 1
2026/04/19-18:16:46.949857 1629 [DEBUG] GetFileSize: /db_working_home/000592.sst 
2026/04/19-18:16:46.950802 1629 [DEBUG] Syncing metadata for: /db_working_home/MANIFEST-000228
2026/04/19-18:16:46.957425 1629 [DEBUG] New writable file: /db_working_home/000594.sst direct: 1
2026/04/19-18:16:46.960913 1629 Entering Apply Finish Threshold Function
2026/04/19-18:16:46.960924 1629 Finishing zone: Entering Finish()
2026/04/19-18:16:47.361854 1630 [DEBUG] Allocating zone(new=1) start: 0x180000000 wp: 0x180000000 lt: 3 file lt: 3
2026/04/19-18:16:47.361870 1630 [Zonestats:time(s),used_cap(MB),reclaimable_cap(MB), avg_reclaimable(%), active(#), active_zones(#), open_zones(#)] 405 2741 5322 65 5 6 4
2026/04/19-18:16:47.361880 1630 [DEBUG] Syncing metadata for: /db_working_home/000591.sst
2026/04/19-18:16:47.506132 1630 [DEBUG] Syncing metadata for: /db_working_home/000591.sst
2026/04/19-18:16:47.506708 1630 [DEBUG] Syncing metadata for: /db_working_home/000591.sst
2026/04/19-18:16:47.507504 1630 [DEBUG] New random access file: /db_working_home/000591.sst direct: 1
2026/04/19-18:16:47.507961 1630 [DEBUG] GetFileSize: /db_working_home/000591.sst 
2026/04/19-18:16:47.510407 1630 [DEBUG] Syncing metadata for: /db_working_home/MANIFEST-000228
2026/04/19-18:16:47.511050 1630 [DEBUG] GetFileSize: /db_working_home/000591.sst 
2026/04/19-18:16:47.515985 1630 [DEBUG] Syncing metadata for: /db_working_home/000586.log
2026/04/19-18:16:47.516974 1630 [DEBUG] DeleteFile: ./db_working_home/000449.sst 
2026/04/19-18:16:47.517825 1630 [Zonestats:time(s),used_cap(MB),reclaimable_cap(MB), avg_reclaimable(%), active(#), active_zones(#), open_zones(#)] 405 2743 5320 65 6 6 2
2026/04/19-18:16:47.517869 1630 [DEBUG] DeleteFile: ./db_working_home/000540.sst 
2026/04/19-18:16:47.518692 1630 [Zonestats:time(s),used_cap(MB),reclaimable_cap(MB), avg_reclaimable(%), active(#), active_zones(#), open_zones(#)] 405 2673 5262 66 6 6 2
2026/04/19-18:16:47.518728 1630 [DEBUG] DeleteFile: ./db_working_home/000565.sst 
2026/04/19-18:16:47.519588 1630 [Zonestats:time(s),used_cap(MB),reclaimable_cap(MB), avg_reclaimable(%), active(#), active_zones(#), open_zones(#)] 405 2609 5198 66 6 6 2
2026/04/19-18:16:47.519621 1630 [DEBUG] DeleteFile: ./db_working_home/000577.sst 
2026/04/19-18:16:47.520493 1630 [Zonestats:time(s),used_cap(MB),reclaimable_cap(MB), avg_reclaimable(%), active(#), active_zones(#), open_zones(#)] 405 2595 5084 66 6 6 2
2026/04/19-18:16:47.520525 1630 [DEBUG] DeleteFile: ./db_working_home/000586.log 
2026/04/19-18:16:47.521402 1630 [Zonestats:time(s),used_cap(MB),reclaimable_cap(MB), avg_reclaimable(%), active(#), active_zones(#), open_zones(#)] 405 2579 4972 65 5 5 2
2026/04/19-18:16:47.521573 1630 [DEBUG] New writable file: /db_working_home/000595.sst direct: 1
2026/04/19-18:16:47.524217 1630 Entering Apply Finish Threshold Function
2026/04/19-18:16:47.524228 1630 Finishing zone: Entering Finish()
2026/04/19-18:16:47.601407 1626 [DEBUG] Allocating zone(new=1) start: 0xd0000000 wp: 0xd0000000 lt: 2 file lt: 2
2026/04/19-18:16:47.601421 1626 [DEBUG] Syncing metadata for: /db_working_home/000593.log
2026/04/19-18:16:47.702598 1628 Zone Garbage Stats: [65 3 0 1 1 17 6 7 4 7 9 0 ]
2026/04/19-18:16:47.702674 1628 Total Garbage Bytes: 283728427 bytes
2026/04/19-18:16:48.702868 1628 Zone Garbage Stats: [65 3 0 1 1 17 6 7 4 7 9 0 ]
2026/04/19-18:16:48.702886 1628 Total Garbage Bytes: 283728427 bytes
2026/04/19-18:16:48.847546 1629 [DEBUG] Allocating zone(new=1) start: 0x100000000 wp: 0x100000000 lt: 5 file lt: 5
2026/04/19-18:16:48.847563 1629 [Zonestats:time(s),used_cap(MB),reclaimable_cap(MB), avg_reclaimable(%), active(#), active_zones(#), open_zones(#)] 406 2592 5087 66 5 6 4
2026/04/19-18:16:48.847572 1629 [DEBUG] Syncing metadata for: /db_working_home/000594.sst
2026/04/19-18:16:49.291209 1626 [DEBUG] New writable file: /db_working_home/000596.log direct: 0
2026/04/19-18:16:49.703076 1628 Zone Garbage Stats: [64 3 0 1 1 17 6 7 4 8 9 0 ]
2026/04/19-18:16:49.703092 1628 Total Garbage Bytes: 283728527 bytes
2026/04/19-18:16:49.780114 1629 [DEBUG] Syncing metadata for: /db_working_home/000594.sst
2026/04/19-18:16:49.780695 1629 [DEBUG] Syncing metadata for: /db_working_home/000594.sst
2026/04/19-18:16:49.781754 1629 [DEBUG] GetFileSize: /db_working_home/000594.sst 
2026/04/19-18:16:49.781788 1629 [DEBUG] New writable file: /db_working_home/000597.sst direct: 1
2026/04/19-18:16:49.785224 1629 Entering Apply Finish Threshold Function
2026/04/19-18:16:49.785234 1629 Finishing zone: Entering Finish()
2026/04/19-18:16:49.999760 1630 [DEBUG] Allocating zone(new=1) start: 0x128000000 wp: 0x128000000 lt: 3 file lt: 3
2026/04/19-18:16:49.999776 1630 [Zonestats:time(s),used_cap(MB),reclaimable_cap(MB), avg_reclaimable(%), active(#), active_zones(#), open_zones(#)] 407 2673 5134 65 5 6 4
2026/04/19-18:16:49.999785 1630 [DEBUG] Syncing metadata for: /db_working_home/000595.sst
2026/04/19-18:16:50.143817 1630 [DEBUG] Syncing metadata for: /db_working_home/000595.sst
2026/04/19-18:16:50.144630 1630 [DEBUG] Syncing metadata for: /db_working_home/000595.sst
2026/04/19-18:16:50.145616 1630 [DEBUG] New random access file: /db_working_home/000595.sst direct: 1
2026/04/19-18:16:50.146074 1630 [DEBUG] GetFileSize: /db_working_home/000595.sst 
2026/04/19-18:16:50.148516 1630 [DEBUG] Syncing metadata for: /db_working_home/MANIFEST-000228
2026/04/19-18:16:50.149166 1630 [DEBUG] GetFileSize: /db_working_home/000595.sst 
2026/04/19-18:16:50.154053 1630 [DEBUG] Syncing metadata for: /db_working_home/000590.log
2026/04/19-18:16:50.154743 1630 [DEBUG] DeleteFile: ./db_working_home/000590.log 
2026/04/19-18:16:50.155540 1630 [Zonestats:time(s),used_cap(MB),reclaimable_cap(MB), avg_reclaimable(%), active(#), active_zones(#), open_zones(#)] 408 2674 5261 66 6 6 2
2026/04/19-18:16:50.155697 1630 [DEBUG] New writable file: /db_working_home/000598.sst direct: 1
2026/04/19-18:16:50.158553 1630 Entering Apply Finish Threshold Function
2026/04/19-18:16:50.158564 1630 Finishing zone: Entering Finish()
2026/04/19-18:16:50.235681 1626 [DEBUG] Allocating zone(new=0) start: 0x1b8000000 wp: 0x1b9602600 lt: 3 file lt: 2
2026/04/19-18:16:50.235694 1626 [DEBUG] Syncing metadata for: /db_working_home/000596.log
2026/04/19-18:16:50.703283 1628 Zone Garbage Stats: [63 3 0 1 1 17 6 7 4 9 9 0 ]
2026/04/19-18:16:50.703300 1628 Total Garbage Bytes: 283728968 bytes
2026/04/19-18:16:50.705890 1629 [DEBUG] Allocating zone(new=1) start: 0x1f0000000 wp: 0x1f0000000 lt: 5 file lt: 5
2026/04/19-18:16:50.705904 1629 [Zonestats:time(s),used_cap(MB),reclaimable_cap(MB), avg_reclaimable(%), active(#), active_zones(#), open_zones(#)] 408 2679 5256 66 5 6 4
2026/04/19-18:16:50.705913 1629 [DEBUG] Syncing metadata for: /db_working_home/000597.sst
2026/04/19-18:16:50.940522 1629 [DEBUG] Syncing metadata for: /db_working_home/000597.sst
2026/04/19-18:16:50.941537 1629 [DEBUG] Syncing metadata for: /db_working_home/000597.sst
2026/04/19-18:16:50.942803 1629 [DEBUG] GetFileSize: /db_working_home/000597.sst 
2026/04/19-18:16:50.943952 1629 [DEBUG] New random access file: /db_working_home/000594.sst direct: 1
2026/04/19-18:16:50.944766 1629 [DEBUG] GetFileSize: /db_working_home/000594.sst 
2026/04/19-18:16:50.944934 1629 [DEBUG] New random access file: /db_working_home/000597.sst direct: 1
2026/04/19-18:16:50.945459 1629 [DEBUG] GetFileSize: /db_working_home/000597.sst 
2026/04/19-18:16:50.946719 1629 [DEBUG] Syncing metadata for: /db_working_home/MANIFEST-000228
2026/04/19-18:16:50.962965 1629 [DEBUG] New writable file: /db_working_home/000599.sst direct: 1
2026/04/19-18:16:50.966497 1629 Entering Apply Finish Threshold Function
2026/04/19-18:16:50.966510 1629 Finishing zone: Entering Finish()
2026/04/19-18:16:51.703490 1628 Zone Garbage Stats: [62 3 0 1 2 17 6 7 4 9 9 0 ]
2026/04/19-18:16:51.703507 1628 Total Garbage Bytes: 283729307 bytes
2026/04/19-18:16:51.879810 1626 [DEBUG] New writable file: /db_working_home/000600.log direct: 0
2026/04/19-18:16:52.284305 1630 [DEBUG] Allocating zone(new=1) start: 0x208000000 wp: 0x208000000 lt: 3 file lt: 3
2026/04/19-18:16:52.284356 1630 [Zonestats:time(s),used_cap(MB),reclaimable_cap(MB), avg_reclaimable(%), active(#), active_zones(#), open_zones(#)] 410 2708 5355 66 5 6 4
2026/04/19-18:16:52.284365 1630 [DEBUG] Syncing metadata for: /db_working_home/000598.sst
2026/04/19-18:16:52.427630 1630 [DEBUG] Syncing metadata for: /db_working_home/000598.sst
2026/04/19-18:16:52.428443 1630 [DEBUG] Syncing metadata for: /db_working_home/000598.sst
2026/04/19-18:16:52.429437 1630 [DEBUG] New random access file: /db_working_home/000598.sst direct: 1
2026/04/19-18:16:52.429614 1630 [DEBUG] GetFileSize: /db_working_home/000598.sst 
2026/04/19-18:16:52.431746 1630 [DEBUG] Syncing metadata for: /db_working_home/MANIFEST-000228
2026/04/19-18:16:52.432402 1630 [DEBUG] GetFileSize: /db_working_home/000598.sst 
2026/04/19-18:16:52.437342 1630 [DEBUG] Syncing metadata for: /db_working_home/000593.log
2026/04/19-18:16:52.438308 1630 [DEBUG] DeleteFile: ./db_working_home/000268.sst 
2026/04/19-18:16:52.439151 1630 [Zonestats:time(s),used_cap(MB),reclaimable_cap(MB), avg_reclaimable(%), active(#), active_zones(#), open_zones(#)] 410 2688 5375 66 6 6 2
2026/04/19-18:16:52.439196 1630 [DEBUG] DeleteFile: ./db_working_home/000270.sst 
2026/04/19-18:16:52.440030 1630 [Zonestats:time(s),used_cap(MB),reclaimable_cap(MB), avg_reclaimable(%), active(#), active_zones(#), open_zones(#)] 410 2677 5258 66 6 6 2
2026/04/19-18:16:52.440064 1630 [DEBUG] DeleteFile: ./db_working_home/000429.sst 
2026/04/19-18:16:52.440928 1630 [Zonestats:time(s),used_cap(MB),reclaimable_cap(MB), avg_reclaimable(%), active(#), active_zones(#), open_zones(#)] 410 2633 5174 66 6 6 2
2026/04/19-18:16:52.440960 1630 [DEBUG] DeleteFile: ./db_working_home/000463.sst 
2026/04/19-18:16:52.441825 1630 [Zonestats:time(s),used_cap(MB),reclaimable_cap(MB), avg_reclaimable(%), active(#), active_zones(#), open_zones(#)] 410 2604 5075 66 6 6 2
2026/04/19-18:16:52.441856 1630 [DEBUG] DeleteFile: ./db_working_home/000593.log 
2026/04/19-18:16:52.442729 1630 [Zonestats:time(s),used_cap(MB),reclaimable_cap(MB), avg_reclaimable(%), active(#), active_zones(#), open_zones(#)] 410 2588 4963 65 5 5 2
2026/04/19-18:16:52.442901 1630 [DEBUG] New writable file: /db_working_home/000601.sst direct: 1
2026/04/19-18:16:52.445604 1630 Entering Apply Finish Threshold Function
2026/04/19-18:16:52.445617 1630 Finishing zone: Entering Finish()
2026/04/19-18:16:52.543336 1626 [DEBUG] Allocating zone(new=1) start: 0xb0000000 wp: 0xb0000000 lt: 2 file lt: 2
2026/04/19-18:16:52.543351 1626 [DEBUG] Syncing metadata for: /db_working_home/000600.log
2026/04/19-18:16:52.703726 1628 Zone Garbage Stats: [65 3 0 1 2 17 6 6 2 10 8 0 ]
2026/04/19-18:16:52.703828 1628 Total Garbage Bytes: 267774829 bytes
2026/04/19-18:16:52.955230 1629 [DEBUG] Allocating zone(new=1) start: 0xd0000000 wp: 0xd0000000 lt: 3 file lt: 3
2026/04/19-18:16:52.955249 1629 [Zonestats:time(s),used_cap(MB),reclaimable_cap(MB), avg_reclaimable(%), active(#), active_zones(#), open_zones(#)] 410 2592 5087 66 5 6 4
2026/04/19-18:16:52.955259 1629 [DEBUG] Syncing metadata for: /db_working_home/000599.sst
2026/04/19-18:16:53.704024 1628 Zone Garbage Stats: [64 3 0 1 2 17 6 6 2 11 8 0 ]
2026/04/19-18:16:53.704040 1628 Total Garbage Bytes: 267775241 bytes
2026/04/19-18:16:53.979589 1629 [DEBUG] Syncing metadata for: /db_working_home/000599.sst
2026/04/19-18:16:53.980679 1629 [DEBUG] Syncing metadata for: /db_working_home/000599.sst
2026/04/19-18:16:53.981916 1629 [DEBUG] GetFileSize: /db_working_home/000599.sst 
2026/04/19-18:16:53.981982 1629 [DEBUG] New writable file: /db_working_home/000602.sst direct: 1
2026/04/19-18:16:53.985273 1629 Entering Apply Finish Threshold Function
2026/04/19-18:16:53.985285 1629 Finishing zone: Entering Finish()
2026/04/19-18:16:54.704234 1628 Zone Garbage Stats: [64 3 0 1 2 17 6 6 2 11 8 0 ]
2026/04/19-18:16:54.704252 1628 Total Garbage Bytes: 267775241 bytes
2026/04/19-18:16:54.715041 1629 [DEBUG] Allocating zone(new=1) start: 0x148000000 wp: 0x148000000 lt: 3 file lt: 3
2026/04/19-18:16:54.715056 1629 [Zonestats:time(s),used_cap(MB),reclaimable_cap(MB), avg_reclaimable(%), active(#), active_zones(#), open_zones(#)] 412 2690 5117 65 5 6 4
2026/04/19-18:16:54.715066 1629 [DEBUG] Syncing metadata for: /db_working_home/000602.sst
2026/04/19-18:16:54.877005 1629 [DEBUG] Syncing metadata for: /db_working_home/000602.sst
2026/04/19-18:16:54.877970 1629 [DEBUG] Syncing metadata for: /db_working_home/000602.sst
2026/04/19-18:16:54.879235 1629 [DEBUG] GetFileSize: /db_working_home/000602.sst 
2026/04/19-18:16:54.880465 1629 [DEBUG] New random access file: /db_working_home/000599.sst direct: 1
2026/04/19-18:16:54.881224 1629 [DEBUG] GetFileSize: /db_working_home/000599.sst 
2026/04/19-18:16:54.881403 1629 [DEBUG] New random access file: /db_working_home/000602.sst direct: 1
2026/04/19-18:16:54.881953 1629 [DEBUG] GetFileSize: /db_working_home/000602.sst 
2026/04/19-18:16:54.883176 1629 [DEBUG] Syncing metadata for: /db_working_home/MANIFEST-000228
2026/04/19-18:16:54.884754 1629 [DEBUG] Syncing metadata for: /db_working_home/MANIFEST-000228
2026/04/19-18:16:54.891399 1629 [DEBUG] New writable file: /db_working_home/000603.sst direct: 1
2026/04/19-18:16:54.894693 1629 Entering Apply Finish Threshold Function
2026/04/19-18:16:54.894705 1629 Finishing zone: Entering Finish()
2026/04/19-18:16:54.993043 1626 [DEBUG] New writable file: /db_working_home/000604.log direct: 0
2026/04/19-18:16:55.142923 1630 [DEBUG] Allocating zone(new=1) start: 0x150000000 wp: 0x150000000 lt: 3 file lt: 3
2026/04/19-18:16:55.142939 1630 [Zonestats:time(s),used_cap(MB),reclaimable_cap(MB), avg_reclaimable(%), active(#), active_zones(#), open_zones(#)] 413 2707 5228 65 5 6 4
2026/04/19-18:16:55.142948 1630 [DEBUG] Syncing metadata for: /db_working_home/000601.sst
2026/04/19-18:16:55.289712 1630 [DEBUG] Syncing metadata for: /db_working_home/000601.sst
2026/04/19-18:16:55.290292 1630 [DEBUG] Syncing metadata for: /db_working_home/000601.sst
2026/04/19-18:16:55.291271 1630 [DEBUG] New random access file: /db_working_home/000601.sst direct: 1
2026/04/19-18:16:55.291459 1630 [DEBUG] GetFileSize: /db_working_home/000601.sst 
2026/04/19-18:16:55.293562 1630 [DEBUG] Syncing metadata for: /db_working_home/MANIFEST-000228
2026/04/19-18:16:55.294205 1630 [DEBUG] GetFileSize: /db_working_home/000601.sst 
2026/04/19-18:16:55.299145 1630 [DEBUG] Syncing metadata for: /db_working_home/000596.log
2026/04/19-18:16:55.300078 1630 [DEBUG] DeleteFile: ./db_working_home/000583.sst 
2026/04/19-18:16:55.300907 1630 [Zonestats:time(s),used_cap(MB),reclaimable_cap(MB), avg_reclaimable(%), active(#), active_zones(#), open_zones(#)] 413 2708 5227 65 6 6 2
2026/04/19-18:16:55.300950 1630 [DEBUG] DeleteFile: ./db_working_home/000584.sst 
2026/04/19-18:16:55.301697 1630 [Zonestats:time(s),used_cap(MB),reclaimable_cap(MB), avg_reclaimable(%), active(#), active_zones(#), open_zones(#)] 413 2668 5267 66 6 6 2
2026/04/19-18:16:55.301734 1630 [DEBUG] DeleteFile: ./db_working_home/000585.sst 
2026/04/19-18:16:55.302597 1630 [Zonestats:time(s),used_cap(MB),reclaimable_cap(MB), avg_reclaimable(%), active(#), active_zones(#), open_zones(#)] 413 2662 5273 66 6 6 2
2026/04/19-18:16:55.302630 1630 [DEBUG] DeleteFile: ./db_working_home/000587.sst 
2026/04/19-18:16:55.303596 1630 [Zonestats:time(s),used_cap(MB),reclaimable_cap(MB), avg_reclaimable(%), active(#), active_zones(#), open_zones(#)] 413 2647 5160 66 6 6 2
2026/04/19-18:16:55.303628 1630 [DEBUG] DeleteFile: ./db_working_home/000591.sst 
2026/04/19-18:16:55.304483 1630 [Zonestats:time(s),used_cap(MB),reclaimable_cap(MB), avg_reclaimable(%), active(#), active_zones(#), open_zones(#)] 413 2631 5048 65 6 6 2
2026/04/19-18:16:55.304515 1630 [DEBUG] DeleteFile: ./db_working_home/000595.sst 
2026/04/19-18:16:55.305391 1630 [Zonestats:time(s),used_cap(MB),reclaimable_cap(MB), avg_reclaimable(%), active(#), active_zones(#), open_zones(#)] 413 2616 4935 65 6 6 2
2026/04/19-18:16:55.305422 1630 [DEBUG] DeleteFile: ./db_working_home/000596.log 
2026/04/19-18:16:55.306282 1630 [Zonestats:time(s),used_cap(MB),reclaimable_cap(MB), avg_reclaimable(%), active(#), active_zones(#), open_zones(#)] 413 2600 4823 64 5 5 2
2026/04/19-18:16:55.306465 1630 [DEBUG] New writable file: /db_working_home/000605.sst direct: 1
2026/04/19-18:16:55.309162 1630 Entering Apply Finish Threshold Function
2026/04/19-18:16:55.309174 1630 Finishing zone: Entering Finish()
2026/04/19-18:16:55.373282 1626 [DEBUG] Allocating zone(new=1) start: 0x128000000 wp: 0x128000000 lt: 2 file lt: 2
2026/04/19-18:16:55.373307 1626 [DEBUG] Syncing metadata for: /db_working_home/000604.log
2026/04/19-18:16:55.704450 1628 Zone Garbage Stats: [66 3 0 1 3 17 6 5 2 8 9 0 ]
2026/04/19-18:16:55.704467 1628 Total Garbage Bytes: 308790891 bytes
2026/04/19-18:16:56.704657 1628 Zone Garbage Stats: [66 3 0 1 3 17 6 5 2 8 9 0 ]
2026/04/19-18:16:56.704675 1628 Total Garbage Bytes: 308790891 bytes
2026/04/19-18:16:56.718142 1626 [DEBUG] New writable file: /db_working_home/000606.log direct: 0
2026/04/19-18:16:56.984373 1629 [DEBUG] Allocating zone(new=1) start: 0x180000000 wp: 0x180000000 lt: 4 file lt: 4
2026/04/19-18:16:56.984387 1629 [Zonestats:time(s),used_cap(MB),reclaimable_cap(MB), avg_reclaimable(%), active(#), active_zones(#), open_zones(#)] 414 2615 4936 65 5 6 4
2026/04/19-18:16:56.984395 1629 [DEBUG] Syncing metadata for: /db_working_home/000603.sst
2026/04/19-18:16:57.633238 1630 [DEBUG] Allocating zone(new=1) start: 0x1a8000000 wp: 0x1a8000000 lt: 3 file lt: 3
2026/04/19-18:16:57.633255 1630 [Zonestats:time(s),used_cap(MB),reclaimable_cap(MB), avg_reclaimable(%), active(#), active_zones(#), open_zones(#)] 415 2615 4936 65 5 6 5
2026/04/19-18:16:57.633265 1630 [DEBUG] Syncing metadata for: /db_working_home/000605.sst
2026/04/19-18:16:57.704866 1628 Zone Garbage Stats: [64 3 0 1 3 17 6 5 2 10 9 0 ]
2026/04/19-18:16:57.704946 1628 Total Garbage Bytes: 308791454 bytes
2026/04/19-18:16:57.777542 1629 [DEBUG] Syncing metadata for: /db_working_home/000603.sst
2026/04/19-18:16:57.785070 1629 [DEBUG] Syncing metadata for: /db_working_home/000603.sst
2026/04/19-18:16:57.785811 1629 [DEBUG] GetFileSize: /db_working_home/000603.sst 
2026/04/19-18:16:57.785847 1629 [DEBUG] New writable file: /db_working_home/000607.sst direct: 1
2026/04/19-18:16:57.796367 1629 Entering Apply Finish Threshold Function
2026/04/19-18:16:57.796380 1629 Finishing zone: Entering Finish()
2026/04/19-18:16:57.816499 1630 [DEBUG] Syncing metadata for: /db_working_home/000605.sst
2026/04/19-18:16:57.817072 1630 [DEBUG] Syncing metadata for: /db_working_home/000605.sst
2026/04/19-18:16:57.818058 1630 [DEBUG] New random access file: /db_working_home/000605.sst direct: 1
2026/04/19-18:16:57.818234 1630 [DEBUG] GetFileSize: /db_working_home/000605.sst 
2026/04/19-18:16:57.820346 1630 [DEBUG] Syncing metadata for: /db_working_home/MANIFEST-000228
2026/04/19-18:16:57.821370 1630 [DEBUG] GetFileSize: /db_working_home/000605.sst 
2026/04/19-18:16:57.826506 1630 [DEBUG] Syncing metadata for: /db_working_home/000600.log
2026/04/19-18:16:57.827205 1630 [DEBUG] DeleteFile: ./db_working_home/000600.log 
2026/04/19-18:16:57.828109 1630 [Zonestats:time(s),used_cap(MB),reclaimable_cap(MB), avg_reclaimable(%), active(#), active_zones(#), open_zones(#)] 415 2682 4997 65 5 5 2
2026/04/19-18:16:57.828295 1630 [DEBUG] New writable file: /db_working_home/000608.sst direct: 1
2026/04/19-18:16:57.831059 1630 Entering Apply Finish Threshold Function
2026/04/19-18:16:57.831071 1630 Finishing zone: Entering Finish()
2026/04/19-18:16:57.918367 1626 [DEBUG] Allocating zone(new=1) start: 0xb0000000 wp: 0xb0000000 lt: 2 file lt: 2
2026/04/19-18:16:57.918379 1626 [DEBUG] Syncing metadata for: /db_working_home/000606.log
2026/04/19-18:16:58.705138 1628 Zone Garbage Stats: [64 3 0 1 3 17 6 5 2 10 9 0 ]
2026/04/19-18:16:58.705155 1628 Total Garbage Bytes: 308791454 bytes
2026/04/19-18:16:58.982220 1629 [DEBUG] Allocating zone(new=1) start: 0x1b0000000 wp: 0x1b0000000 lt: 4 file lt: 4
2026/04/19-18:16:58.982238 1629 [Zonestats:time(s),used_cap(MB),reclaimable_cap(MB), avg_reclaimable(%), active(#), active_zones(#), open_zones(#)] 416 2694 5113 65 5 6 4
2026/04/19-18:16:58.982247 1629 [DEBUG] Syncing metadata for: /db_working_home/000607.sst
2026/04/19-18:16:59.705353 1628 Zone Garbage Stats: [63 3 0 1 3 18 6 5 2 10 9 0 ]
2026/04/19-18:16:59.705369 1628 Total Garbage Bytes: 308791558 bytes
2026/04/19-18:16:59.898248 1626 [DEBUG] New writable file: /db_working_home/000609.log direct: 0
2026/04/19-18:16:59.924345 1629 [DEBUG] Syncing metadata for: /db_working_home/000607.sst
2026/04/19-18:16:59.925142 1629 [DEBUG] Syncing metadata for: /db_working_home/000607.sst
2026/04/19-18:16:59.926202 1629 [DEBUG] GetFileSize: /db_working_home/000607.sst 
2026/04/19-18:16:59.927453 1629 [DEBUG] New random access file: /db_working_home/000603.sst direct: 1
2026/04/19-18:16:59.928152 1629 [DEBUG] GetFileSize: /db_working_home/000603.sst 
2026/04/19-18:16:59.928328 1629 [DEBUG] New random access file: /db_working_home/000607.sst direct: 1
2026/04/19-18:16:59.928832 1629 [DEBUG] GetFileSize: /db_working_home/000607.sst 
2026/04/19-18:16:59.929717 1629 [DEBUG] Syncing metadata for: /db_working_home/MANIFEST-000228
2026/04/19-18:16:59.931638 1629 [DEBUG] Syncing metadata for: /db_working_home/MANIFEST-000228
2026/04/19-18:16:59.941046 1629 [DEBUG] New writable file: /db_working_home/000610.sst direct: 1
2026/04/19-18:16:59.944252 1629 Entering Apply Finish Threshold Function
2026/04/19-18:16:59.944264 1629 Finishing zone: Entering Finish()
2026/04/19-18:17:00.339133 1630 [DEBUG] Allocating zone(new=1) start: 0x1b8000000 wp: 0x1b8000000 lt: 3 file lt: 3
2026/04/19-18:17:00.339149 1630 [Zonestats:time(s),used_cap(MB),reclaimable_cap(MB), avg_reclaimable(%), active(#), active_zones(#), open_zones(#)] 418 2779 5156 64 5 6 4
2026/04/19-18:17:00.339158 1630 [DEBUG] Syncing metadata for: /db_working_home/000608.sst
2026/04/19-18:17:00.483365 1630 [DEBUG] Syncing metadata for: /db_working_home/000608.sst
2026/04/19-18:17:00.483940 1630 [DEBUG] Syncing metadata for: /db_working_home/000608.sst
2026/04/19-18:17:00.484759 1630 [DEBUG] New random access file: /db_working_home/000608.sst direct: 1
2026/04/19-18:17:00.484956 1630 [DEBUG] GetFileSize: /db_working_home/000608.sst 
2026/04/19-18:17:00.487579 1630 [DEBUG] Syncing metadata for: /db_working_home/MANIFEST-000228
2026/04/19-18:17:00.488222 1630 [DEBUG] GetFileSize: /db_working_home/000608.sst 
2026/04/19-18:17:00.493113 1630 [DEBUG] Syncing metadata for: /db_working_home/000604.log
2026/04/19-18:17:00.493839 1630 [DEBUG] DeleteFile: ./db_working_home/000572.sst 
2026/04/19-18:17:00.494592 1630 [Zonestats:time(s),used_cap(MB),reclaimable_cap(MB), avg_reclaimable(%), active(#), active_zones(#), open_zones(#)] 418 2731 5332 66 6 6 2
2026/04/19-18:17:00.494637 1630 [DEBUG] DeleteFile: ./db_working_home/000599.sst 
2026/04/19-18:17:00.495600 1630 [Zonestats:time(s),used_cap(MB),reclaimable_cap(MB), avg_reclaimable(%), active(#), active_zones(#), open_zones(#)] 418 2642 5293 66 6 6 2
2026/04/19-18:17:00.495634 1630 [DEBUG] DeleteFile: ./db_working_home/000604.log 
2026/04/19-18:17:00.496477 1630 [Zonestats:time(s),used_cap(MB),reclaimable_cap(MB), avg_reclaimable(%), active(#), active_zones(#), open_zones(#)] 418 2626 5181 66 5 5 2
2026/04/19-18:17:00.496628 1630 [DEBUG] New writable file: /db_working_home/000611.sst direct: 1
2026/04/19-18:17:00.499407 1630 Entering Apply Finish Threshold Function
2026/04/19-18:17:00.499419 1630 Finishing zone: Entering Finish()
2026/04/19-18:17:00.576433 1626 [DEBUG] Allocating zone(new=1) start: 0xd0000000 wp: 0xd0000000 lt: 2 file lt: 2
2026/04/19-18:17:00.576446 1626 [DEBUG] Syncing metadata for: /db_working_home/000609.log
2026/04/19-18:17:00.705565 1628 Zone Garbage Stats: [63 3 0 1 2 17 6 5 2 11 10 0 ]
2026/04/19-18:17:00.705582 1628 Total Garbage Bytes: 376271382 bytes
2026/04/19-18:17:00.748711 1629 [DEBUG] Allocating zone(new=1) start: 0x128000000 wp: 0x128000000 lt: 3 file lt: 3
2026/04/19-18:17:00.748727 1629 [Zonestats:time(s),used_cap(MB),reclaimable_cap(MB), avg_reclaimable(%), active(#), active_zones(#), open_zones(#)] 418 2628 5307 66 5 6 4
2026/04/19-18:17:00.748738 1629 [DEBUG] Syncing metadata for: /db_working_home/000610.sst
2026/04/19-18:17:01.194387 1629 [DEBUG] Syncing metadata for: /db_working_home/000610.sst
2026/04/19-18:17:01.195353 1629 [DEBUG] Syncing metadata for: /db_working_home/000610.sst
2026/04/19-18:17:01.196617 1629 [DEBUG] GetFileSize: /db_working_home/000610.sst 
2026/04/19-18:17:01.196651 1629 [DEBUG] New writable file: /db_working_home/000612.sst direct: 1
2026/04/19-18:17:01.199979 1629 Entering Apply Finish Threshold Function
2026/04/19-18:17:01.199991 1629 Finishing zone: Entering Finish()
2026/04/19-18:17:01.705793 1628 Zone Garbage Stats: [62 3 0 1 3 17 6 5 2 11 10 0 ]
2026/04/19-18:17:01.705811 1628 Total Garbage Bytes: 376271698 bytes
2026/04/19-18:17:02.285624 1626 [DEBUG] New writable file: /db_working_home/000613.log direct: 0
2026/04/19-18:17:02.705997 1628 Zone Garbage Stats: [62 3 0 1 3 17 6 5 2 11 10 0 ]
2026/04/19-18:17:02.706057 1628 Total Garbage Bytes: 376271698 bytes
2026/04/19-18:17:02.728498 1630 [DEBUG] Allocating zone(new=1) start: 0x1f8000000 wp: 0x1f8000000 lt: 3 file lt: 3
2026/04/19-18:17:02.728512 1630 [Zonestats:time(s),used_cap(MB),reclaimable_cap(MB), avg_reclaimable(%), active(#), active_zones(#), open_zones(#)] 420 2680 5383 66 5 6 4
2026/04/19-18:17:02.728521 1630 [DEBUG] Syncing metadata for: /db_working_home/000611.sst
2026/04/19-18:17:02.759175 1629 [DEBUG] Allocating zone(new=1) start: 0x210000000 wp: 0x210000000 lt: 3 file lt: 3
2026/04/19-18:17:02.759189 1629 [Zonestats:time(s),used_cap(MB),reclaimable_cap(MB), avg_reclaimable(%), active(#), active_zones(#), open_zones(#)] 420 2680 5383 66 5 6 5
2026/04/19-18:17:02.759198 1629 [DEBUG] Syncing metadata for: /db_working_home/000612.sst
2026/04/19-18:17:02.863313 1629 [DEBUG] Syncing metadata for: /db_working_home/000612.sst
2026/04/19-18:17:02.870520 1629 [DEBUG] Syncing metadata for: /db_working_home/000612.sst
2026/04/19-18:17:02.871256 1629 [DEBUG] GetFileSize: /db_working_home/000612.sst 
2026/04/19-18:17:02.872719 1629 [DEBUG] New random access file: /db_working_home/000610.sst direct: 1
2026/04/19-18:17:02.879685 1629 [DEBUG] GetFileSize: /db_working_home/000610.sst 
2026/04/19-18:17:02.879861 1629 [DEBUG] New random access file: /db_working_home/000612.sst direct: 1
2026/04/19-18:17:02.880051 1629 [DEBUG] GetFileSize: /db_working_home/000612.sst 
2026/04/19-18:17:02.880947 1629 [DEBUG] Syncing metadata for: /db_working_home/MANIFEST-000228
2026/04/19-18:17:02.900516 1629 [DEBUG] New writable file: /db_working_home/000614.sst direct: 1
2026/04/19-18:17:02.910619 1629 Entering Apply Finish Threshold Function
2026/04/19-18:17:02.910648 1629 [DEBUG] Allocating zone(new=1) start: 0x218000000 wp: 0x218000000 lt: 5 file lt: 5
2026/04/19-18:17:02.910656 1629 [Zonestats:time(s),used_cap(MB),reclaimable_cap(MB), avg_reclaimable(%), active(#), active_zones(#), open_zones(#)] 420 2687 5504 67 6 7 5
2026/04/19-18:17:02.910662 1629 [DEBUG] Syncing metadata for: /db_working_home/000614.sst
2026/04/19-18:17:02.911617 1630 [DEBUG] Syncing metadata for: /db_working_home/000611.sst
2026/04/19-18:17:02.922398 1630 [DEBUG] Syncing metadata for: /db_working_home/000611.sst
2026/04/19-18:17:02.923052 1630 [DEBUG] New random access file: /db_working_home/000611.sst direct: 1
2026/04/19-18:17:02.923232 1630 [DEBUG] GetFileSize: /db_working_home/000611.sst 
2026/04/19-18:17:02.926720 1630 [DEBUG] Syncing metadata for: /db_working_home/MANIFEST-000228
2026/04/19-18:17:02.934326 1630 [DEBUG] GetFileSize: /db_working_home/000611.sst 
2026/04/19-18:17:02.939089 1630 [DEBUG] Syncing metadata for: /db_working_home/000606.log
2026/04/19-18:17:02.946501 1630 [DEBUG] DeleteFile: ./db_working_home/000598.sst 
2026/04/19-18:17:02.947194 1630 [Zonestats:time(s),used_cap(MB),reclaimable_cap(MB), avg_reclaimable(%), active(#), active_zones(#), open_zones(#)] 420 2687 5504 67 7 7 3
2026/04/19-18:17:02.947238 1630 [DEBUG] DeleteFile: ./db_working_home/000601.sst 
2026/04/19-18:17:02.947893 1630 [Zonestats:time(s),used_cap(MB),reclaimable_cap(MB), avg_reclaimable(%), active(#), active_zones(#), open_zones(#)] 420 2672 5391 66 7 7 3
2026/04/19-18:17:02.947928 1630 [DEBUG] DeleteFile: ./db_working_home/000605.sst 
2026/04/19-18:17:02.948564 1630 [Zonestats:time(s),used_cap(MB),reclaimable_cap(MB), avg_reclaimable(%), active(#), active_zones(#), open_zones(#)] 420 2657 5278 66 7 7 3
2026/04/19-18:17:02.948597 1630 [DEBUG] DeleteFile: ./db_working_home/000606.log 
2026/04/19-18:17:02.956593 1630 [Zonestats:time(s),used_cap(MB),reclaimable_cap(MB), avg_reclaimable(%), active(#), active_zones(#), open_zones(#)] 420 2641 5166 66 6 6 3
2026/04/19-18:17:02.956792 1630 [DEBUG] New writable file: /db_working_home/000615.sst direct: 1
2026/04/19-18:17:02.961158 1630 Entering Apply Finish Threshold Function
2026/04/19-18:17:02.961172 1630 Finishing zone: Entering Finish()
2026/04/19-18:17:03.147897 1626 [DEBUG] Allocating zone(new=0) start: 0x210000000 wp: 0x210672400 lt: 3 file lt: 2
2026/04/19-18:17:03.147911 1626 [DEBUG] Syncing metadata for: /db_working_home/000613.log
2026/04/19-18:17:03.672283 1629 [DEBUG] Syncing metadata for: /db_working_home/000614.sst
2026/04/19-18:17:03.673233 1629 [DEBUG] Syncing metadata for: /db_working_home/000614.sst
2026/04/19-18:17:03.674495 1629 [DEBUG] GetFileSize: /db_working_home/000614.sst 
2026/04/19-18:17:03.674530 1629 [DEBUG] New writable file: /db_working_home/000616.sst direct: 1
2026/04/19-18:17:03.677542 1629 Entering Apply Finish Threshold Function
2026/04/19-18:17:03.677555 1629 Finishing zone: Entering Finish()
2026/04/19-18:17:03.706246 1628 Zone Garbage Stats: [63 3 0 1 3 17 6 6 2 9 10 0 ]
2026/04/19-18:17:03.706259 1628 Total Garbage Bytes: 376271249 bytes
2026/04/19-18:17:04.706469 1628 Zone Garbage Stats: [63 3 0 1 3 17 6 6 2 9 10 0 ]
2026/04/19-18:17:04.706487 1628 Total Garbage Bytes: 376271249 bytes
2026/04/19-18:17:04.744457 1626 [DEBUG] New writable file: /db_working_home/000617.log direct: 0
2026/04/19-18:17:04.824619 1629 [DEBUG] Allocating zone(new=1) start: 0xb0000000 wp: 0xb0000000 lt: 5 file lt: 5
2026/04/19-18:17:04.824634 1629 [Zonestats:time(s),used_cap(MB),reclaimable_cap(MB), avg_reclaimable(%), active(#), active_zones(#), open_zones(#)] 422 2723 5212 65 5 6 4
2026/04/19-18:17:04.824643 1629 [DEBUG] Syncing metadata for: /db_working_home/000616.sst
2026/04/19-18:17:05.502780 1629 [DEBUG] Syncing metadata for: /db_working_home/000616.sst
2026/04/19-18:17:05.503361 1629 [DEBUG] Syncing metadata for: /db_working_home/000616.sst
2026/04/19-18:17:05.504440 1629 [DEBUG] GetFileSize: /db_working_home/000616.sst 
2026/04/19-18:17:05.504475 1629 [DEBUG] New writable file: /db_working_home/000618.sst direct: 1
2026/04/19-18:17:05.510246 1629 Entering Apply Finish Threshold Function
2026/04/19-18:17:05.510266 1629 Finishing zone: Entering Finish()
2026/04/19-18:17:05.700404 1630 [DEBUG] Allocating zone(new=1) start: 0x150000000 wp: 0x150000000 lt: 3 file lt: 3
2026/04/19-18:17:05.700419 1630 [Zonestats:time(s),used_cap(MB),reclaimable_cap(MB), avg_reclaimable(%), active(#), active_zones(#), open_zones(#)] 423 2786 5277 65 5 6 4
2026/04/19-18:17:05.700429 1630 [DEBUG] Syncing metadata for: /db_working_home/000615.sst
2026/04/19-18:17:05.706670 1628 Zone Garbage Stats: [61 3 0 1 3 18 6 6 2 10 10 0 ]
2026/04/19-18:17:05.706682 1628 Total Garbage Bytes: 376271728 bytes
2026/04/19-18:17:05.844687 1630 [DEBUG] Syncing metadata for: /db_working_home/000615.sst
2026/04/19-18:17:05.845277 1630 [DEBUG] Syncing metadata for: /db_working_home/000615.sst
2026/04/19-18:17:05.846078 1630 [DEBUG] New random access file: /db_working_home/000615.sst direct: 1
2026/04/19-18:17:05.846535 1630 [DEBUG] GetFileSize: /db_working_home/000615.sst 
2026/04/19-18:17:05.848978 1630 [DEBUG] Syncing metadata for: /db_working_home/MANIFEST-000228
2026/04/19-18:17:05.849631 1630 [DEBUG] GetFileSize: /db_working_home/000615.sst 
2026/04/19-18:17:05.855009 1630 [DEBUG] Syncing metadata for: /db_working_home/000609.log
2026/04/19-18:17:05.855932 1630 [DEBUG] DeleteFile: ./db_working_home/000609.log 
2026/04/19-18:17:05.856837 1630 [Zonestats:time(s),used_cap(MB),reclaimable_cap(MB), avg_reclaimable(%), active(#), active_zones(#), open_zones(#)] 423 2786 5277 65 5 5 2
2026/04/19-18:17:05.856993 1630 [DEBUG] New writable file: /db_working_home/000619.sst direct: 1
2026/04/19-18:17:05.859725 1630 Entering Apply Finish Threshold Function
2026/04/19-18:17:05.859736 1630 Finishing zone: Entering Finish()
2026/04/19-18:17:05.938217 1626 [DEBUG] Allocating zone(new=1) start: 0xd0000000 wp: 0xd0000000 lt: 2 file lt: 2
2026/04/19-18:17:05.938230 1626 [DEBUG] Syncing metadata for: /db_working_home/000617.log
2026/04/19-18:17:06.706870 1628 Zone Garbage Stats: [61 3 0 1 3 18 6 6 2 10 10 0 ]
2026/04/19-18:17:06.706887 1628 Total Garbage Bytes: 376271728 bytes
2026/04/19-18:17:06.753046 1629 [DEBUG] Allocating zone(new=1) start: 0x1a8000000 wp: 0x1a8000000 lt: 5 file lt: 5
2026/04/19-18:17:06.753062 1629 [Zonestats:time(s),used_cap(MB),reclaimable_cap(MB), avg_reclaimable(%), active(#), active_zones(#), open_zones(#)] 424 2795 5396 65 5 6 4
2026/04/19-18:17:06.753071 1629 [DEBUG] Syncing metadata for: /db_working_home/000618.sst
2026/04/19-18:17:06.926423 1629 [DEBUG] Syncing metadata for: /db_working_home/000618.sst
2026/04/19-18:17:06.927439 1629 [DEBUG] Syncing metadata for: /db_working_home/000618.sst
2026/04/19-18:17:06.928150 1629 [DEBUG] GetFileSize: /db_working_home/000618.sst 
2026/04/19-18:17:06.929299 1629 [DEBUG] New random access file: /db_working_home/000614.sst direct: 1
2026/04/19-18:17:06.929960 1629 [DEBUG] GetFileSize: /db_working_home/000614.sst 
2026/04/19-18:17:06.930128 1629 [DEBUG] New random access file: /db_working_home/000616.sst direct: 1
2026/04/19-18:17:06.930719 1629 [DEBUG] GetFileSize: /db_working_home/000616.sst 
2026/04/19-18:17:06.930854 1629 [DEBUG] New random access file: /db_working_home/000618.sst direct: 1
2026/04/19-18:17:06.931420 1629 [DEBUG] GetFileSize: /db_working_home/000618.sst 
2026/04/19-18:17:06.932328 1629 [DEBUG] Syncing metadata for: /db_working_home/MANIFEST-000228
2026/04/19-18:17:06.939053 1629 [DEBUG] New writable file: /db_working_home/000620.sst direct: 1
2026/04/19-18:17:06.942761 1629 Entering Apply Finish Threshold Function
2026/04/19-18:17:06.942774 1629 Finishing zone: Entering Finish()
2026/04/19-18:17:07.412652 1626 [DEBUG] New writable file: /db_working_home/000621.log direct: 0
2026/04/19-18:17:07.707073 1628 Zone Garbage Stats: [60 3 0 1 3 18 7 6 2 10 10 0 ]
2026/04/19-18:17:07.707137 1628 Total Garbage Bytes: 376272101 bytes
2026/04/19-18:17:07.922366 1630 [DEBUG] Allocating zone(new=1) start: 0x208000000 wp: 0x208000000 lt: 3 file lt: 3
2026/04/19-18:17:07.922381 1630 [Zonestats:time(s),used_cap(MB),reclaimable_cap(MB), avg_reclaimable(%), active(#), active_zones(#), open_zones(#)] 425 2816 5503 66 5 6 4
2026/04/19-18:17:07.922390 1630 [DEBUG] Syncing metadata for: /db_working_home/000619.sst
2026/04/19-18:17:08.065968 1630 [DEBUG] Syncing metadata for: /db_working_home/000619.sst
2026/04/19-18:17:08.066740 1630 [DEBUG] Syncing metadata for: /db_working_home/000619.sst
2026/04/19-18:17:08.067726 1630 [DEBUG] New random access file: /db_working_home/000619.sst direct: 1
2026/04/19-18:17:08.068182 1630 [DEBUG] GetFileSize: /db_working_home/000619.sst 
2026/04/19-18:17:08.070627 1630 [DEBUG] Syncing metadata for: /db_working_home/MANIFEST-000228
2026/04/19-18:17:08.071281 1630 [DEBUG] GetFileSize: /db_working_home/000619.sst 
2026/04/19-18:17:08.076163 1630 [DEBUG] Syncing metadata for: /db_working_home/000613.log
2026/04/19-18:17:08.077113 1630 [DEBUG] DeleteFile: ./db_working_home/000542.sst 
2026/04/19-18:17:08.077981 1630 [Zonestats:time(s),used_cap(MB),reclaimable_cap(MB), avg_reclaimable(%), active(#), active_zones(#), open_zones(#)] 426 2829 5490 65 6 6 2
2026/04/19-18:17:08.078026 1630 [DEBUG] DeleteFile: ./db_working_home/000579.sst 
2026/04/19-18:17:08.078842 1630 [Zonestats:time(s),used_cap(MB),reclaimable_cap(MB), avg_reclaimable(%), active(#), active_zones(#), open_zones(#)] 426 2754 5437 66 6 6 2
2026/04/19-18:17:08.078878 1630 [DEBUG] DeleteFile: ./db_working_home/000589.sst 
2026/04/19-18:17:08.079739 1630 [Zonestats:time(s),used_cap(MB),reclaimable_cap(MB), avg_reclaimable(%), active(#), active_zones(#), open_zones(#)] 426 2687 5376 66 6 6 2
2026/04/19-18:17:08.079771 1630 [DEBUG] DeleteFile: ./db_working_home/000613.log 
2026/04/19-18:17:08.080558 1630 [Zonestats:time(s),used_cap(MB),reclaimable_cap(MB), avg_reclaimable(%), active(#), active_zones(#), open_zones(#)] 426 2671 5392 66 6 6 2
2026/04/19-18:17:08.080724 1630 [DEBUG] New writable file: /db_working_home/000622.sst direct: 1
2026/04/19-18:17:08.083552 1630 Entering Apply Finish Threshold Function
2026/04/19-18:17:08.083565 1630 Finishing zone: Entering Finish()
2026/04/19-18:17:08.183668 1626 [DEBUG] Allocating zone(new=0) start: 0x210000000 wp: 0x21160a800 lt: 3 file lt: 2
2026/04/19-18:17:08.183682 1626 [DEBUG] Syncing metadata for: /db_working_home/000621.log
2026/04/19-18:17:08.707331 1628 Zone Garbage Stats: [62 3 0 1 3 16 7 6 2 11 9 0 ]
2026/04/19-18:17:08.707348 1628 Total Garbage Bytes: 359916375 bytes
2026/04/19-18:17:08.994288 1629 [DEBUG] Allocating zone(new=1) start: 0xf0000000 wp: 0xf0000000 lt: 5 file lt: 5
2026/04/19-18:17:08.994306 1629 [Zonestats:time(s),used_cap(MB),reclaimable_cap(MB), avg_reclaimable(%), active(#), active_zones(#), open_zones(#)] 426 2679 5384 66 5 6 4
2026/04/19-18:17:08.994317 1629 [DEBUG] Syncing metadata for: /db_working_home/000620.sst
2026/04/19-18:17:09.676374 1629 [DEBUG] Syncing metadata for: /db_working_home/000620.sst
2026/04/19-18:17:09.677360 1629 [DEBUG] Syncing metadata for: /db_working_home/000620.sst
2026/04/19-18:17:09.678600 1629 [DEBUG] GetFileSize: /db_working_home/000620.sst 
2026/04/19-18:17:09.678637 1629 [DEBUG] New writable file: /db_working_home/000623.sst direct: 1
2026/04/19-18:17:09.685275 1629 Entering Apply Finish Threshold Function
2026/04/19-18:17:09.685288 1629 Finishing zone: Entering Finish()
2026/04/19-18:17:09.707544 1628 Zone Garbage Stats: [61 3 0 1 3 16 7 6 2 12 9 0 ]
2026/04/19-18:17:09.707557 1628 Total Garbage Bytes: 359916698 bytes
2026/04/19-18:17:10.257080 1626 [DEBUG] New writable file: /db_working_home/000624.log direct: 0
2026/04/19-18:17:10.494250 1630 [DEBUG] Allocating zone(new=1) start: 0x110000000 wp: 0x110000000 lt: 3 file lt: 3
2026/04/19-18:17:10.494264 1630 [Zonestats:time(s),used_cap(MB),reclaimable_cap(MB), avg_reclaimable(%), active(#), active_zones(#), open_zones(#)] 428 2746 5445 66 5 6 4
2026/04/19-18:17:10.494273 1630 [DEBUG] Syncing metadata for: /db_working_home/000622.sst
2026/04/19-18:17:10.637551 1630 [DEBUG] Syncing metadata for: /db_working_home/000622.sst
2026/04/19-18:17:10.638369 1630 [DEBUG] Syncing metadata for: /db_working_home/000622.sst
2026/04/19-18:17:10.639363 1630 [DEBUG] New random access file: /db_working_home/000622.sst direct: 1
2026/04/19-18:17:10.639542 1630 [DEBUG] GetFileSize: /db_working_home/000622.sst 
2026/04/19-18:17:10.641638 1630 [DEBUG] Syncing metadata for: /db_working_home/MANIFEST-000228
2026/04/19-18:17:10.642301 1630 [DEBUG] GetFileSize: /db_working_home/000622.sst 
2026/04/19-18:17:10.647216 1630 [DEBUG] Syncing metadata for: /db_working_home/000617.log
2026/04/19-18:17:10.648095 1630 [DEBUG] DeleteFile: ./db_working_home/000617.log 
2026/04/19-18:17:10.649001 1630 [Zonestats:time(s),used_cap(MB),reclaimable_cap(MB), avg_reclaimable(%), active(#), active_zones(#), open_zones(#)] 428 2746 5445 66 5 5 2
2026/04/19-18:17:10.649158 1630 [DEBUG] New writable file: /db_working_home/000625.sst direct: 1
2026/04/19-18:17:10.651856 1630 Entering Apply Finish Threshold Function
2026/04/19-18:17:10.651867 1630 Finishing zone: Entering Finish()
2026/04/19-18:17:10.707772 1628 Zone Garbage Stats: [61 3 0 1 3 16 7 6 2 13 9 0 ]
2026/04/19-18:17:10.707787 1628 Total Garbage Bytes: 359916722 bytes
2026/04/19-18:17:10.764736 1626 [DEBUG] Allocating zone(new=1) start: 0xd0000000 wp: 0xd0000000 lt: 2 file lt: 2
2026/04/19-18:17:10.764749 1626 [DEBUG] Syncing metadata for: /db_working_home/000624.log
2026/04/19-18:17:10.973051 1629 [DEBUG] Allocating zone(new=1) start: 0x1d0000000 wp: 0x1d0000000 lt: 5 file lt: 5
2026/04/19-18:17:10.973068 1629 [Zonestats:time(s),used_cap(MB),reclaimable_cap(MB), avg_reclaimable(%), active(#), active_zones(#), open_zones(#)] 428 2748 5571 66 5 6 4
2026/04/19-18:17:10.973077 1629 [DEBUG] Syncing metadata for: /db_working_home/000623.sst
2026/04/19-18:17:11.693121 1629 [DEBUG] Syncing metadata for: /db_working_home/000623.sst
2026/04/19-18:17:11.694075 1629 [DEBUG] Syncing metadata for: /db_working_home/000623.sst
2026/04/19-18:17:11.695352 1629 [DEBUG] GetFileSize: /db_working_home/000623.sst 
2026/04/19-18:17:11.695388 1629 [DEBUG] New writable file: /db_working_home/000626.sst direct: 1
2026/04/19-18:17:11.702042 1629 Entering Apply Finish Threshold Function
2026/04/19-18:17:11.702057 1629 Finishing zone: Entering Finish()
2026/04/19-18:17:11.707971 1628 Zone Garbage Stats: [59 3 0 1 3 16 8 6 2 13 9 0 ]
2026/04/19-18:17:11.707984 1628 Total Garbage Bytes: 359917011 bytes
2026/04/19-18:17:12.708177 1628 Zone Garbage Stats: [59 3 0 1 3 16 8 6 2 13 9 0 ]
2026/04/19-18:17:12.708276 1628 Total Garbage Bytes: 359917011 bytes
2026/04/19-18:17:12.877114 1626 [DEBUG] New writable file: /db_working_home/000627.log direct: 0
2026/04/19-18:17:12.952099 1629 [DEBUG] Allocating zone(new=1) start: 0x220000000 wp: 0x220000000 lt: 5 file lt: 5
2026/04/19-18:17:12.952113 1629 [Zonestats:time(s),used_cap(MB),reclaimable_cap(MB), avg_reclaimable(%), active(#), active_zones(#), open_zones(#)] 430 2821 5626 66 5 6 4
2026/04/19-18:17:12.952121 1629 [DEBUG] Syncing metadata for: /db_working_home/000626.sst
2026/04/19-18:17:13.240512 1630 [DEBUG] Allocating zone(new=1) start: 0x230000000 wp: 0x230000000 lt: 3 file lt: 3
2026/04/19-18:17:13.240530 1630 [Zonestats:time(s),used_cap(MB),reclaimable_cap(MB), avg_reclaimable(%), active(#), active_zones(#), open_zones(#)] 431 2821 5626 66 5 6 5
2026/04/19-18:17:13.240539 1630 [DEBUG] Syncing metadata for: /db_working_home/000625.sst
2026/04/19-18:17:13.445322 1630 [DEBUG] Syncing metadata for: /db_working_home/000625.sst
2026/04/19-18:17:13.447771 1630 [DEBUG] Syncing metadata for: /db_working_home/000625.sst
2026/04/19-18:17:13.448433 1630 [DEBUG] New random access file: /db_working_home/000625.sst direct: 1
2026/04/19-18:17:13.448616 1630 [DEBUG] GetFileSize: /db_working_home/000625.sst 
2026/04/19-18:17:13.456923 1630 [DEBUG] Syncing metadata for: /db_working_home/MANIFEST-000228
2026/04/19-18:17:13.457622 1630 [DEBUG] GetFileSize: /db_working_home/000625.sst 
2026/04/19-18:17:13.469579 1630 [DEBUG] Syncing metadata for: /db_working_home/000621.log
2026/04/19-18:17:13.470283 1630 [DEBUG] DeleteFile: ./db_working_home/000621.log 
2026/04/19-18:17:13.471878 1630 [Zonestats:time(s),used_cap(MB),reclaimable_cap(MB), avg_reclaimable(%), active(#), active_zones(#), open_zones(#)] 431 2822 5753 67 6 6 3
2026/04/19-18:17:13.472070 1630 [DEBUG] New writable file: /db_working_home/000628.sst direct: 1
2026/04/19-18:17:13.475164 1630 Entering Apply Finish Threshold Function
2026/04/19-18:17:13.475177 1630 Finishing zone: Entering Finish()
2026/04/19-18:17:13.636127 1629 [DEBUG] Syncing metadata for: /db_working_home/000626.sst
2026/04/19-18:17:13.637120 1629 [DEBUG] Syncing metadata for: /db_working_home/000626.sst
2026/04/19-18:17:13.638377 1629 [DEBUG] GetFileSize: /db_working_home/000626.sst 
2026/04/19-18:17:13.639529 1629 [DEBUG] New random access file: /db_working_home/000620.sst direct: 1
2026/04/19-18:17:13.640142 1629 [DEBUG] GetFileSize: /db_working_home/000620.sst 
2026/04/19-18:17:13.640320 1629 [DEBUG] New random access file: /db_working_home/000623.sst direct: 1
2026/04/19-18:17:13.640927 1629 [DEBUG] GetFileSize: /db_working_home/000623.sst 
2026/04/19-18:17:13.641063 1629 [DEBUG] New random access file: /db_working_home/000626.sst direct: 1
2026/04/19-18:17:13.641671 1629 [DEBUG] GetFileSize: /db_working_home/000626.sst 
2026/04/19-18:17:13.642812 1629 [DEBUG] Syncing metadata for: /db_working_home/MANIFEST-000228
2026/04/19-18:17:13.665514 1629 [DEBUG] New writable file: /db_working_home/000629.sst direct: 1
2026/04/19-18:17:13.669096 1629 Entering Apply Finish Threshold Function
2026/04/19-18:17:13.669110 1629 Finishing zone: Entering Finish()
2026/04/19-18:17:13.695030 1626 [DEBUG] Allocating zone(new=0) start: 0x230000000 wp: 0x230f55000 lt: 3 file lt: 2
2026/04/19-18:17:13.695042 1626 [DEBUG] Syncing metadata for: /db_working_home/000627.log
2026/04/19-18:17:13.708473 1628 Zone Garbage Stats: [57 3 0 1 3 16 9 6 2 14 9 0 ]
2026/04/19-18:17:13.708486 1628 Total Garbage Bytes: 359917609 bytes
2026/04/19-18:17:14.708673 1628 Zone Garbage Stats: [57 3 0 1 3 16 9 6 2 14 9 0 ]
2026/04/19-18:17:14.708691 1628 Total Garbage Bytes: 359917609 bytes
2026/04/19-18:17:15.095803 1629 [DEBUG] Allocating zone(new=1) start: 0x238000000 wp: 0x238000000 lt: 3 file lt: 3
2026/04/19-18:17:15.095822 1629 [Zonestats:time(s),used_cap(MB),reclaimable_cap(MB), avg_reclaimable(%), active(#), active_zones(#), open_zones(#)] 433 2886 5817 66 5 6 4
2026/04/19-18:17:15.095831 1629 [DEBUG] Syncing metadata for: /db_working_home/000629.sst
2026/04/19-18:17:15.446341 1630 [DEBUG] Allocating zone(new=1) start: 0x240000000 wp: 0x240000000 lt: 3 file lt: 3
2026/04/19-18:17:15.446358 1630 [Zonestats:time(s),used_cap(MB),reclaimable_cap(MB), avg_reclaimable(%), active(#), active_zones(#), open_zones(#)] 433 2887 5816 66 5 6 5
2026/04/19-18:17:15.446367 1630 [DEBUG] Syncing metadata for: /db_working_home/000628.sst
2026/04/19-18:17:15.645973 1630 [DEBUG] Syncing metadata for: /db_working_home/000628.sst
2026/04/19-18:17:15.653446 1630 [DEBUG] Syncing metadata for: /db_working_home/000628.sst
2026/04/19-18:17:15.654106 1630 [DEBUG] New random access file: /db_working_home/000628.sst direct: 1
2026/04/19-18:17:15.654297 1630 [DEBUG] GetFileSize: /db_working_home/000628.sst 
2026/04/19-18:17:15.663498 1630 [DEBUG] Syncing metadata for: /db_working_home/MANIFEST-000228
2026/04/19-18:17:15.664290 1630 [DEBUG] GetFileSize: /db_working_home/000628.sst 
2026/04/19-18:17:15.669044 1630 [DEBUG] Syncing metadata for: /db_working_home/000624.log
2026/04/19-18:17:15.672233 1630 [DEBUG] DeleteFile: ./db_working_home/000448.sst 
2026/04/19-18:17:15.679855 1630 [Zonestats:time(s),used_cap(MB),reclaimable_cap(MB), avg_reclaimable(%), active(#), active_zones(#), open_zones(#)] 433 2842 5861 67 6 6 3
2026/04/19-18:17:15.679910 1630 [DEBUG] DeleteFile: ./db_working_home/000551.sst 
2026/04/19-18:17:15.680578 1630 [Zonestats:time(s),used_cap(MB),reclaimable_cap(MB), avg_reclaimable(%), active(#), active_zones(#), open_zones(#)] 433 2798 5777 67 6 6 3
2026/04/19-18:17:15.680614 1630 [DEBUG] DeleteFile: ./db_working_home/000554.sst 
2026/04/19-18:17:15.681268 1630 [Zonestats:time(s),used_cap(MB),reclaimable_cap(MB), avg_reclaimable(%), active(#), active_zones(#), open_zones(#)] 433 2796 5651 66 6 6 3
2026/04/19-18:17:15.681302 1630 [DEBUG] DeleteFile: ./db_working_home/000576.sst 
2026/04/19-18:17:15.681959 1630 [Zonestats:time(s),used_cap(MB),reclaimable_cap(MB), avg_reclaimable(%), active(#), active_zones(#), open_zones(#)] 433 2708 5611 67 6 6 3
2026/04/19-18:17:15.681991 1630 [DEBUG] DeleteFile: ./db_working_home/000624.log 
2026/04/19-18:17:15.689594 1630 [Zonestats:time(s),used_cap(MB),reclaimable_cap(MB), avg_reclaimable(%), active(#), active_zones(#), open_zones(#)] 433 2693 5498 67 5 5 3
2026/04/19-18:17:15.708869 1628 Zone Garbage Stats: [60 4 0 1 2 16 9 5 2 14 9 0 ]
2026/04/19-18:17:15.708882 1628 Total Garbage Bytes: 271217185 bytes
2026/04/19-18:17:15.754852 1629 [DEBUG] Syncing metadata for: /db_working_home/000629.sst
2026/04/19-18:17:15.755432 1629 [DEBUG] Syncing metadata for: /db_working_home/000629.sst
2026/04/19-18:17:15.756259 1629 [DEBUG] GetFileSize: /db_working_home/000629.sst 
2026/04/19-18:17:15.756293 1629 [DEBUG] New writable file: /db_working_home/000630.sst direct: 1
2026/04/19-18:17:15.759501 1629 Entering Apply Finish Threshold Function
2026/04/19-18:17:15.759513 1629 Finishing zone: Entering Finish()
2026/04/19-18:17:15.882371 1626 [DEBUG] New writable file: /db_working_home/000631.log direct: 0
2026/04/19-18:17:15.883449 1630 [DEBUG] New writable file: /db_working_home/000632.sst direct: 1
2026/04/19-18:17:15.886380 1630 Entering Apply Finish Threshold Function
2026/04/19-18:17:15.886394 1630 Finishing zone: Entering Finish()
2026/04/19-18:17:16.018543 1626 [DEBUG] Allocating zone(new=1) start: 0xd0000000 wp: 0xd0000000 lt: 2 file lt: 2
2026/04/19-18:17:16.018555 1626 [DEBUG] Syncing metadata for: /db_working_home/000631.log
2026/04/19-18:17:16.709078 1628 Zone Garbage Stats: [59 3 0 1 2 16 9 5 2 14 9 0 ]
2026/04/19-18:17:16.709095 1628 Total Garbage Bytes: 271216710 bytes
2026/04/19-18:17:17.139980 1629 [DEBUG] Allocating zone(new=1) start: 0x118000000 wp: 0x118000000 lt: 3 file lt: 3
2026/04/19-18:17:17.139998 1629 [Zonestats:time(s),used_cap(MB),reclaimable_cap(MB), avg_reclaimable(%), active(#), active_zones(#), open_zones(#)] 435 2754 5693 67 5 6 4
2026/04/19-18:17:17.140007 1629 [DEBUG] Syncing metadata for: /db_working_home/000630.sst
2026/04/19-18:17:17.709294 1628 Zone Garbage Stats: [58 3 0 1 2 16 9 6 2 14 9 0 ]
2026/04/19-18:17:17.709378 1628 Total Garbage Bytes: 271216727 bytes
2026/04/19-18:17:17.951237 1629 [DEBUG] Syncing metadata for: /db_working_home/000630.sst
2026/04/19-18:17:17.952126 1629 [DEBUG] Syncing metadata for: /db_working_home/000630.sst
2026/04/19-18:17:17.953184 1629 [DEBUG] GetFileSize: /db_working_home/000630.sst 
2026/04/19-18:17:17.953229 1629 [DEBUG] New writable file: /db_working_home/000633.sst direct: 1
2026/04/19-18:17:17.956753 1629 Entering Apply Finish Threshold Function
2026/04/19-18:17:17.956764 1629 Finishing zone: Entering Finish()
2026/04/19-18:17:18.381615 1630 [DEBUG] Allocating zone(new=1) start: 0x168000000 wp: 0x168000000 lt: 3 file lt: 3
2026/04/19-18:17:18.381632 1630 [Zonestats:time(s),used_cap(MB),reclaimable_cap(MB), avg_reclaimable(%), active(#), active_zones(#), open_zones(#)] 436 2823 5752 67 5 6 4
2026/04/19-18:17:18.381642 1630 [DEBUG] Syncing metadata for: /db_working_home/000632.sst
2026/04/19-18:17:18.526361 1626 [DEBUG] New writable file: /db_working_home/000634.log direct: 0
2026/04/19-18:17:18.528809 1630 [DEBUG] Syncing metadata for: /db_working_home/000632.sst
2026/04/19-18:17:18.530102 1630 [DEBUG] Syncing metadata for: /db_working_home/000632.sst
2026/04/19-18:17:18.531081 1630 [DEBUG] New random access file: /db_working_home/000632.sst direct: 1
2026/04/19-18:17:18.531264 1630 [DEBUG] GetFileSize: /db_working_home/000632.sst 
2026/04/19-18:17:18.533372 1630 [DEBUG] Syncing metadata for: /db_working_home/MANIFEST-000228
2026/04/19-18:17:18.534036 1630 [DEBUG] GetFileSize: /db_working_home/000632.sst 
2026/04/19-18:17:18.538953 1630 [DEBUG] Syncing metadata for: /db_working_home/000627.log
2026/04/19-18:17:18.539809 1630 [DEBUG] DeleteFile: ./db_working_home/000627.log 
2026/04/19-18:17:18.540608 1630 [Zonestats:time(s),used_cap(MB),reclaimable_cap(MB), avg_reclaimable(%), active(#), active_zones(#), open_zones(#)] 436 2823 5880 67 6 6 2
2026/04/19-18:17:18.540759 1630 [DEBUG] New writable file: /db_working_home/000635.sst direct: 1
2026/04/19-18:17:18.543493 1630 Entering Apply Finish Threshold Function
2026/04/19-18:17:18.543504 1630 Finishing zone: Entering Finish()
2026/04/19-18:17:18.679020 1626 [DEBUG] Allocating zone(new=0) start: 0x230000000 wp: 0x231eed200 lt: 3 file lt: 2
2026/04/19-18:17:18.679034 1626 [DEBUG] Syncing metadata for: /db_working_home/000634.log
2026/04/19-18:17:18.709573 1628 Zone Garbage Stats: [57 3 0 1 2 16 9 6 2 15 9 0 ]
2026/04/19-18:17:18.709586 1628 Total Garbage Bytes: 271217202 bytes
2026/04/19-18:17:19.259707 1629 [DEBUG] Allocating zone(new=1) start: 0x170000000 wp: 0x170000000 lt: 3 file lt: 3
2026/04/19-18:17:19.259725 1629 [Zonestats:time(s),used_cap(MB),reclaimable_cap(MB), avg_reclaimable(%), active(#), active_zones(#), open_zones(#)] 437 2827 5876 67 5 6 4
2026/04/19-18:17:19.259735 1629 [DEBUG] Syncing metadata for: /db_working_home/000633.sst
2026/04/19-18:17:19.486560 1629 [DEBUG] Syncing metadata for: /db_working_home/000633.sst
2026/04/19-18:17:19.487256 1629 [DEBUG] Syncing metadata for: /db_working_home/000633.sst
2026/04/19-18:17:19.488544 1629 [DEBUG] GetFileSize: /db_working_home/000633.sst 
2026/04/19-18:17:19.489785 1629 [DEBUG] New random access file: /db_working_home/000629.sst direct: 1
2026/04/19-18:17:19.490496 1629 [DEBUG] GetFileSize: /db_working_home/000629.sst 
2026/04/19-18:17:19.490670 1629 [DEBUG] New random access file: /db_working_home/000630.sst direct: 1
2026/04/19-18:17:19.491255 1629 [DEBUG] GetFileSize: /db_working_home/000630.sst 
2026/04/19-18:17:19.491394 1629 [DEBUG] New random access file: /db_working_home/000633.sst direct: 1
2026/04/19-18:17:19.491972 1629 [DEBUG] GetFileSize: /db_working_home/000633.sst 
2026/04/19-18:17:19.493188 1629 [DEBUG] Syncing metadata for: /db_working_home/MANIFEST-000228
2026/04/19-18:17:19.494922 1629 [DEBUG] Syncing metadata for: /db_working_home/MANIFEST-000228
2026/04/19-18:17:19.499736 1629 [DEBUG] New writable file: /db_working_home/000636.sst direct: 1
2026/04/19-18:17:19.503052 1629 Entering Apply Finish Threshold Function
2026/04/19-18:17:19.503064 1629 Finishing zone: Entering Finish()
2026/04/19-18:17:19.709774 1628 Zone Garbage Stats: [56 3 0 1 2 16 10 6 2 15 9 0 ]
2026/04/19-18:17:19.709791 1628 Total Garbage Bytes: 271217411 bytes
2026/04/19-18:17:20.430211 1626 [DEBUG] New writable file: /db_working_home/000637.log direct: 0
2026/04/19-18:17:20.689534 1630 [DEBUG] Allocating zone(new=1) start: 0x200000000 wp: 0x200000000 lt: 3 file lt: 3
2026/04/19-18:17:20.689549 1630 [Zonestats:time(s),used_cap(MB),reclaimable_cap(MB), avg_reclaimable(%), active(#), active_zones(#), open_zones(#)] 438 2857 5974 67 5 6 4
2026/04/19-18:17:20.689557 1630 [DEBUG] Syncing metadata for: /db_working_home/000635.sst
2026/04/19-18:17:20.709988 1628 Zone Garbage Stats: [55 3 0 1 2 16 10 6 2 16 9 0 ]
2026/04/19-18:17:20.710001 1628 Total Garbage Bytes: 271217475 bytes
2026/04/19-18:17:20.833312 1630 [DEBUG] Syncing metadata for: /db_working_home/000635.sst
2026/04/19-18:17:20.833888 1630 [DEBUG] Syncing metadata for: /db_working_home/000635.sst
2026/04/19-18:17:20.834875 1630 [DEBUG] New random access file: /db_working_home/000635.sst direct: 1
2026/04/19-18:17:20.835054 1630 [DEBUG] GetFileSize: /db_working_home/000635.sst 
2026/04/19-18:17:20.837685 1630 [DEBUG] Syncing metadata for: /db_working_home/MANIFEST-000228
2026/04/19-18:17:20.838331 1630 [DEBUG] GetFileSize: /db_working_home/000635.sst 
2026/04/19-18:17:20.843692 1630 [DEBUG] Syncing metadata for: /db_working_home/000631.log
2026/04/19-18:17:20.844467 1630 [DEBUG] DeleteFile: ./db_working_home/000608.sst 
2026/04/19-18:17:20.845149 1630 [Zonestats:time(s),used_cap(MB),reclaimable_cap(MB), avg_reclaimable(%), active(#), active_zones(#), open_zones(#)] 438 2857 5974 67 6 6 2
2026/04/19-18:17:20.845207 1630 [DEBUG] DeleteFile: ./db_working_home/000610.sst 
2026/04/19-18:17:20.846043 1630 [Zonestats:time(s),used_cap(MB),reclaimable_cap(MB), avg_reclaimable(%), active(#), active_zones(#), open_zones(#)] 438 2818 5885 67 6 6 2
2026/04/19-18:17:20.846079 1630 [DEBUG] DeleteFile: ./db_working_home/000611.sst 
2026/04/19-18:17:20.846924 1630 [Zonestats:time(s),used_cap(MB),reclaimable_cap(MB), avg_reclaimable(%), active(#), active_zones(#), open_zones(#)] 438 2803 5772 67 6 6 2
2026/04/19-18:17:20.846957 1630 [DEBUG] DeleteFile: ./db_working_home/000612.sst 
2026/04/19-18:17:20.847823 1630 [Zonestats:time(s),used_cap(MB),reclaimable_cap(MB), avg_reclaimable(%), active(#), active_zones(#), open_zones(#)] 438 2797 5650 66 6 6 2
2026/04/19-18:17:20.847855 1630 [DEBUG] DeleteFile: ./db_working_home/000615.sst 
2026/04/19-18:17:20.848722 1630 [Zonestats:time(s),used_cap(MB),reclaimable_cap(MB), avg_reclaimable(%), active(#), active_zones(#), open_zones(#)] 438 2781 5538 66 6 6 2
2026/04/19-18:17:20.848756 1630 [DEBUG] DeleteFile: ./db_working_home/000619.sst 
2026/04/19-18:17:20.849624 1630 [Zonestats:time(s),used_cap(MB),reclaimable_cap(MB), avg_reclaimable(%), active(#), active_zones(#), open_zones(#)] 438 2766 5425 66 6 6 2
2026/04/19-18:17:20.849656 1630 [DEBUG] DeleteFile: ./db_working_home/000622.sst 
2026/04/19-18:17:20.850524 1630 [Zonestats:time(s),used_cap(MB),reclaimable_cap(MB), avg_reclaimable(%), active(#), active_zones(#), open_zones(#)] 438 2751 5312 65 6 6 2
2026/04/19-18:17:20.850556 1630 [DEBUG] DeleteFile: ./db_working_home/000625.sst 
2026/04/19-18:17:20.851339 1630 [Zonestats:time(s),used_cap(MB),reclaimable_cap(MB), avg_reclaimable(%), active(#), active_zones(#), open_zones(#)] 438 2735 5328 66 6 6 2
2026/04/19-18:17:20.851369 1630 [DEBUG] DeleteFile: ./db_working_home/000631.log 
2026/04/19-18:17:20.852017 1630 [Zonestats:time(s),used_cap(MB),reclaimable_cap(MB), avg_reclaimable(%), active(#), active_zones(#), open_zones(#)] 438 2720 5215 65 5 5 2
2026/04/19-18:17:20.852209 1630 [DEBUG] New writable file: /db_working_home/000638.sst direct: 1
2026/04/19-18:17:20.854921 1630 Entering Apply Finish Threshold Function
2026/04/19-18:17:20.854934 1630 Finishing zone: Entering Finish()
2026/04/19-18:17:20.950976 1626 [DEBUG] Allocating zone(new=1) start: 0xd0000000 wp: 0xd0000000 lt: 2 file lt: 2
2026/04/19-18:17:20.950990 1626 [DEBUG] Syncing metadata for: /db_working_home/000637.log
2026/04/19-18:17:21.557691 1629 [DEBUG] Allocating zone(new=1) start: 0x110000000 wp: 0x110000000 lt: 5 file lt: 5
2026/04/19-18:17:21.557709 1629 [Zonestats:time(s),used_cap(MB),reclaimable_cap(MB), avg_reclaimable(%), active(#), active_zones(#), open_zones(#)] 439 2726 5337 66 5 6 4
2026/04/19-18:17:21.557721 1629 [DEBUG] Syncing metadata for: /db_working_home/000636.sst
2026/04/19-18:17:21.710205 1628 Zone Garbage Stats: [61 3 0 1 2 16 10 5 2 12 8 0 ]
2026/04/19-18:17:21.710221 1628 Total Garbage Bytes: 238510757 bytes
2026/04/19-18:17:21.727978 1629 [DEBUG] Syncing metadata for: /db_working_home/000636.sst
2026/04/19-18:17:21.728947 1629 [DEBUG] Syncing metadata for: /db_working_home/000636.sst
2026/04/19-18:17:21.730224 1629 [DEBUG] GetFileSize: /db_working_home/000636.sst 
2026/04/19-18:17:21.731297 1629 [DEBUG] New random access file: /db_working_home/000636.sst direct: 1
2026/04/19-18:17:21.731903 1629 [DEBUG] GetFileSize: /db_working_home/000636.sst 
2026/04/19-18:17:21.733003 1629 [DEBUG] Syncing metadata for: /db_working_home/MANIFEST-000228
2026/04/19-18:17:21.740005 1629 [DEBUG] New writable file: /db_working_home/000639.sst direct: 1
2026/04/19-18:17:21.743555 1629 Entering Apply Finish Threshold Function
2026/04/19-18:17:21.743566 1629 Finishing zone: Entering Finish()
2026/04/19-18:17:22.502929 1626 [DEBUG] New writable file: /db_working_home/000640.log direct: 0
2026/04/19-18:17:22.710407 1628 Zone Garbage Stats: [61 3 0 1 2 16 10 5 2 12 8 0 ]
2026/04/19-18:17:22.710472 1628 Total Garbage Bytes: 238510757 bytes
2026/04/19-18:17:22.946534 1630 [DEBUG] Allocating zone(new=1) start: 0x128000000 wp: 0x128000000 lt: 3 file lt: 3
2026/04/19-18:17:22.946549 1630 [Zonestats:time(s),used_cap(MB),reclaimable_cap(MB), avg_reclaimable(%), active(#), active_zones(#), open_zones(#)] 440 2750 5441 66 5 6 4
2026/04/19-18:17:22.946557 1630 [DEBUG] Syncing metadata for: /db_working_home/000638.sst
2026/04/19-18:17:23.089872 1630 [DEBUG] Syncing metadata for: /db_working_home/000638.sst
2026/04/19-18:17:23.090661 1630 [DEBUG] Syncing metadata for: /db_working_home/000638.sst
2026/04/19-18:17:23.091647 1630 [DEBUG] New random access file: /db_working_home/000638.sst direct: 1
2026/04/19-18:17:23.092104 1630 [DEBUG] GetFileSize: /db_working_home/000638.sst 
2026/04/19-18:17:23.094523 1630 [DEBUG] Syncing metadata for: /db_working_home/MANIFEST-000228
2026/04/19-18:17:23.095164 1630 [DEBUG] GetFileSize: /db_working_home/000638.sst 
2026/04/19-18:17:23.100107 1630 [DEBUG] Syncing metadata for: /db_working_home/000634.log
2026/04/19-18:17:23.101064 1630 [DEBUG] DeleteFile: ./db_working_home/000582.sst 
2026/04/19-18:17:23.101948 1630 [Zonestats:time(s),used_cap(MB),reclaimable_cap(MB), avg_reclaimable(%), active(#), active_zones(#), open_zones(#)] 441 2766 5425 66 6 6 2
2026/04/19-18:17:23.101992 1630 [DEBUG] DeleteFile: ./db_working_home/000602.sst 
2026/04/19-18:17:23.102809 1630 [Zonestats:time(s),used_cap(MB),reclaimable_cap(MB), avg_reclaimable(%), active(#), active_zones(#), open_zones(#)] 441 2751 5312 65 6 6 2
2026/04/19-18:17:23.102842 1630 [DEBUG] DeleteFile: ./db_working_home/000634.log 
2026/04/19-18:17:23.103485 1630 [Zonestats:time(s),used_cap(MB),reclaimable_cap(MB), avg_reclaimable(%), active(#), active_zones(#), open_zones(#)] 441 2735 5200 65 5 5 2
2026/04/19-18:17:23.103656 1630 [DEBUG] New writable file: /db_working_home/000641.sst direct: 1
2026/04/19-18:17:23.106397 1630 Entering Apply Finish Threshold Function
2026/04/19-18:17:23.106408 1630 Finishing zone: Entering Finish()
2026/04/19-18:17:23.190915 1626 [DEBUG] Allocating zone(new=1) start: 0x148000000 wp: 0x148000000 lt: 2 file lt: 2
2026/04/19-18:17:23.190929 1626 [DEBUG] Syncing metadata for: /db_working_home/000640.log
2026/04/19-18:17:23.710662 1628 Zone Garbage Stats: [62 3 0 1 2 16 10 5 2 12 7 0 ]
2026/04/19-18:17:23.710680 1628 Total Garbage Bytes: 197494044 bytes
2026/04/19-18:17:23.815529 1629 [DEBUG] Allocating zone(new=1) start: 0x150000000 wp: 0x150000000 lt: 5 file lt: 5
2026/04/19-18:17:23.815546 1629 [Zonestats:time(s),used_cap(MB),reclaimable_cap(MB), avg_reclaimable(%), active(#), active_zones(#), open_zones(#)] 441 2741 5322 66 5 6 4
2026/04/19-18:17:23.815556 1629 [DEBUG] Syncing metadata for: /db_working_home/000639.sst
2026/04/19-18:17:24.125431 1629 [DEBUG] Syncing metadata for: /db_working_home/000639.sst
2026/04/19-18:17:24.126014 1629 [DEBUG] Syncing metadata for: /db_working_home/000639.sst
2026/04/19-18:17:24.127266 1629 [DEBUG] GetFileSize: /db_working_home/000639.sst 
2026/04/19-18:17:24.128429 1629 [DEBUG] New random access file: /db_working_home/000639.sst direct: 1
2026/04/19-18:17:24.135554 1629 [DEBUG] GetFileSize: /db_working_home/000639.sst 
2026/04/19-18:17:24.136727 1629 [DEBUG] Syncing metadata for: /db_working_home/MANIFEST-000228
2026/04/19-18:17:24.143970 1629 [DEBUG] New writable file: /db_working_home/000642.sst direct: 1
2026/04/19-18:17:24.147673 1629 Entering Apply Finish Threshold Function
2026/04/19-18:17:24.147685 1629 Finishing zone: Entering Finish()
2026/04/19-18:17:24.710873 1628 Zone Garbage Stats: [61 3 0 1 2 16 10 5 2 13 7 0 ]
2026/04/19-18:17:24.710891 1628 Total Garbage Bytes: 197494462 bytes
2026/04/19-18:17:24.947289 1626 [DEBUG] New writable file: /db_working_home/000643.log direct: 0
2026/04/19-18:17:25.292409 1630 [DEBUG] Allocating zone(new=1) start: 0x1a0000000 wp: 0x1a0000000 lt: 3 file lt: 3
2026/04/19-18:17:25.292423 1630 [Zonestats:time(s),used_cap(MB),reclaimable_cap(MB), avg_reclaimable(%), active(#), active_zones(#), open_zones(#)] 443 2776 5415 66 5 6 4
2026/04/19-18:17:25.292432 1630 [DEBUG] Syncing metadata for: /db_working_home/000641.sst
2026/04/19-18:17:25.436110 1630 [DEBUG] Syncing metadata for: /db_working_home/000641.sst
2026/04/19-18:17:25.436921 1630 [DEBUG] Syncing metadata for: /db_working_home/000641.sst
2026/04/19-18:17:25.437907 1630 [DEBUG] New random access file: /db_working_home/000641.sst direct: 1
2026/04/19-18:17:25.438364 1630 [DEBUG] GetFileSize: /db_working_home/000641.sst 
2026/04/19-18:17:25.440807 1630 [DEBUG] Syncing metadata for: /db_working_home/MANIFEST-000228
2026/04/19-18:17:25.441450 1630 [DEBUG] GetFileSize: /db_working_home/000641.sst 
2026/04/19-18:17:25.446389 1630 [DEBUG] Syncing metadata for: /db_working_home/000637.log
2026/04/19-18:17:25.447357 1630 [DEBUG] DeleteFile: ./db_working_home/000544.sst 
2026/04/19-18:17:25.448225 1630 [Zonestats:time(s),used_cap(MB),reclaimable_cap(MB), avg_reclaimable(%), active(#), active_zones(#), open_zones(#)] 443 2792 5399 65 6 6 2
2026/04/19-18:17:25.448270 1630 [DEBUG] DeleteFile: ./db_working_home/000597.sst 
2026/04/19-18:17:25.449093 1630 [Zonestats:time(s),used_cap(MB),reclaimable_cap(MB), avg_reclaimable(%), active(#), active_zones(#), open_zones(#)] 443 2772 5291 65 6 6 2
2026/04/19-18:17:25.449127 1630 [DEBUG] DeleteFile: ./db_working_home/000637.log 
2026/04/19-18:17:25.449770 1630 [Zonestats:time(s),used_cap(MB),reclaimable_cap(MB), avg_reclaimable(%), active(#), active_zones(#), open_zones(#)] 443 2757 5178 65 5 5 2
2026/04/19-18:17:25.449966 1630 [DEBUG] New writable file: /db_working_home/000644.sst direct: 1
2026/04/19-18:17:25.452634 1630 Entering Apply Finish Threshold Function
2026/04/19-18:17:25.452646 1630 Finishing zone: Entering Finish()
2026/04/19-18:17:25.547004 1626 [DEBUG] Allocating zone(new=1) start: 0xd0000000 wp: 0xd0000000 lt: 2 file lt: 2
2026/04/19-18:17:25.547018 1626 [DEBUG] Syncing metadata for: /db_working_home/000643.log
2026/04/19-18:17:25.711082 1628 Zone Garbage Stats: [62 3 0 1 2 16 10 5 2 13 6 0 ]
2026/04/19-18:17:25.711099 1628 Total Garbage Bytes: 181424406 bytes
2026/04/19-18:17:26.022848 1629 [DEBUG] Allocating zone(new=1) start: 0x140000000 wp: 0x140000000 lt: 5 file lt: 5
2026/04/19-18:17:26.022866 1629 [Zonestats:time(s),used_cap(MB),reclaimable_cap(MB), avg_reclaimable(%), active(#), active_zones(#), open_zones(#)] 444 2761 5302 65 5 6 4
2026/04/19-18:17:26.022875 1629 [DEBUG] Syncing metadata for: /db_working_home/000642.sst
2026/04/19-18:17:26.711291 1628 Zone Garbage Stats: [61 3 0 1 2 16 10 5 3 13 6 0 ]
2026/04/19-18:17:26.711307 1628 Total Garbage Bytes: 181424510 bytes
2026/04/19-18:17:26.800297 1629 [DEBUG] Syncing metadata for: /db_working_home/000642.sst
2026/04/19-18:17:26.801363 1629 [DEBUG] Syncing metadata for: /db_working_home/000642.sst
2026/04/19-18:17:26.802623 1629 [DEBUG] GetFileSize: /db_working_home/000642.sst 
2026/04/19-18:17:26.802657 1629 [DEBUG] New writable file: /db_working_home/000645.sst direct: 1
2026/04/19-18:17:26.806214 1629 Entering Apply Finish Threshold Function
2026/04/19-18:17:26.806227 1629 Finishing zone: Entering Finish()
2026/04/19-18:17:27.711500 1628 Zone Garbage Stats: [61 3 0 1 2 16 10 5 3 13 6 0 ]
2026/04/19-18:17:27.711579 1628 Total Garbage Bytes: 181424510 bytes
2026/04/19-18:17:27.731924 1626 [DEBUG] New writable file: /db_working_home/000646.log direct: 0
2026/04/19-18:17:27.927757 1630 [DEBUG] Allocating zone(new=1) start: 0x1b8000000 wp: 0x1b8000000 lt: 3 file lt: 3
2026/04/19-18:17:27.927773 1630 [Zonestats:time(s),used_cap(MB),reclaimable_cap(MB), avg_reclaimable(%), active(#), active_zones(#), open_zones(#)] 445 2836 5355 65 5 6 4
2026/04/19-18:17:27.927783 1630 [DEBUG] Syncing metadata for: /db_working_home/000644.sst
2026/04/19-18:17:27.976193 1629 [DEBUG] Allocating zone(new=1) start: 0x1f0000000 wp: 0x1f0000000 lt: 5 file lt: 5
2026/04/19-18:17:27.976209 1629 [Zonestats:time(s),used_cap(MB),reclaimable_cap(MB), avg_reclaimable(%), active(#), active_zones(#), open_zones(#)] 445 2836 5355 65 5 6 5
2026/04/19-18:17:27.976218 1629 [DEBUG] Syncing metadata for: /db_working_home/000645.sst
2026/04/19-18:17:28.113958 1630 [DEBUG] Syncing metadata for: /db_working_home/000644.sst
2026/04/19-18:17:28.121400 1630 [DEBUG] Syncing metadata for: /db_working_home/000644.sst
2026/04/19-18:17:28.122050 1630 [DEBUG] New random access file: /db_working_home/000644.sst direct: 1
2026/04/19-18:17:28.122231 1630 [DEBUG] GetFileSize: /db_working_home/000644.sst 
2026/04/19-18:17:28.125424 1630 [DEBUG] Syncing metadata for: /db_working_home/MANIFEST-000228
2026/04/19-18:17:28.126081 1630 [DEBUG] GetFileSize: /db_working_home/000644.sst 
2026/04/19-18:17:28.137759 1630 [DEBUG] Syncing metadata for: /db_working_home/000640.log
2026/04/19-18:17:28.145456 1630 [DEBUG] DeleteFile: ./db_working_home/000640.log 
2026/04/19-18:17:28.146169 1630 [Zonestats:time(s),used_cap(MB),reclaimable_cap(MB), avg_reclaimable(%), active(#), active_zones(#), open_zones(#)] 446 2836 5355 65 5 5 3
2026/04/19-18:17:28.146353 1630 [DEBUG] New writable file: /db_working_home/000647.sst direct: 1
2026/04/19-18:17:28.149079 1630 Entering Apply Finish Threshold Function
2026/04/19-18:17:28.149091 1630 Finishing zone: Entering Finish()
2026/04/19-18:17:28.413466 1626 [DEBUG] Allocating zone(new=1) start: 0x148000000 wp: 0x148000000 lt: 2 file lt: 2
2026/04/19-18:17:28.413480 1626 [DEBUG] Syncing metadata for: /db_working_home/000646.log
2026/04/19-18:17:28.711723 1628 Zone Garbage Stats: [59 3 0 1 2 17 10 5 3 14 6 0 ]
2026/04/19-18:17:28.711739 1628 Total Garbage Bytes: 181424936 bytes
2026/04/19-18:17:28.789332 1629 [DEBUG] Syncing metadata for: /db_working_home/000645.sst
2026/04/19-18:17:28.790289 1629 [DEBUG] Syncing metadata for: /db_working_home/000645.sst
2026/04/19-18:17:28.791354 1629 [DEBUG] GetFileSize: /db_working_home/000645.sst 
2026/04/19-18:17:28.791389 1629 [DEBUG] New writable file: /db_working_home/000648.sst direct: 1
2026/04/19-18:17:28.794918 1629 Entering Apply Finish Threshold Function
2026/04/19-18:17:28.794930 1629 Finishing zone: Entering Finish()
2026/04/19-18:17:29.711927 1628 Zone Garbage Stats: [59 3 0 1 2 17 10 5 3 14 6 0 ]
2026/04/19-18:17:29.711944 1628 Total Garbage Bytes: 181424936 bytes
2026/04/19-18:17:29.992098 1629 [DEBUG] Allocating zone(new=1) start: 0x1f8000000 wp: 0x1f8000000 lt: 5 file lt: 5
2026/04/19-18:17:29.992116 1629 [Zonestats:time(s),used_cap(MB),reclaimable_cap(MB), avg_reclaimable(%), active(#), active_zones(#), open_zones(#)] 447 2911 5536 65 5 6 4
2026/04/19-18:17:29.992125 1629 [DEBUG] Syncing metadata for: /db_working_home/000648.sst
2026/04/19-18:17:30.712135 1628 Zone Garbage Stats: [58 3 0 1 2 18 10 5 3 14 6 0 ]
2026/04/19-18:17:30.712166 1628 Total Garbage Bytes: 181424997 bytes
2026/04/19-18:17:30.747452 1629 [DEBUG] Syncing metadata for: /db_working_home/000648.sst
2026/04/19-18:17:30.748407 1629 [DEBUG] Syncing metadata for: /db_working_home/000648.sst
2026/04/19-18:17:30.749666 1629 [DEBUG] GetFileSize: /db_working_home/000648.sst 
2026/04/19-18:17:30.749702 1629 [DEBUG] New writable file: /db_working_home/000649.sst direct: 1
2026/04/19-18:17:30.759022 1629 Entering Apply Finish Threshold Function
2026/04/19-18:17:30.759037 1629 Finishing zone: Entering Finish()
2026/04/19-18:17:31.000556 1630 [DEBUG] Allocating zone(new=1) start: 0x208000000 wp: 0x208000000 lt: 3 file lt: 3
2026/04/19-18:17:31.000574 1630 [Zonestats:time(s),used_cap(MB),reclaimable_cap(MB), avg_reclaimable(%), active(#), active_zones(#), open_zones(#)] 448 2978 5597 65 5 6 4
2026/04/19-18:17:31.000584 1630 [DEBUG] Syncing metadata for: /db_working_home/000647.sst
2026/04/19-18:17:31.154689 1630 [DEBUG] Syncing metadata for: /db_working_home/000647.sst
2026/04/19-18:17:31.155267 1630 [DEBUG] Syncing metadata for: /db_working_home/000647.sst
2026/04/19-18:17:31.156287 1630 [DEBUG] New random access file: /db_working_home/000647.sst direct: 1
2026/04/19-18:17:31.156916 1630 [DEBUG] GetFileSize: /db_working_home/000647.sst 
2026/04/19-18:17:31.159179 1630 [DEBUG] Syncing metadata for: /db_working_home/MANIFEST-000228
2026/04/19-18:17:31.160100 1630 [DEBUG] GetFileSize: /db_working_home/000647.sst 
2026/04/19-18:17:31.165945 1630 [DEBUG] Syncing metadata for: /db_working_home/000643.log
2026/04/19-18:17:31.167053 1630 [DEBUG] DeleteFile: ./db_working_home/000643.log 
2026/04/19-18:17:31.168195 1630 [Zonestats:time(s),used_cap(MB),reclaimable_cap(MB), avg_reclaimable(%), active(#), active_zones(#), open_zones(#)] 449 2980 5595 65 5 5 2
2026/04/19-18:17:31.186961 1626 [DEBUG] New writable file: /db_working_home/000650.log direct: 0
2026/04/19-18:17:31.187989 1630 [DEBUG] New writable file: /db_working_home/000651.sst direct: 1
2026/04/19-18:17:31.190724 1630 Entering Apply Finish Threshold Function
2026/04/19-18:17:31.190737 1630 Finishing zone: Entering Finish()
2026/04/19-18:17:31.305558 1626 [DEBUG] Allocating zone(new=1) start: 0xd0000000 wp: 0xd0000000 lt: 2 file lt: 2
2026/04/19-18:17:31.305570 1626 [DEBUG] Syncing metadata for: /db_working_home/000650.log
2026/04/19-18:17:31.712376 1628 Zone Garbage Stats: [57 3 0 1 2 18 10 5 3 15 6 0 ]
2026/04/19-18:17:31.712393 1628 Total Garbage Bytes: 181425470 bytes
2026/04/19-18:17:32.029605 1629 [DEBUG] Allocating zone(new=1) start: 0x210000000 wp: 0x210000000 lt: 5 file lt: 5
2026/04/19-18:17:32.029621 1629 [Zonestats:time(s),used_cap(MB),reclaimable_cap(MB), avg_reclaimable(%), active(#), active_zones(#), open_zones(#)] 450 2985 5718 65 5 6 4
2026/04/19-18:17:32.029630 1629 [DEBUG] Syncing metadata for: /db_working_home/000649.sst
2026/04/19-18:17:32.176912 1629 [DEBUG] Syncing metadata for: /db_working_home/000649.sst
2026/04/19-18:17:32.177901 1629 [DEBUG] Syncing metadata for: /db_working_home/000649.sst
2026/04/19-18:17:32.179191 1629 [DEBUG] GetFileSize: /db_working_home/000649.sst 
2026/04/19-18:17:32.180236 1629 [DEBUG] New random access file: /db_working_home/000642.sst direct: 1
2026/04/19-18:17:32.181024 1629 [DEBUG] GetFileSize: /db_working_home/000642.sst 
2026/04/19-18:17:32.181214 1629 [DEBUG] New random access file: /db_working_home/000645.sst direct: 1
2026/04/19-18:17:32.181833 1629 [DEBUG] GetFileSize: /db_working_home/000645.sst 
2026/04/19-18:17:32.181998 1629 [DEBUG] New random access file: /db_working_home/000648.sst direct: 1
2026/04/19-18:17:32.182618 1629 [DEBUG] GetFileSize: /db_working_home/000648.sst 
2026/04/19-18:17:32.182756 1629 [DEBUG] New random access file: /db_working_home/000649.sst direct: 1
2026/04/19-18:17:32.183335 1629 [DEBUG] GetFileSize: /db_working_home/000649.sst 
2026/04/19-18:17:32.184398 1629 [DEBUG] Syncing metadata for: /db_working_home/MANIFEST-000228
2026/04/19-18:17:32.211179 1629 [DEBUG] New writable file: /db_working_home/000652.sst direct: 1
2026/04/19-18:17:32.214639 1629 Entering Apply Finish Threshold Function
2026/04/19-18:17:32.214652 1629 Finishing zone: Entering Finish()
2026/04/19-18:17:32.712588 1628 Zone Garbage Stats: [56 3 0 1 2 19 10 5 3 15 6 0 ]
2026/04/19-18:17:32.712667 1628 Total Garbage Bytes: 181425583 bytes
2026/04/19-18:17:33.383696 1630 [DEBUG] Allocating zone(new=1) start: 0x230000000 wp: 0x230000000 lt: 3 file lt: 3
2026/04/19-18:17:33.383713 1630 [Zonestats:time(s),used_cap(MB),reclaimable_cap(MB), avg_reclaimable(%), active(#), active_zones(#), open_zones(#)] 451 3008 5823 65 5 6 4
2026/04/19-18:17:33.383723 1630 [DEBUG] Syncing metadata for: /db_working_home/000651.sst
2026/04/19-18:17:33.405869 1626 [DEBUG] New writable file: /db_working_home/000653.log direct: 0
2026/04/19-18:17:33.528307 1630 [DEBUG] Syncing metadata for: /db_working_home/000651.sst
2026/04/19-18:17:33.528894 1630 [DEBUG] Syncing metadata for: /db_working_home/000651.sst
2026/04/19-18:17:33.529871 1630 [DEBUG] New random access file: /db_working_home/000651.sst direct: 1
2026/04/19-18:17:33.530052 1630 [DEBUG] GetFileSize: /db_working_home/000651.sst 
2026/04/19-18:17:33.532168 1630 [DEBUG] Syncing metadata for: /db_working_home/MANIFEST-000228
2026/04/19-18:17:33.532807 1630 [DEBUG] GetFileSize: /db_working_home/000651.sst 
2026/04/19-18:17:33.537746 1630 [DEBUG] Syncing metadata for: /db_working_home/000646.log
2026/04/19-18:17:33.538736 1630 [DEBUG] DeleteFile: ./db_working_home/000323.sst 
2026/04/19-18:17:33.539576 1630 [Zonestats:time(s),used_cap(MB),reclaimable_cap(MB), avg_reclaimable(%), active(#), active_zones(#), open_zones(#)] 451 2993 5838 66 6 6 2
2026/04/19-18:17:33.539619 1630 [DEBUG] DeleteFile: ./db_working_home/000455.sst 
2026/04/19-18:17:33.540536 1630 [Zonestats:time(s),used_cap(MB),reclaimable_cap(MB), avg_reclaimable(%), active(#), active_zones(#), open_zones(#)] 451 2865 5710 66 6 6 2
2026/04/19-18:17:33.540571 1630 [DEBUG] DeleteFile: ./db_working_home/000458.sst 
2026/04/19-18:17:33.541350 1630 [Zonestats:time(s),used_cap(MB),reclaimable_cap(MB), avg_reclaimable(%), active(#), active_zones(#), open_zones(#)] 451 2847 5600 66 6 6 2
2026/04/19-18:17:33.541383 1630 [DEBUG] DeleteFile: ./db_working_home/000592.sst 
2026/04/19-18:17:33.542262 1630 [Zonestats:time(s),used_cap(MB),reclaimable_cap(MB), avg_reclaimable(%), active(#), active_zones(#), open_zones(#)] 451 2822 5497 66 6 6 2
2026/04/19-18:17:33.542295 1630 [DEBUG] DeleteFile: ./db_working_home/000646.log 
2026/04/19-18:17:33.542933 1630 [Zonestats:time(s),used_cap(MB),reclaimable_cap(MB), avg_reclaimable(%), active(#), active_zones(#), open_zones(#)] 451 2806 5385 65 5 5 2
2026/04/19-18:17:33.543104 1630 [DEBUG] New writable file: /db_working_home/000654.sst direct: 1
2026/04/19-18:17:33.545892 1630 Entering Apply Finish Threshold Function
2026/04/19-18:17:33.545905 1630 Finishing zone: Entering Finish()
2026/04/19-18:17:33.670984 1626 [DEBUG] Allocating zone(new=1) start: 0x120000000 wp: 0x120000000 lt: 2 file lt: 2
2026/04/19-18:17:33.670998 1626 [DEBUG] Syncing metadata for: /db_working_home/000653.log
2026/04/19-18:17:33.712871 1628 Zone Garbage Stats: [60 2 0 1 2 19 10 5 2 14 5 0 ]
2026/04/19-18:17:33.712886 1628 Total Garbage Bytes: 165341843 bytes
2026/04/19-18:17:34.440195 1629 [DEBUG] Allocating zone(new=1) start: 0x138000000 wp: 0x138000000 lt: 3 file lt: 3
2026/04/19-18:17:34.440214 1629 [Zonestats:time(s),used_cap(MB),reclaimable_cap(MB), avg_reclaimable(%), active(#), active_zones(#), open_zones(#)] 452 2812 5507 66 5 6 4
2026/04/19-18:17:34.440223 1629 [DEBUG] Syncing metadata for: /db_working_home/000652.sst
2026/04/19-18:17:34.713076 1628 Zone Garbage Stats: [59 2 0 1 2 19 10 5 2 15 5 0 ]
2026/04/19-18:17:34.713091 1628 Total Garbage Bytes: 165342029 bytes
2026/04/19-18:17:35.437211 1629 [DEBUG] Syncing metadata for: /db_working_home/000652.sst
2026/04/19-18:17:35.437792 1629 [DEBUG] Syncing metadata for: /db_working_home/000652.sst
2026/04/19-18:17:35.439041 1629 [DEBUG] GetFileSize: /db_working_home/000652.sst 
2026/04/19-18:17:35.439073 1629 [DEBUG] New writable file: /db_working_home/000655.sst direct: 1
2026/04/19-18:17:35.442400 1629 Entering Apply Finish Threshold Function
2026/04/19-18:17:35.442411 1629 Finishing zone: Entering Finish()
2026/04/19-18:17:35.713286 1628 Zone Garbage Stats: [59 2 0 1 2 19 10 5 2 15 5 0 ]
2026/04/19-18:17:35.713304 1628 Total Garbage Bytes: 165342029 bytes
2026/04/19-18:17:36.163207 1630 [DEBUG] Allocating zone(new=1) start: 0x148000000 wp: 0x148000000 lt: 3 file lt: 3
2026/04/19-18:17:36.163225 1630 [Zonestats:time(s),used_cap(MB),reclaimable_cap(MB), avg_reclaimable(%), active(#), active_zones(#), open_zones(#)] 454 2906 5541 65 5 6 4
2026/04/19-18:17:36.163235 1630 [DEBUG] Syncing metadata for: /db_working_home/000654.sst
2026/04/19-18:17:36.311457 1630 [DEBUG] Syncing metadata for: /db_working_home/000654.sst
2026/04/19-18:17:36.312416 1630 [DEBUG] Syncing metadata for: /db_working_home/000654.sst
2026/04/19-18:17:36.312983 1629 [DEBUG] Allocating zone(new=1) start: 0x178000000 wp: 0x178000000 lt: 3 file lt: 3
2026/04/19-18:17:36.312999 1629 [Zonestats:time(s),used_cap(MB),reclaimable_cap(MB), avg_reclaimable(%), active(#), active_zones(#), open_zones(#)] 454 2922 5653 65 5 6 5
2026/04/19-18:17:36.313008 1629 [DEBUG] Syncing metadata for: /db_working_home/000655.sst
2026/04/19-18:17:36.314213 1630 [DEBUG] New random access file: /db_working_home/000654.sst direct: 1
2026/04/19-18:17:36.324689 1630 [DEBUG] GetFileSize: /db_working_home/000654.sst 
2026/04/19-18:17:36.333237 1630 [DEBUG] Syncing metadata for: /db_working_home/MANIFEST-000228
2026/04/19-18:17:36.340766 1630 [DEBUG] GetFileSize: /db_working_home/000654.sst 
2026/04/19-18:17:36.347978 1630 [DEBUG] Syncing metadata for: /db_working_home/000650.log
2026/04/19-18:17:36.349550 1630 [DEBUG] DeleteFile: ./db_working_home/000650.log 
2026/04/19-18:17:36.351761 1630 [Zonestats:time(s),used_cap(MB),reclaimable_cap(MB), avg_reclaimable(%), active(#), active_zones(#), open_zones(#)] 454 2908 5539 65 5 5 3
2026/04/19-18:17:36.491504 1626 [DEBUG] New writable file: /db_working_home/000656.log direct: 0
2026/04/19-18:17:36.492430 1630 [DEBUG] New writable file: /db_working_home/000657.sst direct: 1
2026/04/19-18:17:36.502072 1630 Entering Apply Finish Threshold Function
2026/04/19-18:17:36.502087 1630 Finishing zone: Entering Finish()
2026/04/19-18:17:36.713496 1628 Zone Garbage Stats: [58 2 0 1 3 19 10 5 2 16 5 0 ]
2026/04/19-18:17:36.713512 1628 Total Garbage Bytes: 165342862 bytes
2026/04/19-18:17:36.790879 1626 [DEBUG] Allocating zone(new=1) start: 0xd0000000 wp: 0xd0000000 lt: 2 file lt: 2
2026/04/19-18:17:36.790892 1626 [DEBUG] Syncing metadata for: /db_working_home/000656.log
2026/04/19-18:17:36.902994 1629 [DEBUG] Syncing metadata for: /db_working_home/000655.sst
2026/04/19-18:17:36.903987 1629 [DEBUG] Syncing metadata for: /db_working_home/000655.sst
2026/04/19-18:17:36.905259 1629 [DEBUG] GetFileSize: /db_working_home/000655.sst 
2026/04/19-18:17:36.905294 1629 [DEBUG] New writable file: /db_working_home/000658.sst direct: 1
2026/04/19-18:17:36.908983 1629 Entering Apply Finish Threshold Function
2026/04/19-18:17:36.908995 1629 Finishing zone: Entering Finish()
2026/04/19-18:17:37.713725 1628 Zone Garbage Stats: [57 2 0 1 3 19 10 5 2 16 5 0 ]
2026/04/19-18:17:37.713967 1628 Total Garbage Bytes: 165342862 bytes
2026/04/19-18:17:38.380814 1629 [DEBUG] Allocating zone(new=1) start: 0x190000000 wp: 0x190000000 lt: 3 file lt: 3
2026/04/19-18:17:38.380832 1629 [Zonestats:time(s),used_cap(MB),reclaimable_cap(MB), avg_reclaimable(%), active(#), active_zones(#), open_zones(#)] 456 2967 5736 65 5 6 4
2026/04/19-18:17:38.380841 1629 [DEBUG] Syncing metadata for: /db_working_home/000658.sst
2026/04/19-18:17:38.714174 1628 Zone Garbage Stats: [56 2 0 1 3 19 10 6 2 16 5 0 ]
2026/04/19-18:17:38.714189 1628 Total Garbage Bytes: 165343274 bytes
2026/04/19-18:17:38.741590 1629 [DEBUG] Syncing metadata for: /db_working_home/000658.sst
2026/04/19-18:17:38.742637 1629 [DEBUG] Syncing metadata for: /db_working_home/000658.sst
2026/04/19-18:17:38.743913 1629 [DEBUG] GetFileSize: /db_working_home/000658.sst 
2026/04/19-18:17:38.745337 1629 [DEBUG] New random access file: /db_working_home/000652.sst direct: 1
2026/04/19-18:17:38.745943 1629 [DEBUG] GetFileSize: /db_working_home/000652.sst 
2026/04/19-18:17:38.746131 1629 [DEBUG] New random access file: /db_working_home/000655.sst direct: 1
2026/04/19-18:17:38.746662 1629 [DEBUG] GetFileSize: /db_working_home/000655.sst 
2026/04/19-18:17:38.746795 1629 [DEBUG] New random access file: /db_working_home/000658.sst direct: 1
2026/04/19-18:17:38.747417 1629 [DEBUG] GetFileSize: /db_working_home/000658.sst 
2026/04/19-18:17:38.748502 1629 [DEBUG] Syncing metadata for: /db_working_home/MANIFEST-000228
2026/04/19-18:17:38.750260 1629 [DEBUG] Syncing metadata for: /db_working_home/MANIFEST-000228
2026/04/19-18:17:38.756601 1629 [DEBUG] New writable file: /db_working_home/000659.sst direct: 1
2026/04/19-18:17:38.760000 1629 Entering Apply Finish Threshold Function
2026/04/19-18:17:38.760011 1629 Finishing zone: Entering Finish()
2026/04/19-18:17:39.001596 1630 [DEBUG] Allocating zone(new=1) start: 0x198000000 wp: 0x198000000 lt: 3 file lt: 3
2026/04/19-18:17:39.001614 1630 [Zonestats:time(s),used_cap(MB),reclaimable_cap(MB), avg_reclaimable(%), active(#), active_zones(#), open_zones(#)] 456 3003 5828 65 5 6 4
2026/04/19-18:17:39.001624 1630 [DEBUG] Syncing metadata for: /db_working_home/000657.sst
2026/04/19-18:17:39.149212 1630 [DEBUG] Syncing metadata for: /db_working_home/000657.sst
2026/04/19-18:17:39.150165 1630 [DEBUG] Syncing metadata for: /db_working_home/000657.sst
2026/04/19-18:17:39.151353 1630 [DEBUG] New random access file: /db_working_home/000657.sst direct: 1
2026/04/19-18:17:39.151811 1630 [DEBUG] GetFileSize: /db_working_home/000657.sst 
2026/04/19-18:17:39.154127 1630 [DEBUG] Syncing metadata for: /db_working_home/MANIFEST-000228
2026/04/19-18:17:39.154840 1630 [DEBUG] GetFileSize: /db_working_home/000657.sst 
2026/04/19-18:17:39.159806 1630 [DEBUG] Syncing metadata for: /db_working_home/000653.log
2026/04/19-18:17:39.160888 1630 [DEBUG] DeleteFile: ./db_working_home/000628.sst 
2026/04/19-18:17:39.161936 1630 [Zonestats:time(s),used_cap(MB),reclaimable_cap(MB), avg_reclaimable(%), active(#), active_zones(#), open_zones(#)] 457 3003 5828 65 6 6 2
2026/04/19-18:17:39.161981 1630 [DEBUG] DeleteFile: ./db_working_home/000629.sst 
2026/04/19-18:17:39.162634 1630 [Zonestats:time(s),used_cap(MB),reclaimable_cap(MB), avg_reclaimable(%), active(#), active_zones(#), open_zones(#)] 457 2953 5750 66 6 6 2
2026/04/19-18:17:39.162669 1630 [DEBUG] DeleteFile: ./db_working_home/000632.sst 
2026/04/19-18:17:39.163709 1630 [Zonestats:time(s),used_cap(MB),reclaimable_cap(MB), avg_reclaimable(%), active(#), active_zones(#), open_zones(#)] 457 2938 5637 65 6 6 2
2026/04/19-18:17:39.163742 1630 [DEBUG] DeleteFile: ./db_working_home/000633.sst 
2026/04/19-18:17:39.171950 1630 [Zonestats:time(s),used_cap(MB),reclaimable_cap(MB), avg_reclaimable(%), active(#), active_zones(#), open_zones(#)] 457 2920 5527 65 6 6 2
2026/04/19-18:17:39.172003 1630 [DEBUG] DeleteFile: ./db_working_home/000635.sst 
2026/04/19-18:17:39.172923 1630 [Zonestats:time(s),used_cap(MB),reclaimable_cap(MB), avg_reclaimable(%), active(#), active_zones(#), open_zones(#)] 457 2905 5414 65 6 6 2
2026/04/19-18:17:39.172960 1630 [DEBUG] DeleteFile: ./db_working_home/000638.sst 
2026/04/19-18:17:39.174036 1630 [Zonestats:time(s),used_cap(MB),reclaimable_cap(MB), avg_reclaimable(%), active(#), active_zones(#), open_zones(#)] 457 2889 5302 64 6 6 2
2026/04/19-18:17:39.174070 1630 [DEBUG] DeleteFile: ./db_working_home/000641.sst 
2026/04/19-18:17:39.175172 1630 [Zonestats:time(s),used_cap(MB),reclaimable_cap(MB), avg_reclaimable(%), active(#), active_zones(#), open_zones(#)] 457 2874 5189 64 6 6 2
2026/04/19-18:17:39.175205 1630 [DEBUG] DeleteFile: ./db_working_home/000644.sst 
2026/04/19-18:17:39.176267 1630 [Zonestats:time(s),used_cap(MB),reclaimable_cap(MB), avg_reclaimable(%), active(#), active_zones(#), open_zones(#)] 457 2859 5076 63 6 6 2
2026/04/19-18:17:39.176300 1630 [DEBUG] DeleteFile: ./db_working_home/000647.sst 
2026/04/19-18:17:39.177174 1630 [Zonestats:time(s),used_cap(MB),reclaimable_cap(MB), avg_reclaimable(%), active(#), active_zones(#), open_zones(#)] 457 2843 4964 63 6 6 2
2026/04/19-18:17:39.177205 1630 [DEBUG] DeleteFile: ./db_working_home/000653.log 
2026/04/19-18:17:39.177848 1630 [Zonestats:time(s),used_cap(MB),reclaimable_cap(MB), avg_reclaimable(%), active(#), active_zones(#), open_zones(#)] 457 2828 4851 63 5 5 2
2026/04/19-18:17:39.207011 1626 [DEBUG] New writable file: /db_working_home/000660.log direct: 0
2026/04/19-18:17:39.208357 1630 [DEBUG] New writable file: /db_working_home/000661.sst direct: 1
2026/04/19-18:17:39.211786 1630 Entering Apply Finish Threshold Function
2026/04/19-18:17:39.211800 1630 Finishing zone: Entering Finish()
2026/04/19-18:17:39.289907 1626 [DEBUG] Allocating zone(new=1) start: 0x120000000 wp: 0x120000000 lt: 2 file lt: 2
2026/04/19-18:17:39.289937 1626 [DEBUG] Syncing metadata for: /db_working_home/000660.log
2026/04/19-18:17:39.714407 1628 Zone Garbage Stats: [64 2 0 1 3 19 10 5 2 9 5 0 ]
2026/04/19-18:17:39.714425 1628 Total Garbage Bytes: 165341169 bytes
2026/04/19-18:17:40.648350 1629 [DEBUG] Allocating zone(new=1) start: 0x128000000 wp: 0x128000000 lt: 4 file lt: 4
2026/04/19-18:17:40.648369 1629 [Zonestats:time(s),used_cap(MB),reclaimable_cap(MB), avg_reclaimable(%), active(#), active_zones(#), open_zones(#)] 458 2843 4964 63 5 6 4
2026/04/19-18:17:40.648378 1629 [DEBUG] Syncing metadata for: /db_working_home/000659.sst
2026/04/19-18:17:40.714648 1628 Zone Garbage Stats: [63 2 0 1 3 19 10 5 3 9 5 0 ]
2026/04/19-18:17:40.714665 1628 Total Garbage Bytes: 165341609 bytes
2026/04/19-18:17:40.775732 1626 [DEBUG] New writable file: /db_working_home/000662.log direct: 0
2026/04/19-18:17:41.715076 1628 Zone Garbage Stats: [63 2 0 1 3 19 10 5 3 9 5 0 ]
2026/04/19-18:17:41.715099 1628 Total Garbage Bytes: 165341609 bytes
2026/04/19-18:17:41.845704 1630 [DEBUG] Allocating zone(new=1) start: 0x168000000 wp: 0x168000000 lt: 3 file lt: 3
2026/04/19-18:17:41.845731 1630 [Zonestats:time(s),used_cap(MB),reclaimable_cap(MB), avg_reclaimable(%), active(#), active_zones(#), open_zones(#)] 459 2843 4964 63 5 6 5
2026/04/19-18:17:41.845748 1630 [DEBUG] Syncing metadata for: /db_working_home/000661.sst
2026/04/19-18:17:42.045150 1630 [DEBUG] Syncing metadata for: /db_working_home/000661.sst
2026/04/19-18:17:42.052735 1630 [DEBUG] Syncing metadata for: /db_working_home/000661.sst
2026/04/19-18:17:42.054740 1630 [DEBUG] New random access file: /db_working_home/000661.sst direct: 1
2026/04/19-18:17:42.055116 1630 [DEBUG] GetFileSize: /db_working_home/000661.sst 
2026/04/19-18:17:42.065065 1630 [DEBUG] Syncing metadata for: /db_working_home/MANIFEST-000228
2026/04/19-18:17:42.065865 1630 [DEBUG] GetFileSize: /db_working_home/000661.sst 
2026/04/19-18:17:42.070693 1630 [DEBUG] Syncing metadata for: /db_working_home/000656.log
2026/04/19-18:17:42.078127 1630 [DEBUG] DeleteFile: ./db_working_home/000656.log 
2026/04/19-18:17:42.078945 1630 [Zonestats:time(s),used_cap(MB),reclaimable_cap(MB), avg_reclaimable(%), active(#), active_zones(#), open_zones(#)] 460 2843 4964 63 5 5 3
2026/04/19-18:17:42.079238 1630 [DEBUG] New writable file: /db_working_home/000663.sst direct: 1
2026/04/19-18:17:42.083927 1630 Entering Apply Finish Threshold Function
2026/04/19-18:17:42.083941 1630 Finishing zone: Entering Finish()
2026/04/19-18:17:42.170947 1629 Entering Apply Finish Threshold Function
2026/04/19-18:17:42.170977 1629 [DEBUG] Allocating zone(new=1) start: 0xd0000000 wp: 0xd0000000 lt: 4 file lt: 4
2026/04/19-18:17:42.170986 1629 [Zonestats:time(s),used_cap(MB),reclaimable_cap(MB), avg_reclaimable(%), active(#), active_zones(#), open_zones(#)] 460 2971 4964 62 4 5 3
2026/04/19-18:17:42.170993 1629 [DEBUG] Syncing metadata for: /db_working_home/000659.sst
2026/04/19-18:17:42.177551 1629 [DEBUG] Syncing metadata for: /db_working_home/000659.sst
2026/04/19-18:17:42.178606 1629 [DEBUG] Syncing metadata for: /db_working_home/000659.sst
2026/04/19-18:17:42.179883 1629 [DEBUG] GetFileSize: /db_working_home/000659.sst 
2026/04/19-18:17:42.179934 1629 [DEBUG] New writable file: /db_working_home/000664.sst direct: 1
2026/04/19-18:17:42.187047 1629 Entering Apply Finish Threshold Function
2026/04/19-18:17:42.187076 1629 [DEBUG] Allocating zone(new=1) start: 0x170000000 wp: 0x170000000 lt: 4 file lt: 4
2026/04/19-18:17:42.187084 1629 [Zonestats:time(s),used_cap(MB),reclaimable_cap(MB), avg_reclaimable(%), active(#), active_zones(#), open_zones(#)] 460 2971 5092 63 5 6 3
2026/04/19-18:17:42.187091 1629 [DEBUG] Syncing metadata for: /db_working_home/000664.sst
2026/04/19-18:17:42.313772 1626 [DEBUG] Allocating zone(new=0) start: 0xd0000000 wp: 0xd0047000 lt: 4 file lt: 2
2026/04/19-18:17:42.313831 1626 [DEBUG] Syncing metadata for: /db_working_home/000662.log
2026/04/19-18:17:42.339185 1629 [DEBUG] Syncing metadata for: /db_working_home/000664.sst
2026/04/19-18:17:42.340171 1629 [DEBUG] Syncing metadata for: /db_working_home/000664.sst
2026/04/19-18:17:42.341480 1629 [DEBUG] GetFileSize: /db_working_home/000664.sst 
2026/04/19-18:17:42.342731 1629 [DEBUG] New random access file: /db_working_home/000659.sst direct: 1
2026/04/19-18:17:42.343457 1629 [DEBUG] GetFileSize: /db_working_home/000659.sst 
2026/04/19-18:17:42.343718 1629 [DEBUG] New random access file: /db_working_home/000664.sst direct: 1
2026/04/19-18:17:42.344045 1629 [DEBUG] GetFileSize: /db_working_home/000664.sst 
2026/04/19-18:17:42.345094 1629 [DEBUG] Syncing metadata for: /db_working_home/MANIFEST-000228
2026/04/19-18:17:42.353214 1629 [DEBUG] New writable file: /db_working_home/000665.sst direct: 1
2026/04/19-18:17:42.356530 1629 Entering Apply Finish Threshold Function
2026/04/19-18:17:42.356542 1629 Finishing zone: Entering Finish()
2026/04/19-18:17:42.715341 1628 Zone Garbage Stats: [61 3 0 1 3 19 10 5 3 10 5 0 ]
2026/04/19-18:17:42.715468 1628 Total Garbage Bytes: 165342016 bytes
2026/04/19-18:17:43.715660 1628 Zone Garbage Stats: [61 3 0 1 3 19 10 5 3 10 5 0 ]
2026/04/19-18:17:43.715677 1628 Total Garbage Bytes: 165342016 bytes
2026/04/19-18:17:43.836432 1626 [DEBUG] New writable file: /db_working_home/000666.log direct: 0
2026/04/19-18:17:44.214640 1630 [DEBUG] Allocating zone(new=1) start: 0x1a0000000 wp: 0x1a0000000 lt: 3 file lt: 3
2026/04/19-18:17:44.214654 1630 [Zonestats:time(s),used_cap(MB),reclaimable_cap(MB), avg_reclaimable(%), active(#), active_zones(#), open_zones(#)] 462 2999 5192 63 5 6 4
2026/04/19-18:17:44.214663 1630 [DEBUG] Syncing metadata for: /db_working_home/000663.sst
2026/04/19-18:17:44.357812 1630 [DEBUG] Syncing metadata for: /db_working_home/000663.sst
2026/04/19-18:17:44.358388 1630 [DEBUG] Syncing metadata for: /db_working_home/000663.sst
2026/04/19-18:17:44.359374 1630 [DEBUG] New random access file: /db_working_home/000663.sst direct: 1
2026/04/19-18:17:44.359554 1630 [DEBUG] GetFileSize: /db_working_home/000663.sst 
2026/04/19-18:17:44.362191 1630 [DEBUG] Syncing metadata for: /db_working_home/MANIFEST-000228
2026/04/19-18:17:44.363204 1630 [DEBUG] GetFileSize: /db_working_home/000663.sst 
2026/04/19-18:17:44.367957 1630 [DEBUG] Syncing metadata for: /db_working_home/000660.log
2026/04/19-18:17:44.368697 1630 [DEBUG] DeleteFile: ./db_working_home/000603.sst 
2026/04/19-18:17:44.369543 1630 [Zonestats:time(s),used_cap(MB),reclaimable_cap(MB), avg_reclaimable(%), active(#), active_zones(#), open_zones(#)] 462 2949 5242 63 6 6 2
2026/04/19-18:17:44.369588 1630 [DEBUG] DeleteFile: ./db_working_home/000652.sst 
2026/04/19-18:17:44.370423 1630 [Zonestats:time(s),used_cap(MB),reclaimable_cap(MB), avg_reclaimable(%), active(#), active_zones(#), open_zones(#)] 462 2863 5200 64 6 6 2
2026/04/19-18:17:44.370456 1630 [DEBUG] DeleteFile: ./db_working_home/000660.log 
2026/04/19-18:17:44.371320 1630 [Zonestats:time(s),used_cap(MB),reclaimable_cap(MB), avg_reclaimable(%), active(#), active_zones(#), open_zones(#)] 462 2847 5088 64 5 5 2
2026/04/19-18:17:44.371482 1630 [DEBUG] New writable file: /db_working_home/000667.sst direct: 1
2026/04/19-18:17:44.374135 1630 Entering Apply Finish Threshold Function
2026/04/19-18:17:44.374147 1630 Finishing zone: Entering Finish()
2026/04/19-18:17:44.468407 1626 [DEBUG] Allocating zone(new=1) start: 0x120000000 wp: 0x120000000 lt: 2 file lt: 2
2026/04/19-18:17:44.468421 1626 [DEBUG] Syncing metadata for: /db_working_home/000666.log
2026/04/19-18:17:44.484421 1629 [DEBUG] Allocating zone(new=1) start: 0x138000000 wp: 0x138000000 lt: 5 file lt: 5
2026/04/19-18:17:44.484436 1629 [Zonestats:time(s),used_cap(MB),reclaimable_cap(MB), avg_reclaimable(%), active(#), active_zones(#), open_zones(#)] 462 2848 5215 64 5 6 4
2026/04/19-18:17:44.484445 1629 [DEBUG] Syncing metadata for: /db_working_home/000665.sst
2026/04/19-18:17:44.715876 1628 Zone Garbage Stats: [61 3 0 1 2 18 10 5 3 12 5 0 ]
2026/04/19-18:17:44.715891 1628 Total Garbage Bytes: 165342072 bytes
2026/04/19-18:17:44.998210 1629 [DEBUG] Syncing metadata for: /db_working_home/000665.sst
2026/04/19-18:17:44.999227 1629 [DEBUG] Syncing metadata for: /db_working_home/000665.sst
2026/04/19-18:17:45.000494 1629 [DEBUG] GetFileSize: /db_working_home/000665.sst 
2026/04/19-18:17:45.001721 1629 [DEBUG] New random access file: /db_working_home/000665.sst direct: 1
2026/04/19-18:17:45.002236 1629 [DEBUG] GetFileSize: /db_working_home/000665.sst 
2026/04/19-18:17:45.003384 1629 [DEBUG] Syncing metadata for: /db_working_home/MANIFEST-000228
2026/04/19-18:17:45.023216 1629 [DEBUG] New writable file: /db_working_home/000668.sst direct: 1
2026/04/19-18:17:45.026601 1629 Entering Apply Finish Threshold Function
2026/04/19-18:17:45.026613 1629 Finishing zone: Entering Finish()
2026/04/19-18:17:45.716082 1628 Zone Garbage Stats: [61 3 0 1 2 18 10 5 3 12 5 0 ]
2026/04/19-18:17:45.716114 1628 Total Garbage Bytes: 165342072 bytes
2026/04/19-18:17:46.437478 1626 [DEBUG] New writable file: /db_working_home/000669.log direct: 0
2026/04/19-18:17:46.558949 1629 [DEBUG] Allocating zone(new=1) start: 0x180000000 wp: 0x180000000 lt: 3 file lt: 3
2026/04/19-18:17:46.558964 1629 [Zonestats:time(s),used_cap(MB),reclaimable_cap(MB), avg_reclaimable(%), active(#), active_zones(#), open_zones(#)] 464 2907 5284 64 5 6 4
2026/04/19-18:17:46.558974 1629 [DEBUG] Syncing metadata for: /db_working_home/000668.sst
2026/04/19-18:17:46.716304 1628 Zone Garbage Stats: [60 3 0 1 2 18 10 6 3 12 5 0 ]
2026/04/19-18:17:46.716320 1628 Total Garbage Bytes: 165342117 bytes
2026/04/19-18:17:46.854819 1630 [DEBUG] Allocating zone(new=1) start: 0x1b8000000 wp: 0x1b8000000 lt: 3 file lt: 3
2026/04/19-18:17:46.854836 1630 [Zonestats:time(s),used_cap(MB),reclaimable_cap(MB), avg_reclaimable(%), active(#), active_zones(#), open_zones(#)] 464 2907 5284 64 5 6 5
2026/04/19-18:17:46.854845 1630 [DEBUG] Syncing metadata for: /db_working_home/000667.sst
2026/04/19-18:17:47.042629 1630 [DEBUG] Syncing metadata for: /db_working_home/000667.sst
2026/04/19-18:17:47.050019 1630 [DEBUG] Syncing metadata for: /db_working_home/000667.sst
2026/04/19-18:17:47.050679 1630 [DEBUG] New random access file: /db_working_home/000667.sst direct: 1
2026/04/19-18:17:47.050861 1630 [DEBUG] GetFileSize: /db_working_home/000667.sst 
2026/04/19-18:17:47.059777 1630 [DEBUG] Syncing metadata for: /db_working_home/MANIFEST-000228
2026/04/19-18:17:47.060463 1630 [DEBUG] GetFileSize: /db_working_home/000667.sst 
2026/04/19-18:17:47.065222 1630 [DEBUG] Syncing metadata for: /db_working_home/000662.log
2026/04/19-18:17:47.072596 1630 [DEBUG] DeleteFile: ./db_working_home/000636.sst 
2026/04/19-18:17:47.073286 1630 [Zonestats:time(s),used_cap(MB),reclaimable_cap(MB), avg_reclaimable(%), active(#), active_zones(#), open_zones(#)] 465 2908 5283 64 6 6 3
2026/04/19-18:17:47.073330 1630 [DEBUG] DeleteFile: ./db_working_home/000658.sst 
2026/04/19-18:17:47.074005 1630 [Zonestats:time(s),used_cap(MB),reclaimable_cap(MB), avg_reclaimable(%), active(#), active_zones(#), open_zones(#)] 465 2876 5187 64 6 6 3
2026/04/19-18:17:47.074038 1630 [DEBUG] DeleteFile: ./db_working_home/000662.log 
2026/04/19-18:17:47.074705 1630 [Zonestats:time(s),used_cap(MB),reclaimable_cap(MB), avg_reclaimable(%), active(#), active_zones(#), open_zones(#)] 465 2860 5203 64 6 6 3
2026/04/19-18:17:47.074858 1630 [DEBUG] New writable file: /db_working_home/000670.sst direct: 1
2026/04/19-18:17:47.084492 1630 Entering Apply Finish Threshold Function
2026/04/19-18:17:47.084505 1630 Finishing zone: Entering Finish()
2026/04/19-18:17:47.353719 1626 [DEBUG] Allocating zone(new=0) start: 0x1b8000000 wp: 0x1b8f4e200 lt: 3 file lt: 2
2026/04/19-18:17:47.353733 1626 [DEBUG] Syncing metadata for: /db_working_home/000669.log
2026/04/19-18:17:47.716514 1628 Zone Garbage Stats: [61 3 0 1 2 18 10 6 2 12 5 0 ]
2026/04/19-18:17:47.716611 1628 Total Garbage Bytes: 165341441 bytes
2026/04/19-18:17:47.900400 1629 [DEBUG] Syncing metadata for: /db_working_home/000668.sst
2026/04/19-18:17:47.900989 1629 [DEBUG] Syncing metadata for: /db_working_home/000668.sst
2026/04/19-18:17:47.902074 1629 [DEBUG] GetFileSize: /db_working_home/000668.sst 
2026/04/19-18:17:47.902122 1629 [DEBUG] New writable file: /db_working_home/000671.sst direct: 1
2026/04/19-18:17:47.905487 1629 Entering Apply Finish Threshold Function
2026/04/19-18:17:47.905499 1629 Finishing zone: Entering Finish()
2026/04/19-18:17:48.249334 1629 [DEBUG] Allocating zone(new=1) start: 0x110000000 wp: 0x110000000 lt: 3 file lt: 3
2026/04/19-18:17:48.249352 1629 [Zonestats:time(s),used_cap(MB),reclaimable_cap(MB), avg_reclaimable(%), active(#), active_zones(#), open_zones(#)] 466 2975 5216 63 5 6 4
2026/04/19-18:17:48.249361 1629 [DEBUG] Syncing metadata for: /db_working_home/000671.sst
2026/04/19-18:17:48.378980 1629 [DEBUG] Syncing metadata for: /db_working_home/000671.sst
2026/04/19-18:17:48.379988 1629 [DEBUG] Syncing metadata for: /db_working_home/000671.sst
2026/04/19-18:17:48.380883 1629 [DEBUG] GetFileSize: /db_working_home/000671.sst 
2026/04/19-18:17:48.382298 1629 [DEBUG] New random access file: /db_working_home/000668.sst direct: 1
2026/04/19-18:17:48.382727 1629 [DEBUG] GetFileSize: /db_working_home/000668.sst 
2026/04/19-18:17:48.382906 1629 [DEBUG] New random access file: /db_working_home/000671.sst direct: 1
2026/04/19-18:17:48.383462 1629 [DEBUG] GetFileSize: /db_working_home/000671.sst 
2026/04/19-18:17:48.384741 1629 [DEBUG] Syncing metadata for: /db_working_home/MANIFEST-000228
2026/04/19-18:17:48.386294 1629 [DEBUG] Syncing metadata for: /db_working_home/MANIFEST-000228
2026/04/19-18:17:48.393348 1629 [DEBUG] New writable file: /db_working_home/000672.sst direct: 1
2026/04/19-18:17:48.396700 1629 Entering Apply Finish Threshold Function
2026/04/19-18:17:48.396727 1629 [DEBUG] Allocating zone(new=1) start: 0x190000000 wp: 0x190000000 lt: 4 file lt: 4
2026/04/19-18:17:48.396735 1629 [Zonestats:time(s),used_cap(MB),reclaimable_cap(MB), avg_reclaimable(%), active(#), active_zones(#), open_zones(#)] 466 2987 5332 64 6 7 4
2026/04/19-18:17:48.396741 1629 [DEBUG] Syncing metadata for: /db_working_home/000672.sst
2026/04/19-18:17:48.716818 1628 Zone Garbage Stats: [59 4 1 1 2 18 10 6 2 12 5 0 ]
2026/04/19-18:17:48.716834 1628 Total Garbage Bytes: 165341861 bytes
2026/04/19-18:17:49.717024 1628 Zone Garbage Stats: [59 4 1 1 2 18 10 6 2 12 5 0 ]
2026/04/19-18:17:49.717041 1628 Total Garbage Bytes: 165341861 bytes
2026/04/19-18:17:49.877539 1629 Entering Apply Finish Threshold Function
2026/04/19-18:17:49.877572 1629 [DEBUG] Allocating zone(new=1) start: 0x200000000 wp: 0x200000000 lt: 4 file lt: 4
2026/04/19-18:17:49.877581 1629 [Zonestats:time(s),used_cap(MB),reclaimable_cap(MB), avg_reclaimable(%), active(#), active_zones(#), open_zones(#)] 467 3122 5325 63 6 7 4
2026/04/19-18:17:49.877588 1629 [DEBUG] Syncing metadata for: /db_working_home/000672.sst
2026/04/19-18:17:49.884376 1629 [DEBUG] Syncing metadata for: /db_working_home/000672.sst
2026/04/19-18:17:49.885397 1629 [DEBUG] Syncing metadata for: /db_working_home/000672.sst
2026/04/19-18:17:49.886662 1629 [DEBUG] GetFileSize: /db_working_home/000672.sst 
2026/04/19-18:17:49.886697 1629 [DEBUG] New writable file: /db_working_home/000673.sst direct: 1
2026/04/19-18:17:49.893185 1629 Entering Apply Finish Threshold Function
2026/04/19-18:17:49.893214 1629 [DEBUG] Allocating zone(new=1) start: 0x208000000 wp: 0x208000000 lt: 4 file lt: 4
2026/04/19-18:17:49.893222 1629 [Zonestats:time(s),used_cap(MB),reclaimable_cap(MB), avg_reclaimable(%), active(#), active_zones(#), open_zones(#)] 467 3122 5453 63 7 8 4
2026/04/19-18:17:49.893228 1629 [DEBUG] Syncing metadata for: /db_working_home/000673.sst
2026/04/19-18:17:50.217492 1626 [DEBUG] New writable file: /db_working_home/000674.log direct: 0
2026/04/19-18:17:50.717231 1628 Zone Garbage Stats: [57 6 1 1 2 18 10 6 2 12 5 0 ]
2026/04/19-18:17:50.717247 1628 Total Garbage Bytes: 165341902 bytes
2026/04/19-18:17:50.780371 1630 [DEBUG] Allocating zone(new=0) start: 0x200000000 wp: 0x200045800 lt: 4 file lt: 3
2026/04/19-18:17:50.780387 1630 [Zonestats:time(s),used_cap(MB),reclaimable_cap(MB), avg_reclaimable(%), active(#), active_zones(#), open_zones(#)] 468 3124 5451 63 7 7 5
2026/04/19-18:17:50.780397 1630 [DEBUG] Syncing metadata for: /db_working_home/000670.sst
2026/04/19-18:17:50.941699 1630 [DEBUG] Syncing metadata for: /db_working_home/000670.sst
2026/04/19-18:17:50.945322 1630 [DEBUG] Syncing metadata for: /db_working_home/000670.sst
2026/04/19-18:17:50.949591 1630 [DEBUG] New random access file: /db_working_home/000670.sst direct: 1
2026/04/19-18:17:50.949777 1630 [DEBUG] GetFileSize: /db_working_home/000670.sst 
2026/04/19-18:17:50.952031 1630 [DEBUG] Syncing metadata for: /db_working_home/MANIFEST-000228
2026/04/19-18:17:50.955907 1630 [DEBUG] GetFileSize: /db_working_home/000670.sst 
2026/04/19-18:17:50.964050 1630 [DEBUG] Syncing metadata for: /db_working_home/000666.log
2026/04/19-18:17:50.964847 1630 [DEBUG] DeleteFile: ./db_working_home/000651.sst 
2026/04/19-18:17:50.965545 1630 [Zonestats:time(s),used_cap(MB),reclaimable_cap(MB), avg_reclaimable(%), active(#), active_zones(#), open_zones(#)] 468 3125 5322 63 7 7 3
2026/04/19-18:17:50.965589 1630 [DEBUG] DeleteFile: ./db_working_home/000654.sst 
2026/04/19-18:17:50.966485 1630 [Zonestats:time(s),used_cap(MB),reclaimable_cap(MB), avg_reclaimable(%), active(#), active_zones(#), open_zones(#)] 468 3109 5210 62 7 7 3
2026/04/19-18:17:50.966521 1630 [DEBUG] DeleteFile: ./db_working_home/000655.sst 
2026/04/19-18:17:50.969111 1630 [Zonestats:time(s),used_cap(MB),reclaimable_cap(MB), avg_reclaimable(%), active(#), active_zones(#), open_zones(#)] 468 3060 5131 62 7 7 3
2026/04/19-18:17:50.969164 1630 [DEBUG] DeleteFile: ./db_working_home/000657.sst 
2026/04/19-18:17:50.973163 1630 [Zonestats:time(s),used_cap(MB),reclaimable_cap(MB), avg_reclaimable(%), active(#), active_zones(#), open_zones(#)] 468 3045 5018 62 7 7 3
2026/04/19-18:17:50.973215 1630 [DEBUG] DeleteFile: ./db_working_home/000661.sst 
2026/04/19-18:17:50.977183 1630 [Zonestats:time(s),used_cap(MB),reclaimable_cap(MB), avg_reclaimable(%), active(#), active_zones(#), open_zones(#)] 468 3030 4905 61 7 7 3
2026/04/19-18:17:50.977235 1630 [DEBUG] DeleteFile: ./db_working_home/000663.sst 
2026/04/19-18:17:50.977902 1630 [Zonestats:time(s),used_cap(MB),reclaimable_cap(MB), avg_reclaimable(%), active(#), active_zones(#), open_zones(#)] 468 3014 4793 61 7 7 3
2026/04/19-18:17:50.977956 1630 [DEBUG] DeleteFile: ./db_working_home/000666.log 
2026/04/19-18:17:50.978605 1630 [Zonestats:time(s),used_cap(MB),reclaimable_cap(MB), avg_reclaimable(%), active(#), active_zones(#), open_zones(#)] 468 2999 4680 60 6 6 3
2026/04/19-18:17:50.978788 1630 [DEBUG] New writable file: /db_working_home/000675.sst direct: 1
2026/04/19-18:17:50.981532 1630 Entering Apply Finish Threshold Function
2026/04/19-18:17:50.981545 1630 Finishing zone: Entering Finish()
2026/04/19-18:17:51.166464 1626 [DEBUG] Allocating zone(new=0) start: 0x110000000 wp: 0x110ad8c00 lt: 3 file lt: 2
2026/04/19-18:17:51.166478 1626 [DEBUG] Syncing metadata for: /db_working_home/000674.log
2026/04/19-18:17:51.667512 1629 Entering Apply Finish Threshold Function
2026/04/19-18:17:51.667543 1629 [DEBUG] Allocating zone(new=1) start: 0x120000000 wp: 0x120000000 lt: 4 file lt: 4
2026/04/19-18:17:51.667551 1629 [Zonestats:time(s),used_cap(MB),reclaimable_cap(MB), avg_reclaimable(%), active(#), active_zones(#), open_zones(#)] 469 3131 4676 59 5 6 4
2026/04/19-18:17:51.667558 1629 [DEBUG] Syncing metadata for: /db_working_home/000673.sst
2026/04/19-18:17:51.674294 1629 [DEBUG] Syncing metadata for: /db_working_home/000673.sst
2026/04/19-18:17:51.675286 1629 [DEBUG] Syncing metadata for: /db_working_home/000673.sst
2026/04/19-18:17:51.676528 1629 [DEBUG] GetFileSize: /db_working_home/000673.sst 
2026/04/19-18:17:51.676565 1629 [DEBUG] New writable file: /db_working_home/000676.sst direct: 1
2026/04/19-18:17:51.683256 1629 Entering Apply Finish Threshold Function
2026/04/19-18:17:51.683284 1629 [DEBUG] Allocating zone(new=1) start: 0x148000000 wp: 0x148000000 lt: 4 file lt: 4
2026/04/19-18:17:51.683292 1629 [Zonestats:time(s),used_cap(MB),reclaimable_cap(MB), avg_reclaimable(%), active(#), active_zones(#), open_zones(#)] 469 3131 4804 60 6 7 4
2026/04/19-18:17:51.683299 1629 [DEBUG] Syncing metadata for: /db_working_home/000676.sst
2026/04/19-18:17:51.717443 1628 Zone Garbage Stats: [62 6 1 1 2 18 10 5 2 7 6 0 ]
2026/04/19-18:17:51.717458 1628 Total Garbage Bytes: 181693485 bytes
2026/04/19-18:17:52.214351 1629 [DEBUG] Syncing metadata for: /db_working_home/000676.sst
2026/04/19-18:17:52.215349 1629 [DEBUG] Syncing metadata for: /db_working_home/000676.sst
2026/04/19-18:17:52.216612 1629 [DEBUG] GetFileSize: /db_working_home/000676.sst 
2026/04/19-18:17:52.216648 1629 [DEBUG] New writable file: /db_working_home/000677.sst direct: 1
2026/04/19-18:17:52.217419 1629 Entering Apply Finish Threshold Function
2026/04/19-18:17:52.217428 1629 Finishing zone: Entering Finish()
2026/04/19-18:17:52.717663 1628 Zone Garbage Stats: [62 6 1 1 2 18 10 5 2 7 6 0 ]
2026/04/19-18:17:52.717764 1628 Total Garbage Bytes: 181693485 bytes
2026/04/19-18:17:52.923390 1626 [DEBUG] New writable file: /db_working_home/000678.log direct: 0
2026/04/19-18:17:53.461108 1630 [DEBUG] Allocating zone(new=0) start: 0x120000000 wp: 0x120047c00 lt: 4 file lt: 3
2026/04/19-18:17:53.461123 1630 [Zonestats:time(s),used_cap(MB),reclaimable_cap(MB), avg_reclaimable(%), active(#), active_zones(#), open_zones(#)] 471 3182 4881 60 6 6 4
2026/04/19-18:17:53.461132 1630 [DEBUG] Syncing metadata for: /db_working_home/000675.sst
2026/04/19-18:17:53.601819 1630 [DEBUG] Syncing metadata for: /db_working_home/000675.sst
2026/04/19-18:17:53.602631 1630 [DEBUG] Syncing metadata for: /db_working_home/000675.sst
2026/04/19-18:17:53.603616 1630 [DEBUG] New random access file: /db_working_home/000675.sst direct: 1
2026/04/19-18:17:53.603811 1630 [DEBUG] GetFileSize: /db_working_home/000675.sst 
2026/04/19-18:17:53.606397 1630 [DEBUG] Syncing metadata for: /db_working_home/MANIFEST-000228
2026/04/19-18:17:53.607049 1630 [DEBUG] GetFileSize: /db_working_home/000675.sst 
2026/04/19-18:17:53.611939 1630 [DEBUG] Syncing metadata for: /db_working_home/000669.log
2026/04/19-18:17:53.612627 1630 [DEBUG] DeleteFile: ./db_working_home/000669.log 
2026/04/19-18:17:53.613427 1630 [Zonestats:time(s),used_cap(MB),reclaimable_cap(MB), avg_reclaimable(%), active(#), active_zones(#), open_zones(#)] 471 3182 4881 60 6 6 2
2026/04/19-18:17:53.613580 1630 [DEBUG] New writable file: /db_working_home/000679.sst direct: 1
2026/04/19-18:17:53.616198 1630 Entering Apply Finish Threshold Function
2026/04/19-18:17:53.616209 1630 Finishing zone: Entering Finish()
2026/04/19-18:17:53.692275 1626 [DEBUG] Allocating zone(new=0) start: 0x1b8000000 wp: 0x1b9ee7200 lt: 3 file lt: 2
2026/04/19-18:17:53.692289 1626 [DEBUG] Syncing metadata for: /db_working_home/000678.log
2026/04/19-18:17:53.717967 1628 Zone Garbage Stats: [62 5 1 1 2 18 10 5 2 8 6 0 ]
2026/04/19-18:17:53.717981 1628 Total Garbage Bytes: 181693120 bytes
2026/04/19-18:17:53.789313 1629 [DEBUG] Allocating zone(new=1) start: 0x168000000 wp: 0x168000000 lt: 4 file lt: 4
2026/04/19-18:17:53.789330 1629 [Zonestats:time(s),used_cap(MB),reclaimable_cap(MB), avg_reclaimable(%), active(#), active_zones(#), open_zones(#)] 471 3184 4879 60 5 6 4
2026/04/19-18:17:53.789339 1629 [DEBUG] Syncing metadata for: /db_working_home/000677.sst
2026/04/19-18:17:53.794005 1629 [DEBUG] Syncing metadata for: /db_working_home/000677.sst
2026/04/19-18:17:53.795026 1629 [DEBUG] Syncing metadata for: /db_working_home/000677.sst
2026/04/19-18:17:53.796291 1629 [DEBUG] GetFileSize: /db_working_home/000677.sst 
2026/04/19-18:17:53.797526 1629 [DEBUG] New random access file: /db_working_home/000672.sst direct: 1
2026/04/19-18:17:53.798170 1629 [DEBUG] GetFileSize: /db_working_home/000672.sst 
2026/04/19-18:17:53.798373 1629 [DEBUG] New random access file: /db_working_home/000673.sst direct: 1
2026/04/19-18:17:53.799018 1629 [DEBUG] GetFileSize: /db_working_home/000673.sst 
2026/04/19-18:17:53.799187 1629 [DEBUG] New random access file: /db_working_home/000676.sst direct: 1
2026/04/19-18:17:53.799759 1629 [DEBUG] GetFileSize: /db_working_home/000676.sst 
2026/04/19-18:17:53.799890 1629 [DEBUG] New random access file: /db_working_home/000677.sst direct: 1
2026/04/19-18:17:53.800451 1629 [DEBUG] GetFileSize: /db_working_home/000677.sst 
2026/04/19-18:17:53.801709 1629 [DEBUG] Syncing metadata for: /db_working_home/MANIFEST-000228
2026/04/19-18:17:53.803892 1629 [DEBUG] Syncing metadata for: /db_working_home/MANIFEST-000228
2026/04/19-18:17:53.811355 1629 [DEBUG] New writable file: /db_working_home/000680.sst direct: 1
2026/04/19-18:17:53.814957 1629 Entering Apply Finish Threshold Function
2026/04/19-18:17:53.814984 1629 [DEBUG] Allocating zone(new=1) start: 0x178000000 wp: 0x178000000 lt: 5 file lt: 5
2026/04/19-18:17:53.814992 1629 [Zonestats:time(s),used_cap(MB),reclaimable_cap(MB), avg_reclaimable(%), active(#), active_zones(#), open_zones(#)] 471 3184 5007 61 6 7 4
2026/04/19-18:17:53.814998 1629 [DEBUG] Syncing metadata for: /db_working_home/000680.sst
2026/04/19-18:17:54.718171 1628 Zone Garbage Stats: [60 6 1 1 2 18 10 6 2 8 6 0 ]
2026/04/19-18:17:54.718187 1628 Total Garbage Bytes: 181693241 bytes
2026/04/19-18:17:54.986409 1629 [DEBUG] Syncing metadata for: /db_working_home/000680.sst
2026/04/19-18:17:54.987407 1629 [DEBUG] Syncing metadata for: /db_working_home/000680.sst
2026/04/19-18:17:54.988642 1629 [DEBUG] GetFileSize: /db_working_home/000680.sst 
2026/04/19-18:17:54.988675 1629 [DEBUG] New writable file: /db_working_home/000681.sst direct: 1
2026/04/19-18:17:54.992021 1629 Entering Apply Finish Threshold Function
2026/04/19-18:17:54.992033 1629 Finishing zone: Entering Finish()
2026/04/19-18:17:55.501781 1629 [DEBUG] Allocating zone(new=1) start: 0x198000000 wp: 0x198000000 lt: 5 file lt: 5
2026/04/19-18:17:55.501799 1629 [Zonestats:time(s),used_cap(MB),reclaimable_cap(MB), avg_reclaimable(%), active(#), active_zones(#), open_zones(#)] 473 3295 5024 60 6 7 4
2026/04/19-18:17:55.501808 1629 [DEBUG] Syncing metadata for: /db_working_home/000681.sst
2026/04/19-18:17:55.718378 1628 Zone Garbage Stats: [59 6 1 2 2 18 10 6 2 8 6 0 ]
2026/04/19-18:17:55.718394 1628 Total Garbage Bytes: 181693587 bytes
2026/04/19-18:17:56.063289 1626 [DEBUG] New writable file: /db_working_home/000682.log direct: 0
2026/04/19-18:17:56.483217 1629 [DEBUG] Syncing metadata for: /db_working_home/000681.sst
2026/04/19-18:17:56.483799 1629 [DEBUG] Syncing metadata for: /db_working_home/000681.sst
2026/04/19-18:17:56.484858 1629 [DEBUG] GetFileSize: /db_working_home/000681.sst 
2026/04/19-18:17:56.486368 1629 [DEBUG] New random access file: /db_working_home/000680.sst direct: 1
2026/04/19-18:17:56.486843 1629 [DEBUG] GetFileSize: /db_working_home/000680.sst 
2026/04/19-18:17:56.487031 1629 [DEBUG] New random access file: /db_working_home/000681.sst direct: 1
2026/04/19-18:17:56.487490 1629 [DEBUG] GetFileSize: /db_working_home/000681.sst 
2026/04/19-18:17:56.488433 1629 [DEBUG] Syncing metadata for: /db_working_home/MANIFEST-000228
2026/04/19-18:17:56.489191 1629 [DEBUG] DeleteFile: ./db_working_home/000672.sst 
2026/04/19-18:17:56.490023 1629 [Zonestats:time(s),used_cap(MB),reclaimable_cap(MB), avg_reclaimable(%), active(#), active_zones(#), open_zones(#)] 474 3256 5063 60 7 7 3
2026/04/19-18:17:56.495960 1629 [DEBUG] New writable file: /db_working_home/000683.sst direct: 1
2026/04/19-18:17:56.499094 1629 Entering Apply Finish Threshold Function
2026/04/19-18:17:56.499106 1629 Finishing zone: Entering Finish()
2026/04/19-18:17:56.718582 1628 Zone Garbage Stats: [60 5 1 2 2 18 10 6 2 8 6 0 ]
2026/04/19-18:17:56.718596 1628 Total Garbage Bytes: 181978218 bytes
2026/04/19-18:17:56.756743 1630 [DEBUG] Allocating zone(new=0) start: 0x168000000 wp: 0x168000a00 lt: 4 file lt: 3
2026/04/19-18:17:56.756758 1630 [Zonestats:time(s),used_cap(MB),reclaimable_cap(MB), avg_reclaimable(%), active(#), active_zones(#), open_zones(#)] 474 3256 5063 60 6 6 4
2026/04/19-18:17:56.756766 1630 [DEBUG] Syncing metadata for: /db_working_home/000679.sst
2026/04/19-18:17:56.898013 1630 [DEBUG] Syncing metadata for: /db_working_home/000679.sst
2026/04/19-18:17:56.898607 1630 [DEBUG] Syncing metadata for: /db_working_home/000679.sst
2026/04/19-18:17:56.899591 1630 [DEBUG] New random access file: /db_working_home/000679.sst direct: 1
2026/04/19-18:17:56.899772 1630 [DEBUG] GetFileSize: /db_working_home/000679.sst 
2026/04/19-18:17:56.902414 1630 [DEBUG] Syncing metadata for: /db_working_home/MANIFEST-000228
2026/04/19-18:17:56.903083 1630 [DEBUG] GetFileSize: /db_working_home/000679.sst 
2026/04/19-18:17:56.908003 1630 [DEBUG] Syncing metadata for: /db_working_home/000674.log
2026/04/19-18:17:56.909002 1630 [DEBUG] DeleteFile: ./db_working_home/000559.sst 
2026/04/19-18:17:56.909700 1630 [Zonestats:time(s),used_cap(MB),reclaimable_cap(MB), avg_reclaimable(%), active(#), active_zones(#), open_zones(#)] 474 3196 4995 60 6 6 2
2026/04/19-18:17:56.909744 1630 [DEBUG] DeleteFile: ./db_working_home/000630.sst 
2026/04/19-18:17:56.910579 1630 [Zonestats:time(s),used_cap(MB),reclaimable_cap(MB), avg_reclaimable(%), active(#), active_zones(#), open_zones(#)] 474 3134 4929 61 6 6 2
2026/04/19-18:17:56.910614 1630 [DEBUG] DeleteFile: ./db_working_home/000659.sst 
2026/04/19-18:17:56.911559 1630 [Zonestats:time(s),used_cap(MB),reclaimable_cap(MB), avg_reclaimable(%), active(#), active_zones(#), open_zones(#)] 474 3005 4802 61 6 6 2
2026/04/19-18:17:56.911592 1630 [DEBUG] DeleteFile: ./db_working_home/000664.sst 
2026/04/19-18:17:56.912373 1630 [Zonestats:time(s),used_cap(MB),reclaimable_cap(MB), avg_reclaimable(%), active(#), active_zones(#), open_zones(#)] 474 2993 4686 61 6 6 2
2026/04/19-18:17:56.912405 1630 [DEBUG] DeleteFile: ./db_working_home/000668.sst 
2026/04/19-18:17:56.913273 1630 [Zonestats:time(s),used_cap(MB),reclaimable_cap(MB), avg_reclaimable(%), active(#), active_zones(#), open_zones(#)] 474 2883 4668 61 6 6 2
2026/04/19-18:17:56.913304 1630 [DEBUG] DeleteFile: ./db_working_home/000674.log 
2026/04/19-18:17:56.914092 1630 [Zonestats:time(s),used_cap(MB),reclaimable_cap(MB), avg_reclaimable(%), active(#), active_zones(#), open_zones(#)] 474 2867 4684 62 6 6 2
2026/04/19-18:17:56.914273 1630 [DEBUG] New writable file: /db_working_home/000684.sst direct: 1
2026/04/19-18:17:56.917058 1630 Entering Apply Finish Threshold Function
2026/04/19-18:17:56.917069 1630 Finishing zone: Entering Finish()
2026/04/19-18:17:56.997266 1626 [DEBUG] Allocating zone(new=0) start: 0x168000000 wp: 0x168f54200 lt: 4 file lt: 2
2026/04/19-18:17:56.997279 1626 [DEBUG] Syncing metadata for: /db_working_home/000682.log
2026/04/19-18:17:57.276267 1629 [DEBUG] Allocating zone(new=1) start: 0xd0000000 wp: 0xd0000000 lt: 5 file lt: 5
2026/04/19-18:17:57.276285 1629 [Zonestats:time(s),used_cap(MB),reclaimable_cap(MB), avg_reclaimable(%), active(#), active_zones(#), open_zones(#)] 475 2870 4681 61 5 6 4
2026/04/19-18:17:57.276294 1629 [DEBUG] Syncing metadata for: /db_working_home/000683.sst
2026/04/19-18:17:57.718786 1628 Zone Garbage Stats: [65 3 0 2 3 17 9 6 2 8 5 0 ]
2026/04/19-18:17:57.718873 1628 Total Garbage Bytes: 165624611 bytes
2026/04/19-18:17:58.719081 1628 Zone Garbage Stats: [65 3 0 2 3 17 9 6 2 8 5 0 ]
2026/04/19-18:17:58.719097 1628 Total Garbage Bytes: 165624611 bytes
2026/04/19-18:17:58.754486 1629 Entering Apply Finish Threshold Function
2026/04/19-18:17:58.754516 1629 [DEBUG] Allocating zone(new=1) start: 0x118000000 wp: 0x118000000 lt: 5 file lt: 5
2026/04/19-18:17:58.754524 1629 [Zonestats:time(s),used_cap(MB),reclaimable_cap(MB), avg_reclaimable(%), active(#), active_zones(#), open_zones(#)] 476 3004 4675 60 5 6 4
2026/04/19-18:17:58.754532 1629 [DEBUG] Syncing metadata for: /db_working_home/000683.sst
2026/04/19-18:17:58.760165 1629 [DEBUG] Syncing metadata for: /db_working_home/000683.sst
2026/04/19-18:17:58.761196 1629 [DEBUG] Syncing metadata for: /db_working_home/000683.sst
2026/04/19-18:17:58.762426 1629 [DEBUG] GetFileSize: /db_working_home/000683.sst 
2026/04/19-18:17:58.762461 1629 [DEBUG] New writable file: /db_working_home/000685.sst direct: 1
2026/04/19-18:17:58.765861 1629 Entering Apply Finish Threshold Function
2026/04/19-18:17:58.765887 1629 [DEBUG] Allocating zone(new=1) start: 0x128000000 wp: 0x128000000 lt: 5 file lt: 5
2026/04/19-18:17:58.765895 1629 [Zonestats:time(s),used_cap(MB),reclaimable_cap(MB), avg_reclaimable(%), active(#), active_zones(#), open_zones(#)] 476 3004 4803 61 6 7 4
2026/04/19-18:17:58.765901 1629 [DEBUG] Syncing metadata for: /db_working_home/000685.sst
2026/04/19-18:17:59.480353 1629 [DEBUG] Syncing metadata for: /db_working_home/000685.sst
2026/04/19-18:17:59.481251 1629 [DEBUG] Syncing metadata for: /db_working_home/000685.sst
2026/04/19-18:17:59.482544 1629 [DEBUG] GetFileSize: /db_working_home/000685.sst 
2026/04/19-18:17:59.482582 1629 [DEBUG] New writable file: /db_working_home/000686.sst direct: 1
2026/04/19-18:17:59.488511 1629 Entering Apply Finish Threshold Function
2026/04/19-18:17:59.488524 1629 Finishing zone: Entering Finish()
2026/04/19-18:17:59.719289 1628 Zone Garbage Stats: [63 5 0 2 3 17 9 6 2 8 5 0 ]
2026/04/19-18:17:59.719305 1628 Total Garbage Bytes: 165624672 bytes
2026/04/19-18:17:59.745256 1626 [DEBUG] New writable file: /db_working_home/000687.log direct: 0
2026/04/19-18:17:59.955700 1630 [DEBUG] Allocating zone(new=0) start: 0x118000000 wp: 0x11802e800 lt: 5 file lt: 3
2026/04/19-18:17:59.955715 1630 [Zonestats:time(s),used_cap(MB),reclaimable_cap(MB), avg_reclaimable(%), active(#), active_zones(#), open_zones(#)] 477 3072 4863 61 6 6 4
2026/04/19-18:17:59.955723 1630 [DEBUG] Syncing metadata for: /db_working_home/000684.sst
2026/04/19-18:18:00.096045 1630 [DEBUG] Syncing metadata for: /db_working_home/000684.sst
2026/04/19-18:18:00.096815 1630 [DEBUG] Syncing metadata for: /db_working_home/000684.sst
2026/04/19-18:18:00.097799 1630 [DEBUG] New random access file: /db_working_home/000684.sst direct: 1
2026/04/19-18:18:00.098259 1630 [DEBUG] GetFileSize: /db_working_home/000684.sst 
2026/04/19-18:18:00.100709 1630 [DEBUG] Syncing metadata for: /db_working_home/MANIFEST-000228
2026/04/19-18:18:00.101376 1630 [DEBUG] GetFileSize: /db_working_home/000684.sst 
2026/04/19-18:18:00.106307 1630 [DEBUG] Syncing metadata for: /db_working_home/000678.log
2026/04/19-18:18:00.107219 1630 [DEBUG] DeleteFile: ./db_working_home/000678.log 
2026/04/19-18:18:00.108017 1630 [Zonestats:time(s),used_cap(MB),reclaimable_cap(MB), avg_reclaimable(%), active(#), active_zones(#), open_zones(#)] 478 3072 4863 61 6 6 2
2026/04/19-18:18:00.108220 1630 [DEBUG] New writable file: /db_working_home/000688.sst direct: 1
2026/04/19-18:18:00.110865 1630 Entering Apply Finish Threshold Function
2026/04/19-18:18:00.110876 1630 Finishing zone: Entering Finish()
2026/04/19-18:18:00.211251 1626 [DEBUG] Allocating zone(new=0) start: 0x1b8000000 wp: 0x1bae7fa00 lt: 3 file lt: 2
2026/04/19-18:18:00.211265 1626 [DEBUG] Syncing metadata for: /db_working_home/000687.log
2026/04/19-18:18:00.719496 1628 Zone Garbage Stats: [63 4 0 2 3 17 9 6 2 8 6 0 ]
2026/04/19-18:18:00.719514 1628 Total Garbage Bytes: 181978159 bytes
2026/04/19-18:18:00.745146 1629 [DEBUG] Allocating zone(new=1) start: 0x170000000 wp: 0x170000000 lt: 5 file lt: 5
2026/04/19-18:18:00.745162 1629 [Zonestats:time(s),used_cap(MB),reclaimable_cap(MB), avg_reclaimable(%), active(#), active_zones(#), open_zones(#)] 478 3078 4857 61 5 6 4
2026/04/19-18:18:00.745171 1629 [DEBUG] Syncing metadata for: /db_working_home/000686.sst
2026/04/19-18:18:01.404597 1629 [DEBUG] Syncing metadata for: /db_working_home/000686.sst
2026/04/19-18:18:01.405550 1629 [DEBUG] Syncing metadata for: /db_working_home/000686.sst
2026/04/19-18:18:01.406838 1629 [DEBUG] GetFileSize: /db_working_home/000686.sst 
2026/04/19-18:18:01.406874 1629 [DEBUG] New writable file: /db_working_home/000689.sst direct: 1
2026/04/19-18:18:01.410375 1629 Entering Apply Finish Threshold Function
2026/04/19-18:18:01.410386 1629 Finishing zone: Entering Finish()
2026/04/19-18:18:01.719701 1628 Zone Garbage Stats: [62 4 0 2 3 17 10 6 2 8 6 0 ]
2026/04/19-18:18:01.719719 1628 Total Garbage Bytes: 181978201 bytes
2026/04/19-18:18:02.201611 1626 [DEBUG] New writable file: /db_working_home/000690.log direct: 0
2026/04/19-18:18:02.489434 1630 [DEBUG] Allocating zone(new=1) start: 0x180000000 wp: 0x180000000 lt: 3 file lt: 3
2026/04/19-18:18:02.489449 1630 [Zonestats:time(s),used_cap(MB),reclaimable_cap(MB), avg_reclaimable(%), active(#), active_zones(#), open_zones(#)] 480 3145 4918 60 5 6 4
2026/04/19-18:18:02.489458 1630 [DEBUG] Syncing metadata for: /db_working_home/000688.sst
2026/04/19-18:18:02.635348 1630 [DEBUG] Syncing metadata for: /db_working_home/000688.sst
2026/04/19-18:18:02.635926 1630 [DEBUG] Syncing metadata for: /db_working_home/000688.sst
2026/04/19-18:18:02.636936 1630 [DEBUG] New random access file: /db_working_home/000688.sst direct: 1
2026/04/19-18:18:02.637369 1630 [DEBUG] GetFileSize: /db_working_home/000688.sst 
2026/04/19-18:18:02.640318 1630 [DEBUG] Syncing metadata for: /db_working_home/MANIFEST-000228
2026/04/19-18:18:02.640997 1630 [DEBUG] GetFileSize: /db_working_home/000688.sst 
2026/04/19-18:18:02.645847 1630 [DEBUG] Syncing metadata for: /db_working_home/000682.log
2026/04/19-18:18:02.646534 1630 [DEBUG] DeleteFile: ./db_working_home/000682.log 
2026/04/19-18:18:02.647333 1630 [Zonestats:time(s),used_cap(MB),reclaimable_cap(MB), avg_reclaimable(%), active(#), active_zones(#), open_zones(#)] 480 3145 5046 61 6 6 2
2026/04/19-18:18:02.647501 1630 [DEBUG] New writable file: /db_working_home/000691.sst direct: 1
2026/04/19-18:18:02.650789 1630 Entering Apply Finish Threshold Function
2026/04/19-18:18:02.650801 1630 Finishing zone: Entering Finish()
2026/04/19-18:18:02.709521 1629 Finishing zone: Entering Finish()
2026/04/19-18:18:02.719907 1628 Zone Garbage Stats: [61 4 0 2 3 17 11 6 2 9 6 0 ]
2026/04/19-18:18:02.719996 1628 Total Garbage Bytes: 181978684 bytes
2026/04/19-18:18:02.748189 1626 [DEBUG] Allocating zone(new=1) start: 0x188000000 wp: 0x188000000 lt: 2 file lt: 2
2026/04/19-18:18:02.748201 1626 [DEBUG] Syncing metadata for: /db_working_home/000690.log
2026/04/19-18:18:03.720230 1628 Zone Garbage Stats: [60 4 0 2 3 17 11 6 2 9 6 0 ]
2026/04/19-18:18:03.720247 1628 Total Garbage Bytes: 181978684 bytes
2026/04/19-18:18:04.370847 1626 [DEBUG] DeleteFile: ./db_working_home/000108.sst 
2026/04/19-18:18:04.372117 1626 [Zonestats:time(s),used_cap(MB),reclaimable_cap(MB), avg_reclaimable(%), active(#), active_zones(#), open_zones(#)] 482 3096 5095 62 6 6 3
2026/04/19-18:18:04.372227 1626 [DEBUG] DeleteFile: ./db_working_home/000113.sst 
2026/04/19-18:18:04.373511 1626 [Zonestats:time(s),used_cap(MB),reclaimable_cap(MB), avg_reclaimable(%), active(#), active_zones(#), open_zones(#)] 482 3032 5031 62 6 6 3
2026/04/19-18:18:04.373548 1626 [DEBUG] DeleteFile: ./db_working_home/000141.sst 
2026/04/19-18:18:04.374869 1626 [Zonestats:time(s),used_cap(MB),reclaimable_cap(MB), avg_reclaimable(%), active(#), active_zones(#), open_zones(#)] 482 3025 4910 61 6 6 3
2026/04/19-18:18:04.374903 1626 [DEBUG] DeleteFile: ./db_working_home/000175.sst 
2026/04/19-18:18:04.376192 1626 [Zonestats:time(s),used_cap(MB),reclaimable_cap(MB), avg_reclaimable(%), active(#), active_zones(#), open_zones(#)] 482 2975 4832 61 6 6 3
2026/04/19-18:18:04.376225 1626 [DEBUG] DeleteFile: ./db_working_home/000178.sst 
2026/04/19-18:18:04.377541 1626 [Zonestats:time(s),used_cap(MB),reclaimable_cap(MB), avg_reclaimable(%), active(#), active_zones(#), open_zones(#)] 482 2925 4754 61 6 6 3
2026/04/19-18:18:04.377573 1626 [DEBUG] DeleteFile: ./db_working_home/000179.sst 
2026/04/19-18:18:04.378936 1626 [Zonestats:time(s),used_cap(MB),reclaimable_cap(MB), avg_reclaimable(%), active(#), active_zones(#), open_zones(#)] 482 2875 4676 61 6 6 3
2026/04/19-18:18:04.378977 1626 [DEBUG] DeleteFile: ./db_working_home/000194.sst 
2026/04/19-18:18:04.380240 1626 [Zonestats:time(s),used_cap(MB),reclaimable_cap(MB), avg_reclaimable(%), active(#), active_zones(#), open_zones(#)] 482 2861 4562 61 6 6 3
2026/04/19-18:18:04.380273 1626 [DEBUG] DeleteFile: ./db_working_home/000210.sst 
2026/04/19-18:18:04.381612 1626 [Zonestats:time(s),used_cap(MB),reclaimable_cap(MB), avg_reclaimable(%), active(#), active_zones(#), open_zones(#)] 482 2846 4449 60 6 6 3
2026/04/19-18:18:04.381650 1626 [DEBUG] DeleteFile: ./db_working_home/000211.sst 
2026/04/19-18:18:04.382941 1626 [Zonestats:time(s),used_cap(MB),reclaimable_cap(MB), avg_reclaimable(%), active(#), active_zones(#), open_zones(#)] 482 2803 4364 60 6 6 3
2026/04/19-18:18:04.382974 1626 [DEBUG] DeleteFile: ./db_working_home/000214.sst 
2026/04/19-18:18:04.383613 1626 [Zonestats:time(s),used_cap(MB),reclaimable_cap(MB), avg_reclaimable(%), active(#), active_zones(#), open_zones(#)] 482 2803 4236 60 6 6 3
2026/04/19-18:18:04.383645 1626 [DEBUG] DeleteFile: ./db_working_home/000215.sst 
2026/04/19-18:18:04.384516 1626 [Zonestats:time(s),used_cap(MB),reclaimable_cap(MB), avg_reclaimable(%), active(#), active_zones(#), open_zones(#)] 482 2778 4133 59 6 6 3
2026/04/19-18:18:04.384548 1626 [DEBUG] DeleteFile: ./db_working_home/000217.sst 
2026/04/19-18:18:04.386098 1626 [Zonestats:time(s),used_cap(MB),reclaimable_cap(MB), avg_reclaimable(%), active(#), active_zones(#), open_zones(#)] 482 2721 4062 59 6 6 3
2026/04/19-18:18:04.386152 1626 [DEBUG] DeleteFile: ./db_working_home/000218.sst 
2026/04/19-18:18:04.387800 1626 [Zonestats:time(s),used_cap(MB),reclaimable_cap(MB), avg_reclaimable(%), active(#), active_zones(#), open_zones(#)] 482 2683 3972 59 6 6 3
2026/04/19-18:18:04.387855 1626 [DEBUG] DeleteFile: ./db_working_home/000219.sst 
2026/04/19-18:18:04.389047 1626 [Zonestats:time(s),used_cap(MB),reclaimable_cap(MB), avg_reclaimable(%), active(#), active_zones(#), open_zones(#)] 482 2628 3899 59 6 6 3
2026/04/19-18:18:04.460456 1630 [DEBUG] Allocating zone(new=1) start: 0x28000000 wp: 0x28000000 lt: 3 file lt: 3
2026/04/19-18:18:04.460471 1630 [Zonestats:time(s),used_cap(MB),reclaimable_cap(MB), avg_reclaimable(%), active(#), active_zones(#), open_zones(#)] 482 2628 3899 59 5 6 4
2026/04/19-18:18:04.460493 1630 [DEBUG] Syncing metadata for: /db_working_home/000691.sst
2026/04/19-18:18:04.605997 1630 [DEBUG] Syncing metadata for: /db_working_home/000691.sst
2026/04/19-18:18:04.606783 1630 [DEBUG] Syncing metadata for: /db_working_home/000691.sst
2026/04/19-18:18:04.607790 1630 [DEBUG] New random access file: /db_working_home/000691.sst direct: 1
2026/04/19-18:18:04.608023 1630 [DEBUG] GetFileSize: /db_working_home/000691.sst 
2026/04/19-18:18:04.611062 1630 [DEBUG] Syncing metadata for: /db_working_home/MANIFEST-000228
2026/04/19-18:18:04.611758 1630 [DEBUG] GetFileSize: /db_working_home/000691.sst 
2026/04/19-18:18:04.617095 1630 [DEBUG] Syncing metadata for: /db_working_home/000687.log
2026/04/19-18:18:04.618064 1630 [DEBUG] DeleteFile: ./db_working_home/000687.log 
2026/04/19-18:18:04.618819 1630 [Zonestats:time(s),used_cap(MB),reclaimable_cap(MB), avg_reclaimable(%), active(#), active_zones(#), open_zones(#)] 482 2629 4026 60 6 6 2
2026/04/19-18:18:04.619104 1626 [DEBUG] New writable file: /db_working_home/000692.log direct: 0
2026/04/19-18:18:04.620603 1630 [DEBUG] New writable file: /db_working_home/000693.sst direct: 1
2026/04/19-18:18:04.623954 1630 Entering Apply Finish Threshold Function
2026/04/19-18:18:04.623963 1630 Finishing zone: Entering Finish()
2026/04/19-18:18:04.720430 1628 Zone Garbage Stats: [73 4 0 2 4 15 9 2 1 7 4 0 ]
2026/04/19-18:18:04.720443 1628 Total Garbage Bytes: 198286670 bytes
2026/04/19-18:18:04.817366 1629 Finishing zone: Entering Finish()
2026/04/19-18:18:05.720800 1628 Zone Garbage Stats: [73 4 0 2 3 15 9 2 1 8 4 0 ]
2026/04/19-18:18:05.720926 1628 Total Garbage Bytes: 149224629 bytes
2026/04/19-18:18:05.767400 1629 [DEBUG] Allocating zone(new=1) start: 0x30000000 wp: 0x30000000 lt: 5 file lt: 5
2026/04/19-18:18:05.767421 1629 [Zonestats:time(s),used_cap(MB),reclaimable_cap(MB), avg_reclaimable(%), active(#), active_zones(#), open_zones(#)] 483 2629 4026 60 4 5 3
2026/04/19-18:18:05.767438 1629 [DEBUG] Syncing metadata for: /db_working_home/000689.sst
2026/04/19-18:18:06.501110 1629 [DEBUG] Syncing metadata for: /db_working_home/000689.sst
2026/04/19-18:18:06.501866 1629 [DEBUG] Syncing metadata for: /db_working_home/000689.sst
2026/04/19-18:18:06.503032 1629 [DEBUG] GetFileSize: /db_working_home/000689.sst 
2026/04/19-18:18:06.504599 1629 [DEBUG] New random access file: /db_working_home/000683.sst direct: 1
2026/04/19-18:18:06.505454 1629 [DEBUG] GetFileSize: /db_working_home/000683.sst 
2026/04/19-18:18:06.505735 1629 [DEBUG] New random access file: /db_working_home/000685.sst direct: 1
2026/04/19-18:18:06.506076 1629 [DEBUG] GetFileSize: /db_working_home/000685.sst 
2026/04/19-18:18:06.506260 1629 [DEBUG] New random access file: /db_working_home/000686.sst direct: 1
2026/04/19-18:18:06.506700 1629 [DEBUG] GetFileSize: /db_working_home/000686.sst 
2026/04/19-18:18:06.506826 1629 [DEBUG] New random access file: /db_working_home/000689.sst direct: 1
2026/04/19-18:18:06.507330 1629 [DEBUG] GetFileSize: /db_working_home/000689.sst 
2026/04/19-18:18:06.508751 1629 [DEBUG] Syncing metadata for: /db_working_home/MANIFEST-000228
2026/04/19-18:18:06.531024 1629 [DEBUG] New writable file: /db_working_home/000694.sst direct: 1
2026/04/19-18:18:06.534928 1629 Entering Apply Finish Threshold Function
2026/04/19-18:18:06.534937 1629 Finishing zone: Entering Finish()
2026/04/19-18:18:06.644962 1630 [DEBUG] Allocating zone(new=1) start: 0x40000000 wp: 0x40000000 lt: 3 file lt: 3
2026/04/19-18:18:06.644979 1630 [Zonestats:time(s),used_cap(MB),reclaimable_cap(MB), avg_reclaimable(%), active(#), active_zones(#), open_zones(#)] 484 2694 4089 60 4 5 3
2026/04/19-18:18:06.644989 1630 [DEBUG] Syncing metadata for: /db_working_home/000693.sst
2026/04/19-18:18:06.721116 1628 Zone Garbage Stats: [71 4 0 2 3 15 9 2 1 10 4 0 ]
2026/04/19-18:18:06.721131 1628 Total Garbage Bytes: 198286828 bytes
2026/04/19-18:18:06.785678 1630 [DEBUG] Syncing metadata for: /db_working_home/000693.sst
2026/04/19-18:18:06.786487 1630 [DEBUG] Syncing metadata for: /db_working_home/000693.sst
2026/04/19-18:18:06.787465 1630 [DEBUG] New random access file: /db_working_home/000693.sst direct: 1
2026/04/19-18:18:06.787640 1630 [DEBUG] GetFileSize: /db_working_home/000693.sst 
2026/04/19-18:18:06.790286 1630 [DEBUG] Syncing metadata for: /db_working_home/MANIFEST-000228
2026/04/19-18:18:06.790967 1630 [DEBUG] GetFileSize: /db_working_home/000693.sst 
2026/04/19-18:18:06.791683 1630 [DEBUG] Syncing metadata for: /db_working_home/000690.log
2026/04/19-18:18:06.792401 1630 [DEBUG] DeleteFile: ./db_working_home/000607.sst 
2026/04/19-18:18:06.793270 1630 [Zonestats:time(s),used_cap(MB),reclaimable_cap(MB), avg_reclaimable(%), active(#), active_zones(#), open_zones(#)] 484 2626 4157 61 5 5 1
2026/04/19-18:18:06.793313 1630 [DEBUG] DeleteFile: ./db_working_home/000673.sst 
2026/04/19-18:18:06.793978 1630 [Zonestats:time(s),used_cap(MB),reclaimable_cap(MB), avg_reclaimable(%), active(#), active_zones(#), open_zones(#)] 484 2498 4157 62 5 5 1
2026/04/19-18:18:06.794027 1630 [DEBUG] DeleteFile: ./db_working_home/000676.sst 
2026/04/19-18:18:06.794859 1630 [Zonestats:time(s),used_cap(MB),reclaimable_cap(MB), avg_reclaimable(%), active(#), active_zones(#), open_zones(#)] 484 2458 4069 62 5 5 1
2026/04/19-18:18:06.794893 1630 [DEBUG] DeleteFile: ./db_working_home/000681.sst 
2026/04/19-18:18:06.795758 1630 [Zonestats:time(s),used_cap(MB),reclaimable_cap(MB), avg_reclaimable(%), active(#), active_zones(#), open_zones(#)] 484 2372 4027 62 5 5 1
2026/04/19-18:18:06.795789 1630 [DEBUG] DeleteFile: ./db_working_home/000690.log 
2026/04/19-18:18:06.796662 1630 [Zonestats:time(s),used_cap(MB),reclaimable_cap(MB), avg_reclaimable(%), active(#), active_zones(#), open_zones(#)] 484 2357 3914 62 4 4 1
2026/04/19-18:18:07.199172 1629 Finishing zone: Entering Finish()
2026/04/19-18:18:07.721312 1628 Zone Garbage Stats: [76 3 0 2 1 16 9 1 1 10 4 0 ]
2026/04/19-18:18:07.721412 1628 Total Garbage Bytes: 198579956 bytes
2026/04/19-18:18:08.106006 1629 [DEBUG] Allocating zone(new=1) start: 0x50000000 wp: 0x50000000 lt: 3 file lt: 3
2026/04/19-18:18:08.106021 1629 [Zonestats:time(s),used_cap(MB),reclaimable_cap(MB), avg_reclaimable(%), active(#), active_zones(#), open_zones(#)] 486 2357 3914 62 2 3 2
2026/04/19-18:18:08.106029 1629 [DEBUG] Syncing metadata for: /db_working_home/000694.sst
2026/04/19-18:18:08.721607 1628 Zone Garbage Stats: [75 3 0 2 1 16 9 1 1 11 4 0 ]
2026/04/19-18:18:08.721624 1628 Total Garbage Bytes: 198580173 bytes
2026/04/19-18:18:09.059482 1629 [DEBUG] Syncing metadata for: /db_working_home/000694.sst
2026/04/19-18:18:09.060062 1629 [DEBUG] Syncing metadata for: /db_working_home/000694.sst
2026/04/19-18:18:09.060776 1629 [DEBUG] GetFileSize: /db_working_home/000694.sst 
2026/04/19-18:18:09.060811 1629 [DEBUG] New writable file: /db_working_home/000695.sst direct: 1
2026/04/19-18:18:09.063930 1629 Entering Apply Finish Threshold Function
2026/04/19-18:18:09.063940 1629 Finishing zone: Entering Finish()
2026/04/19-18:18:09.381677 1629 [DEBUG] Allocating zone(new=1) start: 0x58000000 wp: 0x58000000 lt: 3 file lt: 3
2026/04/19-18:18:09.381692 1629 [Zonestats:time(s),used_cap(MB),reclaimable_cap(MB), avg_reclaimable(%), active(#), active_zones(#), open_zones(#)] 487 2446 3953 61 2 3 2
2026/04/19-18:18:09.381701 1629 [DEBUG] Syncing metadata for: /db_working_home/000695.sst
2026/04/19-18:18:09.529210 1629 [DEBUG] Syncing metadata for: /db_working_home/000695.sst
2026/04/19-18:18:09.529789 1629 [DEBUG] Syncing metadata for: /db_working_home/000695.sst
2026/04/19-18:18:09.530501 1629 [DEBUG] GetFileSize: /db_working_home/000695.sst 
2026/04/19-18:18:09.531894 1629 [DEBUG] New random access file: /db_working_home/000694.sst direct: 1
2026/04/19-18:18:09.532208 1629 [DEBUG] GetFileSize: /db_working_home/000694.sst 
2026/04/19-18:18:09.532387 1629 [DEBUG] New random access file: /db_working_home/000695.sst direct: 1
2026/04/19-18:18:09.532561 1629 [DEBUG] GetFileSize: /db_working_home/000695.sst 
2026/04/19-18:18:09.533444 1629 [DEBUG] Syncing metadata for: /db_working_home/MANIFEST-000228
2026/04/19-18:18:09.534266 1629 [DEBUG] DeleteFile: ./db_working_home/000667.sst 
2026/04/19-18:18:09.534945 1629 [Zonestats:time(s),used_cap(MB),reclaimable_cap(MB), avg_reclaimable(%), active(#), active_zones(#), open_zones(#)] 487 2445 3954 61 3 3 1
2026/04/19-18:18:09.534999 1629 [DEBUG] DeleteFile: ./db_working_home/000670.sst 
2026/04/19-18:18:09.535648 1629 [Zonestats:time(s),used_cap(MB),reclaimable_cap(MB), avg_reclaimable(%), active(#), active_zones(#), open_zones(#)] 487 2430 3841 61 3 3 1
2026/04/19-18:18:09.535684 1629 [DEBUG] DeleteFile: ./db_working_home/000675.sst 
2026/04/19-18:18:09.536325 1629 [Zonestats:time(s),used_cap(MB),reclaimable_cap(MB), avg_reclaimable(%), active(#), active_zones(#), open_zones(#)] 487 2415 3728 60 3 3 1
2026/04/19-18:18:09.536359 1629 [DEBUG] DeleteFile: ./db_working_home/000679.sst 
2026/04/19-18:18:09.536911 1629 [Zonestats:time(s),used_cap(MB),reclaimable_cap(MB), avg_reclaimable(%), active(#), active_zones(#), open_zones(#)] 487 2399 3744 60 3 3 1
2026/04/19-18:18:09.536944 1629 [DEBUG] DeleteFile: ./db_working_home/000684.sst 
2026/04/19-18:18:09.537492 1629 [Zonestats:time(s),used_cap(MB),reclaimable_cap(MB), avg_reclaimable(%), active(#), active_zones(#), open_zones(#)] 487 2384 3759 61 3 3 1
2026/04/19-18:18:09.537524 1629 [DEBUG] DeleteFile: ./db_working_home/000688.sst 
2026/04/19-18:18:09.538163 1629 [Zonestats:time(s),used_cap(MB),reclaimable_cap(MB), avg_reclaimable(%), active(#), active_zones(#), open_zones(#)] 487 2369 3646 60 3 3 1
2026/04/19-18:18:09.538197 1629 [DEBUG] DeleteFile: ./db_working_home/000691.sst 
2026/04/19-18:18:09.538837 1629 [Zonestats:time(s),used_cap(MB),reclaimable_cap(MB), avg_reclaimable(%), active(#), active_zones(#), open_zones(#)] 487 2353 3534 60 3 3 1
2026/04/19-18:18:09.539662 1629 [DEBUG] Syncing metadata for: /db_working_home/MANIFEST-000228
2026/04/19-18:18:09.541023 1629 [DEBUG] Syncing metadata for: /db_working_home/MANIFEST-000228
2026/04/19-18:18:09.546809 1629 [DEBUG] New writable file: /db_working_home/000696.sst direct: 1
2026/04/19-18:18:09.549678 1629 Entering Apply Finish Threshold Function
2026/04/19-18:18:09.549687 1629 Finishing zone: Entering Finish()
2026/04/19-18:18:09.721811 1628 Zone Garbage Stats: [79 3 0 2 2 16 9 1 1 4 6 0 ]
2026/04/19-18:18:09.721825 1628 Total Garbage Bytes: 181066067 bytes
2026/04/19-18:18:10.455530 1629 [DEBUG] Allocating zone(new=1) start: 0x28000000 wp: 0x28000000 lt: 5 file lt: 5
2026/04/19-18:18:10.455546 1629 [Zonestats:time(s),used_cap(MB),reclaimable_cap(MB), avg_reclaimable(%), active(#), active_zones(#), open_zones(#)] 488 2353 3534 60 2 3 2
2026/04/19-18:18:10.455555 1629 [DEBUG] Syncing metadata for: /db_working_home/000696.sst
2026/04/19-18:18:10.722025 1628 Zone Garbage Stats: [78 3 0 2 2 16 9 1 1 5 6 0 ]
2026/04/19-18:18:10.722041 1628 Total Garbage Bytes: 181066462 bytes
2026/04/19-18:18:11.345079 1629 [DEBUG] Syncing metadata for: /db_working_home/000696.sst
2026/04/19-18:18:11.345659 1629 [DEBUG] Syncing metadata for: /db_working_home/000696.sst
2026/04/19-18:18:11.346371 1629 [DEBUG] GetFileSize: /db_working_home/000696.sst 
2026/04/19-18:18:11.346408 1629 [DEBUG] New writable file: /db_working_home/000697.sst direct: 1
2026/04/19-18:18:11.354483 1629 Entering Apply Finish Threshold Function
2026/04/19-18:18:11.354493 1629 Finishing zone: Entering Finish()
2026/04/19-18:18:11.722226 1628 Zone Garbage Stats: [78 3 0 2 2 16 9 1 1 5 6 0 ]
2026/04/19-18:18:11.722240 1628 Total Garbage Bytes: 181066462 bytes
2026/04/19-18:18:11.726221 1629 [DEBUG] Allocating zone(new=1) start: 0x70000000 wp: 0x70000000 lt: 5 file lt: 5
2026/04/19-18:18:11.726237 1629 [Zonestats:time(s),used_cap(MB),reclaimable_cap(MB), avg_reclaimable(%), active(#), active_zones(#), open_zones(#)] 489 2435 3580 59 2 3 2
2026/04/19-18:18:11.726246 1629 [DEBUG] Syncing metadata for: /db_working_home/000697.sst
2026/04/19-18:18:12.615405 1629 [DEBUG] Syncing metadata for: /db_working_home/000697.sst
2026/04/19-18:18:12.615998 1629 [DEBUG] Syncing metadata for: /db_working_home/000697.sst
2026/04/19-18:18:12.616710 1629 [DEBUG] GetFileSize: /db_working_home/000697.sst 
2026/04/19-18:18:12.617847 1629 [DEBUG] New random access file: /db_working_home/000696.sst direct: 1
2026/04/19-18:18:12.618123 1629 [DEBUG] GetFileSize: /db_working_home/000696.sst 
2026/04/19-18:18:12.618293 1629 [DEBUG] New random access file: /db_working_home/000697.sst direct: 1
2026/04/19-18:18:12.618556 1629 [DEBUG] GetFileSize: /db_working_home/000697.sst 
2026/04/19-18:18:12.619485 1629 [DEBUG] Syncing metadata for: /db_working_home/MANIFEST-000228
2026/04/19-18:18:12.620220 1629 [DEBUG] DeleteFile: ./db_working_home/000528.sst 
2026/04/19-18:18:12.620895 1629 [Zonestats:time(s),used_cap(MB),reclaimable_cap(MB), avg_reclaimable(%), active(#), active_zones(#), open_zones(#)] 490 2420 3595 59 3 3 1
2026/04/19-18:18:12.620935 1629 [DEBUG] DeleteFile: ./db_working_home/000680.sst 
2026/04/19-18:18:12.621594 1629 [Zonestats:time(s),used_cap(MB),reclaimable_cap(MB), avg_reclaimable(%), active(#), active_zones(#), open_zones(#)] 490 2319 3568 60 3 3 1
2026/04/19-18:18:12.622377 1629 [DEBUG] Syncing metadata for: /db_working_home/MANIFEST-000228
2026/04/19-18:18:12.628215 1629 [DEBUG] New writable file: /db_working_home/000698.sst direct: 1
2026/04/19-18:18:12.631146 1629 Entering Apply Finish Threshold Function
2026/04/19-18:18:12.631156 1629 Finishing zone: Entering Finish()
2026/04/19-18:18:12.722425 1628 Zone Garbage Stats: [79 3 0 0 3 16 9 1 1 5 6 0 ]
2026/04/19-18:18:12.722513 1628 Total Garbage Bytes: 181066353 bytes
2026/04/19-18:18:13.000884 1629 [DEBUG] Allocating zone(new=1) start: 0x90000000 wp: 0x90000000 lt: 5 file lt: 5
2026/04/19-18:18:13.000899 1629 [Zonestats:time(s),used_cap(MB),reclaimable_cap(MB), avg_reclaimable(%), active(#), active_zones(#), open_zones(#)] 490 2319 3568 60 2 3 2
2026/04/19-18:18:13.000909 1629 [DEBUG] Syncing metadata for: /db_working_home/000698.sst
2026/04/19-18:18:13.611757 1629 [DEBUG] Syncing metadata for: /db_working_home/000698.sst
2026/04/19-18:18:13.612341 1629 [DEBUG] Syncing metadata for: /db_working_home/000698.sst
2026/04/19-18:18:13.613061 1629 [DEBUG] GetFileSize: /db_working_home/000698.sst 
2026/04/19-18:18:13.613095 1629 [DEBUG] New writable file: /db_working_home/000699.sst direct: 1
2026/04/19-18:18:13.616175 1629 Entering Apply Finish Threshold Function
2026/04/19-18:18:13.616186 1629 Finishing zone: Entering Finish()
2026/04/19-18:18:13.722700 1628 Zone Garbage Stats: [78 3 0 0 4 16 9 1 1 5 6 0 ]
2026/04/19-18:18:13.722713 1628 Total Garbage Bytes: 181066493 bytes
2026/04/19-18:18:14.172007 1629 [DEBUG] Allocating zone(new=1) start: 0x98000000 wp: 0x98000000 lt: 5 file lt: 5
2026/04/19-18:18:14.172022 1629 [Zonestats:time(s),used_cap(MB),reclaimable_cap(MB), avg_reclaimable(%), active(#), active_zones(#), open_zones(#)] 492 2377 3638 60 2 3 2
2026/04/19-18:18:14.172032 1629 [DEBUG] Syncing metadata for: /db_working_home/000699.sst
2026/04/19-18:18:14.722906 1628 Zone Garbage Stats: [77 3 0 0 4 16 10 1 1 5 6 0 ]
2026/04/19-18:18:14.722922 1628 Total Garbage Bytes: 181066564 bytes
2026/04/19-18:18:14.882472 1629 [DEBUG] Syncing metadata for: /db_working_home/000699.sst
2026/04/19-18:18:14.883055 1629 [DEBUG] Syncing metadata for: /db_working_home/000699.sst
2026/04/19-18:18:14.883766 1629 [DEBUG] GetFileSize: /db_working_home/000699.sst 
2026/04/19-18:18:14.883801 1629 [DEBUG] New writable file: /db_working_home/000700.sst direct: 1
2026/04/19-18:18:14.886859 1629 Entering Apply Finish Threshold Function
2026/04/19-18:18:14.886870 1629 Finishing zone: Entering Finish()
2026/04/19-18:18:15.379634 1629 [DEBUG] Allocating zone(new=1) start: 0xa0000000 wp: 0xa0000000 lt: 5 file lt: 5
2026/04/19-18:18:15.379650 1629 [Zonestats:time(s),used_cap(MB),reclaimable_cap(MB), avg_reclaimable(%), active(#), active_zones(#), open_zones(#)] 493 2444 3699 60 2 3 2
2026/04/19-18:18:15.379660 1629 [DEBUG] Syncing metadata for: /db_working_home/000700.sst
2026/04/19-18:18:15.723113 1628 Zone Garbage Stats: [76 3 0 0 4 17 10 1 1 5 6 0 ]
2026/04/19-18:18:15.723130 1628 Total Garbage Bytes: 181066750 bytes
2026/04/19-18:18:16.186186 1629 [DEBUG] Syncing metadata for: /db_working_home/000700.sst
2026/04/19-18:18:16.186765 1629 [DEBUG] Syncing metadata for: /db_working_home/000700.sst
2026/04/19-18:18:16.187474 1629 [DEBUG] GetFileSize: /db_working_home/000700.sst 
2026/04/19-18:18:16.187509 1629 [DEBUG] New writable file: /db_working_home/000701.sst direct: 1
2026/04/19-18:18:16.192925 1629 Entering Apply Finish Threshold Function
2026/04/19-18:18:16.192937 1629 Finishing zone: Entering Finish()
2026/04/19-18:18:16.610681 1629 [DEBUG] Allocating zone(new=1) start: 0xa8000000 wp: 0xa8000000 lt: 5 file lt: 5
2026/04/19-18:18:16.610696 1629 [Zonestats:time(s),used_cap(MB),reclaimable_cap(MB), avg_reclaimable(%), active(#), active_zones(#), open_zones(#)] 494 2520 3751 59 2 3 2
2026/04/19-18:18:16.610705 1629 [DEBUG] Syncing metadata for: /db_working_home/000701.sst
2026/04/19-18:18:16.723318 1628 Zone Garbage Stats: [75 3 0 0 4 18 10 1 1 5 6 0 ]
2026/04/19-18:18:16.723334 1628 Total Garbage Bytes: 181067191 bytes
2026/04/19-18:18:17.072136 1629 [DEBUG] Syncing metadata for: /db_working_home/000701.sst
2026/04/19-18:18:17.072718 1629 [DEBUG] Syncing metadata for: /db_working_home/000701.sst
2026/04/19-18:18:17.073428 1629 [DEBUG] GetFileSize: /db_working_home/000701.sst 
2026/04/19-18:18:17.073464 1629 [DEBUG] New writable file: /db_working_home/000702.sst direct: 1
2026/04/19-18:18:17.076457 1629 Entering Apply Finish Threshold Function
2026/04/19-18:18:17.076468 1629 Finishing zone: Entering Finish()
2026/04/19-18:18:17.723518 1628 Zone Garbage Stats: [75 3 0 0 4 18 10 1 1 5 6 0 ]
2026/04/19-18:18:17.723621 1628 Total Garbage Bytes: 181067191 bytes
2026/04/19-18:18:17.752746 1629 [DEBUG] Allocating zone(new=1) start: 0xb8000000 wp: 0xb8000000 lt: 5 file lt: 5
2026/04/19-18:18:17.752761 1629 [Zonestats:time(s),used_cap(MB),reclaimable_cap(MB), avg_reclaimable(%), active(#), active_zones(#), open_zones(#)] 495 2563 3836 59 2 3 2
2026/04/19-18:18:17.752770 1629 [DEBUG] Syncing metadata for: /db_working_home/000702.sst
2026/04/19-18:18:17.848430 1629 [DEBUG] Syncing metadata for: /db_working_home/000702.sst
2026/04/19-18:18:17.849011 1629 [DEBUG] Syncing metadata for: /db_working_home/000702.sst
2026/04/19-18:18:17.849717 1629 [DEBUG] GetFileSize: /db_working_home/000702.sst 
2026/04/19-18:18:17.850848 1629 [DEBUG] New random access file: /db_working_home/000698.sst direct: 1
2026/04/19-18:18:17.851099 1629 [DEBUG] GetFileSize: /db_working_home/000698.sst 
2026/04/19-18:18:17.851270 1629 [DEBUG] New random access file: /db_working_home/000699.sst direct: 1
2026/04/19-18:18:17.851508 1629 [DEBUG] GetFileSize: /db_working_home/000699.sst 
2026/04/19-18:18:17.851644 1629 [DEBUG] New random access file: /db_working_home/000700.sst direct: 1
2026/04/19-18:18:17.851880 1629 [DEBUG] GetFileSize: /db_working_home/000700.sst 
2026/04/19-18:18:17.852027 1629 [DEBUG] New random access file: /db_working_home/000701.sst direct: 1
2026/04/19-18:18:17.852240 1629 [DEBUG] GetFileSize: /db_working_home/000701.sst 
2026/04/19-18:18:17.852370 1629 [DEBUG] New random access file: /db_working_home/000702.sst direct: 1
2026/04/19-18:18:17.852525 1629 [DEBUG] GetFileSize: /db_working_home/000702.sst 
2026/04/19-18:18:17.853417 1629 [DEBUG] Syncing metadata for: /db_working_home/MANIFEST-000228
2026/04/19-18:18:17.854212 1629 [DEBUG] DeleteFile: ./db_working_home/000665.sst 
2026/04/19-18:18:17.854900 1629 [Zonestats:time(s),used_cap(MB),reclaimable_cap(MB), avg_reclaimable(%), active(#), active_zones(#), open_zones(#)] 495 2528 3871 60 3 3 1
2026/04/19-18:18:17.854941 1629 [DEBUG] DeleteFile: ./db_working_home/000671.sst 
2026/04/19-18:18:17.855599 1629 [Zonestats:time(s),used_cap(MB),reclaimable_cap(MB), avg_reclaimable(%), active(#), active_zones(#), open_zones(#)] 495 2517 3754 59 3 3 1
2026/04/19-18:18:17.855635 1629 [DEBUG] DeleteFile: ./db_working_home/000677.sst 
2026/04/19-18:18:17.856276 1629 [Zonestats:time(s),used_cap(MB),reclaimable_cap(MB), avg_reclaimable(%), active(#), active_zones(#), open_zones(#)] 495 2517 3626 59 3 3 1
2026/04/19-18:18:17.856310 1629 [DEBUG] DeleteFile: ./db_working_home/000686.sst 
2026/04/19-18:18:17.856948 1629 [Zonestats:time(s),used_cap(MB),reclaimable_cap(MB), avg_reclaimable(%), active(#), active_zones(#), open_zones(#)] 495 2460 3555 59 3 3 1
2026/04/19-18:18:17.856991 1629 [DEBUG] DeleteFile: ./db_working_home/000689.sst 
2026/04/19-18:18:17.857629 1629 [Zonestats:time(s),used_cap(MB),reclaimable_cap(MB), avg_reclaimable(%), active(#), active_zones(#), open_zones(#)] 495 2395 3492 59 3 3 1
2026/04/19-18:18:17.857661 1629 [DEBUG] DeleteFile: ./db_working_home/000694.sst 
2026/04/19-18:18:17.858301 1629 [Zonestats:time(s),used_cap(MB),reclaimable_cap(MB), avg_reclaimable(%), active(#), active_zones(#), open_zones(#)] 495 2306 3453 59 3 3 1
2026/04/19-18:18:17.859100 1629 [DEBUG] Syncing metadata for: /db_working_home/MANIFEST-000228
2026/04/19-18:18:17.860451 1629 [DEBUG] Syncing metadata for: /db_working_home/MANIFEST-000228
2026/04/19-18:18:17.866272 1629 [DEBUG] New writable file: /db_working_home/000703.sst direct: 1
2026/04/19-18:18:17.869660 1629 Entering Apply Finish Threshold Function
2026/04/19-18:18:17.869684 1629 [DEBUG] Allocating zone(new=1) start: 0x30000000 wp: 0x30000000 lt: 5 file lt: 5
2026/04/19-18:18:17.869692 1629 [Zonestats:time(s),used_cap(MB),reclaimable_cap(MB), avg_reclaimable(%), active(#), active_zones(#), open_zones(#)] 495 2306 3453 59 3 4 2
2026/04/19-18:18:17.869699 1629 [DEBUG] Syncing metadata for: /db_working_home/000703.sst
2026/04/19-18:18:18.723813 1628 Zone Garbage Stats: [79 4 0 0 3 17 9 1 1 5 4 0 ]
2026/04/19-18:18:18.723829 1628 Total Garbage Bytes: 132285823 bytes
2026/04/19-18:18:19.148676 1629 [DEBUG] Syncing metadata for: /db_working_home/000703.sst
2026/04/19-18:18:19.149246 1629 [DEBUG] Syncing metadata for: /db_working_home/000703.sst
2026/04/19-18:18:19.149956 1629 [DEBUG] GetFileSize: /db_working_home/000703.sst 
2026/04/19-18:18:19.151133 1629 [DEBUG] New random access file: /db_working_home/000703.sst direct: 1
2026/04/19-18:18:19.151441 1629 [DEBUG] GetFileSize: /db_working_home/000703.sst 
2026/04/19-18:18:19.152329 1629 [DEBUG] Syncing metadata for: /db_working_home/MANIFEST-000228
2026/04/19-18:18:19.153041 1629 [DEBUG] DeleteFile: ./db_working_home/000545.sst 
2026/04/19-18:18:19.153694 1629 [Zonestats:time(s),used_cap(MB),reclaimable_cap(MB), avg_reclaimable(%), active(#), active_zones(#), open_zones(#)] 497 2350 3409 59 4 4 1
2026/04/19-18:18:19.153730 1629 [DEBUG] DeleteFile: ./db_working_home/000697.sst 
2026/04/19-18:18:19.154355 1629 [Zonestats:time(s),used_cap(MB),reclaimable_cap(MB), avg_reclaimable(%), active(#), active_zones(#), open_zones(#)] 497 2268 3363 59 4 4 1
2026/04/19-18:18:19.155132 1629 [DEBUG] Syncing metadata for: /db_working_home/MANIFEST-000228
2026/04/19-18:18:19.160889 1629 [DEBUG] New writable file: /db_working_home/000704.sst direct: 1
2026/04/19-18:18:19.164155 1629 Entering Apply Finish Threshold Function
2026/04/19-18:18:19.164164 1629 Finishing zone: Entering Finish()
2026/04/19-18:18:19.277872 1629 [DEBUG] Allocating zone(new=1) start: 0x50000000 wp: 0x50000000 lt: 5 file lt: 5
2026/04/19-18:18:19.277888 1629 [Zonestats:time(s),used_cap(MB),reclaimable_cap(MB), avg_reclaimable(%), active(#), active_zones(#), open_zones(#)] 497 2268 3363 59 3 4 2
2026/04/19-18:18:19.277896 1629 [DEBUG] Syncing metadata for: /db_working_home/000704.sst
2026/04/19-18:18:19.724027 1628 Zone Garbage Stats: [80 4 1 0 2 16 9 1 1 5 4 0 ]
2026/04/19-18:18:19.724045 1628 Total Garbage Bytes: 132285319 bytes
2026/04/19-18:18:20.560738 1629 [DEBUG] Syncing metadata for: /db_working_home/000704.sst
2026/04/19-18:18:20.561297 1629 [DEBUG] Syncing metadata for: /db_working_home/000704.sst
2026/04/19-18:18:20.562026 1629 [DEBUG] GetFileSize: /db_working_home/000704.sst 
2026/04/19-18:18:20.563098 1629 [DEBUG] New random access file: /db_working_home/000704.sst direct: 1
2026/04/19-18:18:20.563416 1629 [DEBUG] GetFileSize: /db_working_home/000704.sst 
2026/04/19-18:18:20.564357 1629 [DEBUG] Syncing metadata for: /db_working_home/MANIFEST-000228
2026/04/19-18:18:20.565101 1629 [DEBUG] DeleteFile: ./db_working_home/000516.sst 
2026/04/19-18:18:20.565779 1629 [Zonestats:time(s),used_cap(MB),reclaimable_cap(MB), avg_reclaimable(%), active(#), active_zones(#), open_zones(#)] 498 2310 3321 58 4 4 1
2026/04/19-18:18:20.565821 1629 [DEBUG] DeleteFile: ./db_working_home/000696.sst 
2026/04/19-18:18:20.566470 1629 [Zonestats:time(s),used_cap(MB),reclaimable_cap(MB), avg_reclaimable(%), active(#), active_zones(#), open_zones(#)] 498 2229 3274 59 4 4 1
2026/04/19-18:18:20.571705 1629 [DEBUG] New writable file: /db_working_home/000705.sst direct: 1
2026/04/19-18:18:20.574815 1629 Entering Apply Finish Threshold Function
2026/04/19-18:18:20.574825 1629 Finishing zone: Entering Finish()
2026/04/19-18:18:20.687025 1629 [DEBUG] Allocating zone(new=1) start: 0x28000000 wp: 0x28000000 lt: 5 file lt: 5
2026/04/19-18:18:20.687043 1629 [Zonestats:time(s),used_cap(MB),reclaimable_cap(MB), avg_reclaimable(%), active(#), active_zones(#), open_zones(#)] 498 2229 3274 59 3 4 2
2026/04/19-18:18:20.687053 1629 [DEBUG] Syncing metadata for: /db_working_home/000705.sst
2026/04/19-18:18:20.724233 1628 Zone Garbage Stats: [81 4 2 0 1 15 9 1 1 5 4 0 ]
2026/04/19-18:18:20.724250 1628 Total Garbage Bytes: 132285020 bytes
2026/04/19-18:18:21.724392 1628 Zone Garbage Stats: [81 4 2 0 1 15 9 1 1 5 4 0 ]
2026/04/19-18:18:21.724409 1628 Total Garbage Bytes: 132285020 bytes
2026/04/19-18:18:21.979515 1629 [DEBUG] Syncing metadata for: /db_working_home/000705.sst
2026/04/19-18:18:21.980102 1629 [DEBUG] Syncing metadata for: /db_working_home/000705.sst
2026/04/19-18:18:21.980817 1629 [DEBUG] GetFileSize: /db_working_home/000705.sst 
2026/04/19-18:18:21.981984 1629 [DEBUG] New random access file: /db_working_home/000705.sst direct: 1
2026/04/19-18:18:21.982309 1629 [DEBUG] GetFileSize: /db_working_home/000705.sst 
2026/04/19-18:18:21.983255 1629 [DEBUG] Syncing metadata for: /db_working_home/MANIFEST-000228
2026/04/19-18:18:21.984015 1629 [DEBUG] DeleteFile: ./db_working_home/000614.sst 
2026/04/19-18:18:21.984721 1629 [Zonestats:time(s),used_cap(MB),reclaimable_cap(MB), avg_reclaimable(%), active(#), active_zones(#), open_zones(#)] 499 2281 3222 58 4 4 1
2026/04/19-18:18:21.984763 1629 [DEBUG] DeleteFile: ./db_working_home/000700.sst 
2026/04/19-18:18:21.985412 1629 [Zonestats:time(s),used_cap(MB),reclaimable_cap(MB), avg_reclaimable(%), active(#), active_zones(#), open_zones(#)] 499 2205 3170 58 4 4 1
2026/04/19-18:18:21.990648 1629 [DEBUG] New writable file: /db_working_home/000706.sst direct: 1
2026/04/19-18:18:21.993871 1629 Entering Apply Finish Threshold Function
2026/04/19-18:18:21.993881 1629 Finishing zone: Entering Finish()
2026/04/19-18:18:22.069591 1629 [DEBUG] Allocating zone(new=1) start: 0x70000000 wp: 0x70000000 lt: 5 file lt: 5
2026/04/19-18:18:22.069609 1629 [Zonestats:time(s),used_cap(MB),reclaimable_cap(MB), avg_reclaimable(%), active(#), active_zones(#), open_zones(#)] 500 2205 3170 58 3 4 2
2026/04/19-18:18:22.069618 1629 [DEBUG] Syncing metadata for: /db_working_home/000706.sst
2026/04/19-18:18:22.724554 1628 Zone Garbage Stats: [82 5 2 0 1 13 9 1 1 5 4 0 ]
2026/04/19-18:18:22.724666 1628 Total Garbage Bytes: 132284316 bytes
2026/04/19-18:18:22.771591 1629 [DEBUG] Syncing metadata for: /db_working_home/000706.sst
2026/04/19-18:18:22.772144 1629 [DEBUG] Syncing metadata for: /db_working_home/000706.sst
2026/04/19-18:18:22.772823 1629 [DEBUG] GetFileSize: /db_working_home/000706.sst 
2026/04/19-18:18:22.772878 1629 [DEBUG] New writable file: /db_working_home/000707.sst direct: 1
2026/04/19-18:18:22.776268 1629 Entering Apply Finish Threshold Function
2026/04/19-18:18:22.776279 1629 Finishing zone: Entering Finish()
2026/04/19-18:18:23.288223 1629 [DEBUG] Allocating zone(new=1) start: 0xa0000000 wp: 0xa0000000 lt: 5 file lt: 5
2026/04/19-18:18:23.288242 1629 [Zonestats:time(s),used_cap(MB),reclaimable_cap(MB), avg_reclaimable(%), active(#), active_zones(#), open_zones(#)] 501 2269 3234 58 3 4 2
2026/04/19-18:18:23.288251 1629 [DEBUG] Syncing metadata for: /db_working_home/000707.sst
2026/04/19-18:18:23.721389 1629 [DEBUG] Syncing metadata for: /db_working_home/000707.sst
2026/04/19-18:18:23.721972 1629 [DEBUG] Syncing metadata for: /db_working_home/000707.sst
2026/04/19-18:18:23.722717 1629 [DEBUG] GetFileSize: /db_working_home/000707.sst 
2026/04/19-18:18:23.724135 1629 [DEBUG] New random access file: /db_working_home/000706.sst direct: 1
2026/04/19-18:18:23.724429 1629 [DEBUG] GetFileSize: /db_working_home/000706.sst 
2026/04/19-18:18:23.724627 1629 [DEBUG] New random access file: /db_working_home/000707.sst direct: 1
2026/04/19-18:18:23.724805 1628 Zone Garbage Stats: [81 6 2 0 1 14 9 1 1 5 4 0 ]
2026/04/19-18:18:23.724821 1628 Total Garbage Bytes: 132284818 bytes
2026/04/19-18:18:23.724830 1629 [DEBUG] GetFileSize: /db_working_home/000707.sst 
2026/04/19-18:18:23.725769 1629 [DEBUG] Syncing metadata for: /db_working_home/MANIFEST-000228
2026/04/19-18:18:23.726562 1629 [DEBUG] DeleteFile: ./db_working_home/000588.sst 
2026/04/19-18:18:23.727246 1629 [Zonestats:time(s),used_cap(MB),reclaimable_cap(MB), avg_reclaimable(%), active(#), active_zones(#), open_zones(#)] 501 2250 3253 59 4 4 1
2026/04/19-18:18:23.727288 1629 [DEBUG] DeleteFile: ./db_working_home/000699.sst 
2026/04/19-18:18:23.727947 1629 [Zonestats:time(s),used_cap(MB),reclaimable_cap(MB), avg_reclaimable(%), active(#), active_zones(#), open_zones(#)] 501 2184 3191 59 4 4 1
2026/04/19-18:18:23.733299 1629 [DEBUG] New writable file: /db_working_home/000708.sst direct: 1
2026/04/19-18:18:23.736348 1629 Entering Apply Finish Threshold Function
2026/04/19-18:18:23.736358 1629 Finishing zone: Entering Finish()
2026/04/19-18:18:24.443315 1629 [DEBUG] Allocating zone(new=1) start: 0x98000000 wp: 0x98000000 lt: 5 file lt: 5
2026/04/19-18:18:24.443332 1629 [Zonestats:time(s),used_cap(MB),reclaimable_cap(MB), avg_reclaimable(%), active(#), active_zones(#), open_zones(#)] 502 2184 3191 59 3 4 2
2026/04/19-18:18:24.443341 1629 [DEBUG] Syncing metadata for: /db_working_home/000708.sst
2026/04/19-18:18:24.724984 1628 Zone Garbage Stats: [82 5 2 0 1 13 8 2 1 5 4 0 ]
2026/04/19-18:18:24.725002 1628 Total Garbage Bytes: 132284466 bytes
2026/04/19-18:18:25.725349 1628 Zone Garbage Stats: [82 5 2 0 1 13 8 2 1 5 4 0 ]
2026/04/19-18:18:25.725366 1628 Total Garbage Bytes: 132284466 bytes
2026/04/19-18:18:25.890017 1629 Entering Apply Finish Threshold Function
2026/04/19-18:18:25.890049 1629 [DEBUG] Allocating zone(new=1) start: 0xc0000000 wp: 0xc0000000 lt: 5 file lt: 5
2026/04/19-18:18:25.890058 1629 [Zonestats:time(s),used_cap(MB),reclaimable_cap(MB), avg_reclaimable(%), active(#), active_zones(#), open_zones(#)] 503 2312 3191 57 3 4 2
2026/04/19-18:18:25.890065 1629 [DEBUG] Syncing metadata for: /db_working_home/000708.sst
2026/04/19-18:18:25.896078 1629 [DEBUG] Syncing metadata for: /db_working_home/000708.sst
2026/04/19-18:18:25.896640 1629 [DEBUG] Syncing metadata for: /db_working_home/000708.sst
2026/04/19-18:18:25.897430 1629 [DEBUG] GetFileSize: /db_working_home/000708.sst 
2026/04/19-18:18:25.897502 1629 [DEBUG] New writable file: /db_working_home/000709.sst direct: 1
2026/04/19-18:18:25.904345 1629 Entering Apply Finish Threshold Function
2026/04/19-18:18:25.904372 1629 [DEBUG] Allocating zone(new=1) start: 0xc8000000 wp: 0xc8000000 lt: 5 file lt: 5
2026/04/19-18:18:25.904380 1629 [Zonestats:time(s),used_cap(MB),reclaimable_cap(MB), avg_reclaimable(%), active(#), active_zones(#), open_zones(#)] 503 2312 3319 58 4 5 2
2026/04/19-18:18:25.904386 1629 [DEBUG] Syncing metadata for: /db_working_home/000709.sst
2026/04/19-18:18:26.474727 1629 [DEBUG] Syncing metadata for: /db_working_home/000709.sst
2026/04/19-18:18:26.475308 1629 [DEBUG] Syncing metadata for: /db_working_home/000709.sst
2026/04/19-18:18:26.476060 1629 [DEBUG] GetFileSize: /db_working_home/000709.sst 
2026/04/19-18:18:26.477679 1629 [DEBUG] New random access file: /db_working_home/000708.sst direct: 1
2026/04/19-18:18:26.478085 1629 [DEBUG] GetFileSize: /db_working_home/000708.sst 
2026/04/19-18:18:26.478433 1629 [DEBUG] New random access file: /db_working_home/000709.sst direct: 1
2026/04/19-18:18:26.478682 1629 [DEBUG] GetFileSize: /db_working_home/000709.sst 
2026/04/19-18:18:26.479820 1629 [DEBUG] Syncing metadata for: /db_working_home/MANIFEST-000228
2026/04/19-18:18:26.480708 1629 [DEBUG] DeleteFile: ./db_working_home/000464.sst 
2026/04/19-18:18:26.481666 1629 [Zonestats:time(s),used_cap(MB),reclaimable_cap(MB), avg_reclaimable(%), active(#), active_zones(#), open_zones(#)] 504 2234 3269 59 5 5 1
2026/04/19-18:18:26.481716 1629 [DEBUG] DeleteFile: ./db_working_home/000705.sst 
2026/04/19-18:18:26.482375 1629 [Zonestats:time(s),used_cap(MB),reclaimable_cap(MB), avg_reclaimable(%), active(#), active_zones(#), open_zones(#)] 504 2115 3260 60 5 5 1
2026/04/19-18:18:26.487907 1629 [DEBUG] New writable file: /db_working_home/000710.sst direct: 1
2026/04/19-18:18:26.491250 1629 Entering Apply Finish Threshold Function
2026/04/19-18:18:26.491261 1629 Finishing zone: Entering Finish()
2026/04/19-18:18:26.725599 1628 Zone Garbage Stats: [83 5 2 0 1 13 8 2 1 5 3 0 ]
2026/04/19-18:18:26.725614 1628 Total Garbage Bytes: 116197050 bytes
2026/04/19-18:18:27.115054 1629 [DEBUG] Allocating zone(new=1) start: 0x28000000 wp: 0x28000000 lt: 5 file lt: 5
2026/04/19-18:18:27.115144 1629 [Zonestats:time(s),used_cap(MB),reclaimable_cap(MB), avg_reclaimable(%), active(#), active_zones(#), open_zones(#)] 505 2115 3260 60 4 5 2
2026/04/19-18:18:27.115161 1629 [DEBUG] Syncing metadata for: /db_working_home/000710.sst
2026/04/19-18:18:27.725862 1628 Zone Garbage Stats: [82 5 2 0 1 13 8 3 1 5 3 0 ]
2026/04/19-18:18:27.726075 1628 Total Garbage Bytes: 116197119 bytes
2026/04/19-18:18:27.836939 1629 [DEBUG] Syncing metadata for: /db_working_home/000710.sst
2026/04/19-18:18:27.837500 1629 [DEBUG] Syncing metadata for: /db_working_home/000710.sst
2026/04/19-18:18:27.838284 1629 [DEBUG] GetFileSize: /db_working_home/000710.sst 
2026/04/19-18:18:27.838326 1629 [DEBUG] New writable file: /db_working_home/000711.sst direct: 1
2026/04/19-18:18:27.844053 1629 Entering Apply Finish Threshold Function
2026/04/19-18:18:27.844064 1629 Finishing zone: Entering Finish()
2026/04/19-18:18:28.355822 1629 [DEBUG] Allocating zone(new=1) start: 0xe0000000 wp: 0xe0000000 lt: 5 file lt: 5
2026/04/19-18:18:28.355840 1629 [Zonestats:time(s),used_cap(MB),reclaimable_cap(MB), avg_reclaimable(%), active(#), active_zones(#), open_zones(#)] 506 2180 3323 60 4 5 2
2026/04/19-18:18:28.355849 1629 [DEBUG] Syncing metadata for: /db_working_home/000711.sst
2026/04/19-18:18:28.726272 1628 Zone Garbage Stats: [81 5 2 0 1 14 8 3 1 5 3 0 ]
2026/04/19-18:18:28.726288 1628 Total Garbage Bytes: 116197624 bytes
2026/04/19-18:18:29.019791 1629 [DEBUG] Syncing metadata for: /db_working_home/000711.sst
2026/04/19-18:18:29.020353 1629 [DEBUG] Syncing metadata for: /db_working_home/000711.sst
2026/04/19-18:18:29.021061 1629 [DEBUG] GetFileSize: /db_working_home/000711.sst 
2026/04/19-18:18:29.022269 1629 [DEBUG] New random access file: /db_working_home/000710.sst direct: 1
2026/04/19-18:18:29.022533 1629 [DEBUG] GetFileSize: /db_working_home/000710.sst 
2026/04/19-18:18:29.022812 1629 [DEBUG] New random access file: /db_working_home/000711.sst direct: 1
2026/04/19-18:18:29.023050 1629 [DEBUG] GetFileSize: /db_working_home/000711.sst 
2026/04/19-18:18:29.024039 1629 [DEBUG] Syncing metadata for: /db_working_home/MANIFEST-000228
2026/04/19-18:18:29.024841 1629 [DEBUG] DeleteFile: ./db_working_home/000158.sst 
2026/04/19-18:18:29.025520 1629 [Zonestats:time(s),used_cap(MB),reclaimable_cap(MB), avg_reclaimable(%), active(#), active_zones(#), open_zones(#)] 507 2174 3329 60 5 5 1
2026/04/19-18:18:29.025561 1629 [DEBUG] DeleteFile: ./db_working_home/000704.sst 
2026/04/19-18:18:29.026210 1629 [Zonestats:time(s),used_cap(MB),reclaimable_cap(MB), avg_reclaimable(%), active(#), active_zones(#), open_zones(#)] 507 2060 3315 61 5 5 1
2026/04/19-18:18:29.031474 1629 [DEBUG] New writable file: /db_working_home/000712.sst direct: 1
2026/04/19-18:18:29.034771 1629 Entering Apply Finish Threshold Function
2026/04/19-18:18:29.034782 1629 Finishing zone: Entering Finish()
2026/04/19-18:18:29.587016 1629 [DEBUG] Allocating zone(new=1) start: 0x50000000 wp: 0x50000000 lt: 5 file lt: 5
2026/04/19-18:18:29.587035 1629 [Zonestats:time(s),used_cap(MB),reclaimable_cap(MB), avg_reclaimable(%), active(#), active_zones(#), open_zones(#)] 507 2060 3315 61 4 5 2
2026/04/19-18:18:29.587044 1629 [DEBUG] Syncing metadata for: /db_working_home/000712.sst
2026/04/19-18:18:29.726479 1628 Zone Garbage Stats: [82 5 1 0 1 13 9 3 1 5 3 0 ]
2026/04/19-18:18:29.726495 1628 Total Garbage Bytes: 116197442 bytes
2026/04/19-18:18:30.299438 1629 [DEBUG] Syncing metadata for: /db_working_home/000712.sst
2026/04/19-18:18:30.299999 1629 [DEBUG] Syncing metadata for: /db_working_home/000712.sst
2026/04/19-18:18:30.300695 1629 [DEBUG] GetFileSize: /db_working_home/000712.sst 
2026/04/19-18:18:30.300729 1629 [DEBUG] New writable file: /db_working_home/000713.sst direct: 1
2026/04/19-18:18:30.306435 1629 Entering Apply Finish Threshold Function
2026/04/19-18:18:30.306448 1629 Finishing zone: Entering Finish()
2026/04/19-18:18:30.726688 1628 Zone Garbage Stats: [82 5 1 0 1 13 9 3 1 5 3 0 ]
2026/04/19-18:18:30.726704 1628 Total Garbage Bytes: 116197442 bytes
2026/04/19-18:18:30.818183 1629 [DEBUG] Allocating zone(new=1) start: 0x68000000 wp: 0x68000000 lt: 5 file lt: 5
2026/04/19-18:18:30.818198 1629 [Zonestats:time(s),used_cap(MB),reclaimable_cap(MB), avg_reclaimable(%), active(#), active_zones(#), open_zones(#)] 508 2125 3378 61 4 5 2
2026/04/19-18:18:30.818208 1629 [DEBUG] Syncing metadata for: /db_working_home/000713.sst
2026/04/19-18:18:31.321232 1629 [DEBUG] Syncing metadata for: /db_working_home/000713.sst
2026/04/19-18:18:31.321813 1629 [DEBUG] Syncing metadata for: /db_working_home/000713.sst
2026/04/19-18:18:31.322524 1629 [DEBUG] GetFileSize: /db_working_home/000713.sst 
2026/04/19-18:18:31.323726 1629 [DEBUG] New random access file: /db_working_home/000712.sst direct: 1
2026/04/19-18:18:31.323991 1629 [DEBUG] GetFileSize: /db_working_home/000712.sst 
2026/04/19-18:18:31.324174 1629 [DEBUG] New random access file: /db_working_home/000713.sst direct: 1
2026/04/19-18:18:31.324389 1629 [DEBUG] GetFileSize: /db_working_home/000713.sst 
2026/04/19-18:18:31.325260 1629 [DEBUG] Syncing metadata for: /db_working_home/MANIFEST-000228
2026/04/19-18:18:31.326044 1629 [DEBUG] DeleteFile: ./db_working_home/000191.sst 
2026/04/19-18:18:31.326743 1629 [Zonestats:time(s),used_cap(MB),reclaimable_cap(MB), avg_reclaimable(%), active(#), active_zones(#), open_zones(#)] 509 2104 3399 61 5 5 1
2026/04/19-18:18:31.326784 1629 [DEBUG] DeleteFile: ./db_working_home/000594.sst 
2026/04/19-18:18:31.327433 1629 [Zonestats:time(s),used_cap(MB),reclaimable_cap(MB), avg_reclaimable(%), active(#), active_zones(#), open_zones(#)] 509 2025 3350 62 5 5 1
2026/04/19-18:18:31.332747 1629 [DEBUG] New writable file: /db_working_home/000714.sst direct: 1
2026/04/19-18:18:31.336052 1629 Entering Apply Finish Threshold Function
2026/04/19-18:18:31.336062 1629 Finishing zone: Entering Finish()
2026/04/19-18:18:31.726886 1628 Zone Garbage Stats: [83 5 1 0 0 13 9 3 1 5 3 0 ]
2026/04/19-18:18:31.726917 1628 Total Garbage Bytes: 116196739 bytes
2026/04/19-18:18:32.013833 1629 [DEBUG] Allocating zone(new=1) start: 0x48000000 wp: 0x48000000 lt: 5 file lt: 5
2026/04/19-18:18:32.013849 1629 [Zonestats:time(s),used_cap(MB),reclaimable_cap(MB), avg_reclaimable(%), active(#), active_zones(#), open_zones(#)] 510 2025 3350 62 4 5 2
2026/04/19-18:18:32.013857 1629 [DEBUG] Syncing metadata for: /db_working_home/000714.sst
2026/04/19-18:18:32.727113 1628 Zone Garbage Stats: [82 5 1 0 0 13 9 4 1 5 3 0 ]
2026/04/19-18:18:32.727212 1628 Total Garbage Bytes: 116196740 bytes
2026/04/19-18:18:32.742752 1629 [DEBUG] Syncing metadata for: /db_working_home/000714.sst
2026/04/19-18:18:32.743313 1629 [DEBUG] Syncing metadata for: /db_working_home/000714.sst
2026/04/19-18:18:32.744016 1629 [DEBUG] GetFileSize: /db_working_home/000714.sst 
2026/04/19-18:18:32.744050 1629 [DEBUG] New writable file: /db_working_home/000715.sst direct: 1
2026/04/19-18:18:32.749899 1629 Entering Apply Finish Threshold Function
2026/04/19-18:18:32.749910 1629 Finishing zone: Entering Finish()
2026/04/19-18:18:33.261674 1629 [DEBUG] Allocating zone(new=1) start: 0x100000000 wp: 0x100000000 lt: 5 file lt: 5
2026/04/19-18:18:33.261691 1629 [Zonestats:time(s),used_cap(MB),reclaimable_cap(MB), avg_reclaimable(%), active(#), active_zones(#), open_zones(#)] 511 2089 3414 62 4 5 2
2026/04/19-18:18:33.261700 1629 [DEBUG] Syncing metadata for: /db_working_home/000715.sst
2026/04/19-18:18:33.452581 1629 [DEBUG] Syncing metadata for: /db_working_home/000715.sst
2026/04/19-18:18:33.453162 1629 [DEBUG] Syncing metadata for: /db_working_home/000715.sst
2026/04/19-18:18:33.453873 1629 [DEBUG] GetFileSize: /db_working_home/000715.sst 
2026/04/19-18:18:33.455097 1629 [DEBUG] New random access file: /db_working_home/000714.sst direct: 1
2026/04/19-18:18:33.455349 1629 [DEBUG] GetFileSize: /db_working_home/000714.sst 
2026/04/19-18:18:33.455551 1629 [DEBUG] New random access file: /db_working_home/000715.sst direct: 1
2026/04/19-18:18:33.455725 1629 [DEBUG] GetFileSize: /db_working_home/000715.sst 
2026/04/19-18:18:33.456633 1629 [DEBUG] Syncing metadata for: /db_working_home/MANIFEST-000228
2026/04/19-18:18:33.457387 1629 [DEBUG] DeleteFile: ./db_working_home/000223.sst 
2026/04/19-18:18:33.458067 1629 [Zonestats:time(s),used_cap(MB),reclaimable_cap(MB), avg_reclaimable(%), active(#), active_zones(#), open_zones(#)] 511 2041 3462 62 5 5 1
2026/04/19-18:18:33.458109 1629 [DEBUG] DeleteFile: ./db_working_home/000620.sst 
2026/04/19-18:18:33.458775 1629 [Zonestats:time(s),used_cap(MB),reclaimable_cap(MB), avg_reclaimable(%), active(#), active_zones(#), open_zones(#)] 511 1982 3393 63 5 5 1
2026/04/19-18:18:33.464055 1629 [DEBUG] New writable file: /db_working_home/000716.sst direct: 1
2026/04/19-18:18:33.466863 1629 Entering Apply Finish Threshold Function
2026/04/19-18:18:33.466874 1629 Finishing zone: Entering Finish()
2026/04/19-18:18:33.727408 1628 Zone Garbage Stats: [83 5 1 0 0 13 8 4 1 5 3 0 ]
2026/04/19-18:18:33.727422 1628 Total Garbage Bytes: 116196319 bytes
2026/04/19-18:18:34.358219 1629 [DEBUG] Allocating zone(new=1) start: 0xd8000000 wp: 0xd8000000 lt: 5 file lt: 5
2026/04/19-18:18:34.358235 1629 [Zonestats:time(s),used_cap(MB),reclaimable_cap(MB), avg_reclaimable(%), active(#), active_zones(#), open_zones(#)] 512 1982 3393 63 4 5 2
2026/04/19-18:18:34.358243 1629 [DEBUG] Syncing metadata for: /db_working_home/000716.sst
2026/04/19-18:18:34.727610 1628 Zone Garbage Stats: [82 5 1 0 0 13 8 4 1 6 3 0 ]
2026/04/19-18:18:34.727626 1628 Total Garbage Bytes: 116196704 bytes
2026/04/19-18:18:35.024631 1629 [DEBUG] Syncing metadata for: /db_working_home/000716.sst
2026/04/19-18:18:35.025189 1629 [DEBUG] Syncing metadata for: /db_working_home/000716.sst
2026/04/19-18:18:35.025895 1629 [DEBUG] GetFileSize: /db_working_home/000716.sst 
2026/04/19-18:18:35.025959 1629 [DEBUG] New writable file: /db_working_home/000717.sst direct: 1
2026/04/19-18:18:35.029112 1629 Entering Apply Finish Threshold Function
2026/04/19-18:18:35.029122 1629 Finishing zone: Entering Finish()
2026/04/19-18:18:35.540849 1629 [DEBUG] Allocating zone(new=1) start: 0xf0000000 wp: 0xf0000000 lt: 5 file lt: 5
2026/04/19-18:18:35.540865 1629 [Zonestats:time(s),used_cap(MB),reclaimable_cap(MB), avg_reclaimable(%), active(#), active_zones(#), open_zones(#)] 513 2046 3457 62 4 5 2
2026/04/19-18:18:35.540873 1629 [DEBUG] Syncing metadata for: /db_working_home/000717.sst
2026/04/19-18:18:35.727818 1628 Zone Garbage Stats: [81 5 1 0 0 14 8 4 1 6 3 0 ]
2026/04/19-18:18:35.727834 1628 Total Garbage Bytes: 116196826 bytes
2026/04/19-18:18:36.264162 1629 [DEBUG] Syncing metadata for: /db_working_home/000717.sst
2026/04/19-18:18:36.264723 1629 [DEBUG] Syncing metadata for: /db_working_home/000717.sst
2026/04/19-18:18:36.265418 1629 [DEBUG] GetFileSize: /db_working_home/000717.sst 
2026/04/19-18:18:36.265451 1629 [DEBUG] New writable file: /db_working_home/000718.sst direct: 1
2026/04/19-18:18:36.268620 1629 Entering Apply Finish Threshold Function
2026/04/19-18:18:36.268632 1629 Finishing zone: Entering Finish()
2026/04/19-18:18:36.728022 1628 Zone Garbage Stats: [81 5 1 0 0 14 8 4 1 6 3 0 ]
2026/04/19-18:18:36.728036 1628 Total Garbage Bytes: 116196826 bytes
2026/04/19-18:18:36.780594 1629 [DEBUG] Allocating zone(new=1) start: 0x108000000 wp: 0x108000000 lt: 5 file lt: 5
2026/04/19-18:18:36.780608 1629 [Zonestats:time(s),used_cap(MB),reclaimable_cap(MB), avg_reclaimable(%), active(#), active_zones(#), open_zones(#)] 514 2110 3521 62 4 5 2
2026/04/19-18:18:36.780617 1629 [DEBUG] Syncing metadata for: /db_working_home/000718.sst
2026/04/19-18:18:37.420899 1629 [DEBUG] Syncing metadata for: /db_working_home/000718.sst
2026/04/19-18:18:37.421484 1629 [DEBUG] Syncing metadata for: /db_working_home/000718.sst
2026/04/19-18:18:37.422210 1629 [DEBUG] GetFileSize: /db_working_home/000718.sst 
2026/04/19-18:18:37.423635 1629 [DEBUG] New random access file: /db_working_home/000716.sst direct: 1
2026/04/19-18:18:37.423942 1629 [DEBUG] GetFileSize: /db_working_home/000716.sst 
2026/04/19-18:18:37.424147 1629 [DEBUG] New random access file: /db_working_home/000717.sst direct: 1
2026/04/19-18:18:37.424390 1629 [DEBUG] GetFileSize: /db_working_home/000717.sst 
2026/04/19-18:18:37.424565 1629 [DEBUG] New random access file: /db_working_home/000718.sst direct: 1
2026/04/19-18:18:37.424768 1629 [DEBUG] GetFileSize: /db_working_home/000718.sst 
2026/04/19-18:18:37.425750 1629 [DEBUG] Syncing metadata for: /db_working_home/MANIFEST-000228
2026/04/19-18:18:37.426540 1629 [DEBUG] DeleteFile: ./db_working_home/000160.sst 
2026/04/19-18:18:37.427241 1629 [Zonestats:time(s),used_cap(MB),reclaimable_cap(MB), avg_reclaimable(%), active(#), active_zones(#), open_zones(#)] 515 2100 3531 62 5 5 1
2026/04/19-18:18:37.427293 1629 [DEBUG] DeleteFile: ./db_working_home/000703.sst 
2026/04/19-18:18:37.427957 1629 [Zonestats:time(s),used_cap(MB),reclaimable_cap(MB), avg_reclaimable(%), active(#), active_zones(#), open_zones(#)] 515 1986 3517 63 5 5 1
2026/04/19-18:18:37.427993 1629 [DEBUG] DeleteFile: ./db_working_home/000711.sst 
2026/04/19-18:18:37.428632 1629 [Zonestats:time(s),used_cap(MB),reclaimable_cap(MB), avg_reclaimable(%), active(#), active_zones(#), open_zones(#)] 515 1927 3448 64 5 5 1
2026/04/19-18:18:37.433908 1629 [DEBUG] New writable file: /db_working_home/000719.sst direct: 1
2026/04/19-18:18:37.437416 1629 Entering Apply Finish Threshold Function
2026/04/19-18:18:37.437427 1629 Finishing zone: Entering Finish()
2026/04/19-18:18:37.728243 1628 Zone Garbage Stats: [83 5 0 0 0 14 7 4 1 6 3 0 ]
2026/04/19-18:18:37.728333 1628 Total Garbage Bytes: 116196350 bytes
2026/04/19-18:18:38.032050 1629 [DEBUG] Allocating zone(new=1) start: 0x30000000 wp: 0x30000000 lt: 5 file lt: 5
2026/04/19-18:18:38.032065 1629 [Zonestats:time(s),used_cap(MB),reclaimable_cap(MB), avg_reclaimable(%), active(#), active_zones(#), open_zones(#)] 516 1927 3448 64 4 5 2
2026/04/19-18:18:38.032083 1629 [DEBUG] Syncing metadata for: /db_working_home/000719.sst
2026/04/19-18:18:38.728529 1628 Zone Garbage Stats: [82 5 0 0 0 14 8 4 1 6 3 0 ]
2026/04/19-18:18:38.728545 1628 Total Garbage Bytes: 116196494 bytes
2026/04/19-18:18:38.757472 1629 [DEBUG] Syncing metadata for: /db_working_home/000719.sst
2026/04/19-18:18:38.758042 1629 [DEBUG] Syncing metadata for: /db_working_home/000719.sst
2026/04/19-18:18:38.758778 1629 [DEBUG] GetFileSize: /db_working_home/000719.sst 
2026/04/19-18:18:38.758812 1629 [DEBUG] New writable file: /db_working_home/000720.sst direct: 1
2026/04/19-18:18:38.768075 1629 Entering Apply Finish Threshold Function
2026/04/19-18:18:38.768089 1629 Finishing zone: Entering Finish()
2026/04/19-18:18:39.279975 1629 [DEBUG] Allocating zone(new=1) start: 0x38000000 wp: 0x38000000 lt: 5 file lt: 5
2026/04/19-18:18:39.279992 1629 [Zonestats:time(s),used_cap(MB),reclaimable_cap(MB), avg_reclaimable(%), active(#), active_zones(#), open_zones(#)] 517 1991 3512 63 4 5 2
2026/04/19-18:18:39.280029 1629 [DEBUG] Syncing metadata for: /db_working_home/000720.sst
2026/04/19-18:18:39.728785 1628 Zone Garbage Stats: [81 5 0 0 0 15 8 4 1 6 3 0 ]
2026/04/19-18:18:39.728802 1628 Total Garbage Bytes: 116196888 bytes
2026/04/19-18:18:40.005528 1629 [DEBUG] Syncing metadata for: /db_working_home/000720.sst
2026/04/19-18:18:40.006111 1629 [DEBUG] Syncing metadata for: /db_working_home/000720.sst
2026/04/19-18:18:40.006973 1629 [DEBUG] GetFileSize: /db_working_home/000720.sst 
2026/04/19-18:18:40.007034 1629 [DEBUG] New writable file: /db_working_home/000721.sst direct: 1
2026/04/19-18:18:40.010644 1629 Entering Apply Finish Threshold Function
2026/04/19-18:18:40.010655 1629 Finishing zone: Entering Finish()
2026/04/19-18:18:40.522563 1629 [DEBUG] Allocating zone(new=1) start: 0xe0000000 wp: 0xe0000000 lt: 5 file lt: 5
2026/04/19-18:18:40.522606 1629 [Zonestats:time(s),used_cap(MB),reclaimable_cap(MB), avg_reclaimable(%), active(#), active_zones(#), open_zones(#)] 518 2055 3576 63 4 5 2
2026/04/19-18:18:40.522615 1629 [DEBUG] Syncing metadata for: /db_working_home/000721.sst
2026/04/19-18:18:40.729052 1628 Zone Garbage Stats: [80 5 0 0 0 16 8 4 1 6 3 0 ]
2026/04/19-18:18:40.729068 1628 Total Garbage Bytes: 116197277 bytes
2026/04/19-18:18:41.230709 1629 [DEBUG] Syncing metadata for: /db_working_home/000721.sst
2026/04/19-18:18:41.231331 1629 [DEBUG] Syncing metadata for: /db_working_home/000721.sst
2026/04/19-18:18:41.232131 1629 [DEBUG] GetFileSize: /db_working_home/000721.sst 
2026/04/19-18:18:41.232177 1629 [DEBUG] New writable file: /db_working_home/000722.sst direct: 1
2026/04/19-18:18:41.237879 1629 Entering Apply Finish Threshold Function
2026/04/19-18:18:41.237894 1629 Finishing zone: Entering Finish()
2026/04/19-18:18:41.729278 1628 Zone Garbage Stats: [80 5 0 0 0 16 8 4 1 6 3 0 ]
2026/04/19-18:18:41.729300 1628 Total Garbage Bytes: 116197277 bytes
2026/04/19-18:18:41.749742 1629 [DEBUG] Allocating zone(new=1) start: 0x110000000 wp: 0x110000000 lt: 5 file lt: 5
2026/04/19-18:18:41.749764 1629 [Zonestats:time(s),used_cap(MB),reclaimable_cap(MB), avg_reclaimable(%), active(#), active_zones(#), open_zones(#)] 519 2119 3640 63 4 5 2
2026/04/19-18:18:41.749773 1629 [DEBUG] Syncing metadata for: /db_working_home/000722.sst
2026/04/19-18:18:42.454153 1629 [DEBUG] Syncing metadata for: /db_working_home/000722.sst
2026/04/19-18:18:42.454715 1629 [DEBUG] Syncing metadata for: /db_working_home/000722.sst
2026/04/19-18:18:42.455426 1629 [DEBUG] GetFileSize: /db_working_home/000722.sst 
2026/04/19-18:18:42.455461 1629 [DEBUG] New writable file: /db_working_home/000723.sst direct: 1
2026/04/19-18:18:42.461185 1629 Entering Apply Finish Threshold Function
2026/04/19-18:18:42.461198 1629 Finishing zone: Entering Finish()
2026/04/19-18:18:42.729488 1628 Zone Garbage Stats: [79 5 0 0 0 17 8 4 1 6 3 0 ]
2026/04/19-18:18:42.729637 1628 Total Garbage Bytes: 116197732 bytes
2026/04/19-18:18:42.972941 1629 [DEBUG] Allocating zone(new=1) start: 0x120000000 wp: 0x120000000 lt: 5 file lt: 5
2026/04/19-18:18:42.972955 1629 [Zonestats:time(s),used_cap(MB),reclaimable_cap(MB), avg_reclaimable(%), active(#), active_zones(#), open_zones(#)] 520 2183 3704 62 4 5 2
2026/04/19-18:18:42.972964 1629 [DEBUG] Syncing metadata for: /db_working_home/000723.sst
2026/04/19-18:18:43.200856 1629 [DEBUG] Syncing metadata for: /db_working_home/000723.sst
2026/04/19-18:18:43.201416 1629 [DEBUG] Syncing metadata for: /db_working_home/000723.sst
2026/04/19-18:18:43.202120 1629 [DEBUG] GetFileSize: /db_working_home/000723.sst 
2026/04/19-18:18:43.203381 1629 [DEBUG] New random access file: /db_working_home/000719.sst direct: 1
2026/04/19-18:18:43.203670 1629 [DEBUG] GetFileSize: /db_working_home/000719.sst 
2026/04/19-18:18:43.204115 1629 [DEBUG] New random access file: /db_working_home/000720.sst direct: 1
2026/04/19-18:18:43.204358 1629 [DEBUG] GetFileSize: /db_working_home/000720.sst 
2026/04/19-18:18:43.204508 1629 [DEBUG] New random access file: /db_working_home/000721.sst direct: 1
2026/04/19-18:18:43.204743 1629 [DEBUG] GetFileSize: /db_working_home/000721.sst 
2026/04/19-18:18:43.204907 1629 [DEBUG] New random access file: /db_working_home/000722.sst direct: 1
2026/04/19-18:18:43.205142 1629 [DEBUG] GetFileSize: /db_working_home/000722.sst 
2026/04/19-18:18:43.205278 1629 [DEBUG] New random access file: /db_working_home/000723.sst direct: 1
2026/04/19-18:18:43.205446 1629 [DEBUG] GetFileSize: /db_working_home/000723.sst 
2026/04/19-18:18:43.206708 1629 [DEBUG] Syncing metadata for: /db_working_home/MANIFEST-000228
2026/04/19-18:18:43.207908 1629 [DEBUG] DeleteFile: ./db_working_home/000114.sst 
2026/04/19-18:18:43.208728 1629 [Zonestats:time(s),used_cap(MB),reclaimable_cap(MB), avg_reclaimable(%), active(#), active_zones(#), open_zones(#)] 521 2140 3747 63 5 5 1
2026/04/19-18:18:43.208777 1629 [DEBUG] DeleteFile: ./db_working_home/000467.sst 
2026/04/19-18:18:43.209435 1629 [Zonestats:time(s),used_cap(MB),reclaimable_cap(MB), avg_reclaimable(%), active(#), active_zones(#), open_zones(#)] 521 2122 3637 63 5 5 1
2026/04/19-18:18:43.209471 1629 [DEBUG] DeleteFile: ./db_working_home/000648.sst 
2026/04/19-18:18:43.210127 1629 [Zonestats:time(s),used_cap(MB),reclaimable_cap(MB), avg_reclaimable(%), active(#), active_zones(#), open_zones(#)] 521 2058 3573 63 5 5 1
2026/04/19-18:18:43.210163 1629 [DEBUG] DeleteFile: ./db_working_home/000649.sst 
2026/04/19-18:18:43.210803 1629 [Zonestats:time(s),used_cap(MB),reclaimable_cap(MB), avg_reclaimable(%), active(#), active_zones(#), open_zones(#)] 521 2045 3458 62 5 5 1
2026/04/19-18:18:43.210836 1629 [DEBUG] DeleteFile: ./db_working_home/000707.sst 
2026/04/19-18:18:43.211460 1629 [Zonestats:time(s),used_cap(MB),reclaimable_cap(MB), avg_reclaimable(%), active(#), active_zones(#), open_zones(#)] 521 2006 3369 62 5 5 1
2026/04/19-18:18:43.211486 1629 [DEBUG] DeleteFile: ./db_working_home/000708.sst 
2026/04/19-18:18:43.212157 1629 [Zonestats:time(s),used_cap(MB),reclaimable_cap(MB), avg_reclaimable(%), active(#), active_zones(#), open_zones(#)] 521 1877 3242 63 4 4 1
2026/04/19-18:18:43.212182 1629 [DEBUG] DeleteFile: ./db_working_home/000709.sst 
2026/04/19-18:18:43.212785 1629 [Zonestats:time(s),used_cap(MB),reclaimable_cap(MB), avg_reclaimable(%), active(#), active_zones(#), open_zones(#)] 521 1827 3164 63 4 4 1
2026/04/19-18:18:43.213561 1629 [DEBUG] Syncing metadata for: /db_working_home/MANIFEST-000228
2026/04/19-18:18:43.262447 1626 [DEBUG] GetChildrenNoLock: /db_working_home 
2026/04/19-18:18:43.263097 1626 [DEBUG] Syncing metadata for: /db_working_home/000692.log
2026/04/19-18:18:43.263735 1626 [DEBUG] Syncing metadata for: /db_working_home/MANIFEST-000228
2026/04/19-18:18:43.264289 1626 [DEBUG] Syncing metadata for: /db_working_home/MANIFEST-000228
2026/04/19-18:18:43.264909 1626 [DEBUG] GetFileSize: /db_working_home/MANIFEST-000228 
2026/04/19-18:18:43.266468 1626 [DEBUG] CreatDirIfMissing: ./db_working_home to aux: /home/femu/rocksdbTest/zenfs_aux/./db_working_home
2026/04/19-18:18:43.266506 1626 [DEBUG] FileExists: /db_working_home/LOG 
2026/04/19-18:18:43.266568 1626 [DEBUG] Rename file: /db_working_home/LOG to : /db_working_home/LOG.old.1776622723266556
2026/04/19-18:18:43.268269 1626 [DEBUG] GetChildrenNoLock: /db_working_home 
2026/04/19-18:18:43.268443 1626 [DEBUG] GetFileSize: /db_working_home/000692.log 
2026/04/19-18:18:43.268464 1626 [DEBUG] GetFileSize: /db_working_home/MANIFEST-000228 
2026/04/19-18:18:43.269123 1626 [DEBUG] CreatDirIfMissing: ./db_working_home to aux: /home/femu/rocksdbTest/zenfs_aux/./db_working_home
2026/04/19-18:18:43.269137 1626 [DEBUG] CreatDirIfMissing: ./db_working_home to aux: /home/femu/rocksdbTest/zenfs_aux/./db_working_home
2026/04/19-18:18:43.269169 1626 [DEBUG] CreatDirIfMissing: ./db_working_home to aux: /home/femu/rocksdbTest/zenfs_aux/./db_working_home
2026/04/19-18:18:43.269179 1626 [DEBUG] NewDirectory: ./db_working_home to aux: /home/femu/rocksdbTest/zenfs_aux/./db_working_home
2026/04/19-18:18:43.269221 1626 [DEBUG] FileExists: /db_working_home/CURRENT 
2026/04/19-18:18:43.269236 1626 [DEBUG] New random access file: /db_working_home/CURRENT direct: 1
2026/04/19-18:18:43.269257 1626 [DEBUG] New sequential file: /db_working_home/CURRENT direct: 0
2026/04/19-18:18:43.269460 1626 [DEBUG] New sequential file: /db_working_home/MANIFEST-000228 direct: 0
2026/04/19-18:18:43.273200 1668 [DEBUG] New random access file: /db_working_home/000693.sst direct: 1
2026/04/19-18:18:43.273240 1670 [DEBUG] New random access file: /db_working_home/000701.sst direct: 1
2026/04/19-18:18:43.273256 1669 [DEBUG] New random access file: /db_working_home/000695.sst direct: 1
2026/04/19-18:18:43.273468 1668 [DEBUG] GetFileSize: /db_working_home/000693.sst 
2026/04/19-18:18:43.273510 1673 [DEBUG] New random access file: /db_working_home/000683.sst direct: 1
2026/04/19-18:18:43.273537 1670 [DEBUG] GetFileSize: /db_working_home/000701.sst 
2026/04/19-18:18:43.273553 1672 [DEBUG] New random access file: /db_working_home/000616.sst direct: 1
2026/04/19-18:18:43.273636 1668 [DEBUG] New random access file: /db_working_home/000569.sst direct: 1
2026/04/19-18:18:43.273714 1675 [DEBUG] New random access file: /db_working_home/000698.sst direct: 1
2026/04/19-18:18:43.273753 1670 [DEBUG] New random access file: /db_working_home/000626.sst direct: 1
2026/04/19-18:18:43.273777 1676 [DEBUG] New random access file: /db_working_home/000685.sst direct: 1
2026/04/19-18:18:43.273777 1669 [DEBUG] GetFileSize: /db_working_home/000695.sst 
2026/04/19-18:18:43.273785 1672 [DEBUG] GetFileSize: /db_working_home/000616.sst 
2026/04/19-18:18:43.273820 1678 [DEBUG] New random access file: /db_working_home/000618.sst direct: 1
2026/04/19-18:18:43.273833 1668 [DEBUG] GetFileSize: /db_working_home/000569.sst 
2026/04/19-18:18:43.273960 1669 [DEBUG] New random access file: /db_working_home/000623.sst direct: 1
2026/04/19-18:18:43.273987 1674 [DEBUG] New random access file: /db_working_home/000702.sst direct: 1
2026/04/19-18:18:43.274006 1668 [DEBUG] New random access file: /db_working_home/000546.sst direct: 1
2026/04/19-18:18:43.274040 1672 [DEBUG] New random access file: /db_working_home/000548.sst direct: 1
2026/04/19-18:18:43.274167 1677 [DEBUG] New random access file: /db_working_home/000723.sst direct: 1
2026/04/19-18:18:43.274200 1675 [DEBUG] GetFileSize: /db_working_home/000698.sst 
2026/04/19-18:18:43.274205 1670 [DEBUG] GetFileSize: /db_working_home/000626.sst 
2026/04/19-18:18:43.274271 1674 [DEBUG] GetFileSize: /db_working_home/000702.sst 
2026/04/19-18:18:43.274274 1673 [DEBUG] GetFileSize: /db_working_home/000683.sst 
2026/04/19-18:18:43.274379 1668 [DEBUG] GetFileSize: /db_working_home/000546.sst 
2026/04/19-18:18:43.274407 1674 [DEBUG] New random access file: /db_working_home/000721.sst direct: 1
2026/04/19-18:18:43.274485 1672 [DEBUG] GetFileSize: /db_working_home/000548.sst 
2026/04/19-18:18:43.274617 1676 [DEBUG] GetFileSize: /db_working_home/000685.sst 
2026/04/19-18:18:43.274617 1669 [DEBUG] GetFileSize: /db_working_home/000623.sst 
2026/04/19-18:18:43.274655 1680 [DEBUG] New random access file: /db_working_home/000720.sst direct: 1
2026/04/19-18:18:43.274718 1674 [DEBUG] GetFileSize: /db_working_home/000721.sst 
2026/04/19-18:18:43.274799 1675 [DEBUG] New random access file: /db_working_home/000719.sst direct: 1
2026/04/19-18:18:43.274899 1674 [DEBUG] New random access file: /db_working_home/000718.sst direct: 1
2026/04/19-18:18:43.274929 1677 [DEBUG] GetFileSize: /db_working_home/000723.sst 
2026/04/19-18:18:43.274971 1678 [DEBUG] GetFileSize: /db_working_home/000618.sst 
2026/04/19-18:18:43.275076 1675 [DEBUG] GetFileSize: /db_working_home/000719.sst 
2026/04/19-18:18:43.275116 1674 [DEBUG] GetFileSize: /db_working_home/000718.sst 
2026/04/19-18:18:43.275154 1676 [DEBUG] New random access file: /db_working_home/000716.sst direct: 1
2026/04/19-18:18:43.275228 1672 [DEBUG] New random access file: /db_working_home/000713.sst direct: 1
2026/04/19-18:18:43.275275 1678 [DEBUG] New random access file: /db_working_home/000710.sst direct: 1
2026/04/19-18:18:43.275284 1679 [DEBUG] New random access file: /db_working_home/000722.sst direct: 1
2026/04/19-18:18:43.275391 1676 [DEBUG] GetFileSize: /db_working_home/000716.sst 
2026/04/19-18:18:43.275474 1680 [DEBUG] GetFileSize: /db_working_home/000720.sst 
2026/04/19-18:18:43.275472 1672 [DEBUG] GetFileSize: /db_working_home/000713.sst 
2026/04/19-18:18:43.275487 1677 [DEBUG] New random access file: /db_working_home/000714.sst direct: 1
2026/04/19-18:18:43.275495 1681 [DEBUG] New random access file: /db_working_home/000712.sst direct: 1
2026/04/19-18:18:43.275563 1678 [DEBUG] GetFileSize: /db_working_home/000710.sst 
2026/04/19-18:18:43.275701 1678 [DEBUG] New random access file: /db_working_home/000221.sst direct: 1
2026/04/19-18:18:43.275864 1677 [DEBUG] GetFileSize: /db_working_home/000714.sst 
2026/04/19-18:18:43.275930 1668 [DEBUG] New random access file: /db_working_home/000715.sst direct: 1
2026/04/19-18:18:43.275942 1679 [DEBUG] GetFileSize: /db_working_home/000722.sst 
2026/04/19-18:18:43.276010 1678 [DEBUG] GetFileSize: /db_working_home/000221.sst 
2026/04/19-18:18:43.276098 1668 [DEBUG] GetFileSize: /db_working_home/000715.sst 
2026/04/19-18:18:43.276195 1681 [DEBUG] GetFileSize: /db_working_home/000712.sst 
2026/04/19-18:18:43.276213 1668 [DEBUG] New random access file: /db_working_home/000717.sst direct: 1
2026/04/19-18:18:43.276590 1668 [DEBUG] GetFileSize: /db_working_home/000717.sst 
2026/04/19-18:18:43.276631 1681 [DEBUG] New random access file: /db_working_home/000224.sst direct: 1
2026/04/19-18:18:43.276729 1679 [DEBUG] New random access file: /db_working_home/000319.sst direct: 1
2026/04/19-18:18:43.276776 1681 [DEBUG] GetFileSize: /db_working_home/000224.sst 
2026/04/19-18:18:43.276973 1669 [DEBUG] New random access file: /db_working_home/000320.sst direct: 1
2026/04/19-18:18:43.276994 1670 [DEBUG] New random access file: /db_working_home/000645.sst direct: 1
2026/04/19-18:18:43.277003 1678 [DEBUG] New random access file: /db_working_home/000642.sst direct: 1
2026/04/19-18:18:43.277064 1681 [DEBUG] New random access file: /db_working_home/000639.sst direct: 1
2026/04/19-18:18:43.277335 1678 [DEBUG] GetFileSize: /db_working_home/000642.sst 
2026/04/19-18:18:43.277414 1671 [DEBUG] New random access file: /db_working_home/000706.sst direct: 1
2026/04/19-18:18:43.277430 1669 [DEBUG] GetFileSize: /db_working_home/000320.sst 
2026/04/19-18:18:43.277447 1681 [DEBUG] GetFileSize: /db_working_home/000639.sst 
2026/04/19-18:18:43.277720 1671 [DEBUG] GetFileSize: /db_working_home/000706.sst 
2026/04/19-18:18:43.277744 1670 [DEBUG] GetFileSize: /db_working_home/000645.sst 
2026/04/19-18:18:43.278259 1674 [DEBUG] New random access file: /db_working_home/000222.sst direct: 1
2026/04/19-18:18:43.278285 1679 [DEBUG] GetFileSize: /db_working_home/000319.sst 
2026/04/19-18:18:43.278527 1674 [DEBUG] GetFileSize: /db_working_home/000222.sst 
2026/04/19-18:18:43.279272 1626 [DEBUG] FileExists: /db_working_home/IDENTITY 
2026/04/19-18:18:43.279291 1626 [DEBUG] New sequential file: /db_working_home/IDENTITY direct: 0
2026/04/19-18:18:43.279325 1626 [DEBUG] GetChildrenNoLock: /db_working_home 
2026/04/19-18:18:43.279515 1626 [DEBUG] CreatDirIfMissing: ./db_working_home to aux: /home/femu/rocksdbTest/zenfs_aux/./db_working_home
2026/04/19-18:18:43.279531 1626 [DEBUG] NewDirectory: ./db_working_home to aux: /home/femu/rocksdbTest/zenfs_aux/./db_working_home
2026/04/19-18:18:43.279548 1626 [DEBUG] GetChildrenNoLock: /db_working_home 
2026/04/19-18:18:43.279724 1626 [DEBUG] New sequential file: /db_working_home/000692.log direct: 0
2026/04/19-18:18:43.279750 1626 [DEBUG] GetFileSize: /db_working_home/000692.log 
2026/04/19-18:18:43.279770 1626 [DEBUG] GetFileSize: /db_working_home/000692.log 
2026/04/19-18:18:43.279779 1626 [DEBUG] Reopen writable file: /db_working_home/000692.log 
2026/04/19-18:18:43.279795 1626 [DEBUG] Syncing metadata for: /db_working_home/000692.log
2026/04/19-18:18:43.280404 1626 [DEBUG] New writable file: /db_working_home/000726.log direct: 0
2026/04/19-18:18:43.281037 1626 [DEBUG] New writable file: /db_working_home/MANIFEST-000727 direct: 0
2026/04/19-18:18:43.281788 1626 Entering Apply Finish Threshold Function
2026/04/19-18:18:43.281794 1626 Finishing zone: Entering Finish()
2026/04/19-18:18:43.729818 1628 Zone Garbage Stats: [86 4 0 0 0 16 8 2 1 4 3 0 ]
2026/04/19-18:18:43.729830 1628 Total Garbage Bytes: 116255042 bytes
2026/04/19-18:18:44.137598 1626 [DEBUG] Allocating zone(new=0) start: 0x20000000 wp: 0x20036400 lt: 0 file lt: 0
2026/04/19-18:18:44.137613 1626 [Zonestats:time(s),used_cap(MB),reclaimable_cap(MB), avg_reclaimable(%), active(#), active_zones(#), open_zones(#)] 522 1827 3164 63 3 3 1
2026/04/19-18:18:44.137622 1626 [DEBUG] Syncing metadata for: /db_working_home/MANIFEST-000727
2026/04/19-18:18:44.138740 1626 [DEBUG] Syncing metadata for: /db_working_home/MANIFEST-000727
2026/04/19-18:18:44.139302 1626 [DEBUG] New writable file: /db_working_home/000727.dbtmp direct: 0
2026/04/19-18:18:44.139922 1626 Entering Apply Finish Threshold Function
2026/04/19-18:18:44.139943 1626 [DEBUG] Allocating zone(new=0) start: 0x18000000 wp: 0x18017e00 lt: 0 file lt: 0
2026/04/19-18:18:44.139949 1626 [Zonestats:time(s),used_cap(MB),reclaimable_cap(MB), avg_reclaimable(%), active(#), active_zones(#), open_zones(#)] 522 1827 3164 63 3 3 2
2026/04/19-18:18:44.139955 1626 [DEBUG] Syncing metadata for: /db_working_home/000727.dbtmp
2026/04/19-18:18:44.141018 1626 [DEBUG] Syncing metadata for: /db_working_home/000727.dbtmp
2026/04/19-18:18:44.141562 1626 [DEBUG] Syncing metadata for: /db_working_home/000727.dbtmp
2026/04/19-18:18:44.142094 1626 [DEBUG] Syncing metadata for: /db_working_home/000727.dbtmp
2026/04/19-18:18:44.142688 1626 [DEBUG] Rename file: /db_working_home/000727.dbtmp to : /db_working_home/CURRENT
2026/04/19-18:18:44.145077 1626 [DEBUG] New writable file: /db_working_home/OPTIONS-000728.dbtmp direct: 0
2026/04/19-18:18:44.146027 1626 Entering Apply Finish Threshold Function
2026/04/19-18:18:44.146047 1626 [DEBUG] Allocating zone(new=0) start: 0x18000000 wp: 0x18018000 lt: 0 file lt: 0
2026/04/19-18:18:44.146054 1626 [Zonestats:time(s),used_cap(MB),reclaimable_cap(MB), avg_reclaimable(%), active(#), active_zones(#), open_zones(#)] 522 1827 3164 63 3 3 2
2026/04/19-18:18:44.146059 1626 [DEBUG] Syncing metadata for: /db_working_home/OPTIONS-000728.dbtmp
2026/04/19-18:18:44.147132 1626 [DEBUG] Syncing metadata for: /db_working_home/OPTIONS-000728.dbtmp
2026/04/19-18:18:44.147672 1626 [DEBUG] Syncing metadata for: /db_working_home/OPTIONS-000728.dbtmp
2026/04/19-18:18:44.148206 1626 [DEBUG] Syncing metadata for: /db_working_home/OPTIONS-000728.dbtmp
2026/04/19-18:18:44.148848 1626 [DEBUG] New sequential file: /db_working_home/OPTIONS-000728.dbtmp direct: 0
2026/04/19-18:18:44.150753 1626 [DEBUG] GetFileSize: /db_working_home/OPTIONS-000728.dbtmp 
2026/04/19-18:18:44.150769 1626 [DEBUG] Rename file: /db_working_home/OPTIONS-000728.dbtmp to : /db_working_home/OPTIONS-000729
2026/04/19-18:18:44.151352 1626 [DEBUG] NewDirectory: ./db_working_home to aux: /home/femu/rocksdbTest/zenfs_aux/./db_working_home
2026/04/19-18:18:44.152337 1626 [DEBUG] GetChildrenNoLock: /db_working_home 
2026/04/19-18:18:44.152503 1626 [DEBUG] DeleteFile: ./db_working_home/OPTIONS-000007 
2026/04/19-18:18:44.153066 1626 [Zonestats:time(s),used_cap(MB),reclaimable_cap(MB), avg_reclaimable(%), active(#), active_zones(#), open_zones(#)] 522 1827 3164 63 3 3 1
2026/04/19-18:18:44.153351 1626 [DEBUG] GetChildrenNoLock: /db_working_home 
2026/04/19-18:18:44.153514 1626 [DEBUG] GetChildrenNoLock: /db_working_home 
2026/04/19-18:18:44.153715 1626 [DEBUG] DeleteFile: ./db_working_home/000692.log 
2026/04/19-18:18:44.154274 1626 [Zonestats:time(s),used_cap(MB),reclaimable_cap(MB), avg_reclaimable(%), active(#), active_zones(#), open_zones(#)] 522 1827 3164 63 3 3 1
2026/04/19-18:18:44.154303 1626 [DEBUG] DeleteFile: ./db_working_home/MANIFEST-000228 
2026/04/19-18:18:44.154892 1626 [Zonestats:time(s),used_cap(MB),reclaimable_cap(MB), avg_reclaimable(%), active(#), active_zones(#), open_zones(#)] 522 1827 3164 63 3 3 1
2026/04/19-18:18:44.456896 1626 [DEBUG] GetChildrenNoLock: /db_working_home 
2026/04/19-18:18:44.457177 1626 [DEBUG] Syncing metadata for: /db_working_home/000726.log
2026/04/19-18:18:44.457755 1626 [DEBUG] Syncing metadata for: /db_working_home/MANIFEST-000727
2026/04/19-18:18:44.458293 1626 [DEBUG] Syncing metadata for: /db_working_home/MANIFEST-000727
2026/04/19-18:18:44.458894 1626 [DEBUG] GetFileSize: /db_working_home/MANIFEST-000727 
2026/04/19-18:18:44.489316 1626 ZenFS shutting down
2026/04/19-18:18:44.489326 1626 [DEBUG] Zone 0x18000000 used capacity: 17048 bytes (0 MB)
2026/04/19-18:18:44.489329 1626 [DEBUG] Zone 0x20000000 used capacity: 12406 bytes (0 MB)
2026/04/19-18:18:44.489331 1626 [DEBUG] Zone 0x28000000 used capacity: 67213319 bytes (64 MB)
2026/04/19-18:18:44.489334 1626 [DEBUG] Zone 0x30000000 used capacity: 67213430 bytes (64 MB)
2026/04/19-18:18:44.489336 1626 [DEBUG] Zone 0x38000000 used capacity: 67213435 bytes (64 MB)
2026/04/19-18:18:44.489337 1626 [DEBUG] Zone 0x40000000 used capacity: 15455527 bytes (14 MB)
2026/04/19-18:18:44.489339 1626 [DEBUG] Zone 0x48000000 used capacity: 67214650 bytes (64 MB)
2026/04/19-18:18:44.489341 1626 [DEBUG] Zone 0x50000000 used capacity: 67215296 bytes (64 MB)
2026/04/19-18:18:44.489343 1626 [DEBUG] Zone 0x58000000 used capacity: 15561333 bytes (14 MB)
2026/04/19-18:18:44.489345 1626 [DEBUG] Zone 0x60000000 used capacity: 58853055 bytes (56 MB)
2026/04/19-18:18:44.489346 1626 [DEBUG] Zone 0x68000000 used capacity: 45417471 bytes (43 MB)
2026/04/19-18:18:44.489348 1626 [DEBUG] Zone 0x70000000 used capacity: 67183754 bytes (64 MB)
2026/04/19-18:18:44.489350 1626 [DEBUG] Zone 0x78000000 used capacity: 67217973 bytes (64 MB)
2026/04/19-18:18:44.489352 1626 [DEBUG] Zone 0x88000000 used capacity: 67218133 bytes (64 MB)
2026/04/19-18:18:44.489354 1626 [DEBUG] Zone 0x90000000 used capacity: 61420985 bytes (58 MB)
2026/04/19-18:18:44.489360 1626 [DEBUG] Zone 0xA8000000 used capacity: 45653659 bytes (43 MB)
2026/04/19-18:18:44.489362 1626 [DEBUG] Zone 0xB0000000 used capacity: 65998987 bytes (62 MB)
2026/04/19-18:18:44.489364 1626 [DEBUG] Zone 0xB8000000 used capacity: 9597727 bytes (9 MB)
2026/04/19-18:18:44.489366 1626 [DEBUG] Zone 0xD0000000 used capacity: 134217728 bytes (128 MB)
2026/04/19-18:18:44.489368 1626 [DEBUG] Zone 0xD8000000 used capacity: 67213702 bytes (64 MB)
2026/04/19-18:18:44.489369 1626 [DEBUG] Zone 0xE0000000 used capacity: 67213369 bytes (64 MB)
2026/04/19-18:18:44.489371 1626 [DEBUG] Zone 0xE8000000 used capacity: 8102831 bytes (7 MB)
2026/04/19-18:18:44.489373 1626 [DEBUG] Zone 0xF0000000 used capacity: 67213484 bytes (64 MB)
2026/04/19-18:18:44.489375 1626 [DEBUG] Zone 0xF8000000 used capacity: 67216265 bytes (64 MB)
2026/04/19-18:18:44.489377 1626 [DEBUG] Zone 0x100000000 used capacity: 17450111 bytes (16 MB)
2026/04/19-18:18:44.489379 1626 [DEBUG] Zone 0x108000000 used capacity: 56405360 bytes (53 MB)
2026/04/19-18:18:44.489381 1626 [DEBUG] Zone 0x110000000 used capacity: 67213379 bytes (64 MB)
2026/04/19-18:18:44.489382 1626 [DEBUG] Zone 0x118000000 used capacity: 190403 bytes (0 MB)
2026/04/19-18:18:44.489390 1626 [DEBUG] Zone 0x120000000 used capacity: 22106445 bytes (21 MB)
2026/04/19-18:18:44.489392 1626 [DEBUG] Zone 0x128000000 used capacity: 64578518 bytes (61 MB)
2026/04/19-18:18:44.489394 1626 [DEBUG] Zone 0x130000000 used capacity: 58967021 bytes (56 MB)
2026/04/19-18:18:44.489396 1626 [DEBUG] Zone 0x140000000 used capacity: 67214588 bytes (64 MB)
2026/04/19-18:18:44.489398 1626 [DEBUG] Zone 0x150000000 used capacity: 27400600 bytes (26 MB)
2026/04/19-18:18:44.489400 1626 [DEBUG] Zone 0x158000000 used capacity: 67216414 bytes (64 MB)
2026/04/19-18:18:44.489402 1626 [DEBUG] Zone 0x1A8000000 used capacity: 15197885 bytes (14 MB)
2026/04/19-18:18:44.489404 1626 [DEBUG] Zone 0x1D0000000 used capacity: 63436049 bytes (60 MB)
2026/04/19-18:18:44.489406 1626 [DEBUG] Zone 0x1F0000000 used capacity: 67215299 bytes (64 MB)
2026/04/19-18:18:44.489408 1626 [DEBUG] Zone 0x220000000 used capacity: 54895253 bytes (52 MB)
2026/04/19-18:18:44.489410 1626 [DEBUG] Zone 0x228000000 used capacity: 8900 bytes (0 MB)
2026/04/19-18:18:44.489423 1626 Zone Garbage Stats: [86 4 0 0 0 16 8 2 1 5 3 0 ]
2026/04/19-18:18:44.489425 1626 Total Garbage Bytes: 116420304 bytes
2026/04/19-18:18:44.489427 1626   Files:
2026/04/19-18:18:44.489429 1626     /db_working_home/000221.sst                   sz: 67217973 lh: 5 sparse: 0
2026/04/19-18:18:44.489432 1626           Extent 0 {start=0x78000000, zone=15, len=67217973} 
2026/04/19-18:18:44.489436 1626     /db_working_home/000222.sst                   sz: 67218133 lh: 5 sparse: 0
2026/04/19-18:18:44.489438 1626           Extent 0 {start=0x88000000, zone=17, len=67218133} 
2026/04/19-18:18:44.489440 1626     /db_working_home/000224.sst                   sz: 8102831 lh: 5 sparse: 0
2026/04/19-18:18:44.489442 1626           Extent 0 {start=0xe8000000, zone=29, len=8102831} 
2026/04/19-18:18:44.489445 1626     /db_working_home/000319.sst                   sz: 67216414 lh: 5 sparse: 0
2026/04/19-18:18:44.489447 1626           Extent 0 {start=0x158000000, zone=43, len=67216414} 
2026/04/19-18:18:44.489449 1626     /db_working_home/000320.sst                   sz: 67216265 lh: 5 sparse: 0
2026/04/19-18:18:44.489451 1626           Extent 0 {start=0xf8000000, zone=31, len=67216265} 
2026/04/19-18:18:44.489453 1626     /db_working_home/000546.sst                   sz: 58853055 lh: 5 sparse: 0
2026/04/19-18:18:44.489455 1626           Extent 0 {start=0x60000000, zone=12, len=58853055} 
2026/04/19-18:18:44.489457 1626     /db_working_home/000548.sst                   sz: 58967021 lh: 5 sparse: 0
2026/04/19-18:18:44.489459 1626           Extent 0 {start=0x130000000, zone=38, len=58967021} 
2026/04/19-18:18:44.489461 1626     /db_working_home/000569.sst                   sz: 8900 lh: 5 sparse: 0
2026/04/19-18:18:44.489464 1626           Extent 0 {start=0x228000000, zone=69, len=8900} 
2026/04/19-18:18:44.489466 1626     /db_working_home/000616.sst                   sz: 65998987 lh: 5 sparse: 0
2026/04/19-18:18:44.489468 1626           Extent 0 {start=0xb0000000, zone=22, len=65998987} 
2026/04/19-18:18:44.489470 1626     /db_working_home/000618.sst                   sz: 15197885 lh: 5 sparse: 0
2026/04/19-18:18:44.489472 1626           Extent 0 {start=0x1a8000000, zone=53, len=15197885} 
2026/04/19-18:18:44.489474 1626     /db_working_home/000623.sst                   sz: 63436049 lh: 5 sparse: 0
2026/04/19-18:18:44.489476 1626           Extent 0 {start=0x1d0000000, zone=58, len=63436049} 
2026/04/19-18:18:44.489478 1626     /db_working_home/000626.sst                   sz: 54895253 lh: 5 sparse: 0
2026/04/19-18:18:44.489480 1626           Extent 0 {start=0x220000000, zone=68, len=54895253} 
2026/04/19-18:18:44.489482 1626     /db_working_home/000639.sst                   sz: 27400600 lh: 5 sparse: 0
2026/04/19-18:18:44.489484 1626           Extent 0 {start=0x150000000, zone=42, len=27400600} 
2026/04/19-18:18:44.489486 1626     /db_working_home/000642.sst                   sz: 67214588 lh: 5 sparse: 0
2026/04/19-18:18:44.489488 1626           Extent 0 {start=0x140000000, zone=40, len=67214588} 
2026/04/19-18:18:44.489501 1626     /db_working_home/000645.sst                   sz: 67215299 lh: 5 sparse: 0
2026/04/19-18:18:44.489503 1626           Extent 0 {start=0x1f0000000, zone=62, len=67215299} 
2026/04/19-18:18:44.489505 1626     /db_working_home/000683.sst                   sz: 134408131 lh: 5 sparse: 0
2026/04/19-18:18:44.489507 1626           Extent 0 {start=0xd0000000, zone=26, len=134217728} 
2026/04/19-18:18:44.489509 1626           Extent 1 {start=0x118000000, zone=35, len=190403} 
2026/04/19-18:18:44.489512 1626     /db_working_home/000685.sst                   sz: 64578518 lh: 5 sparse: 0
2026/04/19-18:18:44.489514 1626           Extent 0 {start=0x128000000, zone=37, len=64578518} 
2026/04/19-18:18:44.489516 1626     /db_working_home/000693.sst                   sz: 15455527 lh: 3 sparse: 0
2026/04/19-18:18:44.489518 1626           Extent 0 {start=0x40000000, zone=8, len=15455527} 
2026/04/19-18:18:44.489521 1626     /db_working_home/000695.sst                   sz: 15561333 lh: 3 sparse: 0
2026/04/19-18:18:44.489522 1626           Extent 0 {start=0x58000000, zone=11, len=15561333} 
2026/04/19-18:18:44.489525 1626     /db_working_home/000698.sst                   sz: 61420985 lh: 5 sparse: 0
2026/04/19-18:18:44.489526 1626           Extent 0 {start=0x90000000, zone=18, len=61420985} 
2026/04/19-18:18:44.489529 1626     /db_working_home/000701.sst                   sz: 45653659 lh: 5 sparse: 0
2026/04/19-18:18:44.489530 1626           Extent 0 {start=0xa8000000, zone=21, len=45653659} 
2026/04/19-18:18:44.489533 1626     /db_working_home/000702.sst                   sz: 9597727 lh: 5 sparse: 0
2026/04/19-18:18:44.489535 1626           Extent 0 {start=0xb8000000, zone=23, len=9597727} 
2026/04/19-18:18:44.489537 1626     /db_working_home/000706.sst                   sz: 67183754 lh: 5 sparse: 0
2026/04/19-18:18:44.489539 1626           Extent 0 {start=0x70000000, zone=14, len=67183754} 
2026/04/19-18:18:44.489541 1626     /db_working_home/000710.sst                   sz: 67213319 lh: 5 sparse: 0
2026/04/19-18:18:44.489543 1626           Extent 0 {start=0x28000000, zone=5, len=67213319} 
2026/04/19-18:18:44.489545 1626     /db_working_home/000712.sst                   sz: 67215296 lh: 5 sparse: 0
2026/04/19-18:18:44.489547 1626           Extent 0 {start=0x50000000, zone=10, len=67215296} 
2026/04/19-18:18:44.489549 1626     /db_working_home/000713.sst                   sz: 45417471 lh: 5 sparse: 0
2026/04/19-18:18:44.489551 1626           Extent 0 {start=0x68000000, zone=13, len=45417471} 
2026/04/19-18:18:44.489553 1626     /db_working_home/000714.sst                   sz: 67214650 lh: 5 sparse: 0
2026/04/19-18:18:44.489555 1626           Extent 0 {start=0x48000000, zone=9, len=67214650} 
2026/04/19-18:18:44.489557 1626     /db_working_home/000715.sst                   sz: 17450111 lh: 5 sparse: 0
2026/04/19-18:18:44.489558 1626           Extent 0 {start=0x100000000, zone=32, len=17450111} 
2026/04/19-18:18:44.489561 1626     /db_working_home/000716.sst                   sz: 67213702 lh: 5 sparse: 0
2026/04/19-18:18:44.489562 1626           Extent 0 {start=0xd8000000, zone=27, len=67213702} 
2026/04/19-18:18:44.489564 1626     /db_working_home/000717.sst                   sz: 67213484 lh: 5 sparse: 0
2026/04/19-18:18:44.489566 1626           Extent 0 {start=0xf0000000, zone=30, len=67213484} 
2026/04/19-18:18:44.489569 1626     /db_working_home/000718.sst                   sz: 56405360 lh: 5 sparse: 0
2026/04/19-18:18:44.489570 1626           Extent 0 {start=0x108000000, zone=33, len=56405360} 
2026/04/19-18:18:44.489572 1626     /db_working_home/000719.sst                   sz: 67213430 lh: 5 sparse: 0
2026/04/19-18:18:44.489574 1626           Extent 0 {start=0x30000000, zone=6, len=67213430} 
2026/04/19-18:18:44.489576 1626     /db_working_home/000720.sst                   sz: 67213435 lh: 5 sparse: 0
2026/04/19-18:18:44.489578 1626           Extent 0 {start=0x38000000, zone=7, len=67213435} 
2026/04/19-18:18:44.489580 1626     /db_working_home/000721.sst                   sz: 67213369 lh: 5 sparse: 0
2026/04/19-18:18:44.489590 1626           Extent 0 {start=0xe0000000, zone=28, len=67213369} 
2026/04/19-18:18:44.489592 1626     /db_working_home/000722.sst                   sz: 67213379 lh: 5 sparse: 0
2026/04/19-18:18:44.489594 1626           Extent 0 {start=0x110000000, zone=34, len=67213379} 
2026/04/19-18:18:44.489596 1626     /db_working_home/000723.sst                   sz: 22106445 lh: 5 sparse: 0
2026/04/19-18:18:44.489598 1626           Extent 0 {start=0x120000000, zone=36, len=22106445} 
2026/04/19-18:18:44.489600 1626     /db_working_home/000726.log                   sz: 0 lh: 2 sparse: 1
2026/04/19-18:18:44.489602 1626     /db_working_home/CURRENT                      sz: 16 lh: 0 sparse: 0
2026/04/19-18:18:44.489605 1626           Extent 0 {start=0x18017e00, zone=3, len=16} 
2026/04/19-18:18:44.489607 1626     /db_working_home/IDENTITY                     sz: 36 lh: 0 sparse: 0
2026/04/19-18:18:44.489608 1626           Extent 0 {start=0x18000000, zone=3, len=36} 
2026/04/19-18:18:44.489611 1626     /db_working_home/MANIFEST-000727              sz: 12406 lh: 0 sparse: 0
2026/04/19-18:18:44.489613 1626           Extent 0 {start=0x20036400, zone=4, len=12406} 
2026/04/19-18:18:44.489615 1626     /db_working_home/OPTIONS-000230               sz: 8498 lh: 0 sparse: 0
2026/04/19-18:18:44.489617 1626           Extent 0 {start=0x18015c00, zone=3, len=8498} 
2026/04/19-18:18:44.489619 1626     /db_working_home/OPTIONS-000729               sz: 8498 lh: 0 sparse: 0
2026/04/19-18:18:44.489621 1626           Extent 0 {start=0x18018000, zone=3, len=8498} 
2026/04/19-18:18:44.489623 1626 Sum of all files: 1827 MB of data 
2026/04/19-18:18:44.730022 1628 Zone Garbage Stats: [86 4 0 0 0 16 8 2 1 5 3 0 ]
2026/04/19-18:18:44.730035 1628 Total Garbage Bytes: 116420304 bytes
