2026/04/19-17:56:48.435133 1488 New Zoned Block Device: /dev/nvme0n1
2026/04/19-17:56:48.435391 1488 Zone block device nr zones: 128 max active: 14 max open: 14 
2026/04/19-17:56:48.435883 1488 ZenFS initializing
2026/04/19-17:56:48.435888 1488 ZenFS parameters: block device: /dev/nvme0n1, aux filesystem: PosixFileSystem
2026/04/19-17:56:48.435890 1488 ZenFS initializing
2026/04/19-17:56:48.436022 1488 Found OK superblock in zone 0 seq: 1
2026/04/19-17:56:48.436030 1488 Recovered from zone: 0
2026/04/19-17:56:48.436039 1488 Rolling to metazone 1
2026/04/19-17:56:49.468172 1488 Superblock sequence 2
2026/04/19-17:56:49.468186 1488 Finish threshold 70
2026/04/19-17:56:49.468189 1488 Filesystem mount OK
2026/04/19-17:56:49.468192 1488 Resetting unused IO Zones..
2026/04/19-17:56:49.468201 1488   Done
2026/04/19-17:56:49.468203 1488 GC is disabled
2026/04/19-17:56:49.468301 1488   Files:
2026/04/19-17:56:49.468305 1488 Sum of all files: 0 MB of data 
2026/04/19-17:56:50.468667 1490 Zone Garbage Stats: [125 0 0 0 0 0 0 0 0 0 0 0 ]
2026/04/19-17:56:50.468688 1490 Total Garbage Bytes: 0 bytes
2026/04/19-17:56:51.468891 1490 Zone Garbage Stats: [125 0 0 0 0 0 0 0 0 0 0 0 ]
2026/04/19-17:56:51.468912 1490 Total Garbage Bytes: 0 bytes
2026/04/19-17:56:52.469110 1490 Zone Garbage Stats: [125 0 0 0 0 0 0 0 0 0 0 0 ]
2026/04/19-17:56:52.469131 1490 Total Garbage Bytes: 0 bytes
2026/04/19-17:56:53.469328 1490 Zone Garbage Stats: [125 0 0 0 0 0 0 0 0 0 0 0 ]
2026/04/19-17:56:53.469385 1490 Total Garbage Bytes: 0 bytes
2026/04/19-17:56:54.469605 1490 Zone Garbage Stats: [125 0 0 0 0 0 0 0 0 0 0 0 ]
2026/04/19-17:56:54.469627 1490 Total Garbage Bytes: 0 bytes
2026/04/19-17:56:55.470014 1490 Zone Garbage Stats: [125 0 0 0 0 0 0 0 0 0 0 0 ]
2026/04/19-17:56:55.470036 1490 Total Garbage Bytes: 0 bytes
2026/04/19-17:56:56.470453 1490 Zone Garbage Stats: [125 0 0 0 0 0 0 0 0 0 0 0 ]
2026/04/19-17:56:56.470619 1490 Total Garbage Bytes: 0 bytes
2026/04/19-17:56:57.470820 1490 Zone Garbage Stats: [125 0 0 0 0 0 0 0 0 0 0 0 ]
2026/04/19-17:56:57.470842 1490 Total Garbage Bytes: 0 bytes
2026/04/19-17:56:58.471007 1490 Zone Garbage Stats: [125 0 0 0 0 0 0 0 0 0 0 0 ]
2026/04/19-17:56:58.471175 1490 Total Garbage Bytes: 0 bytes
2026/04/19-17:56:59.471373 1490 Zone Garbage Stats: [125 0 0 0 0 0 0 0 0 0 0 0 ]
2026/04/19-17:56:59.471394 1490 Total Garbage Bytes: 0 bytes
2026/04/19-17:57:00.471590 1490 Zone Garbage Stats: [125 0 0 0 0 0 0 0 0 0 0 0 ]
2026/04/19-17:57:00.471611 1490 Total Garbage Bytes: 0 bytes
2026/04/19-17:57:01.471807 1490 Zone Garbage Stats: [125 0 0 0 0 0 0 0 0 0 0 0 ]
2026/04/19-17:57:01.471828 1490 Total Garbage Bytes: 0 bytes
2026/04/19-17:57:02.472021 1490 Zone Garbage Stats: [125 0 0 0 0 0 0 0 0 0 0 0 ]
2026/04/19-17:57:02.472041 1490 Total Garbage Bytes: 0 bytes
2026/04/19-17:57:03.472239 1490 Zone Garbage Stats: [125 0 0 0 0 0 0 0 0 0 0 0 ]
2026/04/19-17:57:03.472295 1490 Total Garbage Bytes: 0 bytes
2026/04/19-17:57:04.472498 1490 Zone Garbage Stats: [125 0 0 0 0 0 0 0 0 0 0 0 ]
2026/04/19-17:57:04.472519 1490 Total Garbage Bytes: 0 bytes
2026/04/19-17:57:05.472739 1490 Zone Garbage Stats: [125 0 0 0 0 0 0 0 0 0 0 0 ]
2026/04/19-17:57:05.472761 1490 Total Garbage Bytes: 0 bytes
2026/04/19-17:57:06.472975 1490 Zone Garbage Stats: [125 0 0 0 0 0 0 0 0 0 0 0 ]
2026/04/19-17:57:06.472994 1490 Total Garbage Bytes: 0 bytes
2026/04/19-17:57:07.475008 1490 Zone Garbage Stats: [125 0 0 0 0 0 0 0 0 0 0 0 ]
2026/04/19-17:57:07.475044 1490 Total Garbage Bytes: 0 bytes
2026/04/19-17:57:08.477077 1490 Zone Garbage Stats: [125 0 0 0 0 0 0 0 0 0 0 0 ]
2026/04/19-17:57:08.479110 1490 Total Garbage Bytes: 0 bytes
2026/04/19-17:57:09.479316 1490 Zone Garbage Stats: [125 0 0 0 0 0 0 0 0 0 0 0 ]
2026/04/19-17:57:09.479337 1490 Total Garbage Bytes: 0 bytes
2026/04/19-17:57:10.479536 1490 Zone Garbage Stats: [125 0 0 0 0 0 0 0 0 0 0 0 ]
2026/04/19-17:57:10.479558 1490 Total Garbage Bytes: 0 bytes
2026/04/19-17:57:11.479749 1490 Zone Garbage Stats: [125 0 0 0 0 0 0 0 0 0 0 0 ]
2026/04/19-17:57:11.479767 1490 Total Garbage Bytes: 0 bytes
2026/04/19-17:57:12.479965 1490 Zone Garbage Stats: [125 0 0 0 0 0 0 0 0 0 0 0 ]
2026/04/19-17:57:12.479986 1490 Total Garbage Bytes: 0 bytes
2026/04/19-17:57:13.480180 1490 Zone Garbage Stats: [125 0 0 0 0 0 0 0 0 0 0 0 ]
2026/04/19-17:57:13.480309 1490 Total Garbage Bytes: 0 bytes
2026/04/19-17:57:14.480505 1490 Zone Garbage Stats: [125 0 0 0 0 0 0 0 0 0 0 0 ]
2026/04/19-17:57:14.480526 1490 Total Garbage Bytes: 0 bytes
2026/04/19-17:57:15.480724 1490 Zone Garbage Stats: [125 0 0 0 0 0 0 0 0 0 0 0 ]
2026/04/19-17:57:15.480743 1490 Total Garbage Bytes: 0 bytes
2026/04/19-17:57:16.480956 1490 Zone Garbage Stats: [125 0 0 0 0 0 0 0 0 0 0 0 ]
2026/04/19-17:57:16.480977 1490 Total Garbage Bytes: 0 bytes
2026/04/19-17:57:17.481187 1490 Zone Garbage Stats: [125 0 0 0 0 0 0 0 0 0 0 0 ]
2026/04/19-17:57:17.481210 1490 Total Garbage Bytes: 0 bytes
2026/04/19-17:57:18.481546 1490 Zone Garbage Stats: [125 0 0 0 0 0 0 0 0 0 0 0 ]
2026/04/19-17:57:18.481668 1490 Total Garbage Bytes: 0 bytes
2026/04/19-17:57:19.481999 1490 Zone Garbage Stats: [125 0 0 0 0 0 0 0 0 0 0 0 ]
2026/04/19-17:57:19.482064 1490 Total Garbage Bytes: 0 bytes
2026/04/19-17:57:20.482342 1490 Zone Garbage Stats: [125 0 0 0 0 0 0 0 0 0 0 0 ]
2026/04/19-17:57:20.482447 1490 Total Garbage Bytes: 0 bytes
2026/04/19-17:57:21.482645 1490 Zone Garbage Stats: [125 0 0 0 0 0 0 0 0 0 0 0 ]
2026/04/19-17:57:21.482665 1490 Total Garbage Bytes: 0 bytes
2026/04/19-17:57:22.482869 1490 Zone Garbage Stats: [125 0 0 0 0 0 0 0 0 0 0 0 ]
2026/04/19-17:57:22.482890 1490 Total Garbage Bytes: 0 bytes
2026/04/19-17:57:23.483096 1490 Zone Garbage Stats: [125 0 0 0 0 0 0 0 0 0 0 0 ]
2026/04/19-17:57:23.483182 1490 Total Garbage Bytes: 0 bytes
2026/04/19-17:57:24.483380 1490 Zone Garbage Stats: [125 0 0 0 0 0 0 0 0 0 0 0 ]
2026/04/19-17:57:24.483400 1490 Total Garbage Bytes: 0 bytes
2026/04/19-17:57:25.483598 1490 Zone Garbage Stats: [125 0 0 0 0 0 0 0 0 0 0 0 ]
2026/04/19-17:57:25.483619 1490 Total Garbage Bytes: 0 bytes
2026/04/19-17:57:26.483837 1490 Zone Garbage Stats: [125 0 0 0 0 0 0 0 0 0 0 0 ]
2026/04/19-17:57:26.483858 1490 Total Garbage Bytes: 0 bytes
2026/04/19-17:57:27.207751 1488 [DEBUG] CreatDirIfMissing: ./db_working_home to aux: /home/femu/rocksdbTest/zenfs_aux/./db_working_home
2026/04/19-17:57:27.208516 1488 [DEBUG] FileExists: /db_working_home/LOG 
2026/04/19-17:57:27.208973 1488 [DEBUG] GetChildrenNoLock: /db_working_home 
2026/04/19-17:57:27.209037 1488 [DEBUG] DeleteFile: ./db_working_home/LOG 
2026/04/19-17:57:27.209061 1488 [Zonestats:time(s),used_cap(MB),reclaimable_cap(MB), avg_reclaimable(%), active(#), active_zones(#), open_zones(#)] 39 0 0 0 0 0 0
2026/04/19-17:57:27.209072 1488 [DEBUG] GetChildrenNoLock: /db_working_home/archive 
2026/04/19-17:57:27.209090 1488 [DEBUG] DeleteFile: ./db_working_home/LOCK 
2026/04/19-17:57:27.209107 1488 [Zonestats:time(s),used_cap(MB),reclaimable_cap(MB), avg_reclaimable(%), active(#), active_zones(#), open_zones(#)] 39 0 0 0 0 0 0
2026/04/19-17:57:27.209149 1488 [DEBUG] DeleteDir: ./db_working_home aux: /home/femu/rocksdbTest/zenfs_aux/./db_working_home
2026/04/19-17:57:27.209151 1488 [DEBUG] GetChildrenNoLock: /db_working_home 
2026/04/19-17:57:27.209186 1488 [DEBUG] DeleteDir: ./db_working_home/archive aux: /home/femu/rocksdbTest/zenfs_aux/./db_working_home/archive
2026/04/19-17:57:27.209188 1488 [DEBUG] GetChildrenNoLock: /db_working_home/archive 
2026/04/19-17:57:27.209693 1488 [DEBUG] CreatDirIfMissing: ./db_working_home to aux: /home/femu/rocksdbTest/zenfs_aux/./db_working_home
2026/04/19-17:57:27.209724 1488 [DEBUG] FileExists: /db_working_home/LOG 
2026/04/19-17:57:27.210370 1488 [DEBUG] GetChildrenNoLock: /db_working_home 
2026/04/19-17:57:27.210612 1488 [DEBUG] CreatDirIfMissing: ./db_working_home to aux: /home/femu/rocksdbTest/zenfs_aux/./db_working_home
2026/04/19-17:57:27.210617 1488 [DEBUG] CreatDirIfMissing: ./db_working_home to aux: /home/femu/rocksdbTest/zenfs_aux/./db_working_home
2026/04/19-17:57:27.210623 1488 [DEBUG] CreatDirIfMissing: ./db_working_home to aux: /home/femu/rocksdbTest/zenfs_aux/./db_working_home
2026/04/19-17:57:27.210626 1488 [DEBUG] NewDirectory: ./db_working_home to aux: /home/femu/rocksdbTest/zenfs_aux/./db_working_home
2026/04/19-17:57:27.210650 1488 [DEBUG] FileExists: /db_working_home/CURRENT 
2026/04/19-17:57:27.210689 1488 [DEBUG] New writable file: /db_working_home/000000.dbtmp direct: 0
2026/04/19-17:57:27.211291 1488 Entering Apply Finish Threshold Function
2026/04/19-17:57:27.211300 1488 [DEBUG] Allocating zone(new=1) start: 0x18000000 wp: 0x18000000 lt: 0 file lt: 0
2026/04/19-17:57:27.211302 1488 [Zonestats:time(s),used_cap(MB),reclaimable_cap(MB), avg_reclaimable(%), active(#), active_zones(#), open_zones(#)] 39 0 0 0 0 1 1
2026/04/19-17:57:27.211305 1488 [DEBUG] Syncing metadata for: /db_working_home/000000.dbtmp
2026/04/19-17:57:27.212299 1488 [DEBUG] Syncing metadata for: /db_working_home/000000.dbtmp
2026/04/19-17:57:27.212798 1488 [DEBUG] Syncing metadata for: /db_working_home/000000.dbtmp
2026/04/19-17:57:27.213294 1488 [DEBUG] Syncing metadata for: /db_working_home/000000.dbtmp
2026/04/19-17:57:27.213820 1488 [DEBUG] Rename file: /db_working_home/000000.dbtmp to : /db_working_home/IDENTITY
2026/04/19-17:57:27.214323 1488 [DEBUG] NewDirectory: ./db_working_home to aux: /home/femu/rocksdbTest/zenfs_aux/./db_working_home
2026/04/19-17:57:27.215720 1488 [DEBUG] FileExists: /db_working_home/MANIFEST-000001 
2026/04/19-17:57:27.215743 1488 [DEBUG] New writable file: /db_working_home/MANIFEST-000001 direct: 0
2026/04/19-17:57:27.216296 1488 Entering Apply Finish Threshold Function
2026/04/19-17:57:27.216304 1488 [DEBUG] Allocating zone(new=0) start: 0x18000000 wp: 0x18000200 lt: 0 file lt: 0
2026/04/19-17:57:27.216307 1488 [Zonestats:time(s),used_cap(MB),reclaimable_cap(MB), avg_reclaimable(%), active(#), active_zones(#), open_zones(#)] 39 0 127 99 1 1 1
2026/04/19-17:57:27.216310 1488 [DEBUG] Syncing metadata for: /db_working_home/MANIFEST-000001
2026/04/19-17:57:27.217300 1488 [DEBUG] Syncing metadata for: /db_working_home/MANIFEST-000001
2026/04/19-17:57:27.217796 1488 [DEBUG] Syncing metadata for: /db_working_home/MANIFEST-000001
2026/04/19-17:57:27.218290 1488 [DEBUG] Syncing metadata for: /db_working_home/MANIFEST-000001
2026/04/19-17:57:27.218810 1488 [DEBUG] New writable file: /db_working_home/000001.dbtmp direct: 0
2026/04/19-17:57:27.219322 1488 Entering Apply Finish Threshold Function
2026/04/19-17:57:27.219329 1488 [DEBUG] Allocating zone(new=0) start: 0x18000000 wp: 0x18000400 lt: 0 file lt: 0
2026/04/19-17:57:27.219331 1488 [Zonestats:time(s),used_cap(MB),reclaimable_cap(MB), avg_reclaimable(%), active(#), active_zones(#), open_zones(#)] 39 0 127 99 1 1 1
2026/04/19-17:57:27.219333 1488 [DEBUG] Syncing metadata for: /db_working_home/000001.dbtmp
2026/04/19-17:57:27.220318 1488 [DEBUG] Syncing metadata for: /db_working_home/000001.dbtmp
2026/04/19-17:57:27.220812 1488 [DEBUG] Syncing metadata for: /db_working_home/000001.dbtmp
2026/04/19-17:57:27.221306 1488 [DEBUG] Syncing metadata for: /db_working_home/000001.dbtmp
2026/04/19-17:57:27.221819 1488 [DEBUG] Rename file: /db_working_home/000001.dbtmp to : /db_working_home/CURRENT
2026/04/19-17:57:27.222325 1488 [DEBUG] New random access file: /db_working_home/CURRENT direct: 1
2026/04/19-17:57:27.222340 1488 [DEBUG] New sequential file: /db_working_home/CURRENT direct: 0
2026/04/19-17:57:27.222469 1488 [DEBUG] New sequential file: /db_working_home/MANIFEST-000001 direct: 0
2026/04/19-17:57:27.224668 1488 [DEBUG] GetChildrenNoLock: /db_working_home 
2026/04/19-17:57:27.224803 1488 [DEBUG] CreatDirIfMissing: ./db_working_home to aux: /home/femu/rocksdbTest/zenfs_aux/./db_working_home
2026/04/19-17:57:27.224818 1488 [DEBUG] NewDirectory: ./db_working_home to aux: /home/femu/rocksdbTest/zenfs_aux/./db_working_home
2026/04/19-17:57:27.224838 1488 [DEBUG] GetChildrenNoLock: /db_working_home 
2026/04/19-17:57:27.224884 1488 [DEBUG] New writable file: /db_working_home/000004.log direct: 0
2026/04/19-17:57:27.225549 1488 [DEBUG] New writable file: /db_working_home/MANIFEST-000005 direct: 0
2026/04/19-17:57:27.226151 1488 Entering Apply Finish Threshold Function
2026/04/19-17:57:27.226172 1488 [DEBUG] Allocating zone(new=0) start: 0x18000000 wp: 0x18000600 lt: 0 file lt: 0
2026/04/19-17:57:27.226179 1488 [Zonestats:time(s),used_cap(MB),reclaimable_cap(MB), avg_reclaimable(%), active(#), active_zones(#), open_zones(#)] 39 0 127 99 1 1 1
2026/04/19-17:57:27.226184 1488 [DEBUG] Syncing metadata for: /db_working_home/MANIFEST-000005
2026/04/19-17:57:27.227260 1488 [DEBUG] Syncing metadata for: /db_working_home/MANIFEST-000005
2026/04/19-17:57:27.227811 1488 [DEBUG] New writable file: /db_working_home/000005.dbtmp direct: 0
2026/04/19-17:57:27.228369 1488 Entering Apply Finish Threshold Function
2026/04/19-17:57:27.228389 1488 [DEBUG] Allocating zone(new=1) start: 0x20000000 wp: 0x20000000 lt: 0 file lt: 0
2026/04/19-17:57:27.228395 1488 [Zonestats:time(s),used_cap(MB),reclaimable_cap(MB), avg_reclaimable(%), active(#), active_zones(#), open_zones(#)] 39 0 127 99 1 2 2
2026/04/19-17:57:27.228400 1488 [DEBUG] Syncing metadata for: /db_working_home/000005.dbtmp
2026/04/19-17:57:27.229439 1488 [DEBUG] Syncing metadata for: /db_working_home/000005.dbtmp
2026/04/19-17:57:27.229972 1488 [DEBUG] Syncing metadata for: /db_working_home/000005.dbtmp
2026/04/19-17:57:27.230508 1488 [DEBUG] Syncing metadata for: /db_working_home/000005.dbtmp
2026/04/19-17:57:27.231104 1488 [DEBUG] Rename file: /db_working_home/000005.dbtmp to : /db_working_home/CURRENT
2026/04/19-17:57:27.233265 1488 [DEBUG] New writable file: /db_working_home/OPTIONS-000006.dbtmp direct: 0
2026/04/19-17:57:27.234193 1488 Entering Apply Finish Threshold Function
2026/04/19-17:57:27.234213 1488 [DEBUG] Allocating zone(new=0) start: 0x20000000 wp: 0x20000200 lt: 0 file lt: 0
2026/04/19-17:57:27.234223 1488 [Zonestats:time(s),used_cap(MB),reclaimable_cap(MB), avg_reclaimable(%), active(#), active_zones(#), open_zones(#)] 39 0 255 99 2 2 2
2026/04/19-17:57:27.234228 1488 [DEBUG] Syncing metadata for: /db_working_home/OPTIONS-000006.dbtmp
2026/04/19-17:57:27.235309 1488 [DEBUG] Syncing metadata for: /db_working_home/OPTIONS-000006.dbtmp
2026/04/19-17:57:27.235840 1488 [DEBUG] Syncing metadata for: /db_working_home/OPTIONS-000006.dbtmp
2026/04/19-17:57:27.236367 1488 [DEBUG] Syncing metadata for: /db_working_home/OPTIONS-000006.dbtmp
2026/04/19-17:57:27.236974 1488 [DEBUG] New sequential file: /db_working_home/OPTIONS-000006.dbtmp direct: 0
2026/04/19-17:57:27.239963 1488 [DEBUG] GetFileSize: /db_working_home/OPTIONS-000006.dbtmp 
2026/04/19-17:57:27.239979 1488 [DEBUG] Rename file: /db_working_home/OPTIONS-000006.dbtmp to : /db_working_home/OPTIONS-000007
2026/04/19-17:57:27.240550 1488 [DEBUG] NewDirectory: ./db_working_home to aux: /home/femu/rocksdbTest/zenfs_aux/./db_working_home
2026/04/19-17:57:27.241562 1488 [DEBUG] GetChildrenNoLock: /db_working_home 
2026/04/19-17:57:27.241977 1488 [DEBUG] GetChildrenNoLock: /db_working_home 
2026/04/19-17:57:27.242046 1488 [DEBUG] GetChildrenNoLock: /db_working_home 
2026/04/19-17:57:27.242105 1488 [DEBUG] DeleteFile: ./db_working_home/MANIFEST-000001 
2026/04/19-17:57:27.242662 1488 [Zonestats:time(s),used_cap(MB),reclaimable_cap(MB), avg_reclaimable(%), active(#), active_zones(#), open_zones(#)] 39 0 255 99 2 2 1
2026/04/19-17:57:27.250229 1488 [DEBUG] Allocating zone(new=1) start: 0x28000000 wp: 0x28000000 lt: 2 file lt: 2
2026/04/19-17:57:27.250236 1488 [DEBUG] Syncing metadata for: /db_working_home/000004.log
2026/04/19-17:57:27.443130 1488 [DEBUG] New writable file: /db_working_home/000008.log direct: 0
2026/04/19-17:57:27.444652 1492 [DEBUG] New writable file: /db_working_home/000009.sst direct: 1
2026/04/19-17:57:27.447820 1488 [DEBUG] Allocating zone(new=1) start: 0x30000000 wp: 0x30000000 lt: 2 file lt: 2
2026/04/19-17:57:27.447825 1488 [DEBUG] Syncing metadata for: /db_working_home/000008.log
2026/04/19-17:57:27.449799 1492 Entering Apply Finish Threshold Function
2026/04/19-17:57:27.449824 1492 [DEBUG] Allocating zone(new=1) start: 0x38000000 wp: 0x38000000 lt: 3 file lt: 3
2026/04/19-17:57:27.449838 1492 [Zonestats:time(s),used_cap(MB),reclaimable_cap(MB), avg_reclaimable(%), active(#), active_zones(#), open_zones(#)] 39 15 368 96 3 5 4
2026/04/19-17:57:27.449844 1492 [DEBUG] Syncing metadata for: /db_working_home/000009.sst
2026/04/19-17:57:27.483960 1490 Zone Garbage Stats: [120 1 0 0 0 0 0 0 0 0 0 0 ]
2026/04/19-17:57:27.483969 1490 Total Garbage Bytes: 702 bytes
2026/04/19-17:57:27.624289 1492 [DEBUG] Syncing metadata for: /db_working_home/000009.sst
2026/04/19-17:57:27.627424 1492 [DEBUG] Syncing metadata for: /db_working_home/000009.sst
2026/04/19-17:57:27.628106 1492 [DEBUG] New random access file: /db_working_home/000009.sst direct: 1
2026/04/19-17:57:27.628333 1492 [DEBUG] GetFileSize: /db_working_home/000009.sst 
2026/04/19-17:57:27.632073 1492 [DEBUG] Syncing metadata for: /db_working_home/MANIFEST-000005
2026/04/19-17:57:27.632710 1492 [DEBUG] GetFileSize: /db_working_home/000009.sst 
2026/04/19-17:57:27.641520 1492 [DEBUG] Syncing metadata for: /db_working_home/000004.log
2026/04/19-17:57:27.645388 1492 [DEBUG] DeleteFile: ./db_working_home/000004.log 
2026/04/19-17:57:27.646100 1492 [Zonestats:time(s),used_cap(MB),reclaimable_cap(MB), avg_reclaimable(%), active(#), active_zones(#), open_zones(#)] 39 25 486 95 4 4 2
2026/04/19-17:57:27.715110 1488 [DEBUG] New writable file: /db_working_home/000010.log direct: 0
2026/04/19-17:57:27.715936 1492 [DEBUG] New writable file: /db_working_home/000011.sst direct: 1
2026/04/19-17:57:27.718787 1492 Entering Apply Finish Threshold Function
2026/04/19-17:57:27.718814 1492 [DEBUG] Allocating zone(new=1) start: 0x28000000 wp: 0x28000000 lt: 3 file lt: 3
2026/04/19-17:57:27.718821 1492 [Zonestats:time(s),used_cap(MB),reclaimable_cap(MB), avg_reclaimable(%), active(#), active_zones(#), open_zones(#)] 39 30 481 94 4 5 3
2026/04/19-17:57:27.718835 1492 [DEBUG] Syncing metadata for: /db_working_home/000011.sst
2026/04/19-17:57:27.720006 1488 [DEBUG] Allocating zone(new=0) start: 0x38000000 wp: 0x38f70e00 lt: 3 file lt: 2
2026/04/19-17:57:27.720011 1488 [DEBUG] Syncing metadata for: /db_working_home/000010.log
2026/04/19-17:57:27.895403 1492 [DEBUG] Syncing metadata for: /db_working_home/000011.sst
2026/04/19-17:57:27.898621 1492 [DEBUG] Syncing metadata for: /db_working_home/000011.sst
2026/04/19-17:57:27.899280 1492 [DEBUG] New random access file: /db_working_home/000011.sst direct: 1
2026/04/19-17:57:27.899469 1492 [DEBUG] GetFileSize: /db_working_home/000011.sst 
2026/04/19-17:57:27.901623 1492 [DEBUG] Syncing metadata for: /db_working_home/MANIFEST-000005
2026/04/19-17:57:27.902281 1492 [DEBUG] GetFileSize: /db_working_home/000011.sst 
2026/04/19-17:57:27.910993 1492 [DEBUG] Syncing metadata for: /db_working_home/000008.log
2026/04/19-17:57:27.914854 1492 [DEBUG] DeleteFile: ./db_working_home/000008.log 
2026/04/19-17:57:27.915542 1492 [Zonestats:time(s),used_cap(MB),reclaimable_cap(MB), avg_reclaimable(%), active(#), active_zones(#), open_zones(#)] 39 39 472 92 4 4 2
2026/04/19-17:57:27.992620 1488 [DEBUG] New writable file: /db_working_home/000012.log direct: 0
2026/04/19-17:57:27.993448 1492 [DEBUG] New writable file: /db_working_home/000013.sst direct: 1
2026/04/19-17:57:27.996033 1492 Entering Apply Finish Threshold Function
2026/04/19-17:57:27.996059 1492 [DEBUG] Allocating zone(new=1) start: 0x30000000 wp: 0x30000000 lt: 3 file lt: 3
2026/04/19-17:57:27.996066 1492 [Zonestats:time(s),used_cap(MB),reclaimable_cap(MB), avg_reclaimable(%), active(#), active_zones(#), open_zones(#)] 39 45 466 91 4 5 3
2026/04/19-17:57:27.996073 1492 [DEBUG] Syncing metadata for: /db_working_home/000013.sst
2026/04/19-17:57:27.998440 1488 [DEBUG] Allocating zone(new=0) start: 0x28000000 wp: 0x28f71200 lt: 3 file lt: 2
2026/04/19-17:57:27.998448 1488 [DEBUG] Syncing metadata for: /db_working_home/000012.log
2026/04/19-17:57:28.219451 1488 [DEBUG] New writable file: /db_working_home/000014.log direct: 0
2026/04/19-17:57:28.220093 1492 [DEBUG] Syncing metadata for: /db_working_home/000013.sst
2026/04/19-17:57:28.220666 1492 [DEBUG] Syncing metadata for: /db_working_home/000013.sst
2026/04/19-17:57:28.221307 1492 [DEBUG] New random access file: /db_working_home/000013.sst direct: 1
2026/04/19-17:57:28.221491 1492 [DEBUG] GetFileSize: /db_working_home/000013.sst 
2026/04/19-17:57:28.223618 1492 [DEBUG] Syncing metadata for: /db_working_home/MANIFEST-000005
2026/04/19-17:57:28.224278 1492 [DEBUG] GetFileSize: /db_working_home/000013.sst 
2026/04/19-17:57:28.231750 1492 [DEBUG] Syncing metadata for: /db_working_home/000010.log
2026/04/19-17:57:28.232483 1492 [DEBUG] DeleteFile: ./db_working_home/000010.log 
2026/04/19-17:57:28.235127 1492 [Zonestats:time(s),used_cap(MB),reclaimable_cap(MB), avg_reclaimable(%), active(#), active_zones(#), open_zones(#)] 40 61 578 90 5 5 2
2026/04/19-17:57:28.235319 1492 [DEBUG] New writable file: /db_working_home/000015.sst direct: 1
2026/04/19-17:57:28.237905 1492 Entering Apply Finish Threshold Function
2026/04/19-17:57:28.237964 1492 [DEBUG] Allocating zone(new=1) start: 0x40000000 wp: 0x40000000 lt: 3 file lt: 3
2026/04/19-17:57:28.237971 1492 [Zonestats:time(s),used_cap(MB),reclaimable_cap(MB), avg_reclaimable(%), active(#), active_zones(#), open_zones(#)] 40 61 578 90 5 6 3
2026/04/19-17:57:28.237978 1492 [DEBUG] Syncing metadata for: /db_working_home/000015.sst
2026/04/19-17:57:28.238646 1491 [DEBUG] New writable file: /db_working_home/000016.sst direct: 1
2026/04/19-17:57:28.243053 1488 [DEBUG] Allocating zone(new=0) start: 0x38000000 wp: 0x39f0da00 lt: 3 file lt: 2
2026/04/19-17:57:28.243064 1488 [DEBUG] Syncing metadata for: /db_working_home/000014.log
2026/04/19-17:57:28.252509 1491 Entering Apply Finish Threshold Function
2026/04/19-17:57:28.252537 1491 [DEBUG] Allocating zone(new=1) start: 0x48000000 wp: 0x48000000 lt: 3 file lt: 3
2026/04/19-17:57:28.252552 1491 [Zonestats:time(s),used_cap(MB),reclaimable_cap(MB), avg_reclaimable(%), active(#), active_zones(#), open_zones(#)] 40 61 578 90 6 7 5
2026/04/19-17:57:28.252558 1491 [DEBUG] Syncing metadata for: /db_working_home/000016.sst
2026/04/19-17:57:28.484100 1490 Zone Garbage Stats: [118 2 0 0 0 0 0 0 0 0 0 0 ]
2026/04/19-17:57:28.484192 1490 Total Garbage Bytes: 945 bytes
2026/04/19-17:57:28.511855 1492 [DEBUG] Syncing metadata for: /db_working_home/000015.sst
2026/04/19-17:57:28.512430 1492 [DEBUG] Syncing metadata for: /db_working_home/000015.sst
2026/04/19-17:57:28.512541 1488 [DEBUG] New writable file: /db_working_home/000017.log direct: 0
2026/04/19-17:57:28.513604 1492 [DEBUG] New random access file: /db_working_home/000015.sst direct: 1
2026/04/19-17:57:28.514043 1492 [DEBUG] GetFileSize: /db_working_home/000015.sst 
2026/04/19-17:57:28.521308 1492 [DEBUG] Syncing metadata for: /db_working_home/MANIFEST-000005
2026/04/19-17:57:28.523414 1492 [DEBUG] GetFileSize: /db_working_home/000015.sst 
2026/04/19-17:57:28.528207 1492 [DEBUG] Syncing metadata for: /db_working_home/000012.log
2026/04/19-17:57:28.534194 1492 [DEBUG] DeleteFile: ./db_working_home/000012.log 
2026/04/19-17:57:28.536296 1492 [Zonestats:time(s),used_cap(MB),reclaimable_cap(MB), avg_reclaimable(%), active(#), active_zones(#), open_zones(#)] 40 76 691 90 7 7 3
2026/04/19-17:57:28.536475 1492 [DEBUG] New writable file: /db_working_home/000018.sst direct: 1
2026/04/19-17:57:28.539103 1492 Entering Apply Finish Threshold Function
2026/04/19-17:57:28.539129 1492 [DEBUG] Allocating zone(new=1) start: 0x50000000 wp: 0x50000000 lt: 3 file lt: 3
2026/04/19-17:57:28.539135 1492 [Zonestats:time(s),used_cap(MB),reclaimable_cap(MB), avg_reclaimable(%), active(#), active_zones(#), open_zones(#)] 40 76 691 90 7 8 4
2026/04/19-17:57:28.539141 1492 [DEBUG] Syncing metadata for: /db_working_home/000018.sst
2026/04/19-17:57:28.542778 1488 [DEBUG] Allocating zone(new=0) start: 0x40000000 wp: 0x40f71a00 lt: 3 file lt: 2
2026/04/19-17:57:28.542789 1488 [DEBUG] Syncing metadata for: /db_working_home/000017.log
2026/04/19-17:57:28.767401 1492 [DEBUG] Syncing metadata for: /db_working_home/000018.sst
2026/04/19-17:57:28.772157 1492 [DEBUG] Syncing metadata for: /db_working_home/000018.sst
2026/04/19-17:57:28.772882 1492 [DEBUG] New random access file: /db_working_home/000018.sst direct: 1
2026/04/19-17:57:28.775578 1492 [DEBUG] GetFileSize: /db_working_home/000018.sst 
2026/04/19-17:57:28.777790 1492 [DEBUG] Syncing metadata for: /db_working_home/MANIFEST-000005
2026/04/19-17:57:28.783781 1492 [DEBUG] GetFileSize: /db_working_home/000018.sst 
2026/04/19-17:57:28.796705 1492 [DEBUG] Syncing metadata for: /db_working_home/000014.log
2026/04/19-17:57:28.802571 1492 [DEBUG] DeleteFile: ./db_working_home/000014.log 
2026/04/19-17:57:28.804897 1492 [Zonestats:time(s),used_cap(MB),reclaimable_cap(MB), avg_reclaimable(%), active(#), active_zones(#), open_zones(#)] 40 86 809 90 8 8 3
2026/04/19-17:57:28.904916 1488 [DEBUG] New writable file: /db_working_home/000019.log direct: 0
2026/04/19-17:57:28.908928 1492 [DEBUG] New writable file: /db_working_home/000020.sst direct: 1
2026/04/19-17:57:28.913038 1492 Entering Apply Finish Threshold Function
2026/04/19-17:57:28.913050 1492 Finishing zone: Entering Finish()
2026/04/19-17:57:28.913617 1488 [DEBUG] Allocating zone(new=0) start: 0x50000000 wp: 0x50f71200 lt: 3 file lt: 2
2026/04/19-17:57:28.913624 1488 [DEBUG] Syncing metadata for: /db_working_home/000019.log
2026/04/19-17:57:29.191819 1488 [DEBUG] New writable file: /db_working_home/000021.log direct: 0
2026/04/19-17:57:29.282595 1491 [DEBUG] Syncing metadata for: /db_working_home/000016.sst
2026/04/19-17:57:29.283452 1491 [DEBUG] Syncing metadata for: /db_working_home/000016.sst
2026/04/19-17:57:29.284503 1491 [DEBUG] GetFileSize: /db_working_home/000016.sst 
2026/04/19-17:57:29.285801 1491 [DEBUG] New random access file: /db_working_home/000016.sst direct: 1
2026/04/19-17:57:29.286424 1491 [DEBUG] GetFileSize: /db_working_home/000016.sst 
2026/04/19-17:57:29.287852 1491 [DEBUG] Syncing metadata for: /db_working_home/MANIFEST-000005
2026/04/19-17:57:29.484376 1490 Zone Garbage Stats: [117 3 1 0 0 0 0 0 0 0 0 0 ]
2026/04/19-17:57:29.484390 1490 Total Garbage Bytes: 16373248 bytes
2026/04/19-17:57:29.865540 1492 Finishing zone: Entering Finish()
2026/04/19-17:57:30.484569 1490 Zone Garbage Stats: [117 2 1 0 0 0 0 0 0 1 0 0 ]
2026/04/19-17:57:30.484583 1490 Total Garbage Bytes: 49113571 bytes
2026/04/19-17:57:30.522141 1492 [DEBUG] Allocating zone(new=1) start: 0x58000000 wp: 0x58000000 lt: 3 file lt: 3
2026/04/19-17:57:30.522156 1492 [Zonestats:time(s),used_cap(MB),reclaimable_cap(MB), avg_reclaimable(%), active(#), active_zones(#), open_zones(#)] 42 153 870 85 6 7 4
2026/04/19-17:57:30.522178 1492 [DEBUG] Syncing metadata for: /db_working_home/000020.sst
2026/04/19-17:57:30.666585 1492 [DEBUG] Syncing metadata for: /db_working_home/000020.sst
2026/04/19-17:57:30.667160 1492 [DEBUG] Syncing metadata for: /db_working_home/000020.sst
2026/04/19-17:57:30.667828 1492 [DEBUG] New random access file: /db_working_home/000020.sst direct: 1
2026/04/19-17:57:30.668012 1492 [DEBUG] GetFileSize: /db_working_home/000020.sst 
2026/04/19-17:57:30.670509 1492 [DEBUG] Syncing metadata for: /db_working_home/MANIFEST-000005
2026/04/19-17:57:30.671208 1492 [DEBUG] GetFileSize: /db_working_home/000020.sst 
2026/04/19-17:57:30.676005 1492 [DEBUG] Syncing metadata for: /db_working_home/000017.log
2026/04/19-17:57:30.679030 1492 [DEBUG] DeleteFile: ./db_working_home/000009.sst 
2026/04/19-17:57:30.681747 1492 [Zonestats:time(s),used_cap(MB),reclaimable_cap(MB), avg_reclaimable(%), active(#), active_zones(#), open_zones(#)] 42 154 869 84 7 7 2
2026/04/19-17:57:30.681800 1492 [DEBUG] DeleteFile: ./db_working_home/000011.sst 
2026/04/19-17:57:30.683697 1491 [DEBUG] New writable file: /db_working_home/000022.sst direct: 1
2026/04/19-17:57:30.684260 1492 [Zonestats:time(s),used_cap(MB),reclaimable_cap(MB), avg_reclaimable(%), active(#), active_zones(#), open_zones(#)] 42 138 757 84 6 6 2
2026/04/19-17:57:30.684313 1492 [DEBUG] DeleteFile: ./db_working_home/000013.sst 
2026/04/19-17:57:30.685398 1492 [Zonestats:time(s),used_cap(MB),reclaimable_cap(MB), avg_reclaimable(%), active(#), active_zones(#), open_zones(#)] 42 123 644 83 5 5 2
2026/04/19-17:57:30.685431 1492 [DEBUG] DeleteFile: ./db_working_home/000017.log 
2026/04/19-17:57:30.685992 1492 [Zonestats:time(s),used_cap(MB),reclaimable_cap(MB), avg_reclaimable(%), active(#), active_zones(#), open_zones(#)] 42 107 660 85 5 5 2
2026/04/19-17:57:30.686150 1492 [DEBUG] New writable file: /db_working_home/000023.sst direct: 1
2026/04/19-17:57:30.687458 1491 Entering Apply Finish Threshold Function
2026/04/19-17:57:30.687483 1491 [DEBUG] Allocating zone(new=1) start: 0x28000000 wp: 0x28000000 lt: 3 file lt: 3
2026/04/19-17:57:30.687491 1491 [Zonestats:time(s),used_cap(MB),reclaimable_cap(MB), avg_reclaimable(%), active(#), active_zones(#), open_zones(#)] 42 107 660 85 5 6 3
2026/04/19-17:57:30.687497 1491 [DEBUG] Syncing metadata for: /db_working_home/000022.sst
2026/04/19-17:57:30.689579 1492 Entering Apply Finish Threshold Function
2026/04/19-17:57:30.689603 1492 [DEBUG] Allocating zone(new=1) start: 0x30000000 wp: 0x30000000 lt: 3 file lt: 3
2026/04/19-17:57:30.689610 1492 [Zonestats:time(s),used_cap(MB),reclaimable_cap(MB), avg_reclaimable(%), active(#), active_zones(#), open_zones(#)] 42 107 660 85 5 7 4
2026/04/19-17:57:30.689615 1492 [DEBUG] Syncing metadata for: /db_working_home/000023.sst
2026/04/19-17:57:30.695831 1488 [DEBUG] Allocating zone(new=0) start: 0x58000000 wp: 0x58f71a00 lt: 3 file lt: 2
2026/04/19-17:57:30.695842 1488 [DEBUG] Syncing metadata for: /db_working_home/000021.log
2026/04/19-17:57:30.936832 1492 [DEBUG] Syncing metadata for: /db_working_home/000023.sst
2026/04/19-17:57:30.937410 1492 [DEBUG] Syncing metadata for: /db_working_home/000023.sst
2026/04/19-17:57:30.938041 1492 [DEBUG] New random access file: /db_working_home/000023.sst direct: 1
2026/04/19-17:57:30.938221 1492 [DEBUG] GetFileSize: /db_working_home/000023.sst 
2026/04/19-17:57:30.946540 1492 [DEBUG] Syncing metadata for: /db_working_home/MANIFEST-000005
2026/04/19-17:57:30.954328 1492 [DEBUG] GetFileSize: /db_working_home/000023.sst 
2026/04/19-17:57:30.959103 1492 [DEBUG] Syncing metadata for: /db_working_home/000019.log
2026/04/19-17:57:30.965972 1492 [DEBUG] DeleteFile: ./db_working_home/000019.log 
2026/04/19-17:57:30.975547 1492 [Zonestats:time(s),used_cap(MB),reclaimable_cap(MB), avg_reclaimable(%), active(#), active_zones(#), open_zones(#)] 42 118 777 86 7 7 3
2026/04/19-17:57:31.060429 1488 [DEBUG] New writable file: /db_working_home/000024.log direct: 0
2026/04/19-17:57:31.067278 1492 [DEBUG] New writable file: /db_working_home/000025.sst direct: 1
2026/04/19-17:57:31.070261 1492 Entering Apply Finish Threshold Function
2026/04/19-17:57:31.070286 1492 [DEBUG] Allocating zone(new=1) start: 0x38000000 wp: 0x38000000 lt: 3 file lt: 3
2026/04/19-17:57:31.070293 1492 [Zonestats:time(s),used_cap(MB),reclaimable_cap(MB), avg_reclaimable(%), active(#), active_zones(#), open_zones(#)] 43 123 772 86 7 8 4
2026/04/19-17:57:31.070300 1492 [DEBUG] Syncing metadata for: /db_working_home/000025.sst
2026/04/19-17:57:31.073383 1488 [DEBUG] Allocating zone(new=0) start: 0x50000000 wp: 0x51f0da00 lt: 3 file lt: 2
2026/04/19-17:57:31.073392 1488 [DEBUG] Syncing metadata for: /db_working_home/000024.log
2026/04/19-17:57:31.361763 1492 [DEBUG] Syncing metadata for: /db_working_home/000025.sst
2026/04/19-17:57:31.361869 1488 [DEBUG] New writable file: /db_working_home/000026.log direct: 0
2026/04/19-17:57:31.362352 1492 [DEBUG] Syncing metadata for: /db_working_home/000025.sst
2026/04/19-17:57:31.363499 1492 [DEBUG] New random access file: /db_working_home/000025.sst direct: 1
2026/04/19-17:57:31.363678 1492 [DEBUG] GetFileSize: /db_working_home/000025.sst 
2026/04/19-17:57:31.371845 1492 [DEBUG] Syncing metadata for: /db_working_home/MANIFEST-000005
2026/04/19-17:57:31.372945 1492 [DEBUG] GetFileSize: /db_working_home/000025.sst 
2026/04/19-17:57:31.377723 1492 [DEBUG] Syncing metadata for: /db_working_home/000021.log
2026/04/19-17:57:31.384129 1492 [DEBUG] DeleteFile: ./db_working_home/000021.log 
2026/04/19-17:57:31.384721 1492 [Zonestats:time(s),used_cap(MB),reclaimable_cap(MB), avg_reclaimable(%), active(#), active_zones(#), open_zones(#)] 43 138 885 86 8 8 3
2026/04/19-17:57:31.384866 1492 [DEBUG] New writable file: /db_working_home/000027.sst direct: 1
2026/04/19-17:57:31.387960 1492 Entering Apply Finish Threshold Function
2026/04/19-17:57:31.387985 1492 [DEBUG] Allocating zone(new=1) start: 0x60000000 wp: 0x60000000 lt: 3 file lt: 3
2026/04/19-17:57:31.387992 1492 [Zonestats:time(s),used_cap(MB),reclaimable_cap(MB), avg_reclaimable(%), active(#), active_zones(#), open_zones(#)] 43 138 885 86 8 9 4
2026/04/19-17:57:31.387998 1492 [DEBUG] Syncing metadata for: /db_working_home/000027.sst
2026/04/19-17:57:31.391347 1488 [DEBUG] Allocating zone(new=0) start: 0x58000000 wp: 0x59f0e200 lt: 3 file lt: 2
2026/04/19-17:57:31.391358 1488 [DEBUG] Syncing metadata for: /db_working_home/000026.log
2026/04/19-17:57:31.484808 1490 Zone Garbage Stats: [115 3 1 0 0 0 0 1 0 0 0 0 ]
2026/04/19-17:57:31.484822 1490 Total Garbage Bytes: 16373337 bytes
2026/04/19-17:57:31.610125 1492 [DEBUG] Syncing metadata for: /db_working_home/000027.sst
2026/04/19-17:57:31.615613 1492 [DEBUG] Syncing metadata for: /db_working_home/000027.sst
2026/04/19-17:57:31.622517 1492 [DEBUG] New random access file: /db_working_home/000027.sst direct: 1
2026/04/19-17:57:31.622726 1492 [DEBUG] GetFileSize: /db_working_home/000027.sst 
2026/04/19-17:57:31.627456 1492 [DEBUG] Syncing metadata for: /db_working_home/MANIFEST-000005
2026/04/19-17:57:31.637916 1492 [DEBUG] GetFileSize: /db_working_home/000027.sst 
2026/04/19-17:57:31.643176 1492 [DEBUG] Syncing metadata for: /db_working_home/000024.log
2026/04/19-17:57:31.650027 1492 [DEBUG] DeleteFile: ./db_working_home/000024.log 
2026/04/19-17:57:31.654370 1492 [Zonestats:time(s),used_cap(MB),reclaimable_cap(MB), avg_reclaimable(%), active(#), active_zones(#), open_zones(#)] 43 147 1004 87 9 9 3
2026/04/19-17:57:31.744654 1488 [DEBUG] New writable file: /db_working_home/000028.log direct: 0
2026/04/19-17:57:31.748278 1492 [DEBUG] New writable file: /db_working_home/000029.sst direct: 1
2026/04/19-17:57:31.751094 1492 Entering Apply Finish Threshold Function
2026/04/19-17:57:31.751105 1492 Finishing zone: Entering Finish()
2026/04/19-17:57:31.753734 1488 [DEBUG] Allocating zone(new=0) start: 0x60000000 wp: 0x60f70e00 lt: 3 file lt: 2
2026/04/19-17:57:31.753742 1488 [DEBUG] Syncing metadata for: /db_working_home/000028.log
2026/04/19-17:57:31.849373 1491 [DEBUG] Syncing metadata for: /db_working_home/000022.sst
2026/04/19-17:57:31.849946 1491 [DEBUG] Syncing metadata for: /db_working_home/000022.sst
2026/04/19-17:57:31.850998 1491 [DEBUG] GetFileSize: /db_working_home/000022.sst 
2026/04/19-17:57:31.852375 1491 [DEBUG] New random access file: /db_working_home/000022.sst direct: 1
2026/04/19-17:57:31.857452 1491 [DEBUG] GetFileSize: /db_working_home/000022.sst 
2026/04/19-17:57:31.860935 1491 [DEBUG] Syncing metadata for: /db_working_home/MANIFEST-000005
2026/04/19-17:57:31.881745 1491 [DEBUG] New writable file: /db_working_home/000030.sst direct: 1
2026/04/19-17:57:31.889417 1491 Entering Apply Finish Threshold Function
2026/04/19-17:57:31.889426 1491 Finishing zone: Entering Finish()
2026/04/19-17:57:31.995818 1488 [DEBUG] New writable file: /db_working_home/000031.log direct: 0
2026/04/19-17:57:32.485121 1490 Zone Garbage Stats: [115 3 1 0 0 0 0 1 0 0 0 0 ]
2026/04/19-17:57:32.485142 1490 Total Garbage Bytes: 16373337 bytes
2026/04/19-17:57:33.075818 1492 [DEBUG] Allocating zone(new=1) start: 0x68000000 wp: 0x68000000 lt: 3 file lt: 3
2026/04/19-17:57:33.075844 1492 [Zonestats:time(s),used_cap(MB),reclaimable_cap(MB), avg_reclaimable(%), active(#), active_zones(#), open_zones(#)] 45 215 1064 83 8 9 4
2026/04/19-17:57:33.075875 1492 [DEBUG] Syncing metadata for: /db_working_home/000029.sst
2026/04/19-17:57:33.188345 1491 [DEBUG] Allocating zone(new=1) start: 0x70000000 wp: 0x70000000 lt: 3 file lt: 3
2026/04/19-17:57:33.188361 1491 [Zonestats:time(s),used_cap(MB),reclaimable_cap(MB), avg_reclaimable(%), active(#), active_zones(#), open_zones(#)] 45 215 1064 83 8 9 5
2026/04/19-17:57:33.188382 1491 [DEBUG] Syncing metadata for: /db_working_home/000030.sst
2026/04/19-17:57:33.232243 1492 [DEBUG] Syncing metadata for: /db_working_home/000029.sst
2026/04/19-17:57:33.235836 1492 [DEBUG] Syncing metadata for: /db_working_home/000029.sst
2026/04/19-17:57:33.240233 1492 [DEBUG] New random access file: /db_working_home/000029.sst direct: 1
2026/04/19-17:57:33.240475 1492 [DEBUG] GetFileSize: /db_working_home/000029.sst 
2026/04/19-17:57:33.248242 1492 [DEBUG] Syncing metadata for: /db_working_home/MANIFEST-000005
2026/04/19-17:57:33.252580 1492 [DEBUG] GetFileSize: /db_working_home/000029.sst 
2026/04/19-17:57:33.259706 1492 [DEBUG] Syncing metadata for: /db_working_home/000026.log
2026/04/19-17:57:33.260505 1492 [DEBUG] DeleteFile: ./db_working_home/000015.sst 
2026/04/19-17:57:33.264957 1492 [Zonestats:time(s),used_cap(MB),reclaimable_cap(MB), avg_reclaimable(%), active(#), active_zones(#), open_zones(#)] 45 215 1064 83 8 8 3
2026/04/19-17:57:33.265019 1492 [DEBUG] DeleteFile: ./db_working_home/000018.sst 
2026/04/19-17:57:33.268918 1492 [Zonestats:time(s),used_cap(MB),reclaimable_cap(MB), avg_reclaimable(%), active(#), active_zones(#), open_zones(#)] 45 200 951 82 8 8 3
2026/04/19-17:57:33.268970 1492 [DEBUG] DeleteFile: ./db_working_home/000020.sst 
2026/04/19-17:57:33.269545 1492 [Zonestats:time(s),used_cap(MB),reclaimable_cap(MB), avg_reclaimable(%), active(#), active_zones(#), open_zones(#)] 45 185 966 83 8 8 3
2026/04/19-17:57:33.269578 1492 [DEBUG] DeleteFile: ./db_working_home/000026.log 
2026/04/19-17:57:33.270250 1492 [Zonestats:time(s),used_cap(MB),reclaimable_cap(MB), avg_reclaimable(%), active(#), active_zones(#), open_zones(#)] 45 169 854 83 7 7 3
2026/04/19-17:57:33.270510 1492 [DEBUG] New writable file: /db_working_home/000032.sst direct: 1
2026/04/19-17:57:33.277295 1488 [DEBUG] Allocating zone(new=0) start: 0x68000000 wp: 0x68f71200 lt: 3 file lt: 2
2026/04/19-17:57:33.277307 1488 [DEBUG] Syncing metadata for: /db_working_home/000031.log
2026/04/19-17:57:33.278337 1492 Entering Apply Finish Threshold Function
2026/04/19-17:57:33.278365 1492 [DEBUG] Allocating zone(new=1) start: 0x40000000 wp: 0x40000000 lt: 3 file lt: 3
2026/04/19-17:57:33.278373 1492 [Zonestats:time(s),used_cap(MB),reclaimable_cap(MB), avg_reclaimable(%), active(#), active_zones(#), open_zones(#)] 45 169 854 83 7 8 5
2026/04/19-17:57:33.278379 1492 [DEBUG] Syncing metadata for: /db_working_home/000032.sst
2026/04/19-17:57:33.485361 1490 Zone Garbage Stats: [115 3 0 0 0 0 0 2 0 0 0 0 ]
2026/04/19-17:57:33.485520 1490 Total Garbage Bytes: 1594 bytes
2026/04/19-17:57:33.515485 1492 [DEBUG] Syncing metadata for: /db_working_home/000032.sst
2026/04/19-17:57:33.518168 1492 [DEBUG] Syncing metadata for: /db_working_home/000032.sst
2026/04/19-17:57:33.518834 1492 [DEBUG] New random access file: /db_working_home/000032.sst direct: 1
2026/04/19-17:57:33.522145 1492 [DEBUG] GetFileSize: /db_working_home/000032.sst 
2026/04/19-17:57:33.533822 1492 [DEBUG] Syncing metadata for: /db_working_home/MANIFEST-000005
2026/04/19-17:57:33.537560 1492 [DEBUG] GetFileSize: /db_working_home/000032.sst 
2026/04/19-17:57:33.556542 1492 [DEBUG] Syncing metadata for: /db_working_home/000028.log
2026/04/19-17:57:33.560905 1492 [DEBUG] DeleteFile: ./db_working_home/000028.log 
2026/04/19-17:57:33.561487 1492 [Zonestats:time(s),used_cap(MB),reclaimable_cap(MB), avg_reclaimable(%), active(#), active_zones(#), open_zones(#)] 45 180 971 84 8 8 3
2026/04/19-17:57:33.626422 1488 [DEBUG] New writable file: /db_working_home/000033.log direct: 0
2026/04/19-17:57:33.627699 1492 [DEBUG] New writable file: /db_working_home/000034.sst direct: 1
2026/04/19-17:57:33.630277 1492 Entering Apply Finish Threshold Function
2026/04/19-17:57:33.630303 1492 [DEBUG] Allocating zone(new=1) start: 0x50000000 wp: 0x50000000 lt: 3 file lt: 3
2026/04/19-17:57:33.630311 1492 [Zonestats:time(s),used_cap(MB),reclaimable_cap(MB), avg_reclaimable(%), active(#), active_zones(#), open_zones(#)] 45 184 967 83 8 9 4
2026/04/19-17:57:33.630317 1492 [DEBUG] Syncing metadata for: /db_working_home/000034.sst
2026/04/19-17:57:33.632037 1488 [DEBUG] Allocating zone(new=0) start: 0x60000000 wp: 0x61f0e600 lt: 3 file lt: 2
2026/04/19-17:57:33.632043 1488 [DEBUG] Syncing metadata for: /db_working_home/000033.log
2026/04/19-17:57:33.861794 1492 [DEBUG] Syncing metadata for: /db_working_home/000034.sst
2026/04/19-17:57:33.865594 1492 [DEBUG] Syncing metadata for: /db_working_home/000034.sst
2026/04/19-17:57:33.869788 1492 [DEBUG] New random access file: /db_working_home/000034.sst direct: 1
2026/04/19-17:57:33.869981 1492 [DEBUG] GetFileSize: /db_working_home/000034.sst 
2026/04/19-17:57:33.875833 1492 [DEBUG] Syncing metadata for: /db_working_home/MANIFEST-000005
2026/04/19-17:57:33.886838 1492 [DEBUG] GetFileSize: /db_working_home/000034.sst 
2026/04/19-17:57:33.891615 1492 [DEBUG] Syncing metadata for: /db_working_home/000031.log
2026/04/19-17:57:33.895793 1492 [DEBUG] DeleteFile: ./db_working_home/000031.log 
2026/04/19-17:57:33.906899 1492 [Zonestats:time(s),used_cap(MB),reclaimable_cap(MB), avg_reclaimable(%), active(#), active_zones(#), open_zones(#)] 45 195 1084 84 9 9 3
2026/04/19-17:57:34.007816 1488 [DEBUG] New writable file: /db_working_home/000035.log direct: 0
2026/04/19-17:57:34.010285 1492 [DEBUG] New writable file: /db_working_home/000036.sst direct: 1
2026/04/19-17:57:34.015325 1488 [DEBUG] Allocating zone(new=0) start: 0x68000000 wp: 0x69f0e200 lt: 3 file lt: 2
2026/04/19-17:57:34.015333 1488 [DEBUG] Syncing metadata for: /db_working_home/000035.log
2026/04/19-17:57:34.016075 1492 Entering Apply Finish Threshold Function
2026/04/19-17:57:34.016103 1492 [DEBUG] Allocating zone(new=1) start: 0x58000000 wp: 0x58000000 lt: 3 file lt: 3
2026/04/19-17:57:34.016111 1492 [Zonestats:time(s),used_cap(MB),reclaimable_cap(MB), avg_reclaimable(%), active(#), active_zones(#), open_zones(#)] 46 200 1079 84 9 10 5
2026/04/19-17:57:34.016118 1492 [DEBUG] Syncing metadata for: /db_working_home/000036.sst
2026/04/19-17:57:34.290410 1488 [DEBUG] New writable file: /db_working_home/000037.log direct: 0
2026/04/19-17:57:34.299591 1492 [DEBUG] Syncing metadata for: /db_working_home/000036.sst
2026/04/19-17:57:34.301855 1492 [DEBUG] Syncing metadata for: /db_working_home/000036.sst
2026/04/19-17:57:34.302527 1492 [DEBUG] New random access file: /db_working_home/000036.sst direct: 1
2026/04/19-17:57:34.303647 1492 [DEBUG] GetFileSize: /db_working_home/000036.sst 
2026/04/19-17:57:34.307079 1492 [DEBUG] Syncing metadata for: /db_working_home/MANIFEST-000005
2026/04/19-17:57:34.307809 1492 [DEBUG] GetFileSize: /db_working_home/000036.sst 
2026/04/19-17:57:34.312592 1492 [DEBUG] Syncing metadata for: /db_working_home/000033.log
2026/04/19-17:57:34.316741 1492 [DEBUG] DeleteFile: ./db_working_home/000033.log 
2026/04/19-17:57:34.320676 1492 [Zonestats:time(s),used_cap(MB),reclaimable_cap(MB), avg_reclaimable(%), active(#), active_zones(#), open_zones(#)] 46 215 1192 84 10 10 3
2026/04/19-17:57:34.320852 1492 [DEBUG] New writable file: /db_working_home/000038.sst direct: 1
2026/04/19-17:57:34.323478 1492 Entering Apply Finish Threshold Function
2026/04/19-17:57:34.323488 1492 Finishing zone: Entering Finish()
2026/04/19-17:57:34.327253 1488 [DEBUG] Allocating zone(new=0) start: 0x58000000 wp: 0x58f71600 lt: 3 file lt: 2
2026/04/19-17:57:34.327264 1488 [DEBUG] Syncing metadata for: /db_working_home/000037.log
2026/04/19-17:57:34.485744 1490 Zone Garbage Stats: [113 5 0 0 0 0 0 2 0 0 0 0 ]
2026/04/19-17:57:34.485761 1490 Total Garbage Bytes: 1916 bytes
2026/04/19-17:57:34.617546 1488 [DEBUG] New writable file: /db_working_home/000039.log direct: 0
2026/04/19-17:57:35.002574 1491 [DEBUG] Syncing metadata for: /db_working_home/000030.sst
2026/04/19-17:57:35.003385 1491 [DEBUG] Syncing metadata for: /db_working_home/000030.sst
2026/04/19-17:57:35.004490 1491 [DEBUG] GetFileSize: /db_working_home/000030.sst 
2026/04/19-17:57:35.044409 1491 [DEBUG] New random access file: /db_working_home/000030.sst direct: 1
2026/04/19-17:57:35.044936 1491 [DEBUG] GetFileSize: /db_working_home/000030.sst 
2026/04/19-17:57:35.045833 1491 [DEBUG] Syncing metadata for: /db_working_home/MANIFEST-000005
2026/04/19-17:57:35.059099 1491 [DEBUG] New writable file: /db_working_home/000040.sst direct: 1
2026/04/19-17:57:35.062315 1491 Entering Apply Finish Threshold Function
2026/04/19-17:57:35.062325 1491 Finishing zone: Entering Finish()
2026/04/19-17:57:35.485982 1490 Zone Garbage Stats: [113 5 0 0 0 0 0 2 0 0 0 0 ]
2026/04/19-17:57:35.485996 1490 Total Garbage Bytes: 1916 bytes
2026/04/19-17:57:35.572763 1491 [DEBUG] Allocating zone(new=1) start: 0x78000000 wp: 0x78000000 lt: 3 file lt: 3
2026/04/19-17:57:35.572777 1491 [Zonestats:time(s),used_cap(MB),reclaimable_cap(MB), avg_reclaimable(%), active(#), active_zones(#), open_zones(#)] 47 323 1212 78 9 10 4
2026/04/19-17:57:35.572786 1491 [DEBUG] Syncing metadata for: /db_working_home/000040.sst
2026/04/19-17:57:36.236213 1491 [DEBUG] Syncing metadata for: /db_working_home/000040.sst
2026/04/19-17:57:36.237018 1491 [DEBUG] Syncing metadata for: /db_working_home/000040.sst
2026/04/19-17:57:36.237741 1491 [DEBUG] GetFileSize: /db_working_home/000040.sst 
2026/04/19-17:57:36.237773 1491 [DEBUG] New writable file: /db_working_home/000041.sst direct: 1
2026/04/19-17:57:36.238703 1491 Entering Apply Finish Threshold Function
2026/04/19-17:57:36.238711 1491 Finishing zone: Entering Finish()
2026/04/19-17:57:36.242532 1492 [DEBUG] Allocating zone(new=1) start: 0x80000000 wp: 0x80000000 lt: 3 file lt: 3
2026/04/19-17:57:36.242546 1492 [Zonestats:time(s),used_cap(MB),reclaimable_cap(MB), avg_reclaimable(%), active(#), active_zones(#), open_zones(#)] 48 385 1278 76 9 10 4
2026/04/19-17:57:36.242555 1492 [DEBUG] Syncing metadata for: /db_working_home/000038.sst
2026/04/19-17:57:36.384012 1492 [DEBUG] Syncing metadata for: /db_working_home/000038.sst
2026/04/19-17:57:36.384588 1492 [DEBUG] Syncing metadata for: /db_working_home/000038.sst
2026/04/19-17:57:36.385572 1492 [DEBUG] New random access file: /db_working_home/000038.sst direct: 1
2026/04/19-17:57:36.385748 1492 [DEBUG] GetFileSize: /db_working_home/000038.sst 
2026/04/19-17:57:36.388367 1492 [DEBUG] Syncing metadata for: /db_working_home/MANIFEST-000005
2026/04/19-17:57:36.389017 1492 [DEBUG] GetFileSize: /db_working_home/000038.sst 
2026/04/19-17:57:36.393969 1492 [DEBUG] Syncing metadata for: /db_working_home/000035.log
2026/04/19-17:57:36.394922 1492 [DEBUG] DeleteFile: ./db_working_home/000022.sst 
2026/04/19-17:57:36.395801 1492 [Zonestats:time(s),used_cap(MB),reclaimable_cap(MB), avg_reclaimable(%), active(#), active_zones(#), open_zones(#)] 48 354 1309 78 10 10 2
2026/04/19-17:57:36.395845 1492 [DEBUG] DeleteFile: ./db_working_home/000023.sst 
2026/04/19-17:57:36.396488 1492 [Zonestats:time(s),used_cap(MB),reclaimable_cap(MB), avg_reclaimable(%), active(#), active_zones(#), open_zones(#)] 48 339 1196 77 9 9 2
2026/04/19-17:57:36.396523 1492 [DEBUG] DeleteFile: ./db_working_home/000025.sst 
2026/04/19-17:57:36.397387 1492 [Zonestats:time(s),used_cap(MB),reclaimable_cap(MB), avg_reclaimable(%), active(#), active_zones(#), open_zones(#)] 48 323 1084 76 8 8 2
2026/04/19-17:57:36.397420 1492 [DEBUG] DeleteFile: ./db_working_home/000027.sst 
2026/04/19-17:57:36.398284 1492 [Zonestats:time(s),used_cap(MB),reclaimable_cap(MB), avg_reclaimable(%), active(#), active_zones(#), open_zones(#)] 48 308 971 75 8 8 2
2026/04/19-17:57:36.398315 1492 [DEBUG] DeleteFile: ./db_working_home/000035.log 
2026/04/19-17:57:36.399101 1492 [Zonestats:time(s),used_cap(MB),reclaimable_cap(MB), avg_reclaimable(%), active(#), active_zones(#), open_zones(#)] 48 292 987 77 8 8 2
2026/04/19-17:57:36.399282 1492 [DEBUG] New writable file: /db_working_home/000042.sst direct: 1
2026/04/19-17:57:36.402123 1492 Entering Apply Finish Threshold Function
2026/04/19-17:57:36.402133 1492 Finishing zone: Entering Finish()
2026/04/19-17:57:36.407206 1488 [DEBUG] Allocating zone(new=0) start: 0x80000000 wp: 0x80f71600 lt: 3 file lt: 2
2026/04/19-17:57:36.407217 1488 [DEBUG] Syncing metadata for: /db_working_home/000039.log
2026/04/19-17:57:36.486185 1490 Zone Garbage Stats: [115 3 0 1 0 0 0 1 0 0 0 0 ]
2026/04/19-17:57:36.486201 1490 Total Garbage Bytes: 1831 bytes
2026/04/19-17:57:36.601040 1488 [DEBUG] New writable file: /db_working_home/000043.log direct: 0
2026/04/19-17:57:37.388057 1491 [DEBUG] Allocating zone(new=1) start: 0x28000000 wp: 0x28000000 lt: 3 file lt: 3
2026/04/19-17:57:37.388072 1491 [Zonestats:time(s),used_cap(MB),reclaimable_cap(MB), avg_reclaimable(%), active(#), active_zones(#), open_zones(#)] 49 307 972 75 7 8 4
2026/04/19-17:57:37.388081 1491 [DEBUG] Syncing metadata for: /db_working_home/000041.sst
2026/04/19-17:57:37.395427 1491 [DEBUG] Syncing metadata for: /db_working_home/000041.sst
2026/04/19-17:57:37.395993 1491 [DEBUG] Syncing metadata for: /db_working_home/000041.sst
2026/04/19-17:57:37.397047 1491 [DEBUG] GetFileSize: /db_working_home/000041.sst 
2026/04/19-17:57:37.398538 1491 [DEBUG] New random access file: /db_working_home/000040.sst direct: 1
2026/04/19-17:57:37.398986 1491 [DEBUG] GetFileSize: /db_working_home/000040.sst 
2026/04/19-17:57:37.399184 1491 [DEBUG] New random access file: /db_working_home/000041.sst direct: 1
2026/04/19-17:57:37.399500 1491 [DEBUG] GetFileSize: /db_working_home/000041.sst 
2026/04/19-17:57:37.400420 1491 [DEBUG] Syncing metadata for: /db_working_home/MANIFEST-000005
2026/04/19-17:57:37.401817 1491 [DEBUG] Syncing metadata for: /db_working_home/MANIFEST-000005
2026/04/19-17:57:37.409096 1491 [DEBUG] New writable file: /db_working_home/000044.sst direct: 1
2026/04/19-17:57:37.412098 1491 Entering Apply Finish Threshold Function
2026/04/19-17:57:37.412124 1491 [DEBUG] Allocating zone(new=1) start: 0x30000000 wp: 0x30000000 lt: 4 file lt: 4
2026/04/19-17:57:37.412131 1491 [Zonestats:time(s),used_cap(MB),reclaimable_cap(MB), avg_reclaimable(%), active(#), active_zones(#), open_zones(#)] 49 307 1100 78 8 9 4
2026/04/19-17:57:37.412137 1491 [DEBUG] Syncing metadata for: /db_working_home/000044.sst
2026/04/19-17:57:37.486385 1490 Zone Garbage Stats: [113 4 0 1 0 0 1 1 0 0 0 0 ]
2026/04/19-17:57:37.486400 1490 Total Garbage Bytes: 2800 bytes
2026/04/19-17:57:38.076056 1492 [DEBUG] Allocating zone(new=1) start: 0x38000000 wp: 0x38000000 lt: 3 file lt: 3
2026/04/19-17:57:38.076073 1492 [Zonestats:time(s),used_cap(MB),reclaimable_cap(MB), avg_reclaimable(%), active(#), active_zones(#), open_zones(#)] 50 307 1100 78 8 9 5
2026/04/19-17:57:38.076081 1492 [DEBUG] Syncing metadata for: /db_working_home/000042.sst
2026/04/19-17:57:38.283845 1492 [DEBUG] Syncing metadata for: /db_working_home/000042.sst
2026/04/19-17:57:38.291133 1492 [DEBUG] Syncing metadata for: /db_working_home/000042.sst
2026/04/19-17:57:38.291996 1492 [DEBUG] New random access file: /db_working_home/000042.sst direct: 1
2026/04/19-17:57:38.293881 1492 [DEBUG] GetFileSize: /db_working_home/000042.sst 
2026/04/19-17:57:38.303152 1492 [DEBUG] Syncing metadata for: /db_working_home/MANIFEST-000005
2026/04/19-17:57:38.303837 1492 [DEBUG] GetFileSize: /db_working_home/000042.sst 
2026/04/19-17:57:38.308595 1492 [DEBUG] Syncing metadata for: /db_working_home/000037.log
2026/04/19-17:57:38.316418 1492 [DEBUG] DeleteFile: ./db_working_home/000029.sst 
2026/04/19-17:57:38.317141 1492 [Zonestats:time(s),used_cap(MB),reclaimable_cap(MB), avg_reclaimable(%), active(#), active_zones(#), open_zones(#)] 50 308 1099 78 9 9 3
2026/04/19-17:57:38.317185 1492 [DEBUG] DeleteFile: ./db_working_home/000032.sst 
2026/04/19-17:57:38.317894 1492 [Zonestats:time(s),used_cap(MB),reclaimable_cap(MB), avg_reclaimable(%), active(#), active_zones(#), open_zones(#)] 50 293 986 77 8 8 3
2026/04/19-17:57:38.317948 1492 [DEBUG] DeleteFile: ./db_working_home/000034.sst 
2026/04/19-17:57:38.325615 1492 [Zonestats:time(s),used_cap(MB),reclaimable_cap(MB), avg_reclaimable(%), active(#), active_zones(#), open_zones(#)] 50 277 874 75 7 7 3
2026/04/19-17:57:38.325683 1492 [DEBUG] DeleteFile: ./db_working_home/000036.sst 
2026/04/19-17:57:38.326259 1492 [Zonestats:time(s),used_cap(MB),reclaimable_cap(MB), avg_reclaimable(%), active(#), active_zones(#), open_zones(#)] 50 262 889 77 7 7 3
2026/04/19-17:57:38.326291 1492 [DEBUG] DeleteFile: ./db_working_home/000037.log 
2026/04/19-17:57:38.327064 1492 [Zonestats:time(s),used_cap(MB),reclaimable_cap(MB), avg_reclaimable(%), active(#), active_zones(#), open_zones(#)] 50 246 777 75 6 6 3
2026/04/19-17:57:38.327236 1492 [DEBUG] New writable file: /db_working_home/000045.sst direct: 1
2026/04/19-17:57:38.331530 1492 Entering Apply Finish Threshold Function
2026/04/19-17:57:38.331557 1492 [DEBUG] Allocating zone(new=1) start: 0x40000000 wp: 0x40000000 lt: 3 file lt: 3
2026/04/19-17:57:38.331565 1492 [Zonestats:time(s),used_cap(MB),reclaimable_cap(MB), avg_reclaimable(%), active(#), active_zones(#), open_zones(#)] 50 246 777 75 6 7 4
2026/04/19-17:57:38.331572 1492 [DEBUG] Syncing metadata for: /db_working_home/000045.sst
2026/04/19-17:57:38.334556 1488 [DEBUG] Allocating zone(new=0) start: 0x38000000 wp: 0x38f71200 lt: 3 file lt: 2
2026/04/19-17:57:38.334567 1488 [DEBUG] Syncing metadata for: /db_working_home/000043.log
2026/04/19-17:57:38.486525 1490 Zone Garbage Stats: [115 2 0 1 0 0 1 1 0 0 0 0 ]
2026/04/19-17:57:38.486618 1490 Total Garbage Bytes: 2478 bytes
2026/04/19-17:57:38.593453 1492 [DEBUG] Syncing metadata for: /db_working_home/000045.sst
2026/04/19-17:57:38.601031 1492 [DEBUG] Syncing metadata for: /db_working_home/000045.sst
2026/04/19-17:57:38.601852 1492 [DEBUG] New random access file: /db_working_home/000045.sst direct: 1
2026/04/19-17:57:38.603768 1492 [DEBUG] GetFileSize: /db_working_home/000045.sst 
2026/04/19-17:57:38.612981 1492 [DEBUG] Syncing metadata for: /db_working_home/MANIFEST-000005
2026/04/19-17:57:38.620330 1492 [DEBUG] GetFileSize: /db_working_home/000045.sst 
2026/04/19-17:57:38.631902 1492 [DEBUG] Syncing metadata for: /db_working_home/000039.log
2026/04/19-17:57:38.634800 1492 [DEBUG] DeleteFile: ./db_working_home/000039.log 
2026/04/19-17:57:38.649626 1492 [Zonestats:time(s),used_cap(MB),reclaimable_cap(MB), avg_reclaimable(%), active(#), active_zones(#), open_zones(#)] 50 257 894 77 7 7 3
2026/04/19-17:57:38.762802 1488 [DEBUG] New writable file: /db_working_home/000046.log direct: 0
2026/04/19-17:57:38.770479 1492 [DEBUG] New writable file: /db_working_home/000047.sst direct: 1
2026/04/19-17:57:38.773047 1492 Entering Apply Finish Threshold Function
2026/04/19-17:57:38.773073 1492 [DEBUG] Allocating zone(new=1) start: 0x50000000 wp: 0x50000000 lt: 3 file lt: 3
2026/04/19-17:57:38.773081 1492 [Zonestats:time(s),used_cap(MB),reclaimable_cap(MB), avg_reclaimable(%), active(#), active_zones(#), open_zones(#)] 50 262 889 77 7 8 4
2026/04/19-17:57:38.773087 1492 [DEBUG] Syncing metadata for: /db_working_home/000047.sst
2026/04/19-17:57:38.776669 1488 [DEBUG] Allocating zone(new=0) start: 0x80000000 wp: 0x81f0e200 lt: 3 file lt: 2
2026/04/19-17:57:38.776678 1488 [DEBUG] Syncing metadata for: /db_working_home/000046.log
2026/04/19-17:57:39.085589 1492 [DEBUG] Syncing metadata for: /db_working_home/000047.sst
2026/04/19-17:57:39.087140 1488 [DEBUG] New writable file: /db_working_home/000048.log direct: 0
2026/04/19-17:57:39.088276 1492 [DEBUG] Syncing metadata for: /db_working_home/000047.sst
2026/04/19-17:57:39.096737 1492 [DEBUG] New random access file: /db_working_home/000047.sst direct: 1
2026/04/19-17:57:39.096927 1492 [DEBUG] GetFileSize: /db_working_home/000047.sst 
2026/04/19-17:57:39.105164 1492 [DEBUG] Syncing metadata for: /db_working_home/MANIFEST-000005
2026/04/19-17:57:39.105854 1492 [DEBUG] GetFileSize: /db_working_home/000047.sst 
2026/04/19-17:57:39.110629 1492 [DEBUG] Syncing metadata for: /db_working_home/000043.log
2026/04/19-17:57:39.118407 1492 [DEBUG] DeleteFile: ./db_working_home/000043.log 
2026/04/19-17:57:39.118988 1492 [Zonestats:time(s),used_cap(MB),reclaimable_cap(MB), avg_reclaimable(%), active(#), active_zones(#), open_zones(#)] 51 277 1002 78 8 8 3
2026/04/19-17:57:39.119132 1492 [DEBUG] New writable file: /db_working_home/000049.sst direct: 1
2026/04/19-17:57:39.121668 1492 Entering Apply Finish Threshold Function
2026/04/19-17:57:39.121693 1492 [DEBUG] Allocating zone(new=1) start: 0x58000000 wp: 0x58000000 lt: 3 file lt: 3
2026/04/19-17:57:39.121700 1492 [Zonestats:time(s),used_cap(MB),reclaimable_cap(MB), avg_reclaimable(%), active(#), active_zones(#), open_zones(#)] 51 277 1002 78 8 9 4
2026/04/19-17:57:39.121706 1492 [DEBUG] Syncing metadata for: /db_working_home/000049.sst
2026/04/19-17:57:39.125517 1488 [DEBUG] Allocating zone(new=0) start: 0x50000000 wp: 0x50f72600 lt: 3 file lt: 2
2026/04/19-17:57:39.125529 1488 [DEBUG] Syncing metadata for: /db_working_home/000048.log
2026/04/19-17:57:39.435880 1492 [DEBUG] Syncing metadata for: /db_working_home/000049.sst
2026/04/19-17:57:39.436336 1488 [DEBUG] New writable file: /db_working_home/000050.log direct: 0
2026/04/19-17:57:39.438587 1492 [DEBUG] Syncing metadata for: /db_working_home/000049.sst
2026/04/19-17:57:39.446920 1492 [DEBUG] New random access file: /db_working_home/000049.sst direct: 1
2026/04/19-17:57:39.447110 1492 [DEBUG] GetFileSize: /db_working_home/000049.sst 
2026/04/19-17:57:39.455411 1492 [DEBUG] Syncing metadata for: /db_working_home/MANIFEST-000005
2026/04/19-17:57:39.456097 1492 [DEBUG] GetFileSize: /db_working_home/000049.sst 
2026/04/19-17:57:39.458009 1491 Entering Apply Finish Threshold Function
2026/04/19-17:57:39.458036 1491 [DEBUG] Allocating zone(new=1) start: 0x60000000 wp: 0x60000000 lt: 4 file lt: 4
2026/04/19-17:57:39.458044 1491 [Zonestats:time(s),used_cap(MB),reclaimable_cap(MB), avg_reclaimable(%), active(#), active_zones(#), open_zones(#)] 51 435 1100 71 8 9 4
2026/04/19-17:57:39.458050 1491 [DEBUG] Syncing metadata for: /db_working_home/000044.sst
2026/04/19-17:57:39.460844 1492 [DEBUG] Syncing metadata for: /db_working_home/000046.log
2026/04/19-17:57:39.468804 1491 [DEBUG] Syncing metadata for: /db_working_home/000044.sst
2026/04/19-17:57:39.468935 1492 [DEBUG] DeleteFile: ./db_working_home/000046.log 
2026/04/19-17:57:39.469388 1491 [DEBUG] Syncing metadata for: /db_working_home/000044.sst
2026/04/19-17:57:39.470103 1491 [DEBUG] GetFileSize: /db_working_home/000044.sst 
2026/04/19-17:57:39.470547 1492 [Zonestats:time(s),used_cap(MB),reclaimable_cap(MB), avg_reclaimable(%), active(#), active_zones(#), open_zones(#)] 51 421 1242 74 9 9 2
2026/04/19-17:57:39.470589 1491 [DEBUG] New writable file: /db_working_home/000051.sst direct: 1
2026/04/19-17:57:39.470720 1492 [DEBUG] New writable file: /db_working_home/000052.sst direct: 1
2026/04/19-17:57:39.473414 1491 Entering Apply Finish Threshold Function
2026/04/19-17:57:39.473422 1491 Finishing zone: Entering Finish()
2026/04/19-17:57:39.473687 1492 Entering Apply Finish Threshold Function
2026/04/19-17:57:39.473710 1492 [DEBUG] Allocating zone(new=0) start: 0x60000000 wp: 0x60025200 lt: 4 file lt: 3
2026/04/19-17:57:39.473717 1492 [Zonestats:time(s),used_cap(MB),reclaimable_cap(MB), avg_reclaimable(%), active(#), active_zones(#), open_zones(#)] 51 421 1242 74 9 9 3
2026/04/19-17:57:39.473723 1492 [DEBUG] Syncing metadata for: /db_working_home/000052.sst
2026/04/19-17:57:39.477095 1488 [DEBUG] Allocating zone(new=0) start: 0x58000000 wp: 0x58f71600 lt: 3 file lt: 2
2026/04/19-17:57:39.477106 1488 [DEBUG] Syncing metadata for: /db_working_home/000050.log
2026/04/19-17:57:39.486804 1490 Zone Garbage Stats: [112 4 1 1 0 0 1 1 0 0 0 0 ]
2026/04/19-17:57:39.486817 1490 Total Garbage Bytes: 16377690 bytes
2026/04/19-17:57:39.652428 1492 [DEBUG] Syncing metadata for: /db_working_home/000052.sst
2026/04/19-17:57:39.655845 1492 [DEBUG] Syncing metadata for: /db_working_home/000052.sst
2026/04/19-17:57:39.656780 1492 [DEBUG] New random access file: /db_working_home/000052.sst direct: 1
2026/04/19-17:57:39.656965 1492 [DEBUG] GetFileSize: /db_working_home/000052.sst 
2026/04/19-17:57:39.659571 1492 [DEBUG] Syncing metadata for: /db_working_home/MANIFEST-000005
2026/04/19-17:57:39.660227 1492 [DEBUG] GetFileSize: /db_working_home/000052.sst 
2026/04/19-17:57:39.665168 1492 [DEBUG] Syncing metadata for: /db_working_home/000048.log
2026/04/19-17:57:39.670214 1492 [DEBUG] DeleteFile: ./db_working_home/000048.log 
2026/04/19-17:57:39.674158 1492 [Zonestats:time(s),used_cap(MB),reclaimable_cap(MB), avg_reclaimable(%), active(#), active_zones(#), open_zones(#)] 51 430 1233 74 9 9 2
2026/04/19-17:57:39.758131 1488 [DEBUG] New writable file: /db_working_home/000053.log direct: 0
2026/04/19-17:57:39.758922 1492 [DEBUG] New writable file: /db_working_home/000054.sst direct: 1
2026/04/19-17:57:39.761400 1492 Entering Apply Finish Threshold Function
2026/04/19-17:57:39.761425 1492 [DEBUG] Allocating zone(new=0) start: 0x60000000 wp: 0x60f97800 lt: 4 file lt: 3
2026/04/19-17:57:39.761431 1492 [Zonestats:time(s),used_cap(MB),reclaimable_cap(MB), avg_reclaimable(%), active(#), active_zones(#), open_zones(#)] 51 436 1227 73 9 9 3
2026/04/19-17:57:39.761438 1492 [DEBUG] Syncing metadata for: /db_working_home/000054.sst
2026/04/19-17:57:39.762306 1488 [DEBUG] Allocating zone(new=0) start: 0x50000000 wp: 0x51f10200 lt: 3 file lt: 2
2026/04/19-17:57:39.762311 1488 [DEBUG] Syncing metadata for: /db_working_home/000053.log
2026/04/19-17:57:39.940678 1492 [DEBUG] Syncing metadata for: /db_working_home/000054.sst
2026/04/19-17:57:39.943352 1492 [DEBUG] Syncing metadata for: /db_working_home/000054.sst
2026/04/19-17:57:39.944263 1492 [DEBUG] New random access file: /db_working_home/000054.sst direct: 1
2026/04/19-17:57:39.944445 1492 [DEBUG] GetFileSize: /db_working_home/000054.sst 
2026/04/19-17:57:39.947077 1492 [DEBUG] Syncing metadata for: /db_working_home/MANIFEST-000005
2026/04/19-17:57:39.947755 1492 [DEBUG] GetFileSize: /db_working_home/000054.sst 
2026/04/19-17:57:39.960225 1492 [DEBUG] Syncing metadata for: /db_working_home/000050.log
2026/04/19-17:57:39.961171 1492 [DEBUG] DeleteFile: ./db_working_home/000050.log 
2026/04/19-17:57:39.961974 1492 [Zonestats:time(s),used_cap(MB),reclaimable_cap(MB), avg_reclaimable(%), active(#), active_zones(#), open_zones(#)] 51 445 1218 73 9 9 2
2026/04/19-17:57:40.041787 1488 [DEBUG] New writable file: /db_working_home/000055.log direct: 0
2026/04/19-17:57:40.042737 1492 [DEBUG] New writable file: /db_working_home/000056.sst direct: 1
2026/04/19-17:57:40.045252 1492 Entering Apply Finish Threshold Function
2026/04/19-17:57:40.045276 1492 [DEBUG] Allocating zone(new=0) start: 0x60000000 wp: 0x61f08200 lt: 4 file lt: 3
2026/04/19-17:57:40.045283 1492 [Zonestats:time(s),used_cap(MB),reclaimable_cap(MB), avg_reclaimable(%), active(#), active_zones(#), open_zones(#)] 52 451 1212 72 9 9 3
2026/04/19-17:57:40.045290 1492 [DEBUG] Syncing metadata for: /db_working_home/000056.sst
2026/04/19-17:57:40.045972 1488 [DEBUG] Allocating zone(new=0) start: 0x58000000 wp: 0x59f0d400 lt: 3 file lt: 2
2026/04/19-17:57:40.045976 1488 [DEBUG] Syncing metadata for: /db_working_home/000055.log
2026/04/19-17:57:40.279250 1488 [DEBUG] New writable file: /db_working_home/000057.log direct: 0
2026/04/19-17:57:40.279866 1492 [DEBUG] Syncing metadata for: /db_working_home/000056.sst
2026/04/19-17:57:40.281580 1492 [DEBUG] Syncing metadata for: /db_working_home/000056.sst
2026/04/19-17:57:40.282559 1492 [DEBUG] New random access file: /db_working_home/000056.sst direct: 1
2026/04/19-17:57:40.282739 1492 [DEBUG] GetFileSize: /db_working_home/000056.sst 
2026/04/19-17:57:40.285383 1492 [DEBUG] Syncing metadata for: /db_working_home/MANIFEST-000005
2026/04/19-17:57:40.286052 1492 [DEBUG] GetFileSize: /db_working_home/000056.sst 
2026/04/19-17:57:40.290969 1492 [DEBUG] Syncing metadata for: /db_working_home/000053.log
2026/04/19-17:57:40.291837 1492 [DEBUG] DeleteFile: ./db_working_home/000053.log 
2026/04/19-17:57:40.292648 1492 [Zonestats:time(s),used_cap(MB),reclaimable_cap(MB), avg_reclaimable(%), active(#), active_zones(#), open_zones(#)] 52 467 1196 71 9 9 2
2026/04/19-17:57:40.292791 1492 [DEBUG] New writable file: /db_working_home/000058.sst direct: 1
2026/04/19-17:57:40.295392 1492 Entering Apply Finish Threshold Function
2026/04/19-17:57:40.295401 1492 Finishing zone: Entering Finish()
2026/04/19-17:57:40.298299 1488 [DEBUG] Allocating zone(new=0) start: 0x40000000 wp: 0x40f71600 lt: 3 file lt: 2
2026/04/19-17:57:40.298310 1488 [DEBUG] Syncing metadata for: /db_working_home/000057.log
2026/04/19-17:57:40.487011 1490 Zone Garbage Stats: [112 4 1 1 0 0 1 1 0 0 0 0 ]
2026/04/19-17:57:40.487026 1490 Total Garbage Bytes: 16378631 bytes
2026/04/19-17:57:40.493351 1488 [DEBUG] New writable file: /db_working_home/000059.log direct: 0
2026/04/19-17:57:41.315745 1491 [DEBUG] Allocating zone(new=1) start: 0x68000000 wp: 0x68000000 lt: 4 file lt: 4
2026/04/19-17:57:41.315759 1491 [Zonestats:time(s),used_cap(MB),reclaimable_cap(MB), avg_reclaimable(%), active(#), active_zones(#), open_zones(#)] 53 482 1181 71 8 9 4
2026/04/19-17:57:41.315768 1491 [DEBUG] Syncing metadata for: /db_working_home/000051.sst
2026/04/19-17:57:41.487216 1490 Zone Garbage Stats: [111 4 1 1 0 0 1 1 0 1 0 0 ]
2026/04/19-17:57:41.487234 1490 Total Garbage Bytes: 49120150 bytes
2026/04/19-17:57:41.595649 1491 [DEBUG] Syncing metadata for: /db_working_home/000051.sst
2026/04/19-17:57:41.596424 1491 [DEBUG] Syncing metadata for: /db_working_home/000051.sst
2026/04/19-17:57:41.597482 1491 [DEBUG] GetFileSize: /db_working_home/000051.sst 
2026/04/19-17:57:41.598873 1491 [DEBUG] New random access file: /db_working_home/000044.sst direct: 1
2026/04/19-17:57:41.599508 1491 [DEBUG] GetFileSize: /db_working_home/000044.sst 
2026/04/19-17:57:41.599704 1491 [DEBUG] New random access file: /db_working_home/000051.sst direct: 1
2026/04/19-17:57:41.600062 1491 [DEBUG] GetFileSize: /db_working_home/000051.sst 
2026/04/19-17:57:41.600956 1491 [DEBUG] Syncing metadata for: /db_working_home/MANIFEST-000005
2026/04/19-17:57:41.630128 1491 [DEBUG] New writable file: /db_working_home/000060.sst direct: 1
2026/04/19-17:57:41.634664 1491 Entering Apply Finish Threshold Function
2026/04/19-17:57:41.634675 1491 Finishing zone: Entering Finish()
2026/04/19-17:57:41.746470 1492 [DEBUG] Allocating zone(new=0) start: 0x68000000 wp: 0x69a34200 lt: 4 file lt: 3
2026/04/19-17:57:41.746488 1492 [Zonestats:time(s),used_cap(MB),reclaimable_cap(MB), avg_reclaimable(%), active(#), active_zones(#), open_zones(#)] 53 508 1283 71 8 8 4
2026/04/19-17:57:41.746498 1492 [DEBUG] Syncing metadata for: /db_working_home/000058.sst
2026/04/19-17:57:41.888463 1492 [DEBUG] Syncing metadata for: /db_working_home/000058.sst
2026/04/19-17:57:41.889041 1492 [DEBUG] Syncing metadata for: /db_working_home/000058.sst
2026/04/19-17:57:41.890044 1492 [DEBUG] New random access file: /db_working_home/000058.sst direct: 1
2026/04/19-17:57:41.890483 1492 [DEBUG] GetFileSize: /db_working_home/000058.sst 
2026/04/19-17:57:41.893434 1492 [DEBUG] Syncing metadata for: /db_working_home/MANIFEST-000005
2026/04/19-17:57:41.894097 1492 [DEBUG] GetFileSize: /db_working_home/000058.sst 
2026/04/19-17:57:41.899020 1492 [DEBUG] Syncing metadata for: /db_working_home/000055.log
2026/04/19-17:57:41.899987 1492 [DEBUG] DeleteFile: ./db_working_home/000030.sst 
2026/04/19-17:57:41.900844 1492 [Zonestats:time(s),used_cap(MB),reclaimable_cap(MB), avg_reclaimable(%), active(#), active_zones(#), open_zones(#)] 53 432 1231 74 8 8 2
2026/04/19-17:57:41.900888 1492 [DEBUG] DeleteFile: ./db_working_home/000040.sst 
2026/04/19-17:57:41.901532 1492 [Zonestats:time(s),used_cap(MB),reclaimable_cap(MB), avg_reclaimable(%), active(#), active_zones(#), open_zones(#)] 53 370 1165 75 8 8 2
2026/04/19-17:57:41.901566 1492 [DEBUG] DeleteFile: ./db_working_home/000055.log 
2026/04/19-17:57:41.902348 1492 [Zonestats:time(s),used_cap(MB),reclaimable_cap(MB), avg_reclaimable(%), active(#), active_zones(#), open_zones(#)] 53 354 1181 76 8 8 2
2026/04/19-17:57:41.902498 1492 [DEBUG] New writable file: /db_working_home/000061.sst direct: 1
2026/04/19-17:57:41.905399 1492 Entering Apply Finish Threshold Function
2026/04/19-17:57:41.905409 1492 Finishing zone: Entering Finish()
2026/04/19-17:57:41.911461 1488 [DEBUG] Allocating zone(new=0) start: 0x38000000 wp: 0x39f0ee00 lt: 3 file lt: 2
2026/04/19-17:57:41.911472 1488 [DEBUG] Syncing metadata for: /db_working_home/000059.log
2026/04/19-17:57:42.120031 1488 [DEBUG] New writable file: /db_working_home/000062.log direct: 0
2026/04/19-17:57:42.487417 1490 Zone Garbage Stats: [113 4 0 0 0 0 0 1 0 2 0 0 ]
2026/04/19-17:57:42.487430 1490 Total Garbage Bytes: 65486998 bytes
2026/04/19-17:57:43.003320 1491 Finishing zone: Entering Finish()
2026/04/19-17:57:43.185658 1492 [DEBUG] Allocating zone(new=1) start: 0x70000000 wp: 0x70000000 lt: 3 file lt: 3
2026/04/19-17:57:43.185673 1492 [Zonestats:time(s),used_cap(MB),reclaimable_cap(MB), avg_reclaimable(%), active(#), active_zones(#), open_zones(#)] 55 369 1166 75 6 7 4
2026/04/19-17:57:43.185682 1492 [DEBUG] Syncing metadata for: /db_working_home/000061.sst
2026/04/19-17:57:43.333179 1492 [DEBUG] Syncing metadata for: /db_working_home/000061.sst
2026/04/19-17:57:43.333754 1492 [DEBUG] Syncing metadata for: /db_working_home/000061.sst
2026/04/19-17:57:43.334739 1492 [DEBUG] New random access file: /db_working_home/000061.sst direct: 1
2026/04/19-17:57:43.334918 1492 [DEBUG] GetFileSize: /db_working_home/000061.sst 
2026/04/19-17:57:43.337557 1492 [DEBUG] Syncing metadata for: /db_working_home/MANIFEST-000005
2026/04/19-17:57:43.338217 1492 [DEBUG] GetFileSize: /db_working_home/000061.sst 
2026/04/19-17:57:43.343143 1492 [DEBUG] Syncing metadata for: /db_working_home/000057.log
2026/04/19-17:57:43.344060 1492 [DEBUG] DeleteFile: ./db_working_home/000057.log 
2026/04/19-17:57:43.344862 1492 [Zonestats:time(s),used_cap(MB),reclaimable_cap(MB), avg_reclaimable(%), active(#), active_zones(#), open_zones(#)] 55 370 1293 77 7 7 2
2026/04/19-17:57:43.345030 1492 [DEBUG] New writable file: /db_working_home/000063.sst direct: 1
2026/04/19-17:57:43.347833 1492 Entering Apply Finish Threshold Function
2026/04/19-17:57:43.347858 1492 [DEBUG] Allocating zone(new=1) start: 0x78000000 wp: 0x78000000 lt: 3 file lt: 3
2026/04/19-17:57:43.347865 1492 [Zonestats:time(s),used_cap(MB),reclaimable_cap(MB), avg_reclaimable(%), active(#), active_zones(#), open_zones(#)] 55 370 1293 77 7 8 3
2026/04/19-17:57:43.347870 1492 [DEBUG] Syncing metadata for: /db_working_home/000063.sst
2026/04/19-17:57:43.351281 1488 [DEBUG] Allocating zone(new=0) start: 0x70000000 wp: 0x70f71200 lt: 3 file lt: 2
2026/04/19-17:57:43.351292 1488 [DEBUG] Syncing metadata for: /db_working_home/000062.log
2026/04/19-17:57:43.487640 1490 Zone Garbage Stats: [111 3 1 0 0 0 0 2 0 3 0 0 ]
2026/04/19-17:57:43.487738 1490 Total Garbage Bytes: 114597563 bytes
2026/04/19-17:57:43.585963 1492 [DEBUG] Syncing metadata for: /db_working_home/000063.sst
2026/04/19-17:57:43.586557 1492 [DEBUG] Syncing metadata for: /db_working_home/000063.sst
2026/04/19-17:57:43.586963 1488 [DEBUG] New writable file: /db_working_home/000064.log direct: 0
2026/04/19-17:57:43.588103 1492 [DEBUG] New random access file: /db_working_home/000063.sst direct: 1
2026/04/19-17:57:43.588498 1492 [DEBUG] GetFileSize: /db_working_home/000063.sst 
2026/04/19-17:57:43.590951 1492 [DEBUG] Syncing metadata for: /db_working_home/MANIFEST-000005
2026/04/19-17:57:43.591595 1492 [DEBUG] GetFileSize: /db_working_home/000063.sst 
2026/04/19-17:57:43.596533 1492 [DEBUG] Syncing metadata for: /db_working_home/000059.log
2026/04/19-17:57:43.597452 1492 [DEBUG] DeleteFile: ./db_working_home/000059.log 
2026/04/19-17:57:43.598254 1492 [Zonestats:time(s),used_cap(MB),reclaimable_cap(MB), avg_reclaimable(%), active(#), active_zones(#), open_zones(#)] 55 385 1406 78 8 8 2
2026/04/19-17:57:43.598439 1492 [DEBUG] New writable file: /db_working_home/000065.sst direct: 1
2026/04/19-17:57:43.601091 1492 Entering Apply Finish Threshold Function
2026/04/19-17:57:43.601100 1492 Finishing zone: Entering Finish()
2026/04/19-17:57:43.604459 1488 [DEBUG] Allocating zone(new=0) start: 0x78000000 wp: 0x78f70e00 lt: 3 file lt: 2
2026/04/19-17:57:43.604470 1488 [DEBUG] Syncing metadata for: /db_working_home/000064.log
2026/04/19-17:57:43.824500 1488 [DEBUG] New writable file: /db_working_home/000066.log direct: 0
2026/04/19-17:57:44.487925 1490 Zone Garbage Stats: [111 3 1 0 0 0 0 2 0 3 0 0 ]
2026/04/19-17:57:44.487938 1490 Total Garbage Bytes: 114597563 bytes
2026/04/19-17:57:44.657374 1491 [DEBUG] Allocating zone(new=1) start: 0x88000000 wp: 0x88000000 lt: 3 file lt: 3
2026/04/19-17:57:44.657388 1491 [Zonestats:time(s),used_cap(MB),reclaimable_cap(MB), avg_reclaimable(%), active(#), active_zones(#), open_zones(#)] 56 400 1391 77 7 8 4
2026/04/19-17:57:44.657397 1491 [DEBUG] Syncing metadata for: /db_working_home/000060.sst
2026/04/19-17:57:45.119631 1492 [DEBUG] Allocating zone(new=1) start: 0x90000000 wp: 0x90000000 lt: 3 file lt: 3
2026/04/19-17:57:45.119649 1492 [Zonestats:time(s),used_cap(MB),reclaimable_cap(MB), avg_reclaimable(%), active(#), active_zones(#), open_zones(#)] 57 400 1391 77 7 8 5
2026/04/19-17:57:45.119658 1492 [DEBUG] Syncing metadata for: /db_working_home/000065.sst
2026/04/19-17:57:45.310555 1492 [DEBUG] Syncing metadata for: /db_working_home/000065.sst
2026/04/19-17:57:45.312951 1492 [DEBUG] Syncing metadata for: /db_working_home/000065.sst
2026/04/19-17:57:45.313620 1492 [DEBUG] New random access file: /db_working_home/000065.sst direct: 1
2026/04/19-17:57:45.313822 1492 [DEBUG] GetFileSize: /db_working_home/000065.sst 
2026/04/19-17:57:45.317563 1492 [DEBUG] Syncing metadata for: /db_working_home/MANIFEST-000005
2026/04/19-17:57:45.318540 1492 [DEBUG] GetFileSize: /db_working_home/000065.sst 
2026/04/19-17:57:45.323307 1492 [DEBUG] Syncing metadata for: /db_working_home/000062.log
2026/04/19-17:57:45.331058 1492 [DEBUG] DeleteFile: ./db_working_home/000062.log 
2026/04/19-17:57:45.331645 1492 [Zonestats:time(s),used_cap(MB),reclaimable_cap(MB), avg_reclaimable(%), active(#), active_zones(#), open_zones(#)] 57 400 1519 79 8 8 3
2026/04/19-17:57:45.331849 1492 [DEBUG] New writable file: /db_working_home/000067.sst direct: 1
2026/04/19-17:57:45.335090 1492 Entering Apply Finish Threshold Function
2026/04/19-17:57:45.335116 1492 [DEBUG] Allocating zone(new=1) start: 0x98000000 wp: 0x98000000 lt: 3 file lt: 3
2026/04/19-17:57:45.335124 1492 [Zonestats:time(s),used_cap(MB),reclaimable_cap(MB), avg_reclaimable(%), active(#), active_zones(#), open_zones(#)] 57 400 1519 79 8 9 4
2026/04/19-17:57:45.335130 1492 [DEBUG] Syncing metadata for: /db_working_home/000067.sst
2026/04/19-17:57:45.338122 1488 [DEBUG] Allocating zone(new=0) start: 0x90000000 wp: 0x90f70a00 lt: 3 file lt: 2
2026/04/19-17:57:45.338133 1488 [DEBUG] Syncing metadata for: /db_working_home/000066.log
2026/04/19-17:57:45.488058 1490 Zone Garbage Stats: [108 3 2 0 0 0 0 3 0 4 0 0 ]
2026/04/19-17:57:45.488074 1490 Total Garbage Bytes: 163708950 bytes
2026/04/19-17:57:45.613554 1492 [DEBUG] Syncing metadata for: /db_working_home/000067.sst
2026/04/19-17:57:45.616757 1492 [DEBUG] Syncing metadata for: /db_working_home/000067.sst
2026/04/19-17:57:45.618704 1492 [DEBUG] New random access file: /db_working_home/000067.sst direct: 1
2026/04/19-17:57:45.618982 1492 [DEBUG] GetFileSize: /db_working_home/000067.sst 
2026/04/19-17:57:45.623065 1492 [DEBUG] Syncing metadata for: /db_working_home/MANIFEST-000005
2026/04/19-17:57:45.625827 1492 [DEBUG] GetFileSize: /db_working_home/000067.sst 
2026/04/19-17:57:45.646919 1492 [DEBUG] Syncing metadata for: /db_working_home/000064.log
2026/04/19-17:57:45.656841 1492 [DEBUG] DeleteFile: ./db_working_home/000064.log 
2026/04/19-17:57:45.659465 1492 [Zonestats:time(s),used_cap(MB),reclaimable_cap(MB), avg_reclaimable(%), active(#), active_zones(#), open_zones(#)] 57 411 1636 79 9 9 3
2026/04/19-17:57:45.781330 1488 [DEBUG] New writable file: /db_working_home/000068.log direct: 0
2026/04/19-17:57:45.785495 1492 [DEBUG] New writable file: /db_working_home/000069.sst direct: 1
2026/04/19-17:57:45.788222 1492 Entering Apply Finish Threshold Function
2026/04/19-17:57:45.788249 1492 [DEBUG] Allocating zone(new=1) start: 0xa0000000 wp: 0xa0000000 lt: 3 file lt: 3
2026/04/19-17:57:45.788257 1492 [Zonestats:time(s),used_cap(MB),reclaimable_cap(MB), avg_reclaimable(%), active(#), active_zones(#), open_zones(#)] 57 416 1631 79 9 10 4
2026/04/19-17:57:45.788263 1492 [DEBUG] Syncing metadata for: /db_working_home/000069.sst
2026/04/19-17:57:45.789830 1488 [DEBUG] Allocating zone(new=0) start: 0x98000000 wp: 0x98f70600 lt: 3 file lt: 2
2026/04/19-17:57:45.789836 1488 [DEBUG] Syncing metadata for: /db_working_home/000068.log
2026/04/19-17:57:46.083756 1492 [DEBUG] Syncing metadata for: /db_working_home/000069.sst
2026/04/19-17:57:46.085302 1488 [DEBUG] New writable file: /db_working_home/000070.log direct: 0
2026/04/19-17:57:46.091349 1492 [DEBUG] Syncing metadata for: /db_working_home/000069.sst
2026/04/19-17:57:46.092556 1492 [DEBUG] New random access file: /db_working_home/000069.sst direct: 1
2026/04/19-17:57:46.092749 1492 [DEBUG] GetFileSize: /db_working_home/000069.sst 
2026/04/19-17:57:46.100762 1492 [DEBUG] Syncing metadata for: /db_working_home/MANIFEST-000005
2026/04/19-17:57:46.101444 1492 [DEBUG] GetFileSize: /db_working_home/000069.sst 
2026/04/19-17:57:46.106125 1492 [DEBUG] Syncing metadata for: /db_working_home/000066.log
2026/04/19-17:57:46.113985 1492 [DEBUG] DeleteFile: ./db_working_home/000066.log 
2026/04/19-17:57:46.114565 1492 [Zonestats:time(s),used_cap(MB),reclaimable_cap(MB), avg_reclaimable(%), active(#), active_zones(#), open_zones(#)] 58 431 1744 80 10 10 3
2026/04/19-17:57:46.114725 1492 [DEBUG] New writable file: /db_working_home/000071.sst direct: 1
2026/04/19-17:57:46.117247 1492 Entering Apply Finish Threshold Function
2026/04/19-17:57:46.117272 1492 [DEBUG] Allocating zone(new=1) start: 0xa8000000 wp: 0xa8000000 lt: 3 file lt: 3
2026/04/19-17:57:46.117279 1492 [Zonestats:time(s),used_cap(MB),reclaimable_cap(MB), avg_reclaimable(%), active(#), active_zones(#), open_zones(#)] 58 431 1744 80 10 11 4
2026/04/19-17:57:46.117285 1492 [DEBUG] Syncing metadata for: /db_working_home/000071.sst
2026/04/19-17:57:46.120875 1488 [DEBUG] Allocating zone(new=0) start: 0xa0000000 wp: 0xa0f70e00 lt: 3 file lt: 2
2026/04/19-17:57:46.120886 1488 [DEBUG] Syncing metadata for: /db_working_home/000070.log
2026/04/19-17:57:46.426614 1492 [DEBUG] Syncing metadata for: /db_working_home/000071.sst
2026/04/19-17:57:46.427398 1488 [DEBUG] New writable file: /db_working_home/000072.log direct: 0
2026/04/19-17:57:46.429283 1492 [DEBUG] Syncing metadata for: /db_working_home/000071.sst
2026/04/19-17:57:46.433660 1492 [DEBUG] New random access file: /db_working_home/000071.sst direct: 1
2026/04/19-17:57:46.434359 1492 [DEBUG] GetFileSize: /db_working_home/000071.sst 
2026/04/19-17:57:46.442985 1492 [DEBUG] Syncing metadata for: /db_working_home/MANIFEST-000005
2026/04/19-17:57:46.443685 1492 [DEBUG] GetFileSize: /db_working_home/000071.sst 
2026/04/19-17:57:46.448432 1492 [DEBUG] Syncing metadata for: /db_working_home/000068.log
2026/04/19-17:57:46.452487 1491 [DEBUG] Syncing metadata for: /db_working_home/000060.sst
2026/04/19-17:57:46.453070 1492 [DEBUG] DeleteFile: ./db_working_home/000068.log 
2026/04/19-17:57:46.453519 1491 [DEBUG] Syncing metadata for: /db_working_home/000060.sst
2026/04/19-17:57:46.454221 1491 [DEBUG] GetFileSize: /db_working_home/000060.sst 
2026/04/19-17:57:46.454663 1492 [Zonestats:time(s),used_cap(MB),reclaimable_cap(MB), avg_reclaimable(%), active(#), active_zones(#), open_zones(#)] 58 549 1882 77 11 11 2
2026/04/19-17:57:46.454707 1491 [DEBUG] New writable file: /db_working_home/000073.sst direct: 1
2026/04/19-17:57:46.454822 1492 [DEBUG] New writable file: /db_working_home/000074.sst direct: 1
2026/04/19-17:57:46.457882 1492 Entering Apply Finish Threshold Function
2026/04/19-17:57:46.457892 1492 Finishing zone: Entering Finish()
2026/04/19-17:57:46.458102 1491 Entering Apply Finish Threshold Function
2026/04/19-17:57:46.458128 1491 [DEBUG] Allocating zone(new=1) start: 0xb0000000 wp: 0xb0000000 lt: 3 file lt: 3
2026/04/19-17:57:46.458135 1491 [Zonestats:time(s),used_cap(MB),reclaimable_cap(MB), avg_reclaimable(%), active(#), active_zones(#), open_zones(#)] 58 549 1882 77 11 12 3
2026/04/19-17:57:46.458141 1491 [DEBUG] Syncing metadata for: /db_working_home/000073.sst
2026/04/19-17:57:46.461073 1488 [DEBUG] Allocating zone(new=0) start: 0xa8000000 wp: 0xa8f71600 lt: 3 file lt: 2
2026/04/19-17:57:46.461085 1488 [DEBUG] Syncing metadata for: /db_working_home/000072.log
2026/04/19-17:57:46.488258 1490 Zone Garbage Stats: [105 3 5 0 0 0 0 3 0 4 0 0 ]
2026/04/19-17:57:46.488270 1490 Total Garbage Bytes: 212815206 bytes
2026/04/19-17:57:46.747141 1488 [DEBUG] New writable file: /db_working_home/000075.log direct: 0
2026/04/19-17:57:46.784355 1491 [DEBUG] Syncing metadata for: /db_working_home/000073.sst
2026/04/19-17:57:46.784924 1491 [DEBUG] Syncing metadata for: /db_working_home/000073.sst
2026/04/19-17:57:46.785997 1491 [DEBUG] GetFileSize: /db_working_home/000073.sst 
2026/04/19-17:57:46.787441 1491 [DEBUG] New random access file: /db_working_home/000060.sst direct: 1
2026/04/19-17:57:46.787969 1491 [DEBUG] GetFileSize: /db_working_home/000060.sst 
2026/04/19-17:57:46.788175 1491 [DEBUG] New random access file: /db_working_home/000073.sst direct: 1
2026/04/19-17:57:46.788530 1491 [DEBUG] GetFileSize: /db_working_home/000073.sst 
2026/04/19-17:57:46.789443 1491 [DEBUG] Syncing metadata for: /db_working_home/MANIFEST-000005
2026/04/19-17:57:46.816090 1491 [DEBUG] New writable file: /db_working_home/000076.sst direct: 1
2026/04/19-17:57:46.819169 1491 Entering Apply Finish Threshold Function
2026/04/19-17:57:46.819195 1491 [DEBUG] Allocator: avoided a finish by relaxing lifetime diff requirement
2026/04/19-17:57:46.819198 1491 [DEBUG] Allocating zone(new=0) start: 0xb0000000 wp: 0xb14ee800 lt: 3 file lt: 3
2026/04/19-17:57:46.819205 1491 [Zonestats:time(s),used_cap(MB),reclaimable_cap(MB), avg_reclaimable(%), active(#), active_zones(#), open_zones(#)] 58 585 1974 77 12 12 4
2026/04/19-17:57:46.819212 1491 [DEBUG] Syncing metadata for: /db_working_home/000076.sst
2026/04/19-17:57:47.340317 1492 [DEBUG] Allocating zone(new=1) start: 0xb8000000 wp: 0xb8000000 lt: 3 file lt: 3
2026/04/19-17:57:47.340335 1492 [Zonestats:time(s),used_cap(MB),reclaimable_cap(MB), avg_reclaimable(%), active(#), active_zones(#), open_zones(#)] 59 585 1974 77 11 12 5
2026/04/19-17:57:47.340344 1492 [DEBUG] Syncing metadata for: /db_working_home/000074.sst
2026/04/19-17:57:47.488459 1490 Zone Garbage Stats: [104 3 6 0 0 0 0 3 0 4 0 0 ]
2026/04/19-17:57:47.488476 1490 Total Garbage Bytes: 212815436 bytes
2026/04/19-17:57:47.552698 1492 [DEBUG] Syncing metadata for: /db_working_home/000074.sst
2026/04/19-17:57:47.560296 1492 [DEBUG] Syncing metadata for: /db_working_home/000074.sst
2026/04/19-17:57:47.561283 1492 [DEBUG] New random access file: /db_working_home/000074.sst direct: 1
2026/04/19-17:57:47.563188 1492 [DEBUG] GetFileSize: /db_working_home/000074.sst 
2026/04/19-17:57:47.572286 1492 [DEBUG] Syncing metadata for: /db_working_home/MANIFEST-000005
2026/04/19-17:57:47.574108 1492 [DEBUG] GetFileSize: /db_working_home/000074.sst 
2026/04/19-17:57:47.579742 1492 [DEBUG] Syncing metadata for: /db_working_home/000070.log
2026/04/19-17:57:47.582841 1492 [DEBUG] DeleteFile: ./db_working_home/000038.sst 
2026/04/19-17:57:47.585797 1492 [Zonestats:time(s),used_cap(MB),reclaimable_cap(MB), avg_reclaimable(%), active(#), active_zones(#), open_zones(#)] 59 586 1973 77 12 12 3
2026/04/19-17:57:47.585853 1492 [DEBUG] DeleteFile: ./db_working_home/000042.sst 
2026/04/19-17:57:47.588544 1492 [Zonestats:time(s),used_cap(MB),reclaimable_cap(MB), avg_reclaimable(%), active(#), active_zones(#), open_zones(#)] 59 570 1861 76 12 12 3
2026/04/19-17:57:47.588609 1492 [DEBUG] DeleteFile: ./db_working_home/000045.sst 
2026/04/19-17:57:47.591181 1492 [Zonestats:time(s),used_cap(MB),reclaimable_cap(MB), avg_reclaimable(%), active(#), active_zones(#), open_zones(#)] 59 555 1748 75 11 11 3
2026/04/19-17:57:47.591234 1492 [DEBUG] DeleteFile: ./db_working_home/000047.sst 
2026/04/19-17:57:47.598775 1492 [Zonestats:time(s),used_cap(MB),reclaimable_cap(MB), avg_reclaimable(%), active(#), active_zones(#), open_zones(#)] 59 540 1635 75 11 11 3
2026/04/19-17:57:47.598828 1492 [DEBUG] DeleteFile: ./db_working_home/000049.sst 
2026/04/19-17:57:47.600831 1492 [Zonestats:time(s),used_cap(MB),reclaimable_cap(MB), avg_reclaimable(%), active(#), active_zones(#), open_zones(#)] 59 524 1523 74 11 11 3
2026/04/19-17:57:47.600883 1492 [DEBUG] DeleteFile: ./db_working_home/000052.sst 
2026/04/19-17:57:47.602061 1492 [Zonestats:time(s),used_cap(MB),reclaimable_cap(MB), avg_reclaimable(%), active(#), active_zones(#), open_zones(#)] 59 509 1538 75 11 11 3
2026/04/19-17:57:47.602097 1492 [DEBUG] DeleteFile: ./db_working_home/000054.sst 
2026/04/19-17:57:47.602702 1492 [Zonestats:time(s),used_cap(MB),reclaimable_cap(MB), avg_reclaimable(%), active(#), active_zones(#), open_zones(#)] 59 493 1554 75 11 11 3
2026/04/19-17:57:47.602734 1492 [DEBUG] DeleteFile: ./db_working_home/000056.sst 
2026/04/19-17:57:47.605482 1492 [Zonestats:time(s),used_cap(MB),reclaimable_cap(MB), avg_reclaimable(%), active(#), active_zones(#), open_zones(#)] 59 478 1569 76 11 11 3
2026/04/19-17:57:47.605531 1492 [DEBUG] DeleteFile: ./db_working_home/000070.log 
2026/04/19-17:57:47.606257 1492 [Zonestats:time(s),used_cap(MB),reclaimable_cap(MB), avg_reclaimable(%), active(#), active_zones(#), open_zones(#)] 59 462 1585 77 11 11 3
2026/04/19-17:57:47.606456 1492 [DEBUG] New writable file: /db_working_home/000077.sst direct: 1
2026/04/19-17:57:47.612907 1488 [DEBUG] Allocating zone(new=0) start: 0xb8000000 wp: 0xb8f71200 lt: 3 file lt: 2
2026/04/19-17:57:47.612918 1488 [DEBUG] Syncing metadata for: /db_working_home/000075.log
2026/04/19-17:57:47.616239 1492 Entering Apply Finish Threshold Function
2026/04/19-17:57:47.616265 1492 [DEBUG] Allocating zone(new=1) start: 0x38000000 wp: 0x38000000 lt: 3 file lt: 3
2026/04/19-17:57:47.616273 1492 [Zonestats:time(s),used_cap(MB),reclaimable_cap(MB), avg_reclaimable(%), active(#), active_zones(#), open_zones(#)] 59 462 1585 77 11 12 5
2026/04/19-17:57:47.616279 1492 [DEBUG] Syncing metadata for: /db_working_home/000077.sst
2026/04/19-17:57:47.925226 1488 [DEBUG] New writable file: /db_working_home/000078.log direct: 0
2026/04/19-17:57:47.938380 1492 [DEBUG] Syncing metadata for: /db_working_home/000077.sst
2026/04/19-17:57:47.941385 1492 [DEBUG] Syncing metadata for: /db_working_home/000077.sst
2026/04/19-17:57:47.948922 1492 [DEBUG] New random access file: /db_working_home/000077.sst direct: 1
2026/04/19-17:57:47.949112 1492 [DEBUG] GetFileSize: /db_working_home/000077.sst 
2026/04/19-17:57:47.958158 1492 [DEBUG] Syncing metadata for: /db_working_home/MANIFEST-000005
2026/04/19-17:57:47.958841 1492 [DEBUG] GetFileSize: /db_working_home/000077.sst 
2026/04/19-17:57:47.963602 1492 [DEBUG] Syncing metadata for: /db_working_home/000072.log
2026/04/19-17:57:47.970922 1492 [DEBUG] DeleteFile: ./db_working_home/000072.log 
2026/04/19-17:57:47.971500 1492 [Zonestats:time(s),used_cap(MB),reclaimable_cap(MB), avg_reclaimable(%), active(#), active_zones(#), open_zones(#)] 59 478 1697 78 12 12 3
2026/04/19-17:57:47.971678 1492 [DEBUG] New writable file: /db_working_home/000079.sst direct: 1
2026/04/19-17:57:47.974276 1492 Entering Apply Finish Threshold Function
2026/04/19-17:57:47.974300 1492 [DEBUG] Allocator: avoided a finish by relaxing lifetime diff requirement
2026/04/19-17:57:47.974303 1492 [DEBUG] Allocating zone(new=0) start: 0xa8000000 wp: 0xa9f0e200 lt: 3 file lt: 3
2026/04/19-17:57:47.974310 1492 [Zonestats:time(s),used_cap(MB),reclaimable_cap(MB), avg_reclaimable(%), active(#), active_zones(#), open_zones(#)] 59 478 1697 78 12 12 4
2026/04/19-17:57:47.974316 1492 [DEBUG] Syncing metadata for: /db_working_home/000079.sst
2026/04/19-17:57:47.979504 1488 [DEBUG] Allocating zone(new=0) start: 0xa0000000 wp: 0xa1f0d600 lt: 3 file lt: 2
2026/04/19-17:57:47.979515 1488 [DEBUG] Syncing metadata for: /db_working_home/000078.log
2026/04/19-17:57:48.294079 1492 [DEBUG] Syncing metadata for: /db_working_home/000079.sst
2026/04/19-17:57:48.294355 1488 [DEBUG] New writable file: /db_working_home/000080.log direct: 0
2026/04/19-17:57:48.296802 1492 [DEBUG] Syncing metadata for: /db_working_home/000079.sst
2026/04/19-17:57:48.300452 1492 [DEBUG] New random access file: /db_working_home/000079.sst direct: 1
2026/04/19-17:57:48.302386 1492 [DEBUG] GetFileSize: /db_working_home/000079.sst 
2026/04/19-17:57:48.310502 1492 [DEBUG] Syncing metadata for: /db_working_home/MANIFEST-000005
2026/04/19-17:57:48.311294 1492 [DEBUG] GetFileSize: /db_working_home/000079.sst 
2026/04/19-17:57:48.317952 1492 [DEBUG] Syncing metadata for: /db_working_home/000075.log
2026/04/19-17:57:48.321078 1492 [DEBUG] DeleteFile: ./db_working_home/000075.log 
2026/04/19-17:57:48.323386 1492 [Zonestats:time(s),used_cap(MB),reclaimable_cap(MB), avg_reclaimable(%), active(#), active_zones(#), open_zones(#)] 60 493 1682 77 12 12 3
2026/04/19-17:57:48.323618 1492 [DEBUG] New writable file: /db_working_home/000081.sst direct: 1
2026/04/19-17:57:48.327378 1492 Entering Apply Finish Threshold Function
2026/04/19-17:57:48.327390 1492 Finishing zone: Entering Finish()
2026/04/19-17:57:48.330468 1488 [DEBUG] Allocating zone(new=0) start: 0xb8000000 wp: 0xb9f0e200 lt: 3 file lt: 2
2026/04/19-17:57:48.330479 1488 [DEBUG] Syncing metadata for: /db_working_home/000080.log
2026/04/19-17:57:48.488623 1490 Zone Garbage Stats: [108 4 5 0 0 0 0 2 0 0 1 0 ]
2026/04/19-17:57:48.488675 1490 Total Garbage Bytes: 114054382 bytes
2026/04/19-17:57:48.494315 1491 Entering Apply Finish Threshold Function
2026/04/19-17:57:48.494334 1491 [DEBUG] Allocating zone(new=1) start: 0x40000000 wp: 0x40000000 lt: 3 file lt: 3
2026/04/19-17:57:48.494340 1491 [Zonestats:time(s),used_cap(MB),reclaimable_cap(MB), avg_reclaimable(%), active(#), active_zones(#), open_zones(#)] 60 607 1568 72 11 12 4
2026/04/19-17:57:48.494345 1491 [DEBUG] Syncing metadata for: /db_working_home/000076.sst
2026/04/19-17:57:48.676850 1488 [DEBUG] New writable file: /db_working_home/000082.log direct: 0
2026/04/19-17:57:48.777206 1491 [DEBUG] Syncing metadata for: /db_working_home/000076.sst
2026/04/19-17:57:48.777784 1491 [DEBUG] Syncing metadata for: /db_working_home/000076.sst
2026/04/19-17:57:48.778862 1491 [DEBUG] GetFileSize: /db_working_home/000076.sst 
2026/04/19-17:57:48.778898 1491 [DEBUG] New writable file: /db_working_home/000083.sst direct: 1
2026/04/19-17:57:48.782540 1491 Entering Apply Finish Threshold Function
2026/04/19-17:57:48.782559 1491 [DEBUG] Allocator: avoided a finish by relaxing lifetime diff requirement
2026/04/19-17:57:48.782562 1491 [DEBUG] Allocating zone(new=0) start: 0x98000000 wp: 0x99f0d200 lt: 3 file lt: 3
2026/04/19-17:57:48.782576 1491 [Zonestats:time(s),used_cap(MB),reclaimable_cap(MB), avg_reclaimable(%), active(#), active_zones(#), open_zones(#)] 60 636 1667 72 12 12 4
2026/04/19-17:57:48.782581 1491 [DEBUG] Syncing metadata for: /db_working_home/000083.sst
2026/04/19-17:57:49.488906 1490 Zone Garbage Stats: [107 6 4 0 0 0 0 2 0 0 1 0 ]
2026/04/19-17:57:49.488926 1490 Total Garbage Bytes: 97683992 bytes
2026/04/19-17:57:49.571319 1491 [DEBUG] Syncing metadata for: /db_working_home/000083.sst
2026/04/19-17:57:49.572103 1491 [DEBUG] Syncing metadata for: /db_working_home/000083.sst
2026/04/19-17:57:49.573205 1491 [DEBUG] GetFileSize: /db_working_home/000083.sst 
2026/04/19-17:57:49.573257 1491 [DEBUG] New writable file: /db_working_home/000084.sst direct: 1
2026/04/19-17:57:49.576513 1491 Entering Apply Finish Threshold Function
2026/04/19-17:57:49.576524 1491 Finishing zone: Entering Finish()
2026/04/19-17:57:50.054767 1491 [DEBUG] Allocating zone(new=1) start: 0x50000000 wp: 0x50000000 lt: 3 file lt: 3
2026/04/19-17:57:50.054782 1491 [Zonestats:time(s),used_cap(MB),reclaimable_cap(MB), avg_reclaimable(%), active(#), active_zones(#), open_zones(#)] 62 700 1603 69 11 12 4
2026/04/19-17:57:50.054817 1491 [DEBUG] Syncing metadata for: /db_working_home/000084.sst
2026/04/19-17:57:50.302123 1492 [DEBUG] Allocating zone(new=1) start: 0x58000000 wp: 0x58000000 lt: 3 file lt: 3
2026/04/19-17:57:50.302139 1492 [Zonestats:time(s),used_cap(MB),reclaimable_cap(MB), avg_reclaimable(%), active(#), active_zones(#), open_zones(#)] 62 700 1603 69 11 12 5
2026/04/19-17:57:50.302148 1492 [DEBUG] Syncing metadata for: /db_working_home/000081.sst
2026/04/19-17:57:50.465169 1492 [DEBUG] Syncing metadata for: /db_working_home/000081.sst
2026/04/19-17:57:50.468766 1492 [DEBUG] Syncing metadata for: /db_working_home/000081.sst
2026/04/19-17:57:50.473085 1492 [DEBUG] New random access file: /db_working_home/000081.sst direct: 1
2026/04/19-17:57:50.473302 1492 [DEBUG] GetFileSize: /db_working_home/000081.sst 
2026/04/19-17:57:50.477534 1492 [DEBUG] Syncing metadata for: /db_working_home/MANIFEST-000005
2026/04/19-17:57:50.481985 1492 [DEBUG] GetFileSize: /db_working_home/000081.sst 
2026/04/19-17:57:50.489220 1490 Zone Garbage Stats: [105 7 4 0 1 0 0 2 1 0 1 0 ]
2026/04/19-17:57:50.489245 1490 Total Garbage Bytes: 130426525 bytes
2026/04/19-17:57:50.489912 1492 [DEBUG] Syncing metadata for: /db_working_home/000078.log
2026/04/19-17:57:50.490776 1492 [DEBUG] DeleteFile: ./db_working_home/000078.log 
2026/04/19-17:57:50.491347 1492 [Zonestats:time(s),used_cap(MB),reclaimable_cap(MB), avg_reclaimable(%), active(#), active_zones(#), open_zones(#)] 62 701 1730 71 12 12 3
2026/04/19-17:57:50.491662 1492 [DEBUG] New writable file: /db_working_home/000085.sst direct: 1
2026/04/19-17:57:50.495374 1492 Entering Apply Finish Threshold Function
2026/04/19-17:57:50.495386 1492 Finishing zone: Entering Finish()
2026/04/19-17:57:50.498436 1488 [DEBUG] Allocating zone(new=0) start: 0x90000000 wp: 0x91f0ce00 lt: 3 file lt: 2
2026/04/19-17:57:50.498445 1488 [DEBUG] Syncing metadata for: /db_working_home/000082.log
2026/04/19-17:57:50.713446 1491 [DEBUG] Syncing metadata for: /db_working_home/000084.sst
2026/04/19-17:57:50.714264 1491 [DEBUG] Syncing metadata for: /db_working_home/000084.sst
2026/04/19-17:57:50.722569 1491 [DEBUG] GetFileSize: /db_working_home/000084.sst 
2026/04/19-17:57:50.722624 1491 [DEBUG] New writable file: /db_working_home/000086.sst direct: 1
2026/04/19-17:57:50.723494 1491 Entering Apply Finish Threshold Function
2026/04/19-17:57:50.723501 1491 Finishing zone: Entering Finish()
2026/04/19-17:57:50.753907 1488 [DEBUG] New writable file: /db_working_home/000087.log direct: 0
2026/04/19-17:57:51.489642 1490 Zone Garbage Stats: [105 7 3 0 1 0 0 2 1 0 1 0 ]
2026/04/19-17:57:51.489701 1490 Total Garbage Bytes: 114057627 bytes
2026/04/19-17:57:51.837245 1492 [DEBUG] Allocating zone(new=1) start: 0x80000000 wp: 0x80000000 lt: 3 file lt: 3
2026/04/19-17:57:51.837267 1492 [Zonestats:time(s),used_cap(MB),reclaimable_cap(MB), avg_reclaimable(%), active(#), active_zones(#), open_zones(#)] 63 755 1804 70 11 12 4
2026/04/19-17:57:51.837278 1492 [DEBUG] Syncing metadata for: /db_working_home/000085.sst
2026/04/19-17:57:51.990823 1492 [DEBUG] Syncing metadata for: /db_working_home/000085.sst
2026/04/19-17:57:51.991476 1492 [DEBUG] Syncing metadata for: /db_working_home/000085.sst
2026/04/19-17:57:51.992563 1492 [DEBUG] New random access file: /db_working_home/000085.sst direct: 1
2026/04/19-17:57:51.992810 1492 [DEBUG] GetFileSize: /db_working_home/000085.sst 
2026/04/19-17:57:51.995748 1492 [DEBUG] Syncing metadata for: /db_working_home/MANIFEST-000005
2026/04/19-17:57:51.996443 1492 [DEBUG] GetFileSize: /db_working_home/000085.sst 
2026/04/19-17:57:52.001331 1492 [DEBUG] Syncing metadata for: /db_working_home/000080.log
2026/04/19-17:57:52.002270 1492 [DEBUG] DeleteFile: ./db_working_home/000080.log 
2026/04/19-17:57:52.003066 1492 [Zonestats:time(s),used_cap(MB),reclaimable_cap(MB), avg_reclaimable(%), active(#), active_zones(#), open_zones(#)] 64 755 1932 71 12 12 2
2026/04/19-17:57:52.003248 1492 [DEBUG] New writable file: /db_working_home/000088.sst direct: 1
2026/04/19-17:57:52.007857 1492 Entering Apply Finish Threshold Function
2026/04/19-17:57:52.007868 1492 Finishing zone: Entering Finish()
2026/04/19-17:57:52.009818 1488 [DEBUG] Allocating zone(new=0) start: 0x80000000 wp: 0x80f70600 lt: 3 file lt: 2
2026/04/19-17:57:52.009830 1488 [DEBUG] Syncing metadata for: /db_working_home/000087.log
2026/04/19-17:57:52.204472 1488 [DEBUG] New writable file: /db_working_home/000089.log direct: 0
2026/04/19-17:57:52.210530 1491 [DEBUG] Allocating zone(new=1) start: 0xc0000000 wp: 0xc0000000 lt: 3 file lt: 3
2026/04/19-17:57:52.210558 1491 [Zonestats:time(s),used_cap(MB),reclaimable_cap(MB), avg_reclaimable(%), active(#), active_zones(#), open_zones(#)] 64 770 1917 71 11 12 4
2026/04/19-17:57:52.210568 1491 [DEBUG] Syncing metadata for: /db_working_home/000086.sst
2026/04/19-17:57:52.211923 1491 [DEBUG] Syncing metadata for: /db_working_home/000086.sst
2026/04/19-17:57:52.212759 1491 [DEBUG] Syncing metadata for: /db_working_home/000086.sst
2026/04/19-17:57:52.213480 1491 [DEBUG] GetFileSize: /db_working_home/000086.sst 
2026/04/19-17:57:52.214744 1491 [DEBUG] New random access file: /db_working_home/000076.sst direct: 1
2026/04/19-17:57:52.215464 1491 [DEBUG] GetFileSize: /db_working_home/000076.sst 
2026/04/19-17:57:52.215688 1491 [DEBUG] New random access file: /db_working_home/000083.sst direct: 1
2026/04/19-17:57:52.216116 1491 [DEBUG] GetFileSize: /db_working_home/000083.sst 
2026/04/19-17:57:52.216269 1491 [DEBUG] New random access file: /db_working_home/000084.sst direct: 1
2026/04/19-17:57:52.216703 1491 [DEBUG] GetFileSize: /db_working_home/000084.sst 
2026/04/19-17:57:52.216832 1491 [DEBUG] New random access file: /db_working_home/000086.sst direct: 1
2026/04/19-17:57:52.217227 1491 [DEBUG] GetFileSize: /db_working_home/000086.sst 
2026/04/19-17:57:52.218151 1491 [DEBUG] Syncing metadata for: /db_working_home/MANIFEST-000005
2026/04/19-17:57:52.220452 1491 [DEBUG] Syncing metadata for: /db_working_home/MANIFEST-000005
2026/04/19-17:57:52.236510 1491 [DEBUG] New writable file: /db_working_home/000090.sst direct: 1
2026/04/19-17:57:52.239881 1491 Entering Apply Finish Threshold Function
2026/04/19-17:57:52.239906 1491 [DEBUG] Allocator: avoided a finish by relaxing lifetime diff requirement
2026/04/19-17:57:52.239909 1491 [DEBUG] Allocating zone(new=0) start: 0xc0000000 wp: 0xc0002000 lt: 3 file lt: 3
2026/04/19-17:57:52.239916 1491 [Zonestats:time(s),used_cap(MB),reclaimable_cap(MB), avg_reclaimable(%), active(#), active_zones(#), open_zones(#)] 64 770 2045 72 12 12 4
2026/04/19-17:57:52.239923 1491 [DEBUG] Syncing metadata for: /db_working_home/000090.sst
2026/04/19-17:57:52.489892 1490 Zone Garbage Stats: [103 7 3 0 1 0 0 3 1 1 1 0 ]
2026/04/19-17:57:52.489909 1490 Total Garbage Bytes: 146796368 bytes
2026/04/19-17:57:52.712090 1491 [DEBUG] Syncing metadata for: /db_working_home/000090.sst
2026/04/19-17:57:52.712663 1491 [DEBUG] Syncing metadata for: /db_working_home/000090.sst
2026/04/19-17:57:52.713766 1491 [DEBUG] GetFileSize: /db_working_home/000090.sst 
2026/04/19-17:57:52.713803 1491 [DEBUG] New writable file: /db_working_home/000091.sst direct: 1
2026/04/19-17:57:52.716871 1491 Entering Apply Finish Threshold Function
2026/04/19-17:57:52.716882 1491 Finishing zone: Entering Finish()
2026/04/19-17:57:53.490094 1490 Zone Garbage Stats: [103 7 3 0 1 0 0 3 1 1 1 0 ]
2026/04/19-17:57:53.490217 1490 Total Garbage Bytes: 146796368 bytes
2026/04/19-17:57:53.544557 1492 [DEBUG] Allocating zone(new=1) start: 0xc8000000 wp: 0xc8000000 lt: 3 file lt: 3
2026/04/19-17:57:53.544571 1492 [Zonestats:time(s),used_cap(MB),reclaimable_cap(MB), avg_reclaimable(%), active(#), active_zones(#), open_zones(#)] 65 813 2002 71 11 12 4
2026/04/19-17:57:53.544581 1492 [DEBUG] Syncing metadata for: /db_working_home/000088.sst
2026/04/19-17:57:53.688554 1492 [DEBUG] Syncing metadata for: /db_working_home/000088.sst
2026/04/19-17:57:53.689129 1492 [DEBUG] Syncing metadata for: /db_working_home/000088.sst
2026/04/19-17:57:53.690115 1492 [DEBUG] New random access file: /db_working_home/000088.sst direct: 1
2026/04/19-17:57:53.690297 1492 [DEBUG] GetFileSize: /db_working_home/000088.sst 
2026/04/19-17:57:53.692908 1492 [DEBUG] Syncing metadata for: /db_working_home/MANIFEST-000005
2026/04/19-17:57:53.693907 1492 [DEBUG] GetFileSize: /db_working_home/000088.sst 
2026/04/19-17:57:53.698842 1492 [DEBUG] Syncing metadata for: /db_working_home/000082.log
2026/04/19-17:57:53.699888 1492 [DEBUG] DeleteFile: ./db_working_home/000058.sst 
2026/04/19-17:57:53.700571 1492 [Zonestats:time(s),used_cap(MB),reclaimable_cap(MB), avg_reclaimable(%), active(#), active_zones(#), open_zones(#)] 65 814 2129 72 12 12 2
2026/04/19-17:57:53.700613 1492 [DEBUG] DeleteFile: ./db_working_home/000060.sst 
2026/04/19-17:57:53.701629 1492 [Zonestats:time(s),used_cap(MB),reclaimable_cap(MB), avg_reclaimable(%), active(#), active_zones(#), open_zones(#)] 65 711 2104 74 12 12 2
2026/04/19-17:57:53.701666 1492 [DEBUG] DeleteFile: ./db_working_home/000061.sst 
2026/04/19-17:57:53.702444 1492 [Zonestats:time(s),used_cap(MB),reclaimable_cap(MB), avg_reclaimable(%), active(#), active_zones(#), open_zones(#)] 65 696 1991 74 11 11 2
2026/04/19-17:57:53.702478 1492 [DEBUG] DeleteFile: ./db_working_home/000063.sst 
2026/04/19-17:57:53.703117 1492 [Zonestats:time(s),used_cap(MB),reclaimable_cap(MB), avg_reclaimable(%), active(#), active_zones(#), open_zones(#)] 65 680 1879 73 10 10 2
2026/04/19-17:57:53.703151 1492 [DEBUG] DeleteFile: ./db_working_home/000065.sst 
2026/04/19-17:57:53.703931 1492 [Zonestats:time(s),used_cap(MB),reclaimable_cap(MB), avg_reclaimable(%), active(#), active_zones(#), open_zones(#)] 65 665 1894 74 10 10 2
2026/04/19-17:57:53.703964 1492 [DEBUG] DeleteFile: ./db_working_home/000067.sst 
2026/04/19-17:57:53.704830 1492 [Zonestats:time(s),used_cap(MB),reclaimable_cap(MB), avg_reclaimable(%), active(#), active_zones(#), open_zones(#)] 65 650 1909 74 10 10 2
2026/04/19-17:57:53.704862 1492 [DEBUG] DeleteFile: ./db_working_home/000069.sst 
2026/04/19-17:57:53.705816 1492 [Zonestats:time(s),used_cap(MB),reclaimable_cap(MB), avg_reclaimable(%), active(#), active_zones(#), open_zones(#)] 65 634 1797 73 10 10 2
2026/04/19-17:57:53.705848 1492 [DEBUG] DeleteFile: ./db_working_home/000071.sst 
2026/04/19-17:57:53.706633 1492 [Zonestats:time(s),used_cap(MB),reclaimable_cap(MB), avg_reclaimable(%), active(#), active_zones(#), open_zones(#)] 65 619 1812 74 10 10 2
2026/04/19-17:57:53.706665 1492 [DEBUG] DeleteFile: ./db_working_home/000073.sst 
2026/04/19-17:57:53.707540 1492 [Zonestats:time(s),used_cap(MB),reclaimable_cap(MB), avg_reclaimable(%), active(#), active_zones(#), open_zones(#)] 65 598 1833 75 10 10 2
2026/04/19-17:57:53.707571 1492 [DEBUG] DeleteFile: ./db_working_home/000082.log 
2026/04/19-17:57:53.708539 1492 [Zonestats:time(s),used_cap(MB),reclaimable_cap(MB), avg_reclaimable(%), active(#), active_zones(#), open_zones(#)] 65 582 1721 74 9 9 2
2026/04/19-17:57:53.708711 1492 [DEBUG] New writable file: /db_working_home/000092.sst direct: 1
2026/04/19-17:57:53.711380 1492 Entering Apply Finish Threshold Function
2026/04/19-17:57:53.711405 1492 [DEBUG] Allocating zone(new=1) start: 0x70000000 wp: 0x70000000 lt: 3 file lt: 3
2026/04/19-17:57:53.711412 1492 [Zonestats:time(s),used_cap(MB),reclaimable_cap(MB), avg_reclaimable(%), active(#), active_zones(#), open_zones(#)] 65 582 1721 74 9 10 3
2026/04/19-17:57:53.711418 1492 [DEBUG] Syncing metadata for: /db_working_home/000092.sst
2026/04/19-17:57:53.716943 1488 [DEBUG] Allocating zone(new=0) start: 0xc8000000 wp: 0xc8f71200 lt: 3 file lt: 2
2026/04/19-17:57:53.716950 1488 [DEBUG] Syncing metadata for: /db_working_home/000089.log
2026/04/19-17:57:53.893562 1492 [DEBUG] Syncing metadata for: /db_working_home/000092.sst
2026/04/19-17:57:53.897111 1492 [DEBUG] Syncing metadata for: /db_working_home/000092.sst
2026/04/19-17:57:53.898080 1492 [DEBUG] New random access file: /db_working_home/000092.sst direct: 1
2026/04/19-17:57:53.898264 1492 [DEBUG] GetFileSize: /db_working_home/000092.sst 
2026/04/19-17:57:53.900867 1492 [DEBUG] Syncing metadata for: /db_working_home/MANIFEST-000005
2026/04/19-17:57:53.901523 1492 [DEBUG] GetFileSize: /db_working_home/000092.sst 
2026/04/19-17:57:53.906468 1492 [DEBUG] Syncing metadata for: /db_working_home/000087.log
2026/04/19-17:57:53.911540 1492 [DEBUG] DeleteFile: ./db_working_home/000087.log 
2026/04/19-17:57:53.915458 1492 [Zonestats:time(s),used_cap(MB),reclaimable_cap(MB), avg_reclaimable(%), active(#), active_zones(#), open_zones(#)] 65 592 1839 75 10 10 2
2026/04/19-17:57:53.999447 1488 [DEBUG] New writable file: /db_working_home/000093.log direct: 0
2026/04/19-17:57:54.000332 1492 [DEBUG] New writable file: /db_working_home/000094.sst direct: 1
2026/04/19-17:57:54.002854 1492 Entering Apply Finish Threshold Function
2026/04/19-17:57:54.002880 1492 [DEBUG] Allocating zone(new=1) start: 0x78000000 wp: 0x78000000 lt: 3 file lt: 3
2026/04/19-17:57:54.002887 1492 [Zonestats:time(s),used_cap(MB),reclaimable_cap(MB), avg_reclaimable(%), active(#), active_zones(#), open_zones(#)] 66 598 1833 75 10 11 3
2026/04/19-17:57:54.002893 1492 [DEBUG] Syncing metadata for: /db_working_home/000094.sst
2026/04/19-17:57:54.004416 1488 [DEBUG] Allocating zone(new=0) start: 0x80000000 wp: 0x81f0ce00 lt: 3 file lt: 2
2026/04/19-17:57:54.004423 1488 [DEBUG] Syncing metadata for: /db_working_home/000093.log
2026/04/19-17:57:54.186808 1492 [DEBUG] Syncing metadata for: /db_working_home/000094.sst
2026/04/19-17:57:54.191217 1492 [DEBUG] Syncing metadata for: /db_working_home/000094.sst
2026/04/19-17:57:54.192151 1492 [DEBUG] New random access file: /db_working_home/000094.sst direct: 1
2026/04/19-17:57:54.192336 1492 [DEBUG] GetFileSize: /db_working_home/000094.sst 
2026/04/19-17:57:54.194915 1492 [DEBUG] Syncing metadata for: /db_working_home/MANIFEST-000005
2026/04/19-17:57:54.195586 1492 [DEBUG] GetFileSize: /db_working_home/000094.sst 
2026/04/19-17:57:54.204943 1492 [DEBUG] Syncing metadata for: /db_working_home/000089.log
2026/04/19-17:57:54.209181 1492 [DEBUG] DeleteFile: ./db_working_home/000089.log 
2026/04/19-17:57:54.209876 1492 [Zonestats:time(s),used_cap(MB),reclaimable_cap(MB), avg_reclaimable(%), active(#), active_zones(#), open_zones(#)] 66 607 1952 76 11 11 2
2026/04/19-17:57:54.290649 1488 [DEBUG] New writable file: /db_working_home/000095.log direct: 0
2026/04/19-17:57:54.291455 1492 [DEBUG] New writable file: /db_working_home/000096.sst direct: 1
2026/04/19-17:57:54.294034 1492 Entering Apply Finish Threshold Function
2026/04/19-17:57:54.294060 1492 [DEBUG] Allocating zone(new=1) start: 0x88000000 wp: 0x88000000 lt: 3 file lt: 3
2026/04/19-17:57:54.294067 1492 [Zonestats:time(s),used_cap(MB),reclaimable_cap(MB), avg_reclaimable(%), active(#), active_zones(#), open_zones(#)] 66 613 1946 76 11 12 3
2026/04/19-17:57:54.294074 1492 [DEBUG] Syncing metadata for: /db_working_home/000096.sst
2026/04/19-17:57:54.295246 1488 [DEBUG] Allocating zone(new=0) start: 0xc8000000 wp: 0xc9f0c800 lt: 3 file lt: 2
2026/04/19-17:57:54.295253 1488 [DEBUG] Syncing metadata for: /db_working_home/000095.log
2026/04/19-17:57:54.462108 1492 [DEBUG] Syncing metadata for: /db_working_home/000096.sst
2026/04/19-17:57:54.462685 1492 [DEBUG] Syncing metadata for: /db_working_home/000096.sst
2026/04/19-17:57:54.463669 1492 [DEBUG] New random access file: /db_working_home/000096.sst direct: 1
2026/04/19-17:57:54.463847 1492 [DEBUG] GetFileSize: /db_working_home/000096.sst 
2026/04/19-17:57:54.469104 1492 [DEBUG] Syncing metadata for: /db_working_home/MANIFEST-000005
2026/04/19-17:57:54.472839 1492 [DEBUG] GetFileSize: /db_working_home/000096.sst 
2026/04/19-17:57:54.478122 1492 [DEBUG] Syncing metadata for: /db_working_home/000093.log
2026/04/19-17:57:54.478795 1492 [DEBUG] DeleteFile: ./db_working_home/000093.log 
2026/04/19-17:57:54.479512 1492 [Zonestats:time(s),used_cap(MB),reclaimable_cap(MB), avg_reclaimable(%), active(#), active_zones(#), open_zones(#)] 66 619 2068 76 12 12 2
2026/04/19-17:57:54.490402 1490 Zone Garbage Stats: [104 9 1 1 0 0 1 2 1 2 1 0 ]
2026/04/19-17:57:54.490414 1490 Total Garbage Bytes: 217328968 bytes
2026/04/19-17:57:54.556096 1491 [DEBUG] Allocating zone(new=1) start: 0x90000000 wp: 0x90000000 lt: 3 file lt: 3
2026/04/19-17:57:54.556112 1491 [Zonestats:time(s),used_cap(MB),reclaimable_cap(MB), avg_reclaimable(%), active(#), active_zones(#), open_zones(#)] 66 625 2062 76 11 12 3
2026/04/19-17:57:54.556121 1491 [DEBUG] Syncing metadata for: /db_working_home/000091.sst
2026/04/19-17:57:54.655141 1488 [DEBUG] New writable file: /db_working_home/000097.log direct: 0
2026/04/19-17:57:54.657986 1492 [DEBUG] New writable file: /db_working_home/000098.sst direct: 1
2026/04/19-17:57:54.664073 1488 [DEBUG] Allocating zone(new=0) start: 0x88000000 wp: 0x88f71a00 lt: 3 file lt: 2
2026/04/19-17:57:54.664082 1488 [DEBUG] Syncing metadata for: /db_working_home/000097.log
2026/04/19-17:57:54.667347 1492 Entering Apply Finish Threshold Function
2026/04/19-17:57:54.667359 1492 Finishing zone: Entering Finish()
2026/04/19-17:57:54.997184 1491 [DEBUG] Syncing metadata for: /db_working_home/000091.sst
2026/04/19-17:57:54.999846 1491 [DEBUG] Syncing metadata for: /db_working_home/000091.sst
2026/04/19-17:57:55.000841 1491 [DEBUG] GetFileSize: /db_working_home/000091.sst 
2026/04/19-17:57:55.002272 1491 [DEBUG] New random access file: /db_working_home/000090.sst direct: 1
2026/04/19-17:57:55.002748 1488 [DEBUG] New writable file: /db_working_home/000099.log direct: 0
2026/04/19-17:57:55.002749 1491 [DEBUG] GetFileSize: /db_working_home/000090.sst 
2026/04/19-17:57:55.003651 1491 [DEBUG] New random access file: /db_working_home/000091.sst direct: 1
2026/04/19-17:57:55.004153 1491 [DEBUG] GetFileSize: /db_working_home/000091.sst 
2026/04/19-17:57:55.005008 1491 [DEBUG] Syncing metadata for: /db_working_home/MANIFEST-000005
2026/04/19-17:57:55.012266 1491 [DEBUG] New writable file: /db_working_home/000100.sst direct: 1
2026/04/19-17:57:55.015266 1491 Entering Apply Finish Threshold Function
2026/04/19-17:57:55.490601 1490 Zone Garbage Stats: [103 8 1 0 0 0 1 3 1 2 1 0 ]
2026/04/19-17:57:55.490615 1490 Total Garbage Bytes: 184587809 bytes
2026/04/19-17:57:56.118050 1492 [DEBUG] Allocating zone(new=1) start: 0xa0000000 wp: 0xa0000000 lt: 3 file lt: 3
2026/04/19-17:57:56.118064 1492 [Zonestats:time(s),used_cap(MB),reclaimable_cap(MB), avg_reclaimable(%), active(#), active_zones(#), open_zones(#)] 68 678 2137 75 11 12 5
2026/04/19-17:57:56.118073 1492 [DEBUG] Syncing metadata for: /db_working_home/000098.sst
2026/04/19-17:57:56.266201 1492 [DEBUG] Syncing metadata for: /db_working_home/000098.sst
2026/04/19-17:57:56.266774 1492 [DEBUG] Syncing metadata for: /db_working_home/000098.sst
2026/04/19-17:57:56.267755 1492 [DEBUG] New random access file: /db_working_home/000098.sst direct: 1
2026/04/19-17:57:56.267931 1492 [DEBUG] GetFileSize: /db_working_home/000098.sst 
2026/04/19-17:57:56.270085 1492 [DEBUG] Syncing metadata for: /db_working_home/MANIFEST-000005
2026/04/19-17:57:56.270722 1492 [DEBUG] GetFileSize: /db_working_home/000098.sst 
2026/04/19-17:57:56.276111 1492 [DEBUG] Syncing metadata for: /db_working_home/000095.log
2026/04/19-17:57:56.277096 1492 [DEBUG] DeleteFile: ./db_working_home/000074.sst 
2026/04/19-17:57:56.277956 1492 [Zonestats:time(s),used_cap(MB),reclaimable_cap(MB), avg_reclaimable(%), active(#), active_zones(#), open_zones(#)] 68 678 2137 75 12 12 3
2026/04/19-17:57:56.277999 1492 [DEBUG] DeleteFile: ./db_working_home/000077.sst 
2026/04/19-17:57:56.278643 1492 [Zonestats:time(s),used_cap(MB),reclaimable_cap(MB), avg_reclaimable(%), active(#), active_zones(#), open_zones(#)] 68 663 2024 75 11 11 3
2026/04/19-17:57:56.278680 1492 [DEBUG] DeleteFile: ./db_working_home/000079.sst 
2026/04/19-17:57:56.279559 1492 [Zonestats:time(s),used_cap(MB),reclaimable_cap(MB), avg_reclaimable(%), active(#), active_zones(#), open_zones(#)] 68 648 1911 74 11 11 3
2026/04/19-17:57:56.279593 1492 [DEBUG] DeleteFile: ./db_working_home/000081.sst 
2026/04/19-17:57:56.280454 1492 [Zonestats:time(s),used_cap(MB),reclaimable_cap(MB), avg_reclaimable(%), active(#), active_zones(#), open_zones(#)] 68 632 1799 73 10 10 3
2026/04/19-17:57:56.280487 1492 [DEBUG] DeleteFile: ./db_working_home/000085.sst 
2026/04/19-17:57:56.281365 1492 [Zonestats:time(s),used_cap(MB),reclaimable_cap(MB), avg_reclaimable(%), active(#), active_zones(#), open_zones(#)] 68 617 1686 73 10 10 3
2026/04/19-17:57:56.281397 1492 [DEBUG] DeleteFile: ./db_working_home/000095.log 
2026/04/19-17:57:56.282157 1492 [Zonestats:time(s),used_cap(MB),reclaimable_cap(MB), avg_reclaimable(%), active(#), active_zones(#), open_zones(#)] 68 601 1702 73 10 10 3
2026/04/19-17:57:56.282322 1492 [DEBUG] New writable file: /db_working_home/000101.sst direct: 1
2026/04/19-17:57:56.285070 1492 Entering Apply Finish Threshold Function
2026/04/19-17:57:56.285081 1492 Finishing zone: Entering Finish()
2026/04/19-17:57:56.289533 1488 [DEBUG] Allocating zone(new=0) start: 0xa0000000 wp: 0xa0f72200 lt: 3 file lt: 2
2026/04/19-17:57:56.289541 1488 [DEBUG] Syncing metadata for: /db_working_home/000099.log
2026/04/19-17:57:56.490808 1490 Zone Garbage Stats: [107 6 1 0 0 0 1 3 1 0 1 0 ]
2026/04/19-17:57:56.490823 1490 Total Garbage Bytes: 119285418 bytes
2026/04/19-17:57:56.497817 1488 [DEBUG] New writable file: /db_working_home/000102.log direct: 0
2026/04/19-17:57:56.564181 1491 [DEBUG] Allocating zone(new=1) start: 0x38000000 wp: 0x38000000 lt: 5 file lt: 5
2026/04/19-17:57:56.564195 1491 [Zonestats:time(s),used_cap(MB),reclaimable_cap(MB), avg_reclaimable(%), active(#), active_zones(#), open_zones(#)] 68 616 1687 73 9 10 4
2026/04/19-17:57:56.564205 1491 [DEBUG] Syncing metadata for: /db_working_home/000100.sst
2026/04/19-17:57:57.269055 1491 [DEBUG] Syncing metadata for: /db_working_home/000100.sst
2026/04/19-17:57:57.269838 1491 [DEBUG] Syncing metadata for: /db_working_home/000100.sst
2026/04/19-17:57:57.270900 1491 [DEBUG] GetFileSize: /db_working_home/000100.sst 
2026/04/19-17:57:57.272443 1491 [DEBUG] New random access file: /db_working_home/000100.sst direct: 1
2026/04/19-17:57:57.272831 1491 [DEBUG] GetFileSize: /db_working_home/000100.sst 
2026/04/19-17:57:57.273736 1491 [DEBUG] Syncing metadata for: /db_working_home/MANIFEST-000005
2026/04/19-17:57:57.293160 1491 [DEBUG] New writable file: /db_working_home/000103.sst direct: 1
2026/04/19-17:57:57.296313 1491 Entering Apply Finish Threshold Function
2026/04/19-17:57:57.296323 1491 Finishing zone: Entering Finish()
2026/04/19-17:57:57.491011 1490 Zone Garbage Stats: [106 6 1 0 0 0 1 3 2 0 1 0 ]
2026/04/19-17:57:57.491025 1490 Total Garbage Bytes: 119285729 bytes
2026/04/19-17:57:57.978234 1492 [DEBUG] Allocating zone(new=1) start: 0x58000000 wp: 0x58000000 lt: 3 file lt: 3
2026/04/19-17:57:57.978249 1492 [Zonestats:time(s),used_cap(MB),reclaimable_cap(MB), avg_reclaimable(%), active(#), active_zones(#), open_zones(#)] 69 682 1749 71 9 10 4
2026/04/19-17:57:57.978258 1492 [DEBUG] Syncing metadata for: /db_working_home/000101.sst
2026/04/19-17:57:58.123396 1492 [DEBUG] Syncing metadata for: /db_working_home/000101.sst
2026/04/19-17:57:58.123971 1492 [DEBUG] Syncing metadata for: /db_working_home/000101.sst
2026/04/19-17:57:58.124954 1492 [DEBUG] New random access file: /db_working_home/000101.sst direct: 1
2026/04/19-17:57:58.125413 1492 [DEBUG] GetFileSize: /db_working_home/000101.sst 
2026/04/19-17:57:58.127865 1492 [DEBUG] Syncing metadata for: /db_working_home/MANIFEST-000005
2026/04/19-17:57:58.128528 1492 [DEBUG] GetFileSize: /db_working_home/000101.sst 
2026/04/19-17:57:58.133398 1492 [DEBUG] Syncing metadata for: /db_working_home/000097.log
2026/04/19-17:57:58.134115 1492 [DEBUG] DeleteFile: ./db_working_home/000051.sst 
2026/04/19-17:57:58.134981 1492 [Zonestats:time(s),used_cap(MB),reclaimable_cap(MB), avg_reclaimable(%), active(#), active_zones(#), open_zones(#)] 70 672 1759 72 10 10 2
2026/04/19-17:57:58.135025 1492 [DEBUG] DeleteFile: ./db_working_home/000084.sst 
2026/04/19-17:57:58.135860 1492 [Zonestats:time(s),used_cap(MB),reclaimable_cap(MB), avg_reclaimable(%), active(#), active_zones(#), open_zones(#)] 70 632 1671 72 10 10 2
2026/04/19-17:57:58.135895 1492 [DEBUG] DeleteFile: ./db_working_home/000097.log 
2026/04/19-17:57:58.136673 1492 [Zonestats:time(s),used_cap(MB),reclaimable_cap(MB), avg_reclaimable(%), active(#), active_zones(#), open_zones(#)] 70 617 1686 73 10 10 2
2026/04/19-17:57:58.136817 1492 [DEBUG] New writable file: /db_working_home/000104.sst direct: 1
2026/04/19-17:57:58.139615 1492 Entering Apply Finish Threshold Function
2026/04/19-17:57:58.139640 1492 [DEBUG] Allocating zone(new=1) start: 0x50000000 wp: 0x50000000 lt: 3 file lt: 3
2026/04/19-17:57:58.139646 1492 [Zonestats:time(s),used_cap(MB),reclaimable_cap(MB), avg_reclaimable(%), active(#), active_zones(#), open_zones(#)] 70 617 1686 73 10 11 3
2026/04/19-17:57:58.139652 1492 [DEBUG] Syncing metadata for: /db_working_home/000104.sst
2026/04/19-17:57:58.143178 1488 [DEBUG] Allocating zone(new=0) start: 0x88000000 wp: 0x89f0de00 lt: 3 file lt: 2
2026/04/19-17:57:58.143189 1488 [DEBUG] Syncing metadata for: /db_working_home/000102.log
2026/04/19-17:57:58.376765 1488 [DEBUG] New writable file: /db_working_home/000105.log direct: 0
2026/04/19-17:57:58.377708 1492 [DEBUG] Syncing metadata for: /db_working_home/000104.sst
2026/04/19-17:57:58.379419 1492 [DEBUG] Syncing metadata for: /db_working_home/000104.sst
2026/04/19-17:57:58.380400 1492 [DEBUG] New random access file: /db_working_home/000104.sst direct: 1
2026/04/19-17:57:58.380864 1492 [DEBUG] GetFileSize: /db_working_home/000104.sst 
2026/04/19-17:57:58.383306 1492 [DEBUG] Syncing metadata for: /db_working_home/MANIFEST-000005
2026/04/19-17:57:58.383946 1492 [DEBUG] GetFileSize: /db_working_home/000104.sst 
2026/04/19-17:57:58.389364 1492 [DEBUG] Syncing metadata for: /db_working_home/000099.log
2026/04/19-17:57:58.390052 1492 [DEBUG] DeleteFile: ./db_working_home/000099.log 
2026/04/19-17:57:58.390843 1492 [Zonestats:time(s),used_cap(MB),reclaimable_cap(MB), avg_reclaimable(%), active(#), active_zones(#), open_zones(#)] 70 632 1799 73 11 11 2
2026/04/19-17:57:58.391008 1492 [DEBUG] New writable file: /db_working_home/000106.sst direct: 1
2026/04/19-17:57:58.393579 1492 Entering Apply Finish Threshold Function
2026/04/19-17:57:58.393604 1492 [DEBUG] Allocating zone(new=1) start: 0x68000000 wp: 0x68000000 lt: 3 file lt: 3
2026/04/19-17:57:58.393611 1492 [Zonestats:time(s),used_cap(MB),reclaimable_cap(MB), avg_reclaimable(%), active(#), active_zones(#), open_zones(#)] 70 632 1799 73 11 12 3
2026/04/19-17:57:58.393617 1492 [DEBUG] Syncing metadata for: /db_working_home/000106.sst
2026/04/19-17:57:58.398136 1488 [DEBUG] Allocating zone(new=0) start: 0xa0000000 wp: 0xa1f0f200 lt: 3 file lt: 2
2026/04/19-17:57:58.398143 1488 [DEBUG] Syncing metadata for: /db_working_home/000105.log
2026/04/19-17:57:58.491211 1490 Zone Garbage Stats: [105 8 1 0 0 0 1 2 1 1 1 0 ]
2026/04/19-17:57:58.491306 1490 Total Garbage Bytes: 135829603 bytes
2026/04/19-17:57:58.630395 1488 [DEBUG] New writable file: /db_working_home/000107.log direct: 0
2026/04/19-17:57:58.631811 1492 [DEBUG] Syncing metadata for: /db_working_home/000106.sst
2026/04/19-17:57:58.633522 1492 [DEBUG] Syncing metadata for: /db_working_home/000106.sst
2026/04/19-17:57:58.634501 1492 [DEBUG] New random access file: /db_working_home/000106.sst direct: 1
2026/04/19-17:57:58.634680 1492 [DEBUG] GetFileSize: /db_working_home/000106.sst 
2026/04/19-17:57:58.636819 1492 [DEBUG] Syncing metadata for: /db_working_home/MANIFEST-000005
2026/04/19-17:57:58.637459 1492 [DEBUG] GetFileSize: /db_working_home/000106.sst 
2026/04/19-17:57:58.642402 1492 [DEBUG] Syncing metadata for: /db_working_home/000102.log
2026/04/19-17:57:58.643321 1492 [DEBUG] DeleteFile: ./db_working_home/000102.log 
2026/04/19-17:57:58.644122 1492 [Zonestats:time(s),used_cap(MB),reclaimable_cap(MB), avg_reclaimable(%), active(#), active_zones(#), open_zones(#)] 70 647 1912 74 12 12 2
2026/04/19-17:57:58.644268 1492 [DEBUG] New writable file: /db_working_home/000108.sst direct: 1
2026/04/19-17:57:58.646884 1492 Entering Apply Finish Threshold Function
2026/04/19-17:57:58.646894 1492 Finishing zone: Entering Finish()
2026/04/19-17:57:58.650464 1488 [DEBUG] Allocating zone(new=0) start: 0x78000000 wp: 0x78f70200 lt: 3 file lt: 2
2026/04/19-17:57:58.650476 1488 [DEBUG] Syncing metadata for: /db_working_home/000107.log
2026/04/19-17:57:58.760119 1491 [DEBUG] Allocating zone(new=1) start: 0x80000000 wp: 0x80000000 lt: 3 file lt: 3
2026/04/19-17:57:58.760135 1491 [Zonestats:time(s),used_cap(MB),reclaimable_cap(MB), avg_reclaimable(%), active(#), active_zones(#), open_zones(#)] 70 655 1904 74 11 12 4
2026/04/19-17:57:58.760144 1491 [DEBUG] Syncing metadata for: /db_working_home/000103.sst
2026/04/19-17:57:58.932374 1488 [DEBUG] New writable file: /db_working_home/000109.log direct: 0
2026/04/19-17:57:59.491509 1490 Zone Garbage Stats: [104 8 1 0 0 1 1 2 1 1 1 0 ]
2026/04/19-17:57:59.491526 1490 Total Garbage Bytes: 135829518 bytes
2026/04/19-17:57:59.752676 1491 [DEBUG] Syncing metadata for: /db_working_home/000103.sst
2026/04/19-17:57:59.753251 1491 [DEBUG] Syncing metadata for: /db_working_home/000103.sst
2026/04/19-17:57:59.754310 1491 [DEBUG] GetFileSize: /db_working_home/000103.sst 
2026/04/19-17:57:59.754345 1491 [DEBUG] New writable file: /db_working_home/000110.sst direct: 1
2026/04/19-17:57:59.760506 1491 Entering Apply Finish Threshold Function
2026/04/19-17:57:59.760518 1491 Finishing zone: Entering Finish()
2026/04/19-17:58:00.371536 1491 [DEBUG] Allocating zone(new=1) start: 0xa8000000 wp: 0xa8000000 lt: 3 file lt: 3
2026/04/19-17:58:00.371551 1491 [Zonestats:time(s),used_cap(MB),reclaimable_cap(MB), avg_reclaimable(%), active(#), active_zones(#), open_zones(#)] 72 748 1939 72 11 12 4
2026/04/19-17:58:00.371560 1491 [DEBUG] Syncing metadata for: /db_working_home/000110.sst
2026/04/19-17:58:00.491717 1490 Zone Garbage Stats: [103 8 1 0 1 1 1 2 1 1 1 0 ]
2026/04/19-17:58:00.491733 1490 Total Garbage Bytes: 135829989 bytes
2026/04/19-17:58:00.539003 1492 [DEBUG] Allocating zone(new=1) start: 0xb8000000 wp: 0xb8000000 lt: 3 file lt: 3
2026/04/19-17:58:00.539018 1492 [Zonestats:time(s),used_cap(MB),reclaimable_cap(MB), avg_reclaimable(%), active(#), active_zones(#), open_zones(#)] 72 748 1939 72 11 12 5
2026/04/19-17:58:00.539028 1492 [DEBUG] Syncing metadata for: /db_working_home/000108.sst
2026/04/19-17:58:00.740322 1492 [DEBUG] Syncing metadata for: /db_working_home/000108.sst
2026/04/19-17:58:00.747433 1492 [DEBUG] Syncing metadata for: /db_working_home/000108.sst
2026/04/19-17:58:00.748105 1492 [DEBUG] New random access file: /db_working_home/000108.sst direct: 1
2026/04/19-17:58:00.748289 1492 [DEBUG] GetFileSize: /db_working_home/000108.sst 
2026/04/19-17:58:00.757278 1492 [DEBUG] Syncing metadata for: /db_working_home/MANIFEST-000005
2026/04/19-17:58:00.757992 1492 [DEBUG] GetFileSize: /db_working_home/000108.sst 
2026/04/19-17:58:00.762745 1492 [DEBUG] Syncing metadata for: /db_working_home/000105.log
2026/04/19-17:58:00.770510 1492 [DEBUG] DeleteFile: ./db_working_home/000105.log 
2026/04/19-17:58:00.771091 1492 [Zonestats:time(s),used_cap(MB),reclaimable_cap(MB), avg_reclaimable(%), active(#), active_zones(#), open_zones(#)] 72 748 2067 73 12 12 3
2026/04/19-17:58:00.771244 1492 [DEBUG] New writable file: /db_working_home/000111.sst direct: 1
2026/04/19-17:58:00.773893 1492 Entering Apply Finish Threshold Function
2026/04/19-17:58:00.773903 1492 Finishing zone: Entering Finish()
2026/04/19-17:58:00.777622 1488 [DEBUG] Allocating zone(new=0) start: 0xb8000000 wp: 0xb8f70e00 lt: 3 file lt: 2
2026/04/19-17:58:00.777633 1488 [DEBUG] Syncing metadata for: /db_working_home/000109.log
2026/04/19-17:58:00.983956 1491 [DEBUG] Syncing metadata for: /db_working_home/000110.sst
2026/04/19-17:58:00.988017 1491 [DEBUG] Syncing metadata for: /db_working_home/000110.sst
2026/04/19-17:58:00.988752 1491 [DEBUG] GetFileSize: /db_working_home/000110.sst 
2026/04/19-17:58:00.988788 1491 [DEBUG] New writable file: /db_working_home/000112.sst direct: 1
2026/04/19-17:58:00.995678 1491 Entering Apply Finish Threshold Function
2026/04/19-17:58:00.995690 1491 Finishing zone: Entering Finish()
2026/04/19-17:58:01.064884 1488 [DEBUG] New writable file: /db_working_home/000113.log direct: 0
2026/04/19-17:58:01.491917 1490 Zone Garbage Stats: [102 8 1 0 1 1 1 2 1 2 1 0 ]
2026/04/19-17:58:01.491929 1490 Total Garbage Bytes: 168570511 bytes
2026/04/19-17:58:02.159844 1492 [DEBUG] Allocating zone(new=1) start: 0xd0000000 wp: 0xd0000000 lt: 3 file lt: 3
2026/04/19-17:58:02.159858 1492 [Zonestats:time(s),used_cap(MB),reclaimable_cap(MB), avg_reclaimable(%), active(#), active_zones(#), open_zones(#)] 74 806 2137 72 11 12 4
2026/04/19-17:58:02.159867 1492 [DEBUG] Syncing metadata for: /db_working_home/000111.sst
2026/04/19-17:58:02.301563 1492 [DEBUG] Syncing metadata for: /db_working_home/000111.sst
2026/04/19-17:58:02.302139 1492 [DEBUG] Syncing metadata for: /db_working_home/000111.sst
2026/04/19-17:58:02.303123 1492 [DEBUG] New random access file: /db_working_home/000111.sst direct: 1
2026/04/19-17:58:02.303304 1492 [DEBUG] GetFileSize: /db_working_home/000111.sst 
2026/04/19-17:58:02.305946 1492 [DEBUG] Syncing metadata for: /db_working_home/MANIFEST-000005
2026/04/19-17:58:02.306606 1492 [DEBUG] GetFileSize: /db_working_home/000111.sst 
2026/04/19-17:58:02.311538 1492 [DEBUG] Syncing metadata for: /db_working_home/000107.log
2026/04/19-17:58:02.312450 1492 [DEBUG] DeleteFile: ./db_working_home/000107.log 
2026/04/19-17:58:02.313032 1492 [Zonestats:time(s),used_cap(MB),reclaimable_cap(MB), avg_reclaimable(%), active(#), active_zones(#), open_zones(#)] 74 807 2264 73 12 12 2
2026/04/19-17:58:02.313201 1492 [DEBUG] New writable file: /db_working_home/000114.sst direct: 1
2026/04/19-17:58:02.315920 1492 Entering Apply Finish Threshold Function
2026/04/19-17:58:02.315945 1492 [DEBUG] Allocator: avoided a finish by relaxing lifetime diff requirement
2026/04/19-17:58:02.315948 1492 [DEBUG] Allocating zone(new=0) start: 0xd0000000 wp: 0xd0f70e00 lt: 3 file lt: 3
2026/04/19-17:58:02.315955 1492 [Zonestats:time(s),used_cap(MB),reclaimable_cap(MB), avg_reclaimable(%), active(#), active_zones(#), open_zones(#)] 74 807 2264 73 12 12 3
2026/04/19-17:58:02.315960 1492 [DEBUG] Syncing metadata for: /db_working_home/000114.sst
2026/04/19-17:58:02.319526 1488 [DEBUG] Allocating zone(new=0) start: 0x78000000 wp: 0x79f0c600 lt: 3 file lt: 2
2026/04/19-17:58:02.319537 1488 [DEBUG] Syncing metadata for: /db_working_home/000113.log
2026/04/19-17:58:02.492123 1490 Zone Garbage Stats: [101 8 1 0 1 1 1 2 1 3 1 0 ]
2026/04/19-17:58:02.492139 1490 Total Garbage Bytes: 201311018 bytes
2026/04/19-17:58:02.551060 1492 [DEBUG] Syncing metadata for: /db_working_home/000114.sst
2026/04/19-17:58:02.551698 1492 [DEBUG] Syncing metadata for: /db_working_home/000114.sst
2026/04/19-17:58:02.551959 1488 [DEBUG] New writable file: /db_working_home/000115.log direct: 0
2026/04/19-17:58:02.552248 1491 [DEBUG] Allocating zone(new=1) start: 0xd8000000 wp: 0xd8000000 lt: 3 file lt: 3
2026/04/19-17:58:02.552263 1491 [Zonestats:time(s),used_cap(MB),reclaimable_cap(MB), avg_reclaimable(%), active(#), active_zones(#), open_zones(#)] 74 837 2234 72 11 12 5
2026/04/19-17:58:02.552273 1491 [DEBUG] Syncing metadata for: /db_working_home/000112.sst
2026/04/19-17:58:02.553832 1492 [DEBUG] New random access file: /db_working_home/000114.sst direct: 1
2026/04/19-17:58:02.561332 1492 [DEBUG] GetFileSize: /db_working_home/000114.sst 
2026/04/19-17:58:02.563390 1492 [DEBUG] Syncing metadata for: /db_working_home/MANIFEST-000005
2026/04/19-17:58:02.571229 1492 [DEBUG] GetFileSize: /db_working_home/000114.sst 
2026/04/19-17:58:02.583187 1492 [DEBUG] Syncing metadata for: /db_working_home/000109.log
2026/04/19-17:58:02.583872 1492 [DEBUG] DeleteFile: ./db_working_home/000109.log 
2026/04/19-17:58:02.584450 1492 [Zonestats:time(s),used_cap(MB),reclaimable_cap(MB), avg_reclaimable(%), active(#), active_zones(#), open_zones(#)] 74 822 2249 73 12 12 3
2026/04/19-17:58:02.584653 1492 [DEBUG] New writable file: /db_working_home/000116.sst direct: 1
2026/04/19-17:58:02.589275 1492 Entering Apply Finish Threshold Function
2026/04/19-17:58:02.589302 1492 [DEBUG] Allocator: avoided a finish by relaxing lifetime diff requirement
2026/04/19-17:58:02.589305 1492 [DEBUG] Allocating zone(new=0) start: 0xd0000000 wp: 0xd1ee1800 lt: 3 file lt: 3
2026/04/19-17:58:02.589313 1492 [Zonestats:time(s),used_cap(MB),reclaimable_cap(MB), avg_reclaimable(%), active(#), active_zones(#), open_zones(#)] 74 822 2249 73 12 12 4
2026/04/19-17:58:02.589319 1492 [DEBUG] Syncing metadata for: /db_working_home/000116.sst
2026/04/19-17:58:02.591073 1488 [DEBUG] Allocating zone(new=0) start: 0xb8000000 wp: 0xb9f0cc00 lt: 3 file lt: 2
2026/04/19-17:58:02.591084 1488 [DEBUG] Syncing metadata for: /db_working_home/000115.log
2026/04/19-17:58:02.907976 1488 [DEBUG] New writable file: /db_working_home/000117.log direct: 0
2026/04/19-17:58:02.908331 1492 [DEBUG] Syncing metadata for: /db_working_home/000116.sst
2026/04/19-17:58:02.916639 1492 [DEBUG] Syncing metadata for: /db_working_home/000116.sst
2026/04/19-17:58:02.917274 1492 [DEBUG] New random access file: /db_working_home/000116.sst direct: 1
2026/04/19-17:58:02.917453 1492 [DEBUG] GetFileSize: /db_working_home/000116.sst 
2026/04/19-17:58:02.925329 1492 [DEBUG] Syncing metadata for: /db_working_home/MANIFEST-000005
2026/04/19-17:58:02.926038 1492 [DEBUG] GetFileSize: /db_working_home/000116.sst 
2026/04/19-17:58:02.930792 1492 [DEBUG] Syncing metadata for: /db_working_home/000113.log
2026/04/19-17:58:02.938576 1492 [DEBUG] DeleteFile: ./db_working_home/000113.log 
2026/04/19-17:58:02.939662 1492 [Zonestats:time(s),used_cap(MB),reclaimable_cap(MB), avg_reclaimable(%), active(#), active_zones(#), open_zones(#)] 74 837 2234 72 12 12 3
2026/04/19-17:58:02.939824 1492 [DEBUG] New writable file: /db_working_home/000118.sst direct: 1
2026/04/19-17:58:02.942349 1492 Entering Apply Finish Threshold Function
2026/04/19-17:58:02.942359 1492 Finishing zone: Entering Finish()
2026/04/19-17:58:02.946103 1488 [DEBUG] Allocating zone(new=0) start: 0xd0000000 wp: 0xd2e52a00 lt: 3 file lt: 2
2026/04/19-17:58:02.946115 1488 [DEBUG] Syncing metadata for: /db_working_home/000117.log
2026/04/19-17:58:03.031164 1491 [DEBUG] Syncing metadata for: /db_working_home/000112.sst
2026/04/19-17:58:03.031741 1491 [DEBUG] Syncing metadata for: /db_working_home/000112.sst
2026/04/19-17:58:03.032797 1491 [DEBUG] GetFileSize: /db_working_home/000112.sst 
2026/04/19-17:58:03.034251 1491 [DEBUG] New random access file: /db_working_home/000103.sst direct: 1
2026/04/19-17:58:03.034760 1491 [DEBUG] GetFileSize: /db_working_home/000103.sst 
2026/04/19-17:58:03.034964 1491 [DEBUG] New random access file: /db_working_home/000110.sst direct: 1
2026/04/19-17:58:03.035341 1491 [DEBUG] GetFileSize: /db_working_home/000110.sst 
2026/04/19-17:58:03.035493 1491 [DEBUG] New random access file: /db_working_home/000112.sst direct: 1
2026/04/19-17:58:03.035928 1491 [DEBUG] GetFileSize: /db_working_home/000112.sst 
2026/04/19-17:58:03.036849 1491 [DEBUG] Syncing metadata for: /db_working_home/MANIFEST-000005
2026/04/19-17:58:03.076028 1491 [DEBUG] New writable file: /db_working_home/000119.sst direct: 1
2026/04/19-17:58:03.079212 1491 Entering Apply Finish Threshold Function
2026/04/19-17:58:03.079238 1491 [DEBUG] Allocator: avoided a finish by relaxing lifetime diff requirement
2026/04/19-17:58:03.079241 1491 [DEBUG] Allocating zone(new=0) start: 0xd8000000 wp: 0xd9a16400 lt: 3 file lt: 3
2026/04/19-17:58:03.079248 1491 [Zonestats:time(s),used_cap(MB),reclaimable_cap(MB), avg_reclaimable(%), active(#), active_zones(#), open_zones(#)] 75 869 2330 72 12 12 4
2026/04/19-17:58:03.079255 1491 [DEBUG] Syncing metadata for: /db_working_home/000119.sst
2026/04/19-17:58:03.386113 1488 [DEBUG] New writable file: /db_working_home/000120.log direct: 0
2026/04/19-17:58:03.492254 1490 Zone Garbage Stats: [100 8 1 0 1 1 1 3 1 3 1 0 ]
2026/04/19-17:58:03.492351 1490 Total Garbage Bytes: 201311399 bytes
2026/04/19-17:58:04.231677 1491 Entering Apply Finish Threshold Function
2026/04/19-17:58:04.231711 1491 [DEBUG] Allocating zone(new=1) start: 0xe0000000 wp: 0xe0000000 lt: 3 file lt: 3
2026/04/19-17:58:04.231719 1491 [Zonestats:time(s),used_cap(MB),reclaimable_cap(MB), avg_reclaimable(%), active(#), active_zones(#), open_zones(#)] 76 980 2219 69 11 12 4
2026/04/19-17:58:04.231726 1491 [DEBUG] Syncing metadata for: /db_working_home/000119.sst
2026/04/19-17:58:04.492548 1490 Zone Garbage Stats: [99 9 1 0 1 1 1 3 1 3 1 0 ]
2026/04/19-17:58:04.492564 1490 Total Garbage Bytes: 201311702 bytes
2026/04/19-17:58:04.530261 1491 [DEBUG] Syncing metadata for: /db_working_home/000119.sst
2026/04/19-17:58:04.530835 1491 [DEBUG] Syncing metadata for: /db_working_home/000119.sst
2026/04/19-17:58:04.531890 1491 [DEBUG] GetFileSize: /db_working_home/000119.sst 
2026/04/19-17:58:04.531925 1491 [DEBUG] New writable file: /db_working_home/000121.sst direct: 1
2026/04/19-17:58:04.535056 1491 Entering Apply Finish Threshold Function
2026/04/19-17:58:04.535076 1491 [DEBUG] Allocator: avoided a finish by relaxing lifetime diff requirement
2026/04/19-17:58:04.535079 1491 [DEBUG] Allocating zone(new=0) start: 0xe0000000 wp: 0xe1a57000 lt: 3 file lt: 3
2026/04/19-17:58:04.535085 1491 [Zonestats:time(s),used_cap(MB),reclaimable_cap(MB), avg_reclaimable(%), active(#), active_zones(#), open_zones(#)] 76 1007 2320 69 12 12 4
2026/04/19-17:58:04.535090 1491 [DEBUG] Syncing metadata for: /db_working_home/000121.sst
2026/04/19-17:58:05.492786 1490 Zone Garbage Stats: [99 9 1 0 1 1 1 3 1 3 1 0 ]
2026/04/19-17:58:05.492807 1490 Total Garbage Bytes: 201311702 bytes
2026/04/19-17:58:05.535880 1491 [DEBUG] Syncing metadata for: /db_working_home/000121.sst
2026/04/19-17:58:05.536663 1491 [DEBUG] Syncing metadata for: /db_working_home/000121.sst
2026/04/19-17:58:05.537746 1491 [DEBUG] GetFileSize: /db_working_home/000121.sst 
2026/04/19-17:58:05.537806 1491 [DEBUG] New writable file: /db_working_home/000122.sst direct: 1
2026/04/19-17:58:05.541008 1491 Entering Apply Finish Threshold Function
2026/04/19-17:58:05.541020 1491 Finishing zone: Entering Finish()
2026/04/19-17:58:05.600081 1492 [DEBUG] Allocating zone(new=1) start: 0xe8000000 wp: 0xe8000000 lt: 3 file lt: 3
2026/04/19-17:58:05.600096 1492 [Zonestats:time(s),used_cap(MB),reclaimable_cap(MB), avg_reclaimable(%), active(#), active_zones(#), open_zones(#)] 77 1096 2231 67 11 12 4
2026/04/19-17:58:05.600105 1492 [DEBUG] Syncing metadata for: /db_working_home/000118.sst
2026/04/19-17:58:05.744205 1492 [DEBUG] Syncing metadata for: /db_working_home/000118.sst
2026/04/19-17:58:05.744782 1492 [DEBUG] Syncing metadata for: /db_working_home/000118.sst
2026/04/19-17:58:05.745768 1492 [DEBUG] New random access file: /db_working_home/000118.sst direct: 1
2026/04/19-17:58:05.745952 1492 [DEBUG] GetFileSize: /db_working_home/000118.sst 
2026/04/19-17:58:05.748555 1492 [DEBUG] Syncing metadata for: /db_working_home/MANIFEST-000005
2026/04/19-17:58:05.749261 1492 [DEBUG] GetFileSize: /db_working_home/000118.sst 
2026/04/19-17:58:05.754089 1492 [DEBUG] Syncing metadata for: /db_working_home/000115.log
2026/04/19-17:58:05.754880 1492 [DEBUG] DeleteFile: ./db_working_home/000088.sst 
2026/04/19-17:58:05.755701 1492 [Zonestats:time(s),used_cap(MB),reclaimable_cap(MB), avg_reclaimable(%), active(#), active_zones(#), open_zones(#)] 77 1097 2230 67 12 12 2
2026/04/19-17:58:05.755748 1492 [DEBUG] DeleteFile: ./db_working_home/000090.sst 
2026/04/19-17:58:05.756479 1492 [Zonestats:time(s),used_cap(MB),reclaimable_cap(MB), avg_reclaimable(%), active(#), active_zones(#), open_zones(#)] 77 1054 2273 68 12 12 2
2026/04/19-17:58:05.756515 1492 [DEBUG] DeleteFile: ./db_working_home/000091.sst 
2026/04/19-17:58:05.757464 1492 [Zonestats:time(s),used_cap(MB),reclaimable_cap(MB), avg_reclaimable(%), active(#), active_zones(#), open_zones(#)] 77 1020 2179 68 12 12 2
2026/04/19-17:58:05.757498 1492 [DEBUG] DeleteFile: ./db_working_home/000092.sst 
2026/04/19-17:58:05.758353 1492 [Zonestats:time(s),used_cap(MB),reclaimable_cap(MB), avg_reclaimable(%), active(#), active_zones(#), open_zones(#)] 77 1004 2067 67 11 11 2
2026/04/19-17:58:05.758386 1492 [DEBUG] DeleteFile: ./db_working_home/000094.sst 
2026/04/19-17:58:05.759246 1492 [Zonestats:time(s),used_cap(MB),reclaimable_cap(MB), avg_reclaimable(%), active(#), active_zones(#), open_zones(#)] 77 989 1954 66 11 11 2
2026/04/19-17:58:05.759279 1492 [DEBUG] DeleteFile: ./db_working_home/000096.sst 
2026/04/19-17:58:05.760148 1492 [Zonestats:time(s),used_cap(MB),reclaimable_cap(MB), avg_reclaimable(%), active(#), active_zones(#), open_zones(#)] 77 973 1842 65 11 11 2
2026/04/19-17:58:05.760179 1492 [DEBUG] DeleteFile: ./db_working_home/000098.sst 
2026/04/19-17:58:05.761047 1492 [Zonestats:time(s),used_cap(MB),reclaimable_cap(MB), avg_reclaimable(%), active(#), active_zones(#), open_zones(#)] 77 958 1729 64 11 11 2
2026/04/19-17:58:05.761078 1492 [DEBUG] DeleteFile: ./db_working_home/000115.log 
2026/04/19-17:58:05.761632 1492 [Zonestats:time(s),used_cap(MB),reclaimable_cap(MB), avg_reclaimable(%), active(#), active_zones(#), open_zones(#)] 77 942 1745 64 11 11 2
2026/04/19-17:58:05.761828 1492 [DEBUG] New writable file: /db_working_home/000123.sst direct: 1
2026/04/19-17:58:05.764767 1492 Entering Apply Finish Threshold Function
2026/04/19-17:58:05.764778 1492 Finishing zone: Entering Finish()
2026/04/19-17:58:05.768221 1488 [DEBUG] Allocating zone(new=0) start: 0xe8000000 wp: 0xe8f71200 lt: 3 file lt: 2
2026/04/19-17:58:05.768232 1488 [DEBUG] Syncing metadata for: /db_working_home/000120.log
2026/04/19-17:58:05.844745 1491 [DEBUG] Allocating zone(new=1) start: 0x70000000 wp: 0x70000000 lt: 3 file lt: 3
2026/04/19-17:58:05.845051 1491 [Zonestats:time(s),used_cap(MB),reclaimable_cap(MB), avg_reclaimable(%), active(#), active_zones(#), open_zones(#)] 77 948 1739 64 10 11 4
2026/04/19-17:58:05.845061 1491 [DEBUG] Syncing metadata for: /db_working_home/000122.sst
2026/04/19-17:58:05.997576 1488 [DEBUG] New writable file: /db_working_home/000124.log direct: 0
2026/04/19-17:58:06.370115 1491 [DEBUG] Syncing metadata for: /db_working_home/000122.sst
2026/04/19-17:58:06.370902 1491 [DEBUG] Syncing metadata for: /db_working_home/000122.sst
2026/04/19-17:58:06.371960 1491 [DEBUG] GetFileSize: /db_working_home/000122.sst 
2026/04/19-17:58:06.371996 1491 [DEBUG] New writable file: /db_working_home/000125.sst direct: 1
2026/04/19-17:58:06.372931 1491 Entering Apply Finish Threshold Function
2026/04/19-17:58:06.372939 1491 Finishing zone: Entering Finish()
2026/04/19-17:58:06.492999 1490 Zone Garbage Stats: [103 9 1 0 1 1 1 2 0 0 2 0 ]
2026/04/19-17:58:06.493013 1490 Total Garbage Bytes: 147920343 bytes
2026/04/19-17:58:07.311961 1492 [DEBUG] Allocating zone(new=1) start: 0x78000000 wp: 0x78000000 lt: 3 file lt: 3
2026/04/19-17:58:07.311976 1492 [Zonestats:time(s),used_cap(MB),reclaimable_cap(MB), avg_reclaimable(%), active(#), active_zones(#), open_zones(#)] 79 1002 1813 64 10 11 4
2026/04/19-17:58:07.311985 1492 [DEBUG] Syncing metadata for: /db_working_home/000123.sst
2026/04/19-17:58:07.456990 1492 [DEBUG] Syncing metadata for: /db_working_home/000123.sst
2026/04/19-17:58:07.457569 1492 [DEBUG] Syncing metadata for: /db_working_home/000123.sst
2026/04/19-17:58:07.458556 1492 [DEBUG] New random access file: /db_working_home/000123.sst direct: 1
2026/04/19-17:58:07.459011 1492 [DEBUG] GetFileSize: /db_working_home/000123.sst 
2026/04/19-17:58:07.461461 1492 [DEBUG] Syncing metadata for: /db_working_home/MANIFEST-000005
2026/04/19-17:58:07.462248 1492 [DEBUG] GetFileSize: /db_working_home/000123.sst 
2026/04/19-17:58:07.467502 1492 [DEBUG] Syncing metadata for: /db_working_home/000117.log
2026/04/19-17:58:07.468409 1492 [DEBUG] DeleteFile: ./db_working_home/000117.log 
2026/04/19-17:58:07.469209 1492 [Zonestats:time(s),used_cap(MB),reclaimable_cap(MB), avg_reclaimable(%), active(#), active_zones(#), open_zones(#)] 79 1002 1941 65 11 11 2
2026/04/19-17:58:07.469363 1492 [DEBUG] New writable file: /db_working_home/000126.sst direct: 1
2026/04/19-17:58:07.472128 1492 Entering Apply Finish Threshold Function
2026/04/19-17:58:07.472139 1492 Finishing zone: Entering Finish()
2026/04/19-17:58:07.476415 1488 [DEBUG] Allocating zone(new=0) start: 0x78000000 wp: 0x78f71a00 lt: 3 file lt: 2
2026/04/19-17:58:07.476436 1488 [DEBUG] Syncing metadata for: /db_working_home/000124.log
2026/04/19-17:58:07.493199 1490 Zone Garbage Stats: [102 9 1 0 1 1 1 2 0 1 2 0 ]
2026/04/19-17:58:07.493212 1490 Total Garbage Bytes: 180657401 bytes
2026/04/19-17:58:07.701024 1488 [DEBUG] New writable file: /db_working_home/000127.log direct: 0
2026/04/19-17:58:07.771943 1491 [DEBUG] Allocating zone(new=1) start: 0x88000000 wp: 0x88000000 lt: 3 file lt: 3
2026/04/19-17:58:07.771958 1491 [Zonestats:time(s),used_cap(MB),reclaimable_cap(MB), avg_reclaimable(%), active(#), active_zones(#), open_zones(#)] 79 1017 1926 65 10 11 4
2026/04/19-17:58:07.771967 1491 [DEBUG] Syncing metadata for: /db_working_home/000125.sst
2026/04/19-17:58:07.776326 1491 [DEBUG] Syncing metadata for: /db_working_home/000125.sst
2026/04/19-17:58:07.777081 1491 [DEBUG] Syncing metadata for: /db_working_home/000125.sst
2026/04/19-17:58:07.778137 1491 [DEBUG] GetFileSize: /db_working_home/000125.sst 
2026/04/19-17:58:07.779549 1491 [DEBUG] New random access file: /db_working_home/000119.sst direct: 1
2026/04/19-17:58:07.780142 1491 [DEBUG] GetFileSize: /db_working_home/000119.sst 
2026/04/19-17:58:07.780343 1491 [DEBUG] New random access file: /db_working_home/000121.sst direct: 1
2026/04/19-17:58:07.780796 1491 [DEBUG] GetFileSize: /db_working_home/000121.sst 
2026/04/19-17:58:07.780940 1491 [DEBUG] New random access file: /db_working_home/000122.sst direct: 1
2026/04/19-17:58:07.781382 1491 [DEBUG] GetFileSize: /db_working_home/000122.sst 
2026/04/19-17:58:07.781522 1491 [DEBUG] New random access file: /db_working_home/000125.sst direct: 1
2026/04/19-17:58:07.781940 1491 [DEBUG] GetFileSize: /db_working_home/000125.sst 
2026/04/19-17:58:07.782868 1491 [DEBUG] Syncing metadata for: /db_working_home/MANIFEST-000005
2026/04/19-17:58:07.784275 1491 [DEBUG] Syncing metadata for: /db_working_home/MANIFEST-000005
2026/04/19-17:58:07.791550 1491 [DEBUG] New writable file: /db_working_home/000128.sst direct: 1
2026/04/19-17:58:07.794666 1491 Entering Apply Finish Threshold Function
2026/04/19-17:58:07.794691 1491 [DEBUG] Allocating zone(new=1) start: 0x90000000 wp: 0x90000000 lt: 4 file lt: 4
2026/04/19-17:58:07.794699 1491 [Zonestats:time(s),used_cap(MB),reclaimable_cap(MB), avg_reclaimable(%), active(#), active_zones(#), open_zones(#)] 79 1017 2054 66 11 12 4
2026/04/19-17:58:07.794705 1491 [DEBUG] Syncing metadata for: /db_working_home/000128.sst
2026/04/19-17:58:08.493332 1490 Zone Garbage Stats: [100 10 1 0 1 1 1 3 0 1 2 0 ]
2026/04/19-17:58:08.493410 1490 Total Garbage Bytes: 180657937 bytes
2026/04/19-17:58:09.171643 1491 Entering Apply Finish Threshold Function
2026/04/19-17:58:09.171676 1491 [DEBUG] Allocating zone(new=1) start: 0xa0000000 wp: 0xa0000000 lt: 4 file lt: 4
2026/04/19-17:58:09.171684 1491 [Zonestats:time(s),used_cap(MB),reclaimable_cap(MB), avg_reclaimable(%), active(#), active_zones(#), open_zones(#)] 81 1145 2054 64 11 12 4
2026/04/19-17:58:09.171691 1491 [DEBUG] Syncing metadata for: /db_working_home/000128.sst
2026/04/19-17:58:09.177306 1491 [DEBUG] Syncing metadata for: /db_working_home/000128.sst
2026/04/19-17:58:09.178050 1491 [DEBUG] Syncing metadata for: /db_working_home/000128.sst
2026/04/19-17:58:09.179111 1491 [DEBUG] GetFileSize: /db_working_home/000128.sst 
2026/04/19-17:58:09.179163 1491 [DEBUG] New writable file: /db_working_home/000129.sst direct: 1
2026/04/19-17:58:09.182310 1491 Entering Apply Finish Threshold Function
2026/04/19-17:58:09.182333 1491 [DEBUG] Allocator: avoided a finish by relaxing lifetime diff requirement
2026/04/19-17:58:09.182337 1491 [DEBUG] Allocating zone(new=0) start: 0xa0000000 wp: 0xa003a400 lt: 4 file lt: 4
2026/04/19-17:58:09.182344 1491 [Zonestats:time(s),used_cap(MB),reclaimable_cap(MB), avg_reclaimable(%), active(#), active_zones(#), open_zones(#)] 81 1146 2181 65 12 12 4
2026/04/19-17:58:09.182350 1491 [DEBUG] Syncing metadata for: /db_working_home/000129.sst
2026/04/19-17:58:09.493556 1490 Zone Garbage Stats: [99 11 1 0 1 1 1 3 0 1 2 0 ]
2026/04/19-17:58:09.493574 1490 Total Garbage Bytes: 180657937 bytes
2026/04/19-17:58:09.548055 1492 [DEBUG] Allocating zone(new=1) start: 0xc8000000 wp: 0xc8000000 lt: 3 file lt: 3
2026/04/19-17:58:09.548072 1492 [Zonestats:time(s),used_cap(MB),reclaimable_cap(MB), avg_reclaimable(%), active(#), active_zones(#), open_zones(#)] 81 1146 2181 65 11 12 5
2026/04/19-17:58:09.548100 1492 [DEBUG] Syncing metadata for: /db_working_home/000126.sst
2026/04/19-17:58:09.756592 1492 [DEBUG] Syncing metadata for: /db_working_home/000126.sst
2026/04/19-17:58:09.763854 1492 [DEBUG] Syncing metadata for: /db_working_home/000126.sst
2026/04/19-17:58:09.764540 1492 [DEBUG] New random access file: /db_working_home/000126.sst direct: 1
2026/04/19-17:58:09.764723 1492 [DEBUG] GetFileSize: /db_working_home/000126.sst 
2026/04/19-17:58:09.768310 1492 [DEBUG] Syncing metadata for: /db_working_home/MANIFEST-000005
2026/04/19-17:58:09.775967 1492 [DEBUG] GetFileSize: /db_working_home/000126.sst 
2026/04/19-17:58:09.780740 1492 [DEBUG] Syncing metadata for: /db_working_home/000120.log
2026/04/19-17:58:09.783728 1492 [DEBUG] DeleteFile: ./db_working_home/000101.sst 
2026/04/19-17:58:09.791175 1492 [Zonestats:time(s),used_cap(MB),reclaimable_cap(MB), avg_reclaimable(%), active(#), active_zones(#), open_zones(#)] 81 1146 2181 65 11 11 3
2026/04/19-17:58:09.791231 1492 [DEBUG] DeleteFile: ./db_working_home/000103.sst 
2026/04/19-17:58:09.791897 1492 [Zonestats:time(s),used_cap(MB),reclaimable_cap(MB), avg_reclaimable(%), active(#), active_zones(#), open_zones(#)] 81 1061 2138 66 11 11 3
2026/04/19-17:58:09.791934 1492 [DEBUG] DeleteFile: ./db_working_home/000104.sst 
2026/04/19-17:58:09.792579 1492 [Zonestats:time(s),used_cap(MB),reclaimable_cap(MB), avg_reclaimable(%), active(#), active_zones(#), open_zones(#)] 81 1045 2026 65 10 10 3
2026/04/19-17:58:09.792612 1492 [DEBUG] DeleteFile: ./db_working_home/000106.sst 
2026/04/19-17:58:09.800510 1492 [Zonestats:time(s),used_cap(MB),reclaimable_cap(MB), avg_reclaimable(%), active(#), active_zones(#), open_zones(#)] 81 1030 1913 65 9 9 3
2026/04/19-17:58:09.800562 1492 [DEBUG] DeleteFile: ./db_working_home/000108.sst 
2026/04/19-17:58:09.801225 1492 [Zonestats:time(s),used_cap(MB),reclaimable_cap(MB), avg_reclaimable(%), active(#), active_zones(#), open_zones(#)] 81 1014 1801 63 9 9 3
2026/04/19-17:58:09.801261 1492 [DEBUG] DeleteFile: ./db_working_home/000110.sst 
2026/04/19-17:58:09.802020 1492 [Zonestats:time(s),used_cap(MB),reclaimable_cap(MB), avg_reclaimable(%), active(#), active_zones(#), open_zones(#)] 81 972 1715 63 9 9 3
2026/04/19-17:58:09.802053 1492 [DEBUG] DeleteFile: ./db_working_home/000111.sst 
2026/04/19-17:58:09.809506 1492 [Zonestats:time(s),used_cap(MB),reclaimable_cap(MB), avg_reclaimable(%), active(#), active_zones(#), open_zones(#)] 81 956 1731 64 9 9 3
2026/04/19-17:58:09.809558 1492 [DEBUG] DeleteFile: ./db_working_home/000112.sst 
2026/04/19-17:58:09.810142 1492 [Zonestats:time(s),used_cap(MB),reclaimable_cap(MB), avg_reclaimable(%), active(#), active_zones(#), open_zones(#)] 81 930 1757 65 9 9 3
2026/04/19-17:58:09.810178 1492 [DEBUG] DeleteFile: ./db_working_home/000114.sst 
2026/04/19-17:58:09.810764 1492 [Zonestats:time(s),used_cap(MB),reclaimable_cap(MB), avg_reclaimable(%), active(#), active_zones(#), open_zones(#)] 81 915 1772 65 9 9 3
2026/04/19-17:58:09.810797 1492 [DEBUG] DeleteFile: ./db_working_home/000116.sst 
2026/04/19-17:58:09.813843 1492 [Zonestats:time(s),used_cap(MB),reclaimable_cap(MB), avg_reclaimable(%), active(#), active_zones(#), open_zones(#)] 81 899 1660 64 9 9 3
2026/04/19-17:58:09.813893 1492 [DEBUG] DeleteFile: ./db_working_home/000120.log 
2026/04/19-17:58:09.821210 1492 [Zonestats:time(s),used_cap(MB),reclaimable_cap(MB), avg_reclaimable(%), active(#), active_zones(#), open_zones(#)] 81 884 1675 65 9 9 3
2026/04/19-17:58:09.821443 1492 [DEBUG] New writable file: /db_working_home/000130.sst direct: 1
2026/04/19-17:58:09.825603 1492 Entering Apply Finish Threshold Function
2026/04/19-17:58:09.825629 1492 [DEBUG] Allocating zone(new=1) start: 0x50000000 wp: 0x50000000 lt: 3 file lt: 3
2026/04/19-17:58:09.825636 1492 [Zonestats:time(s),used_cap(MB),reclaimable_cap(MB), avg_reclaimable(%), active(#), active_zones(#), open_zones(#)] 81 884 1675 65 9 10 4
2026/04/19-17:58:09.825643 1492 [DEBUG] Syncing metadata for: /db_working_home/000130.sst
2026/04/19-17:58:09.829707 1488 [DEBUG] Allocating zone(new=0) start: 0xe8000000 wp: 0xe9f0de00 lt: 3 file lt: 2
2026/04/19-17:58:09.829719 1488 [DEBUG] Syncing metadata for: /db_working_home/000127.log
2026/04/19-17:58:10.068079 1492 [DEBUG] Syncing metadata for: /db_working_home/000130.sst
2026/04/19-17:58:10.068753 1492 [DEBUG] Syncing metadata for: /db_working_home/000130.sst
2026/04/19-17:58:10.071241 1492 [DEBUG] New random access file: /db_working_home/000130.sst direct: 1
2026/04/19-17:58:10.078458 1492 [DEBUG] GetFileSize: /db_working_home/000130.sst 
2026/04/19-17:58:10.082432 1492 [DEBUG] Syncing metadata for: /db_working_home/MANIFEST-000005
2026/04/19-17:58:10.093327 1492 [DEBUG] GetFileSize: /db_working_home/000130.sst 
2026/04/19-17:58:10.107204 1492 [DEBUG] Syncing metadata for: /db_working_home/000124.log
2026/04/19-17:58:10.114980 1492 [DEBUG] DeleteFile: ./db_working_home/000124.log 
2026/04/19-17:58:10.118894 1492 [Zonestats:time(s),used_cap(MB),reclaimable_cap(MB), avg_reclaimable(%), active(#), active_zones(#), open_zones(#)] 82 890 1797 66 10 10 3
2026/04/19-17:58:10.367619 1488 [DEBUG] New writable file: /db_working_home/000131.log direct: 0
2026/04/19-17:58:10.370712 1492 [DEBUG] New writable file: /db_working_home/000132.sst direct: 1
2026/04/19-17:58:10.373437 1492 Entering Apply Finish Threshold Function
2026/04/19-17:58:10.373465 1492 [DEBUG] Allocating zone(new=1) start: 0x58000000 wp: 0x58000000 lt: 3 file lt: 3
2026/04/19-17:58:10.373473 1492 [Zonestats:time(s),used_cap(MB),reclaimable_cap(MB), avg_reclaimable(%), active(#), active_zones(#), open_zones(#)] 82 899 1788 66 10 11 4
2026/04/19-17:58:10.373480 1492 [DEBUG] Syncing metadata for: /db_working_home/000132.sst
2026/04/19-17:58:10.375355 1488 [DEBUG] Allocating zone(new=0) start: 0xc8000000 wp: 0xc8f71600 lt: 3 file lt: 2
2026/04/19-17:58:10.375362 1488 [DEBUG] Syncing metadata for: /db_working_home/000131.log
2026/04/19-17:58:10.493764 1490 Zone Garbage Stats: [103 8 2 1 0 1 1 2 0 0 2 0 ]
2026/04/19-17:58:10.493782 1490 Total Garbage Bytes: 191645275 bytes
2026/04/19-17:58:10.629265 1492 [DEBUG] Syncing metadata for: /db_working_home/000132.sst
2026/04/19-17:58:10.634559 1492 [DEBUG] Syncing metadata for: /db_working_home/000132.sst
2026/04/19-17:58:10.638791 1492 [DEBUG] New random access file: /db_working_home/000132.sst direct: 1
2026/04/19-17:58:10.646036 1492 [DEBUG] GetFileSize: /db_working_home/000132.sst 
2026/04/19-17:58:10.656863 1492 [DEBUG] Syncing metadata for: /db_working_home/MANIFEST-000005
2026/04/19-17:58:10.660875 1492 [DEBUG] GetFileSize: /db_working_home/000132.sst 
2026/04/19-17:58:10.678224 1492 [DEBUG] Syncing metadata for: /db_working_home/000127.log
2026/04/19-17:58:10.689677 1492 [DEBUG] DeleteFile: ./db_working_home/000127.log 
2026/04/19-17:58:10.693599 1492 [Zonestats:time(s),used_cap(MB),reclaimable_cap(MB), avg_reclaimable(%), active(#), active_zones(#), open_zones(#)] 82 909 1906 67 11 11 3
2026/04/19-17:58:10.797431 1488 [DEBUG] New writable file: /db_working_home/000133.log direct: 0
2026/04/19-17:58:10.805299 1492 [DEBUG] New writable file: /db_working_home/000134.sst direct: 1
2026/04/19-17:58:10.807890 1492 Entering Apply Finish Threshold Function
2026/04/19-17:58:10.807903 1492 Finishing zone: Entering Finish()
2026/04/19-17:58:10.811311 1488 [DEBUG] Allocating zone(new=0) start: 0x88000000 wp: 0x88002000 lt: 3 file lt: 2
2026/04/19-17:58:10.811319 1488 [DEBUG] Syncing metadata for: /db_working_home/000133.log
2026/04/19-17:58:11.064120 1488 [DEBUG] New writable file: /db_working_home/000135.log direct: 0
2026/04/19-17:58:11.077366 1491 Entering Apply Finish Threshold Function
2026/04/19-17:58:11.077408 1491 [DEBUG] Allocating zone(new=1) start: 0x68000000 wp: 0x68000000 lt: 4 file lt: 4
2026/04/19-17:58:11.077416 1491 [Zonestats:time(s),used_cap(MB),reclaimable_cap(MB), avg_reclaimable(%), active(#), active_zones(#), open_zones(#)] 83 1057 1758 62 10 11 4
2026/04/19-17:58:11.077423 1491 [DEBUG] Syncing metadata for: /db_working_home/000129.sst
2026/04/19-17:58:11.088572 1491 [DEBUG] Syncing metadata for: /db_working_home/000129.sst
2026/04/19-17:58:11.089384 1491 [DEBUG] Syncing metadata for: /db_working_home/000129.sst
2026/04/19-17:58:11.090455 1491 [DEBUG] GetFileSize: /db_working_home/000129.sst 
2026/04/19-17:58:11.091850 1491 [DEBUG] New random access file: /db_working_home/000128.sst direct: 1
2026/04/19-17:58:11.092472 1491 [DEBUG] GetFileSize: /db_working_home/000128.sst 
2026/04/19-17:58:11.092691 1491 [DEBUG] New random access file: /db_working_home/000129.sst direct: 1
2026/04/19-17:58:11.093157 1491 [DEBUG] GetFileSize: /db_working_home/000129.sst 
2026/04/19-17:58:11.094092 1491 [DEBUG] Syncing metadata for: /db_working_home/MANIFEST-000005
2026/04/19-17:58:11.110914 1491 [DEBUG] New writable file: /db_working_home/000136.sst direct: 1
2026/04/19-17:58:11.115647 1491 Entering Apply Finish Threshold Function
2026/04/19-17:58:11.115674 1491 [DEBUG] Allocating zone(new=0) start: 0x68000000 wp: 0x68075600 lt: 4 file lt: 3
2026/04/19-17:58:11.115682 1491 [Zonestats:time(s),used_cap(MB),reclaimable_cap(MB), avg_reclaimable(%), active(#), active_zones(#), open_zones(#)] 83 1058 1885 64 11 11 4
2026/04/19-17:58:11.115689 1491 [DEBUG] Syncing metadata for: /db_working_home/000136.sst
2026/04/19-17:58:11.493985 1490 Zone Garbage Stats: [102 9 2 1 0 1 1 2 0 0 2 0 ]
2026/04/19-17:58:11.494002 1490 Total Garbage Bytes: 191645113 bytes
2026/04/19-17:58:11.524981 1491 [DEBUG] Syncing metadata for: /db_working_home/000136.sst
2026/04/19-17:58:11.525556 1491 [DEBUG] Syncing metadata for: /db_working_home/000136.sst
2026/04/19-17:58:11.526630 1491 [DEBUG] GetFileSize: /db_working_home/000136.sst 
2026/04/19-17:58:11.526664 1491 [DEBUG] New writable file: /db_working_home/000137.sst direct: 1
2026/04/19-17:58:11.530032 1491 Entering Apply Finish Threshold Function
2026/04/19-17:58:11.530057 1491 [DEBUG] Allocating zone(new=0) start: 0x68000000 wp: 0x6a641e00 lt: 4 file lt: 3
2026/04/19-17:58:11.530064 1491 [Zonestats:time(s),used_cap(MB),reclaimable_cap(MB), avg_reclaimable(%), active(#), active_zones(#), open_zones(#)] 83 1096 1847 62 11 11 4
2026/04/19-17:58:11.530071 1491 [DEBUG] Syncing metadata for: /db_working_home/000137.sst
2026/04/19-17:58:11.959005 1491 [DEBUG] Syncing metadata for: /db_working_home/000137.sst
2026/04/19-17:58:11.959818 1491 [DEBUG] Syncing metadata for: /db_working_home/000137.sst
2026/04/19-17:58:11.960878 1491 [DEBUG] GetFileSize: /db_working_home/000137.sst 
2026/04/19-17:58:11.960914 1491 [DEBUG] New writable file: /db_working_home/000138.sst direct: 1
2026/04/19-17:58:11.961831 1491 Entering Apply Finish Threshold Function
2026/04/19-17:58:11.961838 1491 Finishing zone: Entering Finish()
2026/04/19-17:58:12.494222 1490 Zone Garbage Stats: [102 9 2 1 0 1 1 2 0 0 2 0 ]
2026/04/19-17:58:12.494237 1490 Total Garbage Bytes: 191645113 bytes
2026/04/19-17:58:12.657859 1492 [DEBUG] Allocating zone(new=1) start: 0x80000000 wp: 0x80000000 lt: 3 file lt: 3
2026/04/19-17:58:12.657873 1492 [Zonestats:time(s),used_cap(MB),reclaimable_cap(MB), avg_reclaimable(%), active(#), active_zones(#), open_zones(#)] 84 1135 1808 61 10 11 4
2026/04/19-17:58:12.657883 1492 [DEBUG] Syncing metadata for: /db_working_home/000134.sst
2026/04/19-17:58:12.727562 1491 [DEBUG] Allocating zone(new=1) start: 0xa8000000 wp: 0xa8000000 lt: 3 file lt: 3
2026/04/19-17:58:12.727579 1491 [Zonestats:time(s),used_cap(MB),reclaimable_cap(MB), avg_reclaimable(%), active(#), active_zones(#), open_zones(#)] 84 1135 1808 61 10 11 5
2026/04/19-17:58:12.727596 1491 [DEBUG] Syncing metadata for: /db_working_home/000138.sst
2026/04/19-17:58:12.739013 1491 [DEBUG] Syncing metadata for: /db_working_home/000138.sst
2026/04/19-17:58:12.746225 1491 [DEBUG] Syncing metadata for: /db_working_home/000138.sst
2026/04/19-17:58:12.746959 1491 [DEBUG] GetFileSize: /db_working_home/000138.sst 
2026/04/19-17:58:12.748420 1491 [DEBUG] New random access file: /db_working_home/000136.sst direct: 1
2026/04/19-17:58:12.755319 1491 [DEBUG] GetFileSize: /db_working_home/000136.sst 
2026/04/19-17:58:12.755543 1491 [DEBUG] New random access file: /db_working_home/000137.sst direct: 1
2026/04/19-17:58:12.755757 1491 [DEBUG] GetFileSize: /db_working_home/000137.sst 
2026/04/19-17:58:12.755903 1491 [DEBUG] New random access file: /db_working_home/000138.sst direct: 1
2026/04/19-17:58:12.756067 1491 [DEBUG] GetFileSize: /db_working_home/000138.sst 
2026/04/19-17:58:12.757051 1491 [DEBUG] Syncing metadata for: /db_working_home/MANIFEST-000005
2026/04/19-17:58:12.765525 1491 [DEBUG] Syncing metadata for: /db_working_home/MANIFEST-000005
2026/04/19-17:58:12.773562 1491 [DEBUG] New writable file: /db_working_home/000139.sst direct: 1
2026/04/19-17:58:12.774411 1491 Entering Apply Finish Threshold Function
2026/04/19-17:58:12.774435 1491 [DEBUG] Allocating zone(new=1) start: 0xb8000000 wp: 0xb8000000 lt: 5 file lt: 5
2026/04/19-17:58:12.774443 1491 [Zonestats:time(s),used_cap(MB),reclaimable_cap(MB), avg_reclaimable(%), active(#), active_zones(#), open_zones(#)] 84 1135 1936 63 11 12 5
2026/04/19-17:58:12.774449 1491 [DEBUG] Syncing metadata for: /db_working_home/000139.sst
2026/04/19-17:58:12.785798 1491 [DEBUG] Syncing metadata for: /db_working_home/000139.sst
2026/04/19-17:58:12.793032 1491 [DEBUG] Syncing metadata for: /db_working_home/000139.sst
2026/04/19-17:58:12.793757 1491 [DEBUG] GetFileSize: /db_working_home/000139.sst 
2026/04/19-17:58:12.794901 1491 [DEBUG] New random access file: /db_working_home/000139.sst direct: 1
2026/04/19-17:58:12.802108 1491 [DEBUG] GetFileSize: /db_working_home/000139.sst 
2026/04/19-17:58:12.802987 1491 [DEBUG] Syncing metadata for: /db_working_home/MANIFEST-000005
2026/04/19-17:58:12.806940 1492 [DEBUG] Syncing metadata for: /db_working_home/000134.sst
2026/04/19-17:58:12.809701 1492 [DEBUG] Syncing metadata for: /db_working_home/000134.sst
2026/04/19-17:58:12.811813 1491 [DEBUG] New writable file: /db_working_home/000140.sst direct: 1
2026/04/19-17:58:12.812816 1492 [DEBUG] New random access file: /db_working_home/000134.sst direct: 1
2026/04/19-17:58:12.813001 1492 [DEBUG] GetFileSize: /db_working_home/000134.sst 
2026/04/19-17:58:12.815074 1492 [DEBUG] Syncing metadata for: /db_working_home/MANIFEST-000005
2026/04/19-17:58:12.815403 1491 Entering Apply Finish Threshold Function
2026/04/19-17:58:12.815429 1491 [DEBUG] Allocator: avoided a finish by relaxing lifetime diff requirement
2026/04/19-17:58:12.815433 1491 [DEBUG] Allocating zone(new=0) start: 0xb8000000 wp: 0xb8003800 lt: 5 file lt: 5
2026/04/19-17:58:12.815440 1491 [Zonestats:time(s),used_cap(MB),reclaimable_cap(MB), avg_reclaimable(%), active(#), active_zones(#), open_zones(#)] 84 1150 2177 65 12 12 4
2026/04/19-17:58:12.815447 1491 [DEBUG] Syncing metadata for: /db_working_home/000140.sst
2026/04/19-17:58:12.815716 1492 [DEBUG] GetFileSize: /db_working_home/000134.sst 
2026/04/19-17:58:12.830469 1492 [DEBUG] Syncing metadata for: /db_working_home/000131.log
2026/04/19-17:58:12.838297 1492 [DEBUG] DeleteFile: ./db_working_home/000076.sst 
2026/04/19-17:58:12.839095 1492 [Zonestats:time(s),used_cap(MB),reclaimable_cap(MB), avg_reclaimable(%), active(#), active_zones(#), open_zones(#)] 84 1023 2048 66 11 11 3
2026/04/19-17:58:12.839139 1492 [DEBUG] DeleteFile: ./db_working_home/000086.sst 
2026/04/19-17:58:12.839931 1492 [Zonestats:time(s),used_cap(MB),reclaimable_cap(MB), avg_reclaimable(%), active(#), active_zones(#), open_zones(#)] 84 1023 1920 65 11 11 3
2026/04/19-17:58:12.839966 1492 [DEBUG] DeleteFile: ./db_working_home/000118.sst 
2026/04/19-17:58:12.847575 1492 [Zonestats:time(s),used_cap(MB),reclaimable_cap(MB), avg_reclaimable(%), active(#), active_zones(#), open_zones(#)] 84 1007 1808 64 11 11 3
2026/04/19-17:58:12.847627 1492 [DEBUG] DeleteFile: ./db_working_home/000119.sst 
2026/04/19-17:58:12.848293 1492 [Zonestats:time(s),used_cap(MB),reclaimable_cap(MB), avg_reclaimable(%), active(#), active_zones(#), open_zones(#)] 84 879 1808 67 11 11 3
2026/04/19-17:58:12.848329 1492 [DEBUG] DeleteFile: ./db_working_home/000123.sst 
2026/04/19-17:58:12.849153 1492 [Zonestats:time(s),used_cap(MB),reclaimable_cap(MB), avg_reclaimable(%), active(#), active_zones(#), open_zones(#)] 84 864 1695 66 10 10 3
2026/04/19-17:58:12.849185 1492 [DEBUG] DeleteFile: ./db_working_home/000125.sst 
2026/04/19-17:58:12.856735 1492 [Zonestats:time(s),used_cap(MB),reclaimable_cap(MB), avg_reclaimable(%), active(#), active_zones(#), open_zones(#)] 84 864 1695 66 10 10 3
2026/04/19-17:58:12.856787 1492 [DEBUG] DeleteFile: ./db_working_home/000126.sst 
2026/04/19-17:58:12.859377 1492 [Zonestats:time(s),used_cap(MB),reclaimable_cap(MB), avg_reclaimable(%), active(#), active_zones(#), open_zones(#)] 84 848 1711 66 10 10 3
2026/04/19-17:58:12.859443 1492 [DEBUG] DeleteFile: ./db_working_home/000130.sst 
2026/04/19-17:58:12.860139 1492 [Zonestats:time(s),used_cap(MB),reclaimable_cap(MB), avg_reclaimable(%), active(#), active_zones(#), open_zones(#)] 84 833 1598 65 9 9 3
2026/04/19-17:58:12.860174 1492 [DEBUG] DeleteFile: ./db_working_home/000131.log 
2026/04/19-17:58:12.860824 1492 [Zonestats:time(s),used_cap(MB),reclaimable_cap(MB), avg_reclaimable(%), active(#), active_zones(#), open_zones(#)] 84 817 1486 64 8 8 3
2026/04/19-17:58:12.860846 1492 [DEBUG] DeleteFile: ./db_working_home/000132.sst 
2026/04/19-17:58:12.868605 1492 [Zonestats:time(s),used_cap(MB),reclaimable_cap(MB), avg_reclaimable(%), active(#), active_zones(#), open_zones(#)] 84 802 1373 63 7 7 3
2026/04/19-17:58:12.868851 1492 [DEBUG] New writable file: /db_working_home/000141.sst direct: 1
2026/04/19-17:58:12.872326 1492 Entering Apply Finish Threshold Function
2026/04/19-17:58:12.872352 1492 [DEBUG] Allocating zone(new=1) start: 0x40000000 wp: 0x40000000 lt: 3 file lt: 3
2026/04/19-17:58:12.872359 1492 [Zonestats:time(s),used_cap(MB),reclaimable_cap(MB), avg_reclaimable(%), active(#), active_zones(#), open_zones(#)] 84 802 1373 63 7 8 4
2026/04/19-17:58:12.872365 1492 [DEBUG] Syncing metadata for: /db_working_home/000141.sst
2026/04/19-17:58:12.875788 1488 [DEBUG] Allocating zone(new=0) start: 0xa8000000 wp: 0xa8001000 lt: 3 file lt: 2
2026/04/19-17:58:12.875797 1488 [DEBUG] Syncing metadata for: /db_working_home/000135.log
2026/04/19-17:58:13.112198 1492 [DEBUG] Syncing metadata for: /db_working_home/000141.sst
2026/04/19-17:58:13.115067 1492 [DEBUG] Syncing metadata for: /db_working_home/000141.sst
2026/04/19-17:58:13.122620 1492 [DEBUG] New random access file: /db_working_home/000141.sst direct: 1
2026/04/19-17:58:13.126236 1492 [DEBUG] GetFileSize: /db_working_home/000141.sst 
2026/04/19-17:58:13.137235 1492 [DEBUG] Syncing metadata for: /db_working_home/MANIFEST-000005
2026/04/19-17:58:13.139937 1492 [DEBUG] GetFileSize: /db_working_home/000141.sst 
2026/04/19-17:58:13.151543 1492 [DEBUG] Syncing metadata for: /db_working_home/000133.log
2026/04/19-17:58:13.162826 1492 [DEBUG] DeleteFile: ./db_working_home/000133.log 
2026/04/19-17:58:13.166989 1492 [Zonestats:time(s),used_cap(MB),reclaimable_cap(MB), avg_reclaimable(%), active(#), active_zones(#), open_zones(#)] 85 808 1367 62 7 7 3
2026/04/19-17:58:13.381287 1488 [DEBUG] New writable file: /db_working_home/000142.log direct: 0
2026/04/19-17:58:13.385013 1492 [DEBUG] New writable file: /db_working_home/000143.sst direct: 1
2026/04/19-17:58:13.387643 1492 Entering Apply Finish Threshold Function
2026/04/19-17:58:13.387669 1492 [DEBUG] Allocating zone(new=1) start: 0x50000000 wp: 0x50000000 lt: 3 file lt: 3
2026/04/19-17:58:13.387677 1492 [Zonestats:time(s),used_cap(MB),reclaimable_cap(MB), avg_reclaimable(%), active(#), active_zones(#), open_zones(#)] 85 817 1358 62 7 8 4
2026/04/19-17:58:13.387683 1492 [DEBUG] Syncing metadata for: /db_working_home/000143.sst
2026/04/19-17:58:13.390621 1488 [DEBUG] Allocating zone(new=0) start: 0x80000000 wp: 0x80f71200 lt: 3 file lt: 2
2026/04/19-17:58:13.390627 1488 [DEBUG] Syncing metadata for: /db_working_home/000142.log
2026/04/19-17:58:13.494502 1490 Zone Garbage Stats: [107 6 0 0 2 1 1 2 0 0 1 0 ]
2026/04/19-17:58:13.494635 1490 Total Garbage Bytes: 108760407 bytes
2026/04/19-17:58:13.646830 1492 [DEBUG] Syncing metadata for: /db_working_home/000143.sst
2026/04/19-17:58:13.657344 1492 [DEBUG] Syncing metadata for: /db_working_home/000143.sst
2026/04/19-17:58:13.660150 1492 [DEBUG] New random access file: /db_working_home/000143.sst direct: 1
2026/04/19-17:58:13.660358 1492 [DEBUG] GetFileSize: /db_working_home/000143.sst 
2026/04/19-17:58:13.668984 1492 [DEBUG] Syncing metadata for: /db_working_home/MANIFEST-000005
2026/04/19-17:58:13.672753 1492 [DEBUG] GetFileSize: /db_working_home/000143.sst 
2026/04/19-17:58:13.690197 1492 [DEBUG] Syncing metadata for: /db_working_home/000135.log
2026/04/19-17:58:13.697989 1492 [DEBUG] DeleteFile: ./db_working_home/000135.log 
2026/04/19-17:58:13.701870 1492 [Zonestats:time(s),used_cap(MB),reclaimable_cap(MB), avg_reclaimable(%), active(#), active_zones(#), open_zones(#)] 85 827 1476 64 8 8 3
2026/04/19-17:58:13.830298 1488 [DEBUG] New writable file: /db_working_home/000144.log direct: 0
2026/04/19-17:58:13.837137 1492 [DEBUG] New writable file: /db_working_home/000145.sst direct: 1
2026/04/19-17:58:13.839817 1492 Entering Apply Finish Threshold Function
2026/04/19-17:58:13.839844 1492 [DEBUG] Allocating zone(new=1) start: 0x58000000 wp: 0x58000000 lt: 3 file lt: 3
2026/04/19-17:58:13.839851 1492 [Zonestats:time(s),used_cap(MB),reclaimable_cap(MB), avg_reclaimable(%), active(#), active_zones(#), open_zones(#)] 85 833 1470 63 8 9 4
2026/04/19-17:58:13.839858 1492 [DEBUG] Syncing metadata for: /db_working_home/000145.sst
2026/04/19-17:58:13.842417 1488 [DEBUG] Allocating zone(new=0) start: 0xa8000000 wp: 0xa8f9e000 lt: 3 file lt: 2
2026/04/19-17:58:13.842424 1488 [DEBUG] Syncing metadata for: /db_working_home/000144.log
2026/04/19-17:58:14.152226 1492 [DEBUG] Syncing metadata for: /db_working_home/000145.sst
2026/04/19-17:58:14.152931 1488 [DEBUG] New writable file: /db_working_home/000146.log direct: 0
2026/04/19-17:58:14.154936 1492 [DEBUG] Syncing metadata for: /db_working_home/000145.sst
2026/04/19-17:58:14.163132 1492 [DEBUG] New random access file: /db_working_home/000145.sst direct: 1
2026/04/19-17:58:14.163353 1492 [DEBUG] GetFileSize: /db_working_home/000145.sst 
2026/04/19-17:58:14.171699 1492 [DEBUG] Syncing metadata for: /db_working_home/MANIFEST-000005
2026/04/19-17:58:14.172413 1492 [DEBUG] GetFileSize: /db_working_home/000145.sst 
2026/04/19-17:58:14.184394 1492 [DEBUG] Syncing metadata for: /db_working_home/000142.log
2026/04/19-17:58:14.187202 1492 [DEBUG] DeleteFile: ./db_working_home/000142.log 
2026/04/19-17:58:14.187780 1492 [Zonestats:time(s),used_cap(MB),reclaimable_cap(MB), avg_reclaimable(%), active(#), active_zones(#), open_zones(#)] 86 848 1583 65 9 9 3
2026/04/19-17:58:14.187928 1492 [DEBUG] New writable file: /db_working_home/000147.sst direct: 1
2026/04/19-17:58:14.190500 1492 Entering Apply Finish Threshold Function
2026/04/19-17:58:14.190525 1492 [DEBUG] Allocating zone(new=1) start: 0x78000000 wp: 0x78000000 lt: 3 file lt: 3
2026/04/19-17:58:14.190532 1492 [Zonestats:time(s),used_cap(MB),reclaimable_cap(MB), avg_reclaimable(%), active(#), active_zones(#), open_zones(#)] 86 848 1583 65 9 10 4
2026/04/19-17:58:14.190538 1492 [DEBUG] Syncing metadata for: /db_working_home/000147.sst
2026/04/19-17:58:14.194425 1488 [DEBUG] Allocating zone(new=0) start: 0x80000000 wp: 0x81f0e200 lt: 3 file lt: 2
2026/04/19-17:58:14.194437 1488 [DEBUG] Syncing metadata for: /db_working_home/000146.log
2026/04/19-17:58:14.494830 1490 Zone Garbage Stats: [105 8 0 0 2 1 1 2 0 0 1 0 ]
2026/04/19-17:58:14.494848 1490 Total Garbage Bytes: 108760811 bytes
2026/04/19-17:58:14.502459 1492 [DEBUG] Syncing metadata for: /db_working_home/000147.sst
2026/04/19-17:58:14.503931 1488 [DEBUG] New writable file: /db_working_home/000148.log direct: 0
2026/04/19-17:58:14.509989 1492 [DEBUG] Syncing metadata for: /db_working_home/000147.sst
2026/04/19-17:58:14.511365 1492 [DEBUG] New random access file: /db_working_home/000147.sst direct: 1
2026/04/19-17:58:14.511666 1492 [DEBUG] GetFileSize: /db_working_home/000147.sst 
2026/04/19-17:58:14.514420 1492 [DEBUG] Syncing metadata for: /db_working_home/MANIFEST-000005
2026/04/19-17:58:14.522122 1492 [DEBUG] GetFileSize: /db_working_home/000147.sst 
2026/04/19-17:58:14.526883 1492 [DEBUG] Syncing metadata for: /db_working_home/000144.log
2026/04/19-17:58:14.534208 1492 [DEBUG] DeleteFile: ./db_working_home/000144.log 
2026/04/19-17:58:14.534803 1492 [Zonestats:time(s),used_cap(MB),reclaimable_cap(MB), avg_reclaimable(%), active(#), active_zones(#), open_zones(#)] 86 863 1696 66 10 10 3
2026/04/19-17:58:14.535016 1492 [DEBUG] New writable file: /db_working_home/000149.sst direct: 1
2026/04/19-17:58:14.538799 1492 Entering Apply Finish Threshold Function
2026/04/19-17:58:14.538825 1492 [DEBUG] Allocating zone(new=1) start: 0x88000000 wp: 0x88000000 lt: 3 file lt: 3
2026/04/19-17:58:14.538832 1492 [Zonestats:time(s),used_cap(MB),reclaimable_cap(MB), avg_reclaimable(%), active(#), active_zones(#), open_zones(#)] 86 863 1696 66 10 11 4
2026/04/19-17:58:14.538838 1492 [DEBUG] Syncing metadata for: /db_working_home/000149.sst
2026/04/19-17:58:14.541318 1488 [DEBUG] Allocating zone(new=0) start: 0xa8000000 wp: 0xa9f3b800 lt: 3 file lt: 2
2026/04/19-17:58:14.541328 1488 [DEBUG] Syncing metadata for: /db_working_home/000148.log
2026/04/19-17:58:14.780463 1492 [DEBUG] Syncing metadata for: /db_working_home/000149.sst
2026/04/19-17:58:14.787986 1492 [DEBUG] Syncing metadata for: /db_working_home/000149.sst
2026/04/19-17:58:14.792147 1492 [DEBUG] New random access file: /db_working_home/000149.sst direct: 1
2026/04/19-17:58:14.802925 1492 [DEBUG] GetFileSize: /db_working_home/000149.sst 
2026/04/19-17:58:14.805045 1492 [DEBUG] Syncing metadata for: /db_working_home/MANIFEST-000005
2026/04/19-17:58:14.805693 1492 [DEBUG] GetFileSize: /db_working_home/000149.sst 
2026/04/19-17:58:14.810454 1492 [DEBUG] Syncing metadata for: /db_working_home/000146.log
2026/04/19-17:58:14.817802 1492 [DEBUG] DeleteFile: ./db_working_home/000146.log 
2026/04/19-17:58:14.821724 1492 [Zonestats:time(s),used_cap(MB),reclaimable_cap(MB), avg_reclaimable(%), active(#), active_zones(#), open_zones(#)] 86 870 1817 67 11 11 3
2026/04/19-17:58:15.049854 1488 [DEBUG] New writable file: /db_working_home/000150.log direct: 0
2026/04/19-17:58:15.054463 1492 [DEBUG] New writable file: /db_working_home/000151.sst direct: 1
2026/04/19-17:58:15.058776 1492 Entering Apply Finish Threshold Function
2026/04/19-17:58:15.058790 1492 Finishing zone: Entering Finish()
2026/04/19-17:58:15.059020 1488 [DEBUG] Allocating zone(new=0) start: 0x88000000 wp: 0x88f71a00 lt: 3 file lt: 2
2026/04/19-17:58:15.059028 1488 [DEBUG] Syncing metadata for: /db_working_home/000150.log
2026/04/19-17:58:15.090516 1491 Entering Apply Finish Threshold Function
2026/04/19-17:58:15.090548 1491 [DEBUG] Allocating zone(new=1) start: 0xb0000000 wp: 0xb0000000 lt: 5 file lt: 5
2026/04/19-17:58:15.090556 1491 [Zonestats:time(s),used_cap(MB),reclaimable_cap(MB), avg_reclaimable(%), active(#), active_zones(#), open_zones(#)] 87 1008 1679 62 10 11 4
2026/04/19-17:58:15.090563 1491 [DEBUG] Syncing metadata for: /db_working_home/000140.sst
2026/04/19-17:58:15.110308 1491 [DEBUG] Syncing metadata for: /db_working_home/000140.sst
2026/04/19-17:58:15.110894 1491 [DEBUG] Syncing metadata for: /db_working_home/000140.sst
2026/04/19-17:58:15.111964 1491 [DEBUG] GetFileSize: /db_working_home/000140.sst 
2026/04/19-17:58:15.112023 1491 [DEBUG] New writable file: /db_working_home/000152.sst direct: 1
2026/04/19-17:58:15.126212 1491 Entering Apply Finish Threshold Function
2026/04/19-17:58:15.126241 1491 [DEBUG] Allocating zone(new=1) start: 0xc0000000 wp: 0xc0000000 lt: 5 file lt: 5
2026/04/19-17:58:15.126249 1491 [Zonestats:time(s),used_cap(MB),reclaimable_cap(MB), avg_reclaimable(%), active(#), active_zones(#), open_zones(#)] 87 1010 1805 64 11 12 4
2026/04/19-17:58:15.126255 1491 [DEBUG] Syncing metadata for: /db_working_home/000152.sst
2026/04/19-17:58:15.410234 1488 [DEBUG] New writable file: /db_working_home/000153.log direct: 0
2026/04/19-17:58:15.495071 1490 Zone Garbage Stats: [102 11 0 0 2 1 1 2 0 0 1 0 ]
2026/04/19-17:58:15.495087 1490 Total Garbage Bytes: 108761658 bytes
2026/04/19-17:58:16.495331 1490 Zone Garbage Stats: [102 11 0 0 2 1 1 2 0 0 1 0 ]
2026/04/19-17:58:16.495454 1490 Total Garbage Bytes: 108761658 bytes
2026/04/19-17:58:16.571718 1491 Entering Apply Finish Threshold Function
2026/04/19-17:58:16.571751 1491 [DEBUG] Allocating zone(new=1) start: 0xc8000000 wp: 0xc8000000 lt: 5 file lt: 5
2026/04/19-17:58:16.571765 1491 [Zonestats:time(s),used_cap(MB),reclaimable_cap(MB), avg_reclaimable(%), active(#), active_zones(#), open_zones(#)] 88 1150 1793 60 11 12 4
2026/04/19-17:58:16.571779 1491 [DEBUG] Syncing metadata for: /db_working_home/000152.sst
2026/04/19-17:58:16.580510 1491 [DEBUG] Syncing metadata for: /db_working_home/000152.sst
2026/04/19-17:58:16.581077 1491 [DEBUG] Syncing metadata for: /db_working_home/000152.sst
2026/04/19-17:58:16.582208 1491 [DEBUG] GetFileSize: /db_working_home/000152.sst 
2026/04/19-17:58:16.582858 1491 [DEBUG] New writable file: /db_working_home/000154.sst direct: 1
2026/04/19-17:58:16.589552 1491 Entering Apply Finish Threshold Function
2026/04/19-17:58:16.589579 1491 [DEBUG] Allocator: avoided a finish by relaxing lifetime diff requirement
2026/04/19-17:58:16.589583 1491 [DEBUG] Allocating zone(new=0) start: 0xc8000000 wp: 0xc803a600 lt: 5 file lt: 5
2026/04/19-17:58:16.589590 1491 [Zonestats:time(s),used_cap(MB),reclaimable_cap(MB), avg_reclaimable(%), active(#), active_zones(#), open_zones(#)] 88 1150 1921 62 12 12 4
2026/04/19-17:58:16.589596 1491 [DEBUG] Syncing metadata for: /db_working_home/000154.sst
2026/04/19-17:58:16.853382 1491 [DEBUG] Syncing metadata for: /db_working_home/000154.sst
2026/04/19-17:58:16.853952 1491 [DEBUG] Syncing metadata for: /db_working_home/000154.sst
2026/04/19-17:58:16.855008 1491 [DEBUG] GetFileSize: /db_working_home/000154.sst 
2026/04/19-17:58:16.856697 1491 [DEBUG] New random access file: /db_working_home/000140.sst direct: 1
2026/04/19-17:58:16.857541 1491 [DEBUG] GetFileSize: /db_working_home/000140.sst 
2026/04/19-17:58:16.857819 1491 [DEBUG] New random access file: /db_working_home/000152.sst direct: 1
2026/04/19-17:58:16.858213 1491 [DEBUG] GetFileSize: /db_working_home/000152.sst 
2026/04/19-17:58:16.858394 1491 [DEBUG] New random access file: /db_working_home/000154.sst direct: 1
2026/04/19-17:58:16.858798 1491 [DEBUG] GetFileSize: /db_working_home/000154.sst 
2026/04/19-17:58:16.859729 1491 [DEBUG] Syncing metadata for: /db_working_home/MANIFEST-000005
2026/04/19-17:58:16.882008 1491 [DEBUG] New writable file: /db_working_home/000155.sst direct: 1
2026/04/19-17:58:16.885229 1491 Entering Apply Finish Threshold Function
2026/04/19-17:58:16.885254 1491 [DEBUG] Allocating zone(new=0) start: 0xc8000000 wp: 0xc993f600 lt: 5 file lt: 3
2026/04/19-17:58:16.885262 1491 [Zonestats:time(s),used_cap(MB),reclaimable_cap(MB), avg_reclaimable(%), active(#), active_zones(#), open_zones(#)] 88 1175 1896 61 12 12 4
2026/04/19-17:58:16.885268 1491 [DEBUG] Syncing metadata for: /db_working_home/000155.sst
2026/04/19-17:58:17.376035 1491 [DEBUG] Syncing metadata for: /db_working_home/000155.sst
2026/04/19-17:58:17.376898 1491 [DEBUG] Syncing metadata for: /db_working_home/000155.sst
2026/04/19-17:58:17.377971 1491 [DEBUG] GetFileSize: /db_working_home/000155.sst 
2026/04/19-17:58:17.378003 1491 [DEBUG] New writable file: /db_working_home/000156.sst direct: 1
2026/04/19-17:58:17.381087 1491 Entering Apply Finish Threshold Function
2026/04/19-17:58:17.381098 1491 Finishing zone: Entering Finish()
2026/04/19-17:58:17.495642 1490 Zone Garbage Stats: [101 12 0 0 2 1 1 2 0 0 1 0 ]
2026/04/19-17:58:17.495658 1490 Total Garbage Bytes: 108761658 bytes
2026/04/19-17:58:17.607654 1492 [DEBUG] Allocating zone(new=0) start: 0xb0000000 wp: 0xb003de00 lt: 5 file lt: 3
2026/04/19-17:58:17.607669 1492 [Zonestats:time(s),used_cap(MB),reclaimable_cap(MB), avg_reclaimable(%), active(#), active_zones(#), open_zones(#)] 89 1220 1851 60 11 11 4
2026/04/19-17:58:17.607678 1492 [DEBUG] Syncing metadata for: /db_working_home/000151.sst
2026/04/19-17:58:17.751135 1492 [DEBUG] Syncing metadata for: /db_working_home/000151.sst
2026/04/19-17:58:17.751710 1492 [DEBUG] Syncing metadata for: /db_working_home/000151.sst
2026/04/19-17:58:17.752709 1492 [DEBUG] New random access file: /db_working_home/000151.sst direct: 1
2026/04/19-17:58:17.752890 1492 [DEBUG] GetFileSize: /db_working_home/000151.sst 
2026/04/19-17:58:17.755489 1492 [DEBUG] Syncing metadata for: /db_working_home/MANIFEST-000005
2026/04/19-17:58:17.756143 1492 [DEBUG] GetFileSize: /db_working_home/000151.sst 
2026/04/19-17:58:17.761525 1492 [DEBUG] Syncing metadata for: /db_working_home/000148.log
2026/04/19-17:58:17.762479 1492 [DEBUG] DeleteFile: ./db_working_home/000083.sst 
2026/04/19-17:58:17.763384 1492 [Zonestats:time(s),used_cap(MB),reclaimable_cap(MB), avg_reclaimable(%), active(#), active_zones(#), open_zones(#)] 89 1173 1770 60 11 11 2
2026/04/19-17:58:17.763427 1492 [DEBUG] DeleteFile: ./db_working_home/000121.sst 
2026/04/19-17:58:17.764173 1492 [Zonestats:time(s),used_cap(MB),reclaimable_cap(MB), avg_reclaimable(%), active(#), active_zones(#), open_zones(#)] 89 1083 1732 61 11 11 2
2026/04/19-17:58:17.764208 1492 [DEBUG] DeleteFile: ./db_working_home/000129.sst 
2026/04/19-17:58:17.764986 1492 [Zonestats:time(s),used_cap(MB),reclaimable_cap(MB), avg_reclaimable(%), active(#), active_zones(#), open_zones(#)] 89 955 1860 66 11 11 2
2026/04/19-17:58:17.765018 1492 [DEBUG] DeleteFile: ./db_working_home/000148.log 
2026/04/19-17:58:17.765885 1492 [Zonestats:time(s),used_cap(MB),reclaimable_cap(MB), avg_reclaimable(%), active(#), active_zones(#), open_zones(#)] 89 939 1876 66 11 11 2
2026/04/19-17:58:17.766052 1492 [DEBUG] New writable file: /db_working_home/000157.sst direct: 1
2026/04/19-17:58:17.769481 1492 Entering Apply Finish Threshold Function
2026/04/19-17:58:17.769491 1492 Finishing zone: Entering Finish()
2026/04/19-17:58:17.772317 1488 [DEBUG] Allocating zone(new=0) start: 0x78000000 wp: 0x78f72200 lt: 3 file lt: 2
2026/04/19-17:58:17.772328 1488 [DEBUG] Syncing metadata for: /db_working_home/000153.log
2026/04/19-17:58:18.000245 1488 [DEBUG] New writable file: /db_working_home/000158.log direct: 0
2026/04/19-17:58:18.405734 1491 [DEBUG] Allocating zone(new=0) start: 0xb0000000 wp: 0xb0faf000 lt: 5 file lt: 3
2026/04/19-17:58:18.405749 1491 [Zonestats:time(s),used_cap(MB),reclaimable_cap(MB), avg_reclaimable(%), active(#), active_zones(#), open_zones(#)] 90 954 1861 66 10 10 4
2026/04/19-17:58:18.405759 1491 [DEBUG] Syncing metadata for: /db_working_home/000156.sst
2026/04/19-17:58:18.495851 1490 Zone Garbage Stats: [103 9 0 0 1 2 0 2 0 1 2 0 ]
2026/04/19-17:58:18.495995 1490 Total Garbage Bytes: 215786004 bytes
2026/04/19-17:58:19.357941 1491 [DEBUG] Syncing metadata for: /db_working_home/000156.sst
2026/04/19-17:58:19.358731 1491 [DEBUG] Syncing metadata for: /db_working_home/000156.sst
2026/04/19-17:58:19.359790 1491 [DEBUG] GetFileSize: /db_working_home/000156.sst 
2026/04/19-17:58:19.361049 1491 [DEBUG] New random access file: /db_working_home/000155.sst direct: 1
2026/04/19-17:58:19.361699 1491 [DEBUG] GetFileSize: /db_working_home/000155.sst 
2026/04/19-17:58:19.361871 1491 [DEBUG] New random access file: /db_working_home/000156.sst direct: 1
2026/04/19-17:58:19.362366 1491 [DEBUG] GetFileSize: /db_working_home/000156.sst 
2026/04/19-17:58:19.363247 1491 [DEBUG] Syncing metadata for: /db_working_home/MANIFEST-000005
2026/04/19-17:58:19.364625 1491 [DEBUG] Syncing metadata for: /db_working_home/MANIFEST-000005
2026/04/19-17:58:19.367364 1491 [DEBUG] New writable file: /db_working_home/000159.sst direct: 1
2026/04/19-17:58:19.368436 1491 Entering Apply Finish Threshold Function
2026/04/19-17:58:19.368445 1491 Finishing zone: Entering Finish()
2026/04/19-17:58:19.496182 1490 Zone Garbage Stats: [103 9 0 0 1 2 0 2 0 1 2 0 ]
2026/04/19-17:58:19.496196 1490 Total Garbage Bytes: 215786004 bytes
2026/04/19-17:58:19.555874 1492 [DEBUG] Allocating zone(new=1) start: 0x98000000 wp: 0x98000000 lt: 3 file lt: 3
2026/04/19-17:58:19.555889 1492 [Zonestats:time(s),used_cap(MB),reclaimable_cap(MB), avg_reclaimable(%), active(#), active_zones(#), open_zones(#)] 91 1041 1774 63 9 10 4
2026/04/19-17:58:19.555897 1492 [DEBUG] Syncing metadata for: /db_working_home/000157.sst
2026/04/19-17:58:19.704388 1492 [DEBUG] Syncing metadata for: /db_working_home/000157.sst
2026/04/19-17:58:19.704958 1492 [DEBUG] Syncing metadata for: /db_working_home/000157.sst
2026/04/19-17:58:19.705768 1492 [DEBUG] New random access file: /db_working_home/000157.sst direct: 1
2026/04/19-17:58:19.705976 1492 [DEBUG] GetFileSize: /db_working_home/000157.sst 
2026/04/19-17:58:19.708054 1492 [DEBUG] Syncing metadata for: /db_working_home/MANIFEST-000005
2026/04/19-17:58:19.708690 1492 [DEBUG] GetFileSize: /db_working_home/000157.sst 
2026/04/19-17:58:19.713634 1492 [DEBUG] Syncing metadata for: /db_working_home/000150.log
2026/04/19-17:58:19.714636 1492 [DEBUG] DeleteFile: ./db_working_home/000134.sst 
2026/04/19-17:58:19.715482 1492 [Zonestats:time(s),used_cap(MB),reclaimable_cap(MB), avg_reclaimable(%), active(#), active_zones(#), open_zones(#)] 91 1042 1773 62 10 10 2
2026/04/19-17:58:19.715525 1492 [DEBUG] DeleteFile: ./db_working_home/000137.sst 
2026/04/19-17:58:19.716252 1492 [Zonestats:time(s),used_cap(MB),reclaimable_cap(MB), avg_reclaimable(%), active(#), active_zones(#), open_zones(#)] 91 1002 1813 64 10 10 2
2026/04/19-17:58:19.716288 1492 [DEBUG] DeleteFile: ./db_working_home/000138.sst 
2026/04/19-17:58:19.717237 1492 [Zonestats:time(s),used_cap(MB),reclaimable_cap(MB), avg_reclaimable(%), active(#), active_zones(#), open_zones(#)] 91 1002 1685 62 10 10 2
2026/04/19-17:58:19.717269 1492 [DEBUG] DeleteFile: ./db_working_home/000141.sst 
2026/04/19-17:58:19.718136 1492 [Zonestats:time(s),used_cap(MB),reclaimable_cap(MB), avg_reclaimable(%), active(#), active_zones(#), open_zones(#)] 91 987 1572 61 9 9 2
2026/04/19-17:58:19.718168 1492 [DEBUG] DeleteFile: ./db_working_home/000143.sst 
2026/04/19-17:58:19.719032 1492 [Zonestats:time(s),used_cap(MB),reclaimable_cap(MB), avg_reclaimable(%), active(#), active_zones(#), open_zones(#)] 91 972 1459 60 8 8 2
2026/04/19-17:58:19.719064 1492 [DEBUG] DeleteFile: ./db_working_home/000145.sst 
2026/04/19-17:58:19.719698 1492 [Zonestats:time(s),used_cap(MB),reclaimable_cap(MB), avg_reclaimable(%), active(#), active_zones(#), open_zones(#)] 91 956 1347 58 7 7 2
2026/04/19-17:58:19.719729 1492 [DEBUG] DeleteFile: ./db_working_home/000147.sst 
2026/04/19-17:58:19.720515 1492 [Zonestats:time(s),used_cap(MB),reclaimable_cap(MB), avg_reclaimable(%), active(#), active_zones(#), open_zones(#)] 91 941 1362 59 7 7 2
2026/04/19-17:58:19.720547 1492 [DEBUG] DeleteFile: ./db_working_home/000149.sst 
2026/04/19-17:58:19.721415 1492 [Zonestats:time(s),used_cap(MB),reclaimable_cap(MB), avg_reclaimable(%), active(#), active_zones(#), open_zones(#)] 91 925 1378 59 7 7 2
2026/04/19-17:58:19.721446 1492 [DEBUG] DeleteFile: ./db_working_home/000150.log 
2026/04/19-17:58:19.722419 1492 [Zonestats:time(s),used_cap(MB),reclaimable_cap(MB), avg_reclaimable(%), active(#), active_zones(#), open_zones(#)] 91 910 1265 58 6 6 2
2026/04/19-17:58:19.722591 1492 [DEBUG] New writable file: /db_working_home/000160.sst direct: 1
2026/04/19-17:58:19.725224 1492 Entering Apply Finish Threshold Function
2026/04/19-17:58:19.725248 1492 [DEBUG] Allocating zone(new=1) start: 0x40000000 wp: 0x40000000 lt: 3 file lt: 3
2026/04/19-17:58:19.725255 1492 [Zonestats:time(s),used_cap(MB),reclaimable_cap(MB), avg_reclaimable(%), active(#), active_zones(#), open_zones(#)] 91 910 1265 58 6 7 3
2026/04/19-17:58:19.725260 1492 [DEBUG] Syncing metadata for: /db_working_home/000160.sst
2026/04/19-17:58:19.729496 1488 [DEBUG] Allocating zone(new=0) start: 0x98000000 wp: 0x98f70e00 lt: 3 file lt: 2
2026/04/19-17:58:19.729508 1488 [DEBUG] Syncing metadata for: /db_working_home/000158.log
2026/04/19-17:58:19.894170 1492 [DEBUG] Syncing metadata for: /db_working_home/000160.sst
2026/04/19-17:58:19.894759 1492 [DEBUG] Syncing metadata for: /db_working_home/000160.sst
2026/04/19-17:58:19.895545 1492 [DEBUG] New random access file: /db_working_home/000160.sst direct: 1
2026/04/19-17:58:19.895766 1492 [DEBUG] GetFileSize: /db_working_home/000160.sst 
2026/04/19-17:58:19.900978 1492 [DEBUG] Syncing metadata for: /db_working_home/MANIFEST-000005
2026/04/19-17:58:19.905172 1492 [DEBUG] GetFileSize: /db_working_home/000160.sst 
2026/04/19-17:58:19.910556 1492 [DEBUG] Syncing metadata for: /db_working_home/000153.log
2026/04/19-17:58:19.915112 1492 [DEBUG] DeleteFile: ./db_working_home/000153.log 
2026/04/19-17:58:19.919653 1492 [Zonestats:time(s),used_cap(MB),reclaimable_cap(MB), avg_reclaimable(%), active(#), active_zones(#), open_zones(#)] 91 917 1258 57 6 6 2
2026/04/19-17:58:19.987715 1491 [DEBUG] Allocating zone(new=1) start: 0x50000000 wp: 0x50000000 lt: 5 file lt: 5
2026/04/19-17:58:19.987731 1491 [Zonestats:time(s),used_cap(MB),reclaimable_cap(MB), avg_reclaimable(%), active(#), active_zones(#), open_zones(#)] 91 922 1253 57 5 6 3
2026/04/19-17:58:19.987741 1491 [DEBUG] Syncing metadata for: /db_working_home/000159.sst
2026/04/19-17:58:19.991999 1491 [DEBUG] Syncing metadata for: /db_working_home/000159.sst
2026/04/19-17:58:19.995983 1491 [DEBUG] Syncing metadata for: /db_working_home/000159.sst
2026/04/19-17:58:20.000209 1491 [DEBUG] GetFileSize: /db_working_home/000159.sst 
2026/04/19-17:58:20.001454 1491 [DEBUG] New random access file: /db_working_home/000159.sst direct: 1
2026/04/19-17:58:20.001638 1491 [DEBUG] GetFileSize: /db_working_home/000159.sst 
2026/04/19-17:58:20.002485 1491 [DEBUG] Syncing metadata for: /db_working_home/MANIFEST-000005
2026/04/19-17:58:20.003207 1491 [DEBUG] DeleteFile: ./db_working_home/000041.sst 
2026/04/19-17:58:20.003880 1491 [Zonestats:time(s),used_cap(MB),reclaimable_cap(MB), avg_reclaimable(%), active(#), active_zones(#), open_zones(#)] 92 923 1252 57 5 5 2
2026/04/19-17:58:20.003920 1491 [DEBUG] DeleteFile: ./db_working_home/000139.sst 
2026/04/19-17:58:20.004477 1491 [Zonestats:time(s),used_cap(MB),reclaimable_cap(MB), avg_reclaimable(%), active(#), active_zones(#), open_zones(#)] 92 923 1252 57 5 5 2
2026/04/19-17:58:20.016687 1491 [DEBUG] New writable file: /db_working_home/000161.sst direct: 1
2026/04/19-17:58:20.019608 1491 Entering Apply Finish Threshold Function
2026/04/19-17:58:20.019633 1491 [DEBUG] Allocating zone(new=1) start: 0x28000000 wp: 0x28000000 lt: 5 file lt: 5
2026/04/19-17:58:20.019641 1491 [Zonestats:time(s),used_cap(MB),reclaimable_cap(MB), avg_reclaimable(%), active(#), active_zones(#), open_zones(#)] 92 924 1251 57 5 6 3
2026/04/19-17:58:20.019647 1491 [DEBUG] Syncing metadata for: /db_working_home/000161.sst
2026/04/19-17:58:20.052400 1488 [DEBUG] New writable file: /db_working_home/000162.log direct: 0
2026/04/19-17:58:20.056049 1492 [DEBUG] New writable file: /db_working_home/000163.sst direct: 1
2026/04/19-17:58:20.058679 1492 Entering Apply Finish Threshold Function
2026/04/19-17:58:20.058704 1492 [DEBUG] Allocating zone(new=0) start: 0x50000000 wp: 0x50004800 lt: 5 file lt: 3
2026/04/19-17:58:20.058712 1492 [Zonestats:time(s),used_cap(MB),reclaimable_cap(MB), avg_reclaimable(%), active(#), active_zones(#), open_zones(#)] 92 925 1250 57 6 6 4
2026/04/19-17:58:20.058718 1492 [DEBUG] Syncing metadata for: /db_working_home/000163.sst
2026/04/19-17:58:20.061610 1488 [DEBUG] Allocating zone(new=0) start: 0x40000000 wp: 0x40f72200 lt: 3 file lt: 2
2026/04/19-17:58:20.061618 1488 [DEBUG] Syncing metadata for: /db_working_home/000162.log
2026/04/19-17:58:20.368161 1492 [DEBUG] Syncing metadata for: /db_working_home/000163.sst
2026/04/19-17:58:20.369654 1488 [DEBUG] New writable file: /db_working_home/000164.log direct: 0
2026/04/19-17:58:20.375419 1492 [DEBUG] Syncing metadata for: /db_working_home/000163.sst
2026/04/19-17:58:20.376637 1492 [DEBUG] New random access file: /db_working_home/000163.sst direct: 1
2026/04/19-17:58:20.376819 1492 [DEBUG] GetFileSize: /db_working_home/000163.sst 
2026/04/19-17:58:20.384952 1492 [DEBUG] Syncing metadata for: /db_working_home/MANIFEST-000005
2026/04/19-17:58:20.385667 1492 [DEBUG] GetFileSize: /db_working_home/000163.sst 
2026/04/19-17:58:20.399563 1492 [DEBUG] Syncing metadata for: /db_working_home/000158.log
2026/04/19-17:58:20.400247 1492 [DEBUG] DeleteFile: ./db_working_home/000158.log 
2026/04/19-17:58:20.400817 1492 [Zonestats:time(s),used_cap(MB),reclaimable_cap(MB), avg_reclaimable(%), active(#), active_zones(#), open_zones(#)] 92 941 1234 56 6 6 3
2026/04/19-17:58:20.400966 1492 [DEBUG] New writable file: /db_working_home/000165.sst direct: 1
2026/04/19-17:58:20.407250 1488 [DEBUG] Allocating zone(new=0) start: 0x98000000 wp: 0x99f0e200 lt: 3 file lt: 2
2026/04/19-17:58:20.407261 1488 [DEBUG] Syncing metadata for: /db_working_home/000164.log
2026/04/19-17:58:20.410583 1492 Entering Apply Finish Threshold Function
2026/04/19-17:58:20.410609 1492 [DEBUG] Allocating zone(new=0) start: 0x50000000 wp: 0x50f76600 lt: 5 file lt: 3
2026/04/19-17:58:20.410617 1492 [Zonestats:time(s),used_cap(MB),reclaimable_cap(MB), avg_reclaimable(%), active(#), active_zones(#), open_zones(#)] 92 941 1234 56 6 6 5
2026/04/19-17:58:20.410623 1492 [DEBUG] Syncing metadata for: /db_working_home/000165.sst
2026/04/19-17:58:20.496397 1490 Zone Garbage Stats: [107 5 1 0 0 2 0 2 1 0 2 0 ]
2026/04/19-17:58:20.496412 1490 Total Garbage Bytes: 224356477 bytes
2026/04/19-17:58:20.656965 1492 [DEBUG] Syncing metadata for: /db_working_home/000165.sst
2026/04/19-17:58:20.664123 1492 [DEBUG] Syncing metadata for: /db_working_home/000165.sst
2026/04/19-17:58:20.664790 1492 [DEBUG] New random access file: /db_working_home/000165.sst direct: 1
2026/04/19-17:58:20.665435 1492 [DEBUG] GetFileSize: /db_working_home/000165.sst 
2026/04/19-17:58:20.667722 1492 [DEBUG] Syncing metadata for: /db_working_home/MANIFEST-000005
2026/04/19-17:58:20.668396 1492 [DEBUG] GetFileSize: /db_working_home/000165.sst 
2026/04/19-17:58:20.680345 1492 [DEBUG] Syncing metadata for: /db_working_home/000162.log
2026/04/19-17:58:20.691706 1492 [DEBUG] DeleteFile: ./db_working_home/000162.log 
2026/04/19-17:58:20.695625 1492 [Zonestats:time(s),used_cap(MB),reclaimable_cap(MB), avg_reclaimable(%), active(#), active_zones(#), open_zones(#)] 92 947 1228 56 6 6 3
2026/04/19-17:58:20.936845 1488 [DEBUG] New writable file: /db_working_home/000166.log direct: 0
2026/04/19-17:58:20.944438 1492 [DEBUG] New writable file: /db_working_home/000167.sst direct: 1
2026/04/19-17:58:20.947036 1492 Entering Apply Finish Threshold Function
2026/04/19-17:58:20.947062 1492 [DEBUG] Allocating zone(new=0) start: 0x50000000 wp: 0x51ee8400 lt: 5 file lt: 3
2026/04/19-17:58:20.947070 1492 [Zonestats:time(s),used_cap(MB),reclaimable_cap(MB), avg_reclaimable(%), active(#), active_zones(#), open_zones(#)] 92 956 1219 56 6 6 4
2026/04/19-17:58:20.947076 1492 [DEBUG] Syncing metadata for: /db_working_home/000167.sst
2026/04/19-17:58:20.949494 1488 [DEBUG] Allocating zone(new=0) start: 0x40000000 wp: 0x41f0f600 lt: 3 file lt: 2
2026/04/19-17:58:20.949502 1488 [DEBUG] Syncing metadata for: /db_working_home/000166.log
2026/04/19-17:58:21.208483 1492 [DEBUG] Syncing metadata for: /db_working_home/000167.sst
2026/04/19-17:58:21.216121 1492 [DEBUG] Syncing metadata for: /db_working_home/000167.sst
2026/04/19-17:58:21.216777 1492 [DEBUG] New random access file: /db_working_home/000167.sst direct: 1
2026/04/19-17:58:21.216957 1492 [DEBUG] GetFileSize: /db_working_home/000167.sst 
2026/04/19-17:58:21.225287 1492 [DEBUG] Syncing metadata for: /db_working_home/MANIFEST-000005
2026/04/19-17:58:21.233175 1492 [DEBUG] GetFileSize: /db_working_home/000167.sst 
2026/04/19-17:58:21.246531 1492 [DEBUG] Syncing metadata for: /db_working_home/000164.log
2026/04/19-17:58:21.254205 1492 [DEBUG] DeleteFile: ./db_working_home/000164.log 
2026/04/19-17:58:21.261824 1492 [Zonestats:time(s),used_cap(MB),reclaimable_cap(MB), avg_reclaimable(%), active(#), active_zones(#), open_zones(#)] 93 966 1209 55 6 6 3
2026/04/19-17:58:21.378136 1488 [DEBUG] New writable file: /db_working_home/000168.log direct: 0
2026/04/19-17:58:21.383396 1492 [DEBUG] New writable file: /db_working_home/000169.sst direct: 1
2026/04/19-17:58:21.387947 1492 Entering Apply Finish Threshold Function
2026/04/19-17:58:21.387961 1492 Finishing zone: Entering Finish()
2026/04/19-17:58:21.388440 1488 [DEBUG] Allocating zone(new=0) start: 0x98000000 wp: 0x9aeaaa00 lt: 3 file lt: 2
2026/04/19-17:58:21.388447 1488 [DEBUG] Syncing metadata for: /db_working_home/000168.log
2026/04/19-17:58:21.496621 1490 Zone Garbage Stats: [107 5 1 0 0 2 0 2 1 0 2 0 ]
2026/04/19-17:58:21.496638 1490 Total Garbage Bytes: 224356477 bytes
2026/04/19-17:58:21.634060 1488 [DEBUG] New writable file: /db_working_home/000170.log direct: 0
2026/04/19-17:58:22.027048 1491 Entering Apply Finish Threshold Function
2026/04/19-17:58:22.027080 1491 [DEBUG] Allocating zone(new=1) start: 0x58000000 wp: 0x58000000 lt: 5 file lt: 5
2026/04/19-17:58:22.027088 1491 [Zonestats:time(s),used_cap(MB),reclaimable_cap(MB), avg_reclaimable(%), active(#), active_zones(#), open_zones(#)] 94 1114 1189 51 5 6 4
2026/04/19-17:58:22.027094 1491 [DEBUG] Syncing metadata for: /db_working_home/000161.sst
2026/04/19-17:58:22.032752 1491 [DEBUG] Syncing metadata for: /db_working_home/000161.sst
2026/04/19-17:58:22.033490 1491 [DEBUG] Syncing metadata for: /db_working_home/000161.sst
2026/04/19-17:58:22.034549 1491 [DEBUG] GetFileSize: /db_working_home/000161.sst 
2026/04/19-17:58:22.034585 1491 [DEBUG] New writable file: /db_working_home/000171.sst direct: 1
2026/04/19-17:58:22.037529 1491 Entering Apply Finish Threshold Function
2026/04/19-17:58:22.037553 1491 [DEBUG] Allocating zone(new=1) start: 0x78000000 wp: 0x78000000 lt: 5 file lt: 5
2026/04/19-17:58:22.037561 1491 [Zonestats:time(s),used_cap(MB),reclaimable_cap(MB), avg_reclaimable(%), active(#), active_zones(#), open_zones(#)] 94 1115 1316 54 6 7 4
2026/04/19-17:58:22.037567 1491 [DEBUG] Syncing metadata for: /db_working_home/000171.sst
2026/04/19-17:58:22.496831 1490 Zone Garbage Stats: [105 7 1 0 0 2 0 2 1 0 2 0 ]
2026/04/19-17:58:22.496850 1490 Total Garbage Bytes: 224356728 bytes
2026/04/19-17:58:23.400297 1491 Entering Apply Finish Threshold Function
2026/04/19-17:58:23.400336 1491 [DEBUG] Allocating zone(new=1) start: 0x80000000 wp: 0x80000000 lt: 5 file lt: 5
2026/04/19-17:58:23.400345 1491 [Zonestats:time(s),used_cap(MB),reclaimable_cap(MB), avg_reclaimable(%), active(#), active_zones(#), open_zones(#)] 95 1243 1316 51 6 7 4
2026/04/19-17:58:23.400352 1491 [DEBUG] Syncing metadata for: /db_working_home/000171.sst
2026/04/19-17:58:23.405995 1491 [DEBUG] Syncing metadata for: /db_working_home/000171.sst
2026/04/19-17:58:23.406733 1491 [DEBUG] Syncing metadata for: /db_working_home/000171.sst
2026/04/19-17:58:23.407793 1491 [DEBUG] GetFileSize: /db_working_home/000171.sst 
2026/04/19-17:58:23.407828 1491 [DEBUG] New writable file: /db_working_home/000172.sst direct: 1
2026/04/19-17:58:23.413491 1491 Entering Apply Finish Threshold Function
2026/04/19-17:58:23.413516 1491 [DEBUG] Allocating zone(new=1) start: 0x88000000 wp: 0x88000000 lt: 5 file lt: 5
2026/04/19-17:58:23.413523 1491 [Zonestats:time(s),used_cap(MB),reclaimable_cap(MB), avg_reclaimable(%), active(#), active_zones(#), open_zones(#)] 95 1243 1444 53 7 8 4
2026/04/19-17:58:23.413530 1491 [DEBUG] Syncing metadata for: /db_working_home/000172.sst
2026/04/19-17:58:23.497048 1490 Zone Garbage Stats: [103 9 1 0 0 2 0 2 1 0 2 0 ]
2026/04/19-17:58:23.497166 1490 Total Garbage Bytes: 224357202 bytes
2026/04/19-17:58:24.398484 1492 [DEBUG] Allocating zone(new=0) start: 0x80000000 wp: 0x80037e00 lt: 5 file lt: 3
2026/04/19-17:58:24.398501 1492 [Zonestats:time(s),used_cap(MB),reclaimable_cap(MB), avg_reclaimable(%), active(#), active_zones(#), open_zones(#)] 96 1243 1444 53 7 7 5
2026/04/19-17:58:24.398511 1492 [DEBUG] Syncing metadata for: /db_working_home/000169.sst
2026/04/19-17:58:24.497381 1490 Zone Garbage Stats: [103 8 1 0 0 2 0 3 1 0 2 0 ]
2026/04/19-17:58:24.497399 1490 Total Garbage Bytes: 224357602 bytes
2026/04/19-17:58:24.600799 1492 [DEBUG] Syncing metadata for: /db_working_home/000169.sst
2026/04/19-17:58:24.607994 1492 [DEBUG] Syncing metadata for: /db_working_home/000169.sst
2026/04/19-17:58:24.608650 1492 [DEBUG] New random access file: /db_working_home/000169.sst direct: 1
2026/04/19-17:58:24.608833 1492 [DEBUG] GetFileSize: /db_working_home/000169.sst 
2026/04/19-17:58:24.612157 1492 [DEBUG] Syncing metadata for: /db_working_home/MANIFEST-000005
2026/04/19-17:58:24.620156 1492 [DEBUG] GetFileSize: /db_working_home/000169.sst 
2026/04/19-17:58:24.624919 1492 [DEBUG] Syncing metadata for: /db_working_home/000166.log
2026/04/19-17:58:24.632267 1492 [DEBUG] DeleteFile: ./db_working_home/000166.log 
2026/04/19-17:58:24.632861 1492 [Zonestats:time(s),used_cap(MB),reclaimable_cap(MB), avg_reclaimable(%), active(#), active_zones(#), open_zones(#)] 96 1243 1444 53 7 7 3
2026/04/19-17:58:24.633015 1492 [DEBUG] New writable file: /db_working_home/000173.sst direct: 1
2026/04/19-17:58:24.635677 1492 Entering Apply Finish Threshold Function
2026/04/19-17:58:24.635687 1492 Finishing zone: Entering Finish()
2026/04/19-17:58:24.872151 1491 Entering Apply Finish Threshold Function
2026/04/19-17:58:24.872183 1491 [DEBUG] Allocating zone(new=1) start: 0xa8000000 wp: 0xa8000000 lt: 5 file lt: 5
2026/04/19-17:58:24.872191 1491 [Zonestats:time(s),used_cap(MB),reclaimable_cap(MB), avg_reclaimable(%), active(#), active_zones(#), open_zones(#)] 96 1371 1444 51 6 7 3
2026/04/19-17:58:24.872198 1491 [DEBUG] Syncing metadata for: /db_working_home/000172.sst
2026/04/19-17:58:24.877842 1491 [DEBUG] Syncing metadata for: /db_working_home/000172.sst
2026/04/19-17:58:24.878575 1491 [DEBUG] Syncing metadata for: /db_working_home/000172.sst
2026/04/19-17:58:24.879636 1491 [DEBUG] GetFileSize: /db_working_home/000172.sst 
2026/04/19-17:58:24.879671 1491 [DEBUG] New writable file: /db_working_home/000174.sst direct: 1
2026/04/19-17:58:24.882622 1491 Entering Apply Finish Threshold Function
2026/04/19-17:58:24.882647 1491 [DEBUG] Allocating zone(new=1) start: 0xd0000000 wp: 0xd0000000 lt: 5 file lt: 5
2026/04/19-17:58:24.882654 1491 [Zonestats:time(s),used_cap(MB),reclaimable_cap(MB), avg_reclaimable(%), active(#), active_zones(#), open_zones(#)] 96 1372 1571 53 7 8 3
2026/04/19-17:58:24.882660 1491 [DEBUG] Syncing metadata for: /db_working_home/000174.sst
2026/04/19-17:58:25.497591 1490 Zone Garbage Stats: [101 11 1 0 0 2 0 3 1 0 2 0 ]
2026/04/19-17:58:25.497608 1490 Total Garbage Bytes: 224358419 bytes
2026/04/19-17:58:26.249525 1491 Entering Apply Finish Threshold Function
2026/04/19-17:58:26.249557 1491 [DEBUG] Allocating zone(new=1) start: 0xd8000000 wp: 0xd8000000 lt: 5 file lt: 5
2026/04/19-17:58:26.249564 1491 [Zonestats:time(s),used_cap(MB),reclaimable_cap(MB), avg_reclaimable(%), active(#), active_zones(#), open_zones(#)] 98 1500 1571 51 7 8 3
2026/04/19-17:58:26.249571 1491 [DEBUG] Syncing metadata for: /db_working_home/000174.sst
2026/04/19-17:58:26.258271 1491 [DEBUG] Syncing metadata for: /db_working_home/000174.sst
2026/04/19-17:58:26.258996 1491 [DEBUG] Syncing metadata for: /db_working_home/000174.sst
2026/04/19-17:58:26.260058 1491 [DEBUG] GetFileSize: /db_working_home/000174.sst 
2026/04/19-17:58:26.260094 1491 [DEBUG] New writable file: /db_working_home/000175.sst direct: 1
2026/04/19-17:58:26.265799 1491 Entering Apply Finish Threshold Function
2026/04/19-17:58:26.265825 1491 [DEBUG] Allocating zone(new=1) start: 0xe0000000 wp: 0xe0000000 lt: 5 file lt: 5
2026/04/19-17:58:26.265833 1491 [Zonestats:time(s),used_cap(MB),reclaimable_cap(MB), avg_reclaimable(%), active(#), active_zones(#), open_zones(#)] 98 1500 1699 53 8 9 3
2026/04/19-17:58:26.265838 1491 [DEBUG] Syncing metadata for: /db_working_home/000175.sst
2026/04/19-17:58:26.497803 1490 Zone Garbage Stats: [99 13 1 0 0 2 0 3 1 0 2 0 ]
2026/04/19-17:58:26.497820 1490 Total Garbage Bytes: 224358480 bytes
2026/04/19-17:58:26.530869 1491 [DEBUG] Syncing metadata for: /db_working_home/000175.sst
2026/04/19-17:58:26.531446 1491 [DEBUG] Syncing metadata for: /db_working_home/000175.sst
2026/04/19-17:58:26.532501 1491 [DEBUG] GetFileSize: /db_working_home/000175.sst 
2026/04/19-17:58:26.533770 1491 [DEBUG] New random access file: /db_working_home/000161.sst direct: 1
2026/04/19-17:58:26.534524 1491 [DEBUG] GetFileSize: /db_working_home/000161.sst 
2026/04/19-17:58:26.534742 1491 [DEBUG] New random access file: /db_working_home/000171.sst direct: 1
2026/04/19-17:58:26.535241 1491 [DEBUG] GetFileSize: /db_working_home/000171.sst 
2026/04/19-17:58:26.535422 1491 [DEBUG] New random access file: /db_working_home/000172.sst direct: 1
2026/04/19-17:58:26.535961 1491 [DEBUG] GetFileSize: /db_working_home/000172.sst 
2026/04/19-17:58:26.536122 1491 [DEBUG] New random access file: /db_working_home/000174.sst direct: 1
2026/04/19-17:58:26.536680 1491 [DEBUG] GetFileSize: /db_working_home/000174.sst 
2026/04/19-17:58:26.536845 1491 [DEBUG] New random access file: /db_working_home/000175.sst direct: 1
2026/04/19-17:58:26.537267 1491 [DEBUG] GetFileSize: /db_working_home/000175.sst 
2026/04/19-17:58:26.538166 1491 [DEBUG] Syncing metadata for: /db_working_home/MANIFEST-000005
2026/04/19-17:58:26.560307 1491 [DEBUG] New writable file: /db_working_home/000176.sst direct: 1
2026/04/19-17:58:26.563385 1491 Entering Apply Finish Threshold Function
2026/04/19-17:58:26.563410 1491 [DEBUG] Allocating zone(new=0) start: 0xe0000000 wp: 0xe18e4a00 lt: 5 file lt: 3
2026/04/19-17:58:26.563418 1491 [Zonestats:time(s),used_cap(MB),reclaimable_cap(MB), avg_reclaimable(%), active(#), active_zones(#), open_zones(#)] 98 1525 1802 54 9 9 3
2026/04/19-17:58:26.563424 1491 [DEBUG] Syncing metadata for: /db_working_home/000176.sst
2026/04/19-17:58:27.139587 1491 [DEBUG] Syncing metadata for: /db_working_home/000176.sst
2026/04/19-17:58:27.140370 1491 [DEBUG] Syncing metadata for: /db_working_home/000176.sst
2026/04/19-17:58:27.141447 1491 [DEBUG] GetFileSize: /db_working_home/000176.sst 
2026/04/19-17:58:27.141481 1491 [DEBUG] New writable file: /db_working_home/000177.sst direct: 1
2026/04/19-17:58:27.144543 1491 Entering Apply Finish Threshold Function
2026/04/19-17:58:27.144556 1491 Finishing zone: Entering Finish()
2026/04/19-17:58:27.233427 1492 [DEBUG] Allocating zone(new=0) start: 0xd8000000 wp: 0xd8037c00 lt: 5 file lt: 3
2026/04/19-17:58:27.233444 1492 [Zonestats:time(s),used_cap(MB),reclaimable_cap(MB), avg_reclaimable(%), active(#), active_zones(#), open_zones(#)] 99 1577 1750 52 8 8 3
2026/04/19-17:58:27.233453 1492 [DEBUG] Syncing metadata for: /db_working_home/000173.sst
2026/04/19-17:58:27.375100 1492 [DEBUG] Syncing metadata for: /db_working_home/000173.sst
2026/04/19-17:58:27.375674 1492 [DEBUG] Syncing metadata for: /db_working_home/000173.sst
2026/04/19-17:58:27.376498 1492 [DEBUG] New random access file: /db_working_home/000173.sst direct: 1
2026/04/19-17:58:27.376716 1492 [DEBUG] GetFileSize: /db_working_home/000173.sst 
2026/04/19-17:58:27.379315 1492 [DEBUG] Syncing metadata for: /db_working_home/MANIFEST-000005
2026/04/19-17:58:27.379965 1492 [DEBUG] GetFileSize: /db_working_home/000173.sst 
2026/04/19-17:58:27.384897 1492 [DEBUG] Syncing metadata for: /db_working_home/000168.log
2026/04/19-17:58:27.385897 1492 [DEBUG] DeleteFile: ./db_working_home/000044.sst 
2026/04/19-17:58:27.386822 1492 [Zonestats:time(s),used_cap(MB),reclaimable_cap(MB), avg_reclaimable(%), active(#), active_zones(#), open_zones(#)] 99 1465 1606 52 8 8 1
2026/04/19-17:58:27.386865 1492 [DEBUG] DeleteFile: ./db_working_home/000128.sst 
2026/04/19-17:58:27.387684 1492 [Zonestats:time(s),used_cap(MB),reclaimable_cap(MB), avg_reclaimable(%), active(#), active_zones(#), open_zones(#)] 99 1337 1478 52 8 8 1
2026/04/19-17:58:27.387719 1492 [DEBUG] DeleteFile: ./db_working_home/000140.sst 
2026/04/19-17:58:27.388500 1492 [Zonestats:time(s),used_cap(MB),reclaimable_cap(MB), avg_reclaimable(%), active(#), active_zones(#), open_zones(#)] 99 1209 1478 55 8 8 1
2026/04/19-17:58:27.388533 1492 [DEBUG] DeleteFile: ./db_working_home/000152.sst 
2026/04/19-17:58:27.389396 1492 [Zonestats:time(s),used_cap(MB),reclaimable_cap(MB), avg_reclaimable(%), active(#), active_zones(#), open_zones(#)] 99 1081 1478 57 8 8 1
2026/04/19-17:58:27.389429 1492 [DEBUG] DeleteFile: ./db_working_home/000154.sst 
2026/04/19-17:58:27.390215 1492 [Zonestats:time(s),used_cap(MB),reclaimable_cap(MB), avg_reclaimable(%), active(#), active_zones(#), open_zones(#)] 99 1056 1503 58 8 8 1
2026/04/19-17:58:27.390246 1492 [DEBUG] DeleteFile: ./db_working_home/000168.log 
2026/04/19-17:58:27.390809 1492 [Zonestats:time(s),used_cap(MB),reclaimable_cap(MB), avg_reclaimable(%), active(#), active_zones(#), open_zones(#)] 99 1040 1519 59 8 8 1
2026/04/19-17:58:27.391848 1488 [DEBUG] New writable file: /db_working_home/000178.log direct: 0
2026/04/19-17:58:27.392977 1492 [DEBUG] New writable file: /db_working_home/000179.sst direct: 1
2026/04/19-17:58:27.394756 1492 Entering Apply Finish Threshold Function
2026/04/19-17:58:27.394766 1492 Finishing zone: Entering Finish()
2026/04/19-17:58:27.498008 1490 Zone Garbage Stats: [105 9 1 0 0 1 0 4 1 1 0 0 ]
2026/04/19-17:58:27.498022 1490 Total Garbage Bytes: 101254764 bytes
2026/04/19-17:58:27.954945 1491 [DEBUG] Allocating zone(new=0) start: 0xd8000000 wp: 0xd8fa9200 lt: 5 file lt: 3
2026/04/19-17:58:27.954959 1491 [Zonestats:time(s),used_cap(MB),reclaimable_cap(MB), avg_reclaimable(%), active(#), active_zones(#), open_zones(#)] 99 1040 1519 59 7 7 2
2026/04/19-17:58:27.954968 1491 [DEBUG] Syncing metadata for: /db_working_home/000177.sst
2026/04/19-17:58:28.498211 1490 Zone Garbage Stats: [105 8 1 0 1 1 0 4 1 1 0 0 ]
2026/04/19-17:58:28.498330 1490 Total Garbage Bytes: 101255048 bytes
2026/04/19-17:58:28.613955 1491 [DEBUG] Syncing metadata for: /db_working_home/000177.sst
2026/04/19-17:58:28.614531 1491 [DEBUG] Syncing metadata for: /db_working_home/000177.sst
2026/04/19-17:58:28.615592 1491 [DEBUG] GetFileSize: /db_working_home/000177.sst 
2026/04/19-17:58:28.617011 1491 [DEBUG] New random access file: /db_working_home/000176.sst direct: 1
2026/04/19-17:58:28.617509 1491 [DEBUG] GetFileSize: /db_working_home/000176.sst 
2026/04/19-17:58:28.617685 1491 [DEBUG] New random access file: /db_working_home/000177.sst direct: 1
2026/04/19-17:58:28.618116 1491 [DEBUG] GetFileSize: /db_working_home/000177.sst 
2026/04/19-17:58:28.619009 1491 [DEBUG] Syncing metadata for: /db_working_home/MANIFEST-000005
2026/04/19-17:58:28.620389 1491 [DEBUG] Syncing metadata for: /db_working_home/MANIFEST-000005
2026/04/19-17:58:28.627666 1491 [DEBUG] New writable file: /db_working_home/000180.sst direct: 1
2026/04/19-17:58:28.630595 1491 Entering Apply Finish Threshold Function
2026/04/19-17:58:28.630605 1491 Finishing zone: Entering Finish()
2026/04/19-17:58:28.653453 1492 [DEBUG] Allocating zone(new=0) start: 0xa8000000 wp: 0xa8037c00 lt: 5 file lt: 3
2026/04/19-17:58:28.653468 1492 [Zonestats:time(s),used_cap(MB),reclaimable_cap(MB), avg_reclaimable(%), active(#), active_zones(#), open_zones(#)] 100 1095 1464 57 6 6 2
2026/04/19-17:58:28.653477 1492 [DEBUG] Syncing metadata for: /db_working_home/000179.sst
2026/04/19-17:58:28.658428 1492 [DEBUG] Syncing metadata for: /db_working_home/000179.sst
2026/04/19-17:58:28.658997 1492 [DEBUG] Syncing metadata for: /db_working_home/000179.sst
2026/04/19-17:58:28.659972 1492 [DEBUG] New random access file: /db_working_home/000179.sst direct: 1
2026/04/19-17:58:28.660139 1492 [DEBUG] GetFileSize: /db_working_home/000179.sst 
2026/04/19-17:58:28.662279 1492 [DEBUG] Syncing metadata for: /db_working_home/MANIFEST-000005
2026/04/19-17:58:28.662908 1492 [DEBUG] GetFileSize: /db_working_home/000179.sst 
2026/04/19-17:58:28.662944 1492 [DEBUG] Allocating zone(new=0) start: 0xa8000000 wp: 0xa80bf800 lt: 5 file lt: 2
2026/04/19-17:58:28.662950 1492 [DEBUG] Syncing metadata for: /db_working_home/000170.log
2026/04/19-17:58:28.668323 1492 [DEBUG] Syncing metadata for: /db_working_home/000170.log
2026/04/19-17:58:28.669325 1492 [DEBUG] DeleteFile: ./db_working_home/000151.sst 
2026/04/19-17:58:28.670029 1492 [Zonestats:time(s),used_cap(MB),reclaimable_cap(MB), avg_reclaimable(%), active(#), active_zones(#), open_zones(#)] 100 1081 1478 57 6 6 1
2026/04/19-17:58:28.670072 1492 [DEBUG] DeleteFile: ./db_working_home/000157.sst 
2026/04/19-17:58:28.670730 1492 [Zonestats:time(s),used_cap(MB),reclaimable_cap(MB), avg_reclaimable(%), active(#), active_zones(#), open_zones(#)] 100 1065 1366 56 6 6 1
2026/04/19-17:58:28.670766 1492 [DEBUG] DeleteFile: ./db_working_home/000160.sst 
2026/04/19-17:58:28.671611 1492 [Zonestats:time(s),used_cap(MB),reclaimable_cap(MB), avg_reclaimable(%), active(#), active_zones(#), open_zones(#)] 100 1050 1253 54 6 6 1
2026/04/19-17:58:28.671643 1492 [DEBUG] DeleteFile: ./db_working_home/000163.sst 
2026/04/19-17:58:28.672423 1492 [Zonestats:time(s),used_cap(MB),reclaimable_cap(MB), avg_reclaimable(%), active(#), active_zones(#), open_zones(#)] 100 1035 1268 55 6 6 1
2026/04/19-17:58:28.672455 1492 [DEBUG] DeleteFile: ./db_working_home/000165.sst 
2026/04/19-17:58:28.673334 1492 [Zonestats:time(s),used_cap(MB),reclaimable_cap(MB), avg_reclaimable(%), active(#), active_zones(#), open_zones(#)] 100 1019 1284 55 6 6 1
2026/04/19-17:58:28.673366 1492 [DEBUG] DeleteFile: ./db_working_home/000167.sst 
2026/04/19-17:58:28.674224 1492 [Zonestats:time(s),used_cap(MB),reclaimable_cap(MB), avg_reclaimable(%), active(#), active_zones(#), open_zones(#)] 100 1004 1299 56 6 6 1
2026/04/19-17:58:28.674256 1492 [DEBUG] DeleteFile: ./db_working_home/000169.sst 
2026/04/19-17:58:28.675123 1492 [Zonestats:time(s),used_cap(MB),reclaimable_cap(MB), avg_reclaimable(%), active(#), active_zones(#), open_zones(#)] 100 988 1315 57 6 6 1
2026/04/19-17:58:28.675153 1492 [DEBUG] DeleteFile: ./db_working_home/000170.log 
2026/04/19-17:58:28.676023 1492 [Zonestats:time(s),used_cap(MB),reclaimable_cap(MB), avg_reclaimable(%), active(#), active_zones(#), open_zones(#)] 100 988 1315 57 6 6 1
2026/04/19-17:58:29.111131 1491 [DEBUG] Allocating zone(new=1) start: 0x30000000 wp: 0x30000000 lt: 5 file lt: 5
2026/04/19-17:58:29.111146 1491 [Zonestats:time(s),used_cap(MB),reclaimable_cap(MB), avg_reclaimable(%), active(#), active_zones(#), open_zones(#)] 101 988 1315 57 5 6 2
2026/04/19-17:58:29.111155 1491 [DEBUG] Syncing metadata for: /db_working_home/000180.sst
2026/04/19-17:58:29.498521 1490 Zone Garbage Stats: [106 7 1 0 2 2 0 3 1 0 1 0 ]
2026/04/19-17:58:29.498538 1490 Total Garbage Bytes: 150038979 bytes
2026/04/19-17:58:29.805518 1491 [DEBUG] Syncing metadata for: /db_working_home/000180.sst
2026/04/19-17:58:29.806093 1491 [DEBUG] Syncing metadata for: /db_working_home/000180.sst
2026/04/19-17:58:29.806797 1491 [DEBUG] GetFileSize: /db_working_home/000180.sst 
2026/04/19-17:58:29.806831 1491 [DEBUG] New writable file: /db_working_home/000181.sst direct: 1
2026/04/19-17:58:29.809637 1491 Entering Apply Finish Threshold Function
2026/04/19-17:58:29.809647 1491 Finishing zone: Entering Finish()
2026/04/19-17:58:30.297895 1491 [DEBUG] Allocating zone(new=1) start: 0x40000000 wp: 0x40000000 lt: 5 file lt: 5
2026/04/19-17:58:30.297911 1491 [Zonestats:time(s),used_cap(MB),reclaimable_cap(MB), avg_reclaimable(%), active(#), active_zones(#), open_zones(#)] 102 1055 1376 56 5 6 2
2026/04/19-17:58:30.297956 1491 [DEBUG] Syncing metadata for: /db_working_home/000181.sst
2026/04/19-17:58:30.460605 1491 [DEBUG] Syncing metadata for: /db_working_home/000181.sst
2026/04/19-17:58:30.461183 1491 [DEBUG] Syncing metadata for: /db_working_home/000181.sst
2026/04/19-17:58:30.461890 1491 [DEBUG] GetFileSize: /db_working_home/000181.sst 
2026/04/19-17:58:30.463300 1491 [DEBUG] New random access file: /db_working_home/000180.sst direct: 1
2026/04/19-17:58:30.463581 1491 [DEBUG] GetFileSize: /db_working_home/000180.sst 
2026/04/19-17:58:30.463752 1491 [DEBUG] New random access file: /db_working_home/000181.sst direct: 1
2026/04/19-17:58:30.463927 1491 [DEBUG] GetFileSize: /db_working_home/000181.sst 
2026/04/19-17:58:30.464745 1491 [DEBUG] Syncing metadata for: /db_working_home/MANIFEST-000005
2026/04/19-17:58:30.465474 1491 [DEBUG] DeleteFile: ./db_working_home/000136.sst 
2026/04/19-17:58:30.466164 1491 [Zonestats:time(s),used_cap(MB),reclaimable_cap(MB), avg_reclaimable(%), active(#), active_zones(#), open_zones(#)] 102 1033 1398 57 6 6 1
2026/04/19-17:58:30.466205 1491 [DEBUG] DeleteFile: ./db_working_home/000155.sst 
2026/04/19-17:58:30.466851 1491 [Zonestats:time(s),used_cap(MB),reclaimable_cap(MB), avg_reclaimable(%), active(#), active_zones(#), open_zones(#)] 102 988 1315 57 6 6 1
2026/04/19-17:58:30.472216 1491 [DEBUG] New writable file: /db_working_home/000182.sst direct: 1
2026/04/19-17:58:30.475040 1491 Entering Apply Finish Threshold Function
2026/04/19-17:58:30.475065 1491 [DEBUG] Allocating zone(new=1) start: 0x60000000 wp: 0x60000000 lt: 5 file lt: 5
2026/04/19-17:58:30.475073 1491 [Zonestats:time(s),used_cap(MB),reclaimable_cap(MB), avg_reclaimable(%), active(#), active_zones(#), open_zones(#)] 102 988 1315 57 6 7 2
2026/04/19-17:58:30.475079 1491 [DEBUG] Syncing metadata for: /db_working_home/000182.sst
2026/04/19-17:58:30.498726 1490 Zone Garbage Stats: [106 8 1 0 2 3 0 2 0 0 1 0 ]
2026/04/19-17:58:30.498740 1490 Total Garbage Bytes: 81783631 bytes
2026/04/19-17:58:31.135803 1491 [DEBUG] Syncing metadata for: /db_working_home/000182.sst
2026/04/19-17:58:31.136361 1491 [DEBUG] Syncing metadata for: /db_working_home/000182.sst
2026/04/19-17:58:31.137054 1491 [DEBUG] GetFileSize: /db_working_home/000182.sst 
2026/04/19-17:58:31.137086 1491 [DEBUG] New writable file: /db_working_home/000183.sst direct: 1
2026/04/19-17:58:31.139847 1491 Entering Apply Finish Threshold Function
2026/04/19-17:58:31.139857 1491 Finishing zone: Entering Finish()
2026/04/19-17:58:31.498921 1490 Zone Garbage Stats: [106 8 1 0 2 3 0 2 0 0 1 0 ]
2026/04/19-17:58:31.498936 1490 Total Garbage Bytes: 81783631 bytes
2026/04/19-17:58:31.652326 1491 [DEBUG] Allocating zone(new=1) start: 0x68000000 wp: 0x68000000 lt: 5 file lt: 5
2026/04/19-17:58:31.652340 1491 [Zonestats:time(s),used_cap(MB),reclaimable_cap(MB), avg_reclaimable(%), active(#), active_zones(#), open_zones(#)] 103 1052 1379 56 6 7 2
2026/04/19-17:58:31.652357 1491 [DEBUG] Syncing metadata for: /db_working_home/000183.sst
2026/04/19-17:58:32.313257 1491 [DEBUG] Syncing metadata for: /db_working_home/000183.sst
2026/04/19-17:58:32.313819 1491 [DEBUG] Syncing metadata for: /db_working_home/000183.sst
2026/04/19-17:58:32.314515 1491 [DEBUG] GetFileSize: /db_working_home/000183.sst 
2026/04/19-17:58:32.314564 1491 [DEBUG] New writable file: /db_working_home/000184.sst direct: 1
2026/04/19-17:58:32.319727 1491 Entering Apply Finish Threshold Function
2026/04/19-17:58:32.319737 1491 Finishing zone: Entering Finish()
2026/04/19-17:58:32.499122 1490 Zone Garbage Stats: [105 8 1 0 2 4 0 2 0 0 1 0 ]
2026/04/19-17:58:32.499136 1490 Total Garbage Bytes: 81783856 bytes
2026/04/19-17:58:32.832120 1491 [DEBUG] Allocating zone(new=1) start: 0x90000000 wp: 0x90000000 lt: 5 file lt: 5
2026/04/19-17:58:32.832135 1491 [Zonestats:time(s),used_cap(MB),reclaimable_cap(MB), avg_reclaimable(%), active(#), active_zones(#), open_zones(#)] 104 1116 1443 56 6 7 2
2026/04/19-17:58:32.832144 1491 [DEBUG] Syncing metadata for: /db_working_home/000184.sst
2026/04/19-17:58:33.494664 1491 [DEBUG] Syncing metadata for: /db_working_home/000184.sst
2026/04/19-17:58:33.495238 1491 [DEBUG] Syncing metadata for: /db_working_home/000184.sst
2026/04/19-17:58:33.495960 1491 [DEBUG] GetFileSize: /db_working_home/000184.sst 
2026/04/19-17:58:33.495993 1491 [DEBUG] New writable file: /db_working_home/000185.sst direct: 1
2026/04/19-17:58:33.498683 1491 Entering Apply Finish Threshold Function
2026/04/19-17:58:33.498753 1491 Finishing zone: Entering Finish()
2026/04/19-17:58:33.499292 1490 Zone Garbage Stats: [104 8 1 0 2 5 0 2 0 0 1 0 ]
2026/04/19-17:58:33.499307 1490 Total Garbage Bytes: 81783965 bytes
2026/04/19-17:58:34.011176 1491 [DEBUG] Allocating zone(new=1) start: 0x98000000 wp: 0x98000000 lt: 5 file lt: 5
2026/04/19-17:58:34.011193 1491 [Zonestats:time(s),used_cap(MB),reclaimable_cap(MB), avg_reclaimable(%), active(#), active_zones(#), open_zones(#)] 106 1180 1507 56 6 7 2
2026/04/19-17:58:34.011201 1491 [DEBUG] Syncing metadata for: /db_working_home/000185.sst
2026/04/19-17:58:34.499501 1490 Zone Garbage Stats: [103 8 1 0 2 6 0 2 0 0 1 0 ]
2026/04/19-17:58:34.499519 1490 Total Garbage Bytes: 81784024 bytes
2026/04/19-17:58:34.674153 1491 [DEBUG] Syncing metadata for: /db_working_home/000185.sst
2026/04/19-17:58:34.674713 1491 [DEBUG] Syncing metadata for: /db_working_home/000185.sst
2026/04/19-17:58:34.675414 1491 [DEBUG] GetFileSize: /db_working_home/000185.sst 
2026/04/19-17:58:34.675458 1491 [DEBUG] New writable file: /db_working_home/000186.sst direct: 1
2026/04/19-17:58:34.680652 1491 Entering Apply Finish Threshold Function
2026/04/19-17:58:34.680665 1491 Finishing zone: Entering Finish()
2026/04/19-17:58:35.193183 1491 [DEBUG] Allocating zone(new=1) start: 0xa0000000 wp: 0xa0000000 lt: 5 file lt: 5
2026/04/19-17:58:35.193198 1491 [Zonestats:time(s),used_cap(MB),reclaimable_cap(MB), avg_reclaimable(%), active(#), active_zones(#), open_zones(#)] 107 1244 1571 55 6 7 2
2026/04/19-17:58:35.193208 1491 [DEBUG] Syncing metadata for: /db_working_home/000186.sst
2026/04/19-17:58:35.499735 1490 Zone Garbage Stats: [102 8 1 0 2 7 0 2 0 0 1 0 ]
2026/04/19-17:58:35.499753 1490 Total Garbage Bytes: 81784045 bytes
2026/04/19-17:58:35.855841 1491 [DEBUG] Syncing metadata for: /db_working_home/000186.sst
2026/04/19-17:58:35.856403 1491 [DEBUG] Syncing metadata for: /db_working_home/000186.sst
2026/04/19-17:58:35.857107 1491 [DEBUG] GetFileSize: /db_working_home/000186.sst 
2026/04/19-17:58:35.857140 1491 [DEBUG] New writable file: /db_working_home/000187.sst direct: 1
2026/04/19-17:58:35.859884 1491 Entering Apply Finish Threshold Function
2026/04/19-17:58:35.859895 1491 Finishing zone: Entering Finish()
2026/04/19-17:58:36.372077 1491 [DEBUG] Allocating zone(new=1) start: 0xb8000000 wp: 0xb8000000 lt: 5 file lt: 5
2026/04/19-17:58:36.372094 1491 [Zonestats:time(s),used_cap(MB),reclaimable_cap(MB), avg_reclaimable(%), active(#), active_zones(#), open_zones(#)] 108 1308 1635 55 6 7 2
2026/04/19-17:58:36.372103 1491 [DEBUG] Syncing metadata for: /db_working_home/000187.sst
2026/04/19-17:58:36.499977 1490 Zone Garbage Stats: [101 8 1 0 2 8 0 2 0 0 1 0 ]
2026/04/19-17:58:36.499994 1490 Total Garbage Bytes: 81784478 bytes
2026/04/19-17:58:37.034112 1491 [DEBUG] Syncing metadata for: /db_working_home/000187.sst
2026/04/19-17:58:37.034667 1491 [DEBUG] Syncing metadata for: /db_working_home/000187.sst
2026/04/19-17:58:37.035403 1491 [DEBUG] GetFileSize: /db_working_home/000187.sst 
2026/04/19-17:58:37.035445 1491 [DEBUG] New writable file: /db_working_home/000188.sst direct: 1
2026/04/19-17:58:37.040650 1491 Entering Apply Finish Threshold Function
2026/04/19-17:58:37.040660 1491 Finishing zone: Entering Finish()
2026/04/19-17:58:37.500319 1490 Zone Garbage Stats: [101 8 1 0 2 8 0 2 0 0 1 0 ]
2026/04/19-17:58:37.500334 1490 Total Garbage Bytes: 81784478 bytes
2026/04/19-17:58:37.553045 1491 [DEBUG] Allocating zone(new=1) start: 0xc0000000 wp: 0xc0000000 lt: 5 file lt: 5
2026/04/19-17:58:37.553059 1491 [Zonestats:time(s),used_cap(MB),reclaimable_cap(MB), avg_reclaimable(%), active(#), active_zones(#), open_zones(#)] 109 1372 1699 55 6 7 2
2026/04/19-17:58:37.553096 1491 [DEBUG] Syncing metadata for: /db_working_home/000188.sst
2026/04/19-17:58:38.216284 1491 [DEBUG] Syncing metadata for: /db_working_home/000188.sst
2026/04/19-17:58:38.216861 1491 [DEBUG] Syncing metadata for: /db_working_home/000188.sst
2026/04/19-17:58:38.217643 1491 [DEBUG] GetFileSize: /db_working_home/000188.sst 
2026/04/19-17:58:38.217705 1491 [DEBUG] New writable file: /db_working_home/000189.sst direct: 1
2026/04/19-17:58:38.220441 1491 Entering Apply Finish Threshold Function
2026/04/19-17:58:38.220452 1491 Finishing zone: Entering Finish()
2026/04/19-17:58:38.500524 1490 Zone Garbage Stats: [100 8 1 0 2 9 0 2 0 0 1 0 ]
2026/04/19-17:58:38.500684 1490 Total Garbage Bytes: 81784590 bytes
2026/04/19-17:58:38.732651 1491 [DEBUG] Allocating zone(new=1) start: 0xc8000000 wp: 0xc8000000 lt: 5 file lt: 5
2026/04/19-17:58:38.732674 1491 [Zonestats:time(s),used_cap(MB),reclaimable_cap(MB), avg_reclaimable(%), active(#), active_zones(#), open_zones(#)] 110 1436 1763 55 6 7 2
2026/04/19-17:58:38.732684 1491 [DEBUG] Syncing metadata for: /db_working_home/000189.sst
2026/04/19-17:58:39.394280 1491 [DEBUG] Syncing metadata for: /db_working_home/000189.sst
2026/04/19-17:58:39.394848 1491 [DEBUG] Syncing metadata for: /db_working_home/000189.sst
2026/04/19-17:58:39.395609 1491 [DEBUG] GetFileSize: /db_working_home/000189.sst 
2026/04/19-17:58:39.395665 1491 [DEBUG] New writable file: /db_working_home/000190.sst direct: 1
2026/04/19-17:58:39.398532 1491 Entering Apply Finish Threshold Function
2026/04/19-17:58:39.398544 1491 Finishing zone: Entering Finish()
2026/04/19-17:58:39.500912 1490 Zone Garbage Stats: [99 8 1 0 2 10 0 2 0 0 1 0 ]
2026/04/19-17:58:39.500937 1490 Total Garbage Bytes: 81784700 bytes
2026/04/19-17:58:39.910723 1491 [DEBUG] Allocating zone(new=1) start: 0xe8000000 wp: 0xe8000000 lt: 5 file lt: 5
2026/04/19-17:58:39.910800 1491 [Zonestats:time(s),used_cap(MB),reclaimable_cap(MB), avg_reclaimable(%), active(#), active_zones(#), open_zones(#)] 111 1501 1826 54 6 7 2
2026/04/19-17:58:39.910823 1491 [DEBUG] Syncing metadata for: /db_working_home/000190.sst
2026/04/19-17:58:40.501142 1490 Zone Garbage Stats: [98 8 1 0 2 11 0 2 0 0 1 0 ]
2026/04/19-17:58:40.501159 1490 Total Garbage Bytes: 81785175 bytes
2026/04/19-17:58:40.574419 1491 [DEBUG] Syncing metadata for: /db_working_home/000190.sst
2026/04/19-17:58:40.574980 1491 [DEBUG] Syncing metadata for: /db_working_home/000190.sst
2026/04/19-17:58:40.575716 1491 [DEBUG] GetFileSize: /db_working_home/000190.sst 
2026/04/19-17:58:40.575749 1491 [DEBUG] New writable file: /db_working_home/000191.sst direct: 1
2026/04/19-17:58:40.578542 1491 Entering Apply Finish Threshold Function
2026/04/19-17:58:40.578554 1491 Finishing zone: Entering Finish()
2026/04/19-17:58:41.090274 1491 [DEBUG] Allocating zone(new=1) start: 0xf0000000 wp: 0xf0000000 lt: 5 file lt: 5
2026/04/19-17:58:41.090289 1491 [Zonestats:time(s),used_cap(MB),reclaimable_cap(MB), avg_reclaimable(%), active(#), active_zones(#), open_zones(#)] 113 1565 1890 54 6 7 2
2026/04/19-17:58:41.090298 1491 [DEBUG] Syncing metadata for: /db_working_home/000191.sst
2026/04/19-17:58:41.501350 1490 Zone Garbage Stats: [97 8 1 0 2 12 0 2 0 0 1 0 ]
2026/04/19-17:58:41.501367 1490 Total Garbage Bytes: 81785684 bytes
2026/04/19-17:58:41.752559 1491 [DEBUG] Syncing metadata for: /db_working_home/000191.sst
2026/04/19-17:58:41.753117 1491 [DEBUG] Syncing metadata for: /db_working_home/000191.sst
2026/04/19-17:58:41.753809 1491 [DEBUG] GetFileSize: /db_working_home/000191.sst 
2026/04/19-17:58:41.753841 1491 [DEBUG] New writable file: /db_working_home/000192.sst direct: 1
2026/04/19-17:58:41.756595 1491 Entering Apply Finish Threshold Function
2026/04/19-17:58:41.756606 1491 Finishing zone: Entering Finish()
2026/04/19-17:58:42.268353 1491 [DEBUG] Allocating zone(new=1) start: 0xf8000000 wp: 0xf8000000 lt: 5 file lt: 5
2026/04/19-17:58:42.268369 1491 [Zonestats:time(s),used_cap(MB),reclaimable_cap(MB), avg_reclaimable(%), active(#), active_zones(#), open_zones(#)] 114 1629 1954 54 6 7 2
2026/04/19-17:58:42.268377 1491 [DEBUG] Syncing metadata for: /db_working_home/000192.sst
2026/04/19-17:58:42.356811 1491 [DEBUG] Syncing metadata for: /db_working_home/000192.sst
2026/04/19-17:58:42.357388 1491 [DEBUG] Syncing metadata for: /db_working_home/000192.sst
2026/04/19-17:58:42.358108 1491 [DEBUG] GetFileSize: /db_working_home/000192.sst 
2026/04/19-17:58:42.359610 1491 [DEBUG] New random access file: /db_working_home/000182.sst direct: 1
2026/04/19-17:58:42.359934 1491 [DEBUG] GetFileSize: /db_working_home/000182.sst 
2026/04/19-17:58:42.360392 1491 [DEBUG] New random access file: /db_working_home/000183.sst direct: 1
2026/04/19-17:58:42.360641 1491 [DEBUG] GetFileSize: /db_working_home/000183.sst 
2026/04/19-17:58:42.360801 1491 [DEBUG] New random access file: /db_working_home/000184.sst direct: 1
2026/04/19-17:58:42.361036 1491 [DEBUG] GetFileSize: /db_working_home/000184.sst 
2026/04/19-17:58:42.361186 1491 [DEBUG] New random access file: /db_working_home/000185.sst direct: 1
2026/04/19-17:58:42.361418 1491 [DEBUG] GetFileSize: /db_working_home/000185.sst 
2026/04/19-17:58:42.361564 1491 [DEBUG] New random access file: /db_working_home/000186.sst direct: 1
2026/04/19-17:58:42.361797 1491 [DEBUG] GetFileSize: /db_working_home/000186.sst 
2026/04/19-17:58:42.361973 1491 [DEBUG] New random access file: /db_working_home/000187.sst direct: 1
2026/04/19-17:58:42.362200 1491 [DEBUG] GetFileSize: /db_working_home/000187.sst 
2026/04/19-17:58:42.362331 1491 [DEBUG] New random access file: /db_working_home/000188.sst direct: 1
2026/04/19-17:58:42.362549 1491 [DEBUG] GetFileSize: /db_working_home/000188.sst 
2026/04/19-17:58:42.362694 1491 [DEBUG] New random access file: /db_working_home/000189.sst direct: 1
2026/04/19-17:58:42.362917 1491 [DEBUG] GetFileSize: /db_working_home/000189.sst 
2026/04/19-17:58:42.363058 1491 [DEBUG] New random access file: /db_working_home/000190.sst direct: 1
2026/04/19-17:58:42.363278 1491 [DEBUG] GetFileSize: /db_working_home/000190.sst 
2026/04/19-17:58:42.363406 1491 [DEBUG] New random access file: /db_working_home/000191.sst direct: 1
2026/04/19-17:58:42.363625 1491 [DEBUG] GetFileSize: /db_working_home/000191.sst 
2026/04/19-17:58:42.363750 1491 [DEBUG] New random access file: /db_working_home/000192.sst direct: 1
2026/04/19-17:58:42.363902 1491 [DEBUG] GetFileSize: /db_working_home/000192.sst 
2026/04/19-17:58:42.365185 1491 [DEBUG] Syncing metadata for: /db_working_home/MANIFEST-000005
2026/04/19-17:58:42.366167 1491 [DEBUG] DeleteFile: ./db_working_home/000016.sst 
2026/04/19-17:58:42.366895 1491 [Zonestats:time(s),used_cap(MB),reclaimable_cap(MB), avg_reclaimable(%), active(#), active_zones(#), open_zones(#)] 114 1591 1992 55 7 7 1
2026/04/19-17:58:42.366936 1491 [DEBUG] DeleteFile: ./db_working_home/000100.sst 
2026/04/19-17:58:42.367554 1491 [Zonestats:time(s),used_cap(MB),reclaimable_cap(MB), avg_reclaimable(%), active(#), active_zones(#), open_zones(#)] 114 1525 1930 55 7 7 1
2026/04/19-17:58:42.367583 1491 [DEBUG] DeleteFile: ./db_working_home/000159.sst 
2026/04/19-17:58:42.368195 1491 [Zonestats:time(s),used_cap(MB),reclaimable_cap(MB), avg_reclaimable(%), active(#), active_zones(#), open_zones(#)] 114 1525 1802 54 7 7 1
2026/04/19-17:58:42.368222 1491 [DEBUG] DeleteFile: ./db_working_home/000161.sst 
2026/04/19-17:58:42.368902 1491 [Zonestats:time(s),used_cap(MB),reclaimable_cap(MB), avg_reclaimable(%), active(#), active_zones(#), open_zones(#)] 114 1397 1674 54 6 6 1
2026/04/19-17:58:42.368928 1491 [DEBUG] DeleteFile: ./db_working_home/000171.sst 
2026/04/19-17:58:42.369598 1491 [Zonestats:time(s),used_cap(MB),reclaimable_cap(MB), avg_reclaimable(%), active(#), active_zones(#), open_zones(#)] 114 1269 1546 54 5 5 1
2026/04/19-17:58:42.369624 1491 [DEBUG] DeleteFile: ./db_working_home/000172.sst 
2026/04/19-17:58:42.370236 1491 [Zonestats:time(s),used_cap(MB),reclaimable_cap(MB), avg_reclaimable(%), active(#), active_zones(#), open_zones(#)] 114 1141 1546 57 5 5 1
2026/04/19-17:58:42.370263 1491 [DEBUG] DeleteFile: ./db_working_home/000174.sst 
2026/04/19-17:58:42.370865 1491 [Zonestats:time(s),used_cap(MB),reclaimable_cap(MB), avg_reclaimable(%), active(#), active_zones(#), open_zones(#)] 114 1013 1546 60 5 5 1
2026/04/19-17:58:42.370890 1491 [DEBUG] DeleteFile: ./db_working_home/000175.sst 
2026/04/19-17:58:42.371425 1491 [Zonestats:time(s),used_cap(MB),reclaimable_cap(MB), avg_reclaimable(%), active(#), active_zones(#), open_zones(#)] 114 988 1571 61 5 5 1
2026/04/19-17:58:42.372186 1491 [DEBUG] Syncing metadata for: /db_working_home/MANIFEST-000005
2026/04/19-17:58:42.373411 1491 [DEBUG] Syncing metadata for: /db_working_home/MANIFEST-000005
2026/04/19-17:58:42.374646 1491 [DEBUG] Syncing metadata for: /db_working_home/MANIFEST-000005
2026/04/19-17:58:42.380563 1491 [DEBUG] New writable file: /db_working_home/000193.sst direct: 1
2026/04/19-17:58:42.383171 1491 Entering Apply Finish Threshold Function
2026/04/19-17:58:42.383191 1491 [DEBUG] Allocating zone(new=1) start: 0x28000000 wp: 0x28000000 lt: 5 file lt: 5
2026/04/19-17:58:42.383197 1491 [Zonestats:time(s),used_cap(MB),reclaimable_cap(MB), avg_reclaimable(%), active(#), active_zones(#), open_zones(#)] 114 988 1571 61 5 6 2
2026/04/19-17:58:42.383202 1491 [DEBUG] Syncing metadata for: /db_working_home/000193.sst
2026/04/19-17:58:42.501560 1490 Zone Garbage Stats: [104 4 0 0 1 12 1 1 0 0 0 0 ]
2026/04/19-17:58:42.501577 1490 Total Garbage Bytes: 43570072 bytes
2026/04/19-17:58:42.988400 1491 [DEBUG] Syncing metadata for: /db_working_home/000193.sst
2026/04/19-17:58:42.988975 1491 [DEBUG] Syncing metadata for: /db_working_home/000193.sst
2026/04/19-17:58:42.989682 1491 [DEBUG] GetFileSize: /db_working_home/000193.sst 
2026/04/19-17:58:42.989717 1491 [DEBUG] New writable file: /db_working_home/000194.sst direct: 1
2026/04/19-17:58:42.992705 1491 Entering Apply Finish Threshold Function
2026/04/19-17:58:42.992714 1491 Finishing zone: Entering Finish()
2026/04/19-17:58:43.501756 1490 Zone Garbage Stats: [104 4 0 0 1 12 1 1 0 0 0 0 ]
2026/04/19-17:58:43.501866 1490 Total Garbage Bytes: 43570072 bytes
2026/04/19-17:58:43.545472 1491 [DEBUG] Allocating zone(new=1) start: 0x38000000 wp: 0x38000000 lt: 5 file lt: 5
2026/04/19-17:58:43.545487 1491 [Zonestats:time(s),used_cap(MB),reclaimable_cap(MB), avg_reclaimable(%), active(#), active_zones(#), open_zones(#)] 115 1047 1640 61 5 6 2
2026/04/19-17:58:43.545495 1491 [DEBUG] Syncing metadata for: /db_working_home/000194.sst
2026/04/19-17:58:44.248923 1491 [DEBUG] Syncing metadata for: /db_working_home/000194.sst
2026/04/19-17:58:44.249481 1491 [DEBUG] Syncing metadata for: /db_working_home/000194.sst
2026/04/19-17:58:44.250189 1491 [DEBUG] GetFileSize: /db_working_home/000194.sst 
2026/04/19-17:58:44.250223 1491 [DEBUG] New writable file: /db_working_home/000195.sst direct: 1
2026/04/19-17:58:44.253032 1491 Entering Apply Finish Threshold Function
2026/04/19-17:58:44.253043 1491 Finishing zone: Entering Finish()
2026/04/19-17:58:44.502053 1490 Zone Garbage Stats: [103 4 0 0 1 12 2 1 0 0 0 0 ]
2026/04/19-17:58:44.502066 1490 Total Garbage Bytes: 43570382 bytes
2026/04/19-17:58:44.764772 1491 [DEBUG] Allocating zone(new=1) start: 0x48000000 wp: 0x48000000 lt: 5 file lt: 5
2026/04/19-17:58:44.764787 1491 [Zonestats:time(s),used_cap(MB),reclaimable_cap(MB), avg_reclaimable(%), active(#), active_zones(#), open_zones(#)] 116 1111 1704 60 5 6 2
2026/04/19-17:58:44.764796 1491 [DEBUG] Syncing metadata for: /db_working_home/000195.sst
2026/04/19-17:58:44.853766 1491 [DEBUG] Syncing metadata for: /db_working_home/000195.sst
2026/04/19-17:58:44.854345 1491 [DEBUG] Syncing metadata for: /db_working_home/000195.sst
2026/04/19-17:58:44.855048 1491 [DEBUG] GetFileSize: /db_working_home/000195.sst 
2026/04/19-17:58:44.856440 1491 [DEBUG] New random access file: /db_working_home/000193.sst direct: 1
2026/04/19-17:58:44.856721 1491 [DEBUG] GetFileSize: /db_working_home/000193.sst 
2026/04/19-17:58:44.856888 1491 [DEBUG] New random access file: /db_working_home/000194.sst direct: 1
2026/04/19-17:58:44.857130 1491 [DEBUG] GetFileSize: /db_working_home/000194.sst 
2026/04/19-17:58:44.857297 1491 [DEBUG] New random access file: /db_working_home/000195.sst direct: 1
2026/04/19-17:58:44.857465 1491 [DEBUG] GetFileSize: /db_working_home/000195.sst 
2026/04/19-17:58:44.858273 1491 [DEBUG] Syncing metadata for: /db_working_home/MANIFEST-000005
2026/04/19-17:58:44.858996 1491 [DEBUG] DeleteFile: ./db_working_home/000122.sst 
2026/04/19-17:58:44.859673 1491 [Zonestats:time(s),used_cap(MB),reclaimable_cap(MB), avg_reclaimable(%), active(#), active_zones(#), open_zones(#)] 116 1075 1740 61 6 6 1
2026/04/19-17:58:44.859714 1491 [DEBUG] DeleteFile: ./db_working_home/000156.sst 
2026/04/19-17:58:44.860357 1491 [Zonestats:time(s),used_cap(MB),reclaimable_cap(MB), avg_reclaimable(%), active(#), active_zones(#), open_zones(#)] 116 988 1699 63 6 6 1
2026/04/19-17:58:44.861136 1491 [DEBUG] Syncing metadata for: /db_working_home/MANIFEST-000005
2026/04/19-17:58:44.862465 1491 [DEBUG] Syncing metadata for: /db_working_home/MANIFEST-000005
2026/04/19-17:58:44.863737 1491 [DEBUG] Syncing metadata for: /db_working_home/MANIFEST-000005
2026/04/19-17:58:44.911276 1488 [DEBUG] GetChildrenNoLock: /db_working_home 
2026/04/19-17:58:44.912870 1488 [DEBUG] Syncing metadata for: /db_working_home/000178.log
2026/04/19-17:58:44.913496 1488 [DEBUG] Syncing metadata for: /db_working_home/MANIFEST-000005
2026/04/19-17:58:44.914045 1488 [DEBUG] Syncing metadata for: /db_working_home/MANIFEST-000005
2026/04/19-17:58:44.914640 1488 [DEBUG] GetFileSize: /db_working_home/MANIFEST-000005 
2026/04/19-17:58:44.924629 1488 [DEBUG] CreatDirIfMissing: ./db_working_home to aux: /home/femu/rocksdbTest/zenfs_aux/./db_working_home
2026/04/19-17:58:44.924667 1488 [DEBUG] FileExists: /db_working_home/LOG 
2026/04/19-17:58:44.924709 1488 [DEBUG] Rename file: /db_working_home/LOG to : /db_working_home/LOG.old.1776621524924701
2026/04/19-17:58:44.925786 1488 [DEBUG] GetChildrenNoLock: /db_working_home 
2026/04/19-17:58:44.925892 1488 [DEBUG] GetFileSize: /db_working_home/000178.log 
2026/04/19-17:58:44.926122 1488 [DEBUG] GetFileSize: /db_working_home/MANIFEST-000005 
2026/04/19-17:58:44.926661 1488 [DEBUG] CreatDirIfMissing: ./db_working_home to aux: /home/femu/rocksdbTest/zenfs_aux/./db_working_home
2026/04/19-17:58:44.926674 1488 [DEBUG] CreatDirIfMissing: ./db_working_home to aux: /home/femu/rocksdbTest/zenfs_aux/./db_working_home
2026/04/19-17:58:44.926683 1488 [DEBUG] CreatDirIfMissing: ./db_working_home to aux: /home/femu/rocksdbTest/zenfs_aux/./db_working_home
2026/04/19-17:58:44.926690 1488 [DEBUG] NewDirectory: ./db_working_home to aux: /home/femu/rocksdbTest/zenfs_aux/./db_working_home
2026/04/19-17:58:44.926719 1488 [DEBUG] FileExists: /db_working_home/CURRENT 
2026/04/19-17:58:44.926730 1488 [DEBUG] New random access file: /db_working_home/CURRENT direct: 1
2026/04/19-17:58:44.926743 1488 [DEBUG] New sequential file: /db_working_home/CURRENT direct: 0
2026/04/19-17:58:44.926907 1488 [DEBUG] New sequential file: /db_working_home/MANIFEST-000005 direct: 0
2026/04/19-17:58:44.929243 1509 [DEBUG] New random access file: /db_working_home/000179.sst direct: 1
2026/04/19-17:58:44.929289 1510 [DEBUG] New random access file: /db_working_home/000173.sst direct: 1
2026/04/19-17:58:44.929321 1511 [DEBUG] New random access file: /db_working_home/000177.sst direct: 1
2026/04/19-17:58:44.929482 1509 [DEBUG] GetFileSize: /db_working_home/000179.sst 
2026/04/19-17:58:44.929523 1513 [DEBUG] New random access file: /db_working_home/000176.sst direct: 1
2026/04/19-17:58:44.929579 1509 [DEBUG] New random access file: /db_working_home/000193.sst direct: 1
2026/04/19-17:58:44.929701 1514 [DEBUG] New random access file: /db_working_home/000194.sst direct: 1
2026/04/19-17:58:44.929875 1510 [DEBUG] GetFileSize: /db_working_home/000173.sst 
2026/04/19-17:58:44.929889 1511 [DEBUG] GetFileSize: /db_working_home/000177.sst 
2026/04/19-17:58:44.929986 1513 [DEBUG] GetFileSize: /db_working_home/000176.sst 
2026/04/19-17:58:44.929989 1512 [DEBUG] New random access file: /db_working_home/000195.sst direct: 1
2026/04/19-17:58:44.930074 1509 [DEBUG] GetFileSize: /db_working_home/000193.sst 
2026/04/19-17:58:44.930088 1515 [DEBUG] New random access file: /db_working_home/000181.sst direct: 1
2026/04/19-17:58:44.930249 1514 [DEBUG] GetFileSize: /db_working_home/000194.sst 
2026/04/19-17:58:44.930381 1512 [DEBUG] GetFileSize: /db_working_home/000195.sst 
2026/04/19-17:58:44.930426 1516 [DEBUG] New random access file: /db_working_home/000180.sst direct: 1
2026/04/19-17:58:44.930597 1517 [DEBUG] New random access file: /db_working_home/000192.sst direct: 1
2026/04/19-17:58:44.930680 1515 [DEBUG] GetFileSize: /db_working_home/000181.sst 
2026/04/19-17:58:44.930748 1510 [DEBUG] New random access file: /db_working_home/000191.sst direct: 1
2026/04/19-17:58:44.930941 1517 [DEBUG] GetFileSize: /db_working_home/000192.sst 
2026/04/19-17:58:44.931067 1516 [DEBUG] GetFileSize: /db_working_home/000180.sst 
2026/04/19-17:58:44.931088 1509 [DEBUG] New random access file: /db_working_home/000189.sst direct: 1
2026/04/19-17:58:44.931103 1512 [DEBUG] New random access file: /db_working_home/000188.sst direct: 1
2026/04/19-17:58:44.931512 1510 [DEBUG] GetFileSize: /db_working_home/000191.sst 
2026/04/19-17:58:44.932207 1518 [DEBUG] New random access file: /db_working_home/000190.sst direct: 1
2026/04/19-17:58:44.932291 1515 [DEBUG] New random access file: /db_working_home/000185.sst direct: 1
2026/04/19-17:58:44.932404 1512 [DEBUG] GetFileSize: /db_working_home/000188.sst 
2026/04/19-17:58:44.932508 1511 [DEBUG] New random access file: /db_working_home/000184.sst direct: 1
2026/04/19-17:58:44.932597 1509 [DEBUG] GetFileSize: /db_working_home/000189.sst 
2026/04/19-17:58:44.932640 1517 [DEBUG] New random access file: /db_working_home/000183.sst direct: 1
2026/04/19-17:58:44.932685 1519 [DEBUG] New random access file: /db_working_home/000187.sst direct: 1
2026/04/19-17:58:44.933038 1511 [DEBUG] GetFileSize: /db_working_home/000184.sst 
2026/04/19-17:58:44.933175 1515 [DEBUG] GetFileSize: /db_working_home/000185.sst 
2026/04/19-17:58:44.933293 1518 [DEBUG] GetFileSize: /db_working_home/000190.sst 
2026/04/19-17:58:44.933598 1520 [DEBUG] New random access file: /db_working_home/000186.sst direct: 1
2026/04/19-17:58:44.933635 1517 [DEBUG] GetFileSize: /db_working_home/000183.sst 
2026/04/19-17:58:44.933800 1519 [DEBUG] GetFileSize: /db_working_home/000187.sst 
2026/04/19-17:58:44.933965 1520 [DEBUG] GetFileSize: /db_working_home/000186.sst 
2026/04/19-17:58:44.934410 1521 [DEBUG] New random access file: /db_working_home/000182.sst direct: 1
2026/04/19-17:58:44.934836 1521 [DEBUG] GetFileSize: /db_working_home/000182.sst 
2026/04/19-17:58:44.935287 1488 [DEBUG] FileExists: /db_working_home/IDENTITY 
2026/04/19-17:58:44.935295 1488 [DEBUG] New sequential file: /db_working_home/IDENTITY direct: 0
2026/04/19-17:58:44.935689 1488 [DEBUG] GetChildrenNoLock: /db_working_home 
2026/04/19-17:58:44.935748 1488 [DEBUG] CreatDirIfMissing: ./db_working_home to aux: /home/femu/rocksdbTest/zenfs_aux/./db_working_home
2026/04/19-17:58:44.935753 1488 [DEBUG] NewDirectory: ./db_working_home to aux: /home/femu/rocksdbTest/zenfs_aux/./db_working_home
2026/04/19-17:58:44.935802 1488 [DEBUG] GetChildrenNoLock: /db_working_home 
2026/04/19-17:58:44.935864 1488 [DEBUG] New sequential file: /db_working_home/000178.log direct: 0
2026/04/19-17:58:44.935884 1488 [DEBUG] GetFileSize: /db_working_home/000178.log 
2026/04/19-17:58:44.935891 1488 [DEBUG] GetFileSize: /db_working_home/000178.log 
2026/04/19-17:58:44.935895 1488 [DEBUG] Reopen writable file: /db_working_home/000178.log 
2026/04/19-17:58:44.935907 1488 [DEBUG] Syncing metadata for: /db_working_home/000178.log
2026/04/19-17:58:44.936432 1488 [DEBUG] New writable file: /db_working_home/000198.log direct: 0
2026/04/19-17:58:44.936963 1488 [DEBUG] New writable file: /db_working_home/MANIFEST-000199 direct: 0
2026/04/19-17:58:44.937561 1488 Entering Apply Finish Threshold Function
2026/04/19-17:58:44.937570 1488 [DEBUG] Allocating zone(new=0) start: 0x20000000 wp: 0x20002400 lt: 0 file lt: 0
2026/04/19-17:58:44.937573 1488 [Zonestats:time(s),used_cap(MB),reclaimable_cap(MB), avg_reclaimable(%), active(#), active_zones(#), open_zones(#)] 116 988 1699 63 6 6 1
2026/04/19-17:58:44.937575 1488 [DEBUG] Syncing metadata for: /db_working_home/MANIFEST-000199
2026/04/19-17:58:44.938565 1488 [DEBUG] Syncing metadata for: /db_working_home/MANIFEST-000199
2026/04/19-17:58:44.939066 1488 [DEBUG] New writable file: /db_working_home/000199.dbtmp direct: 0
2026/04/19-17:58:44.939571 1488 Entering Apply Finish Threshold Function
2026/04/19-17:58:44.939578 1488 [DEBUG] Allocating zone(new=0) start: 0x18000000 wp: 0x18010e00 lt: 0 file lt: 0
2026/04/19-17:58:44.939580 1488 [Zonestats:time(s),used_cap(MB),reclaimable_cap(MB), avg_reclaimable(%), active(#), active_zones(#), open_zones(#)] 116 988 1699 63 6 6 2
2026/04/19-17:58:44.939582 1488 [DEBUG] Syncing metadata for: /db_working_home/000199.dbtmp
2026/04/19-17:58:44.940569 1488 [DEBUG] Syncing metadata for: /db_working_home/000199.dbtmp
2026/04/19-17:58:44.941064 1488 [DEBUG] Syncing metadata for: /db_working_home/000199.dbtmp
2026/04/19-17:58:44.941558 1488 [DEBUG] Syncing metadata for: /db_working_home/000199.dbtmp
2026/04/19-17:58:44.942075 1488 [DEBUG] Rename file: /db_working_home/000199.dbtmp to : /db_working_home/CURRENT
2026/04/19-17:58:44.944242 1488 [DEBUG] New writable file: /db_working_home/OPTIONS-000200.dbtmp direct: 0
2026/04/19-17:58:44.944873 1488 Entering Apply Finish Threshold Function
2026/04/19-17:58:44.944880 1488 [DEBUG] Allocating zone(new=0) start: 0x18000000 wp: 0x18011000 lt: 0 file lt: 0
2026/04/19-17:58:44.944883 1488 [Zonestats:time(s),used_cap(MB),reclaimable_cap(MB), avg_reclaimable(%), active(#), active_zones(#), open_zones(#)] 116 988 1699 63 6 6 2
2026/04/19-17:58:44.944885 1488 [DEBUG] Syncing metadata for: /db_working_home/OPTIONS-000200.dbtmp
2026/04/19-17:58:44.945880 1488 [DEBUG] Syncing metadata for: /db_working_home/OPTIONS-000200.dbtmp
2026/04/19-17:58:44.946377 1488 [DEBUG] Syncing metadata for: /db_working_home/OPTIONS-000200.dbtmp
2026/04/19-17:58:44.946872 1488 [DEBUG] Syncing metadata for: /db_working_home/OPTIONS-000200.dbtmp
2026/04/19-17:58:44.947396 1488 [DEBUG] New sequential file: /db_working_home/OPTIONS-000200.dbtmp direct: 0
2026/04/19-17:58:44.948198 1488 [DEBUG] GetFileSize: /db_working_home/OPTIONS-000200.dbtmp 
2026/04/19-17:58:44.948205 1488 [DEBUG] Rename file: /db_working_home/OPTIONS-000200.dbtmp to : /db_working_home/OPTIONS-000201
2026/04/19-17:58:44.948730 1488 [DEBUG] NewDirectory: ./db_working_home to aux: /home/femu/rocksdbTest/zenfs_aux/./db_working_home
2026/04/19-17:58:44.949661 1488 [DEBUG] GetChildrenNoLock: /db_working_home 
2026/04/19-17:58:44.949808 1488 [DEBUG] GetChildrenNoLock: /db_working_home 
2026/04/19-17:58:44.949858 1488 [DEBUG] GetChildrenNoLock: /db_working_home 
2026/04/19-17:58:44.949934 1488 [DEBUG] DeleteFile: ./db_working_home/000178.log 
2026/04/19-17:58:44.950455 1488 [Zonestats:time(s),used_cap(MB),reclaimable_cap(MB), avg_reclaimable(%), active(#), active_zones(#), open_zones(#)] 116 988 1699 63 6 6 1
2026/04/19-17:58:44.950467 1488 [DEBUG] DeleteFile: ./db_working_home/MANIFEST-000005 
2026/04/19-17:58:44.950986 1488 [Zonestats:time(s),used_cap(MB),reclaimable_cap(MB), avg_reclaimable(%), active(#), active_zones(#), open_zones(#)] 116 988 1699 63 6 6 1
2026/04/19-17:58:44.960775 1488 [DEBUG] Allocating zone(new=0) start: 0xf8000000 wp: 0xf8895400 lt: 5 file lt: 2
2026/04/19-17:58:44.960781 1488 [DEBUG] Syncing metadata for: /db_working_home/000198.log
2026/04/19-17:58:45.136455 1488 [DEBUG] New writable file: /db_working_home/000202.log direct: 0
2026/04/19-17:58:45.137335 1492 [DEBUG] New writable file: /db_working_home/000203.sst direct: 1
2026/04/19-17:58:45.140477 1488 [DEBUG] Allocating zone(new=0) start: 0xa8000000 wp: 0xa8148400 lt: 5 file lt: 2
2026/04/19-17:58:45.140482 1488 [DEBUG] Syncing metadata for: /db_working_home/000202.log
2026/04/19-17:58:45.140681 1492 Entering Apply Finish Threshold Function
2026/04/19-17:58:45.140707 1492 [DEBUG] Allocating zone(new=0) start: 0x48000000 wp: 0x48883000 lt: 5 file lt: 3
2026/04/19-17:58:45.140715 1492 [Zonestats:time(s),used_cap(MB),reclaimable_cap(MB), avg_reclaimable(%), active(#), active_zones(#), open_zones(#)] 117 1003 1684 62 6 6 4
2026/04/19-17:58:45.140721 1492 [DEBUG] Syncing metadata for: /db_working_home/000203.sst
2026/04/19-17:58:45.329814 1492 [DEBUG] Syncing metadata for: /db_working_home/000203.sst
2026/04/19-17:58:45.330391 1492 [DEBUG] Syncing metadata for: /db_working_home/000203.sst
2026/04/19-17:58:45.331024 1492 [DEBUG] New random access file: /db_working_home/000203.sst direct: 1
2026/04/19-17:58:45.331204 1492 [DEBUG] GetFileSize: /db_working_home/000203.sst 
2026/04/19-17:58:45.333352 1492 [DEBUG] Syncing metadata for: /db_working_home/MANIFEST-000199
2026/04/19-17:58:45.333998 1492 [DEBUG] GetFileSize: /db_working_home/000203.sst 
2026/04/19-17:58:45.338755 1492 [DEBUG] Syncing metadata for: /db_working_home/000198.log
2026/04/19-17:58:45.346446 1492 [DEBUG] DeleteFile: ./db_working_home/000198.log 
2026/04/19-17:58:45.347024 1492 [Zonestats:time(s),used_cap(MB),reclaimable_cap(MB), avg_reclaimable(%), active(#), active_zones(#), open_zones(#)] 117 1013 1674 62 6 6 2
2026/04/19-17:58:45.416481 1488 [DEBUG] New writable file: /db_working_home/000204.log direct: 0
2026/04/19-17:58:45.417289 1492 [DEBUG] New writable file: /db_working_home/000205.sst direct: 1
2026/04/19-17:58:45.419788 1492 Entering Apply Finish Threshold Function
2026/04/19-17:58:45.419813 1492 [DEBUG] Allocating zone(new=0) start: 0xf8000000 wp: 0xf9831800 lt: 5 file lt: 3
2026/04/19-17:58:45.419820 1492 [Zonestats:time(s),used_cap(MB),reclaimable_cap(MB), avg_reclaimable(%), active(#), active_zones(#), open_zones(#)] 117 1018 1669 62 6 6 3
2026/04/19-17:58:45.419827 1492 [DEBUG] Syncing metadata for: /db_working_home/000205.sst
2026/04/19-17:58:45.422359 1488 [DEBUG] Allocating zone(new=0) start: 0x48000000 wp: 0x497f3e00 lt: 5 file lt: 2
2026/04/19-17:58:45.422363 1488 [DEBUG] Syncing metadata for: /db_working_home/000204.log
2026/04/19-17:58:45.502259 1490 Zone Garbage Stats: [104 2 0 0 0 13 2 0 0 0 0 0 ]
2026/04/19-17:58:45.502275 1490 Total Garbage Bytes: 26404461 bytes
2026/04/19-17:58:45.587515 1492 [DEBUG] Syncing metadata for: /db_working_home/000205.sst
2026/04/19-17:58:45.591553 1492 [DEBUG] Syncing metadata for: /db_working_home/000205.sst
2026/04/19-17:58:45.592221 1492 [DEBUG] New random access file: /db_working_home/000205.sst direct: 1
2026/04/19-17:58:45.592406 1492 [DEBUG] GetFileSize: /db_working_home/000205.sst 
2026/04/19-17:58:45.594527 1492 [DEBUG] Syncing metadata for: /db_working_home/MANIFEST-000199
2026/04/19-17:58:45.595191 1492 [DEBUG] GetFileSize: /db_working_home/000205.sst 
2026/04/19-17:58:45.599958 1492 [DEBUG] Syncing metadata for: /db_working_home/000202.log
2026/04/19-17:58:45.606024 1492 [DEBUG] DeleteFile: ./db_working_home/000202.log 
2026/04/19-17:58:45.612626 1492 [Zonestats:time(s),used_cap(MB),reclaimable_cap(MB), avg_reclaimable(%), active(#), active_zones(#), open_zones(#)] 117 1028 1659 61 6 6 2
2026/04/19-17:58:45.615732 1491 [DEBUG] New writable file: /db_working_home/000206.sst direct: 1
2026/04/19-17:58:45.619366 1491 Entering Apply Finish Threshold Function
2026/04/19-17:58:45.619376 1491 Finishing zone: Entering Finish()
2026/04/19-17:58:45.697472 1488 [DEBUG] New writable file: /db_working_home/000207.log direct: 0
2026/04/19-17:58:45.698535 1492 [DEBUG] New writable file: /db_working_home/000208.sst direct: 1
2026/04/19-17:58:45.701114 1492 Entering Apply Finish Threshold Function
2026/04/19-17:58:45.701147 1492 [DEBUG] Allocating zone(new=0) start: 0xa8000000 wp: 0xa90e5800 lt: 5 file lt: 3
2026/04/19-17:58:45.701155 1492 [Zonestats:time(s),used_cap(MB),reclaimable_cap(MB), avg_reclaimable(%), active(#), active_zones(#), open_zones(#)] 117 1034 1653 61 6 6 3
2026/04/19-17:58:45.701161 1492 [DEBUG] Syncing metadata for: /db_working_home/000208.sst
2026/04/19-17:58:45.703839 1488 [DEBUG] Allocating zone(new=0) start: 0x40000000 wp: 0x40fce800 lt: 5 file lt: 2
2026/04/19-17:58:45.703846 1488 [DEBUG] Syncing metadata for: /db_working_home/000207.log
2026/04/19-17:58:45.867062 1492 [DEBUG] Syncing metadata for: /db_working_home/000208.sst
2026/04/19-17:58:45.867637 1492 [DEBUG] Syncing metadata for: /db_working_home/000208.sst
2026/04/19-17:58:45.868621 1492 [DEBUG] New random access file: /db_working_home/000208.sst direct: 1
2026/04/19-17:58:45.869085 1492 [DEBUG] GetFileSize: /db_working_home/000208.sst 
2026/04/19-17:58:45.874056 1492 [DEBUG] Syncing metadata for: /db_working_home/MANIFEST-000199
2026/04/19-17:58:45.878311 1492 [DEBUG] GetFileSize: /db_working_home/000208.sst 
2026/04/19-17:58:45.883635 1492 [DEBUG] Syncing metadata for: /db_working_home/000204.log
2026/04/19-17:58:45.884511 1492 [DEBUG] DeleteFile: ./db_working_home/000204.log 
2026/04/19-17:58:45.885317 1492 [Zonestats:time(s),used_cap(MB),reclaimable_cap(MB), avg_reclaimable(%), active(#), active_zones(#), open_zones(#)] 117 1040 1647 61 6 6 2
2026/04/19-17:58:46.005378 1488 [DEBUG] New writable file: /db_working_home/000209.log direct: 0
2026/04/19-17:58:46.006403 1492 [DEBUG] New writable file: /db_working_home/000210.sst direct: 1
2026/04/19-17:58:46.008879 1492 Entering Apply Finish Threshold Function
2026/04/19-17:58:46.008890 1492 Finishing zone: Entering Finish()
2026/04/19-17:58:46.009681 1488 [DEBUG] Allocating zone(new=0) start: 0xa8000000 wp: 0xaa056200 lt: 5 file lt: 2
2026/04/19-17:58:46.009687 1488 [DEBUG] Syncing metadata for: /db_working_home/000209.log
2026/04/19-17:58:46.201425 1488 [DEBUG] New writable file: /db_working_home/000211.log direct: 0
2026/04/19-17:58:46.502460 1490 Zone Garbage Stats: [104 1 0 0 0 13 2 0 0 0 0 0 ]
2026/04/19-17:58:46.502472 1490 Total Garbage Bytes: 26404319 bytes
2026/04/19-17:58:47.175008 1491 [DEBUG] Allocating zone(new=1) start: 0x50000000 wp: 0x50000000 lt: 3 file lt: 3
2026/04/19-17:58:47.175023 1491 [Zonestats:time(s),used_cap(MB),reclaimable_cap(MB), avg_reclaimable(%), active(#), active_zones(#), open_zones(#)] 119 1064 1623 60 5 6 4
2026/04/19-17:58:47.175032 1491 [DEBUG] Syncing metadata for: /db_working_home/000206.sst
2026/04/19-17:58:47.502661 1490 Zone Garbage Stats: [103 1 0 0 0 13 2 0 0 1 0 0 ]
2026/04/19-17:58:47.502677 1490 Total Garbage Bytes: 42773361 bytes
2026/04/19-17:58:47.649709 1492 [DEBUG] Allocating zone(new=1) start: 0x58000000 wp: 0x58000000 lt: 3 file lt: 3
2026/04/19-17:58:47.649725 1492 [Zonestats:time(s),used_cap(MB),reclaimable_cap(MB), avg_reclaimable(%), active(#), active_zones(#), open_zones(#)] 119 1064 1623 60 5 6 5
2026/04/19-17:58:47.649734 1492 [DEBUG] Syncing metadata for: /db_working_home/000210.sst
2026/04/19-17:58:47.791702 1491 [DEBUG] Syncing metadata for: /db_working_home/000206.sst
2026/04/19-17:58:47.799335 1491 [DEBUG] Syncing metadata for: /db_working_home/000206.sst
2026/04/19-17:58:47.800072 1491 [DEBUG] GetFileSize: /db_working_home/000206.sst 
2026/04/19-17:58:47.801332 1491 [DEBUG] New random access file: /db_working_home/000206.sst direct: 1
2026/04/19-17:58:47.807942 1491 [DEBUG] GetFileSize: /db_working_home/000206.sst 
2026/04/19-17:58:47.808888 1491 [DEBUG] Syncing metadata for: /db_working_home/MANIFEST-000199
2026/04/19-17:58:47.817180 1491 [DEBUG] Syncing metadata for: /db_working_home/MANIFEST-000199
2026/04/19-17:58:47.821617 1492 [DEBUG] Syncing metadata for: /db_working_home/000210.sst
2026/04/19-17:58:47.823963 1492 [DEBUG] Syncing metadata for: /db_working_home/000210.sst
2026/04/19-17:58:47.824612 1492 [DEBUG] New random access file: /db_working_home/000210.sst direct: 1
2026/04/19-17:58:47.826870 1491 [DEBUG] New writable file: /db_working_home/000212.sst direct: 1
2026/04/19-17:58:47.826880 1492 [DEBUG] GetFileSize: /db_working_home/000210.sst 
2026/04/19-17:58:47.829461 1492 [DEBUG] Syncing metadata for: /db_working_home/MANIFEST-000199
2026/04/19-17:58:47.829713 1491 Entering Apply Finish Threshold Function
2026/04/19-17:58:47.829723 1491 Finishing zone: Entering Finish()
2026/04/19-17:58:47.830088 1492 [DEBUG] GetFileSize: /db_working_home/000210.sst 
2026/04/19-17:58:47.835490 1492 [DEBUG] Syncing metadata for: /db_working_home/000207.log
2026/04/19-17:58:47.836444 1492 [DEBUG] DeleteFile: ./db_working_home/000203.sst 
2026/04/19-17:58:47.837213 1492 [Zonestats:time(s),used_cap(MB),reclaimable_cap(MB), avg_reclaimable(%), active(#), active_zones(#), open_zones(#)] 119 1111 1832 62 6 6 2
2026/04/19-17:58:47.837256 1492 [DEBUG] DeleteFile: ./db_working_home/000205.sst 
2026/04/19-17:58:47.838110 1492 [Zonestats:time(s),used_cap(MB),reclaimable_cap(MB), avg_reclaimable(%), active(#), active_zones(#), open_zones(#)] 119 1096 1847 62 6 6 2
2026/04/19-17:58:47.838155 1492 [DEBUG] DeleteFile: ./db_working_home/000207.log 
2026/04/19-17:58:47.838706 1492 [Zonestats:time(s),used_cap(MB),reclaimable_cap(MB), avg_reclaimable(%), active(#), active_zones(#), open_zones(#)] 119 1080 1863 63 6 6 2
2026/04/19-17:58:47.838865 1492 [DEBUG] New writable file: /db_working_home/000213.sst direct: 1
2026/04/19-17:58:47.841653 1492 Entering Apply Finish Threshold Function
2026/04/19-17:58:47.841677 1492 [DEBUG] Allocating zone(new=0) start: 0x40000000 wp: 0x41f6b400 lt: 5 file lt: 3
2026/04/19-17:58:47.841683 1492 [Zonestats:time(s),used_cap(MB),reclaimable_cap(MB), avg_reclaimable(%), active(#), active_zones(#), open_zones(#)] 119 1080 1863 63 6 6 3
2026/04/19-17:58:47.841689 1492 [DEBUG] Syncing metadata for: /db_working_home/000213.sst
2026/04/19-17:58:47.846302 1488 [DEBUG] Allocating zone(new=0) start: 0x58000000 wp: 0x58f71600 lt: 3 file lt: 2
2026/04/19-17:58:47.846312 1488 [DEBUG] Syncing metadata for: /db_working_home/000211.log
2026/04/19-17:58:48.075456 1488 [DEBUG] New writable file: /db_working_home/000214.log direct: 0
2026/04/19-17:58:48.076799 1492 [DEBUG] Syncing metadata for: /db_working_home/000213.sst
2026/04/19-17:58:48.078279 1492 [DEBUG] Syncing metadata for: /db_working_home/000213.sst
2026/04/19-17:58:48.079259 1492 [DEBUG] New random access file: /db_working_home/000213.sst direct: 1
2026/04/19-17:58:48.079437 1492 [DEBUG] GetFileSize: /db_working_home/000213.sst 
2026/04/19-17:58:48.082082 1492 [DEBUG] Syncing metadata for: /db_working_home/MANIFEST-000199
2026/04/19-17:58:48.082769 1492 [DEBUG] GetFileSize: /db_working_home/000213.sst 
2026/04/19-17:58:48.087694 1492 [DEBUG] Syncing metadata for: /db_working_home/000209.log
2026/04/19-17:58:48.088512 1492 [DEBUG] DeleteFile: ./db_working_home/000209.log 
2026/04/19-17:58:48.089309 1492 [Zonestats:time(s),used_cap(MB),reclaimable_cap(MB), avg_reclaimable(%), active(#), active_zones(#), open_zones(#)] 120 1096 1847 62 6 6 2
2026/04/19-17:58:48.089470 1492 [DEBUG] New writable file: /db_working_home/000215.sst direct: 1
2026/04/19-17:58:48.092019 1492 Entering Apply Finish Threshold Function
2026/04/19-17:58:48.092029 1492 Finishing zone: Entering Finish()
2026/04/19-17:58:48.095007 1488 [DEBUG] Allocating zone(new=0) start: 0xa8000000 wp: 0xaaff3200 lt: 5 file lt: 2
2026/04/19-17:58:48.095017 1488 [DEBUG] Syncing metadata for: /db_working_home/000214.log
2026/04/19-17:58:48.295028 1488 [DEBUG] New writable file: /db_working_home/000216.log direct: 0
2026/04/19-17:58:48.502863 1490 Zone Garbage Stats: [102 1 0 0 0 13 2 0 0 0 2 0 ]
2026/04/19-17:58:48.502961 1490 Total Garbage Bytes: 91526426 bytes
2026/04/19-17:58:49.318972 1491 [DEBUG] Allocating zone(new=1) start: 0x70000000 wp: 0x70000000 lt: 5 file lt: 5
2026/04/19-17:58:49.318986 1491 [Zonestats:time(s),used_cap(MB),reclaimable_cap(MB), avg_reclaimable(%), active(#), active_zones(#), open_zones(#)] 121 1111 1832 62 5 6 4
2026/04/19-17:58:49.318995 1491 [DEBUG] Syncing metadata for: /db_working_home/000212.sst
2026/04/19-17:58:49.448169 1492 [DEBUG] Allocating zone(new=1) start: 0x78000000 wp: 0x78000000 lt: 3 file lt: 3
2026/04/19-17:58:49.448185 1492 [Zonestats:time(s),used_cap(MB),reclaimable_cap(MB), avg_reclaimable(%), active(#), active_zones(#), open_zones(#)] 121 1111 1832 62 5 6 5
2026/04/19-17:58:49.448195 1492 [DEBUG] Syncing metadata for: /db_working_home/000215.sst
2026/04/19-17:58:49.503164 1490 Zone Garbage Stats: [100 1 0 0 0 13 2 1 1 0 2 0 ]
2026/04/19-17:58:49.503181 1490 Total Garbage Bytes: 107897850 bytes
2026/04/19-17:58:49.653749 1492 [DEBUG] Syncing metadata for: /db_working_home/000215.sst
2026/04/19-17:58:49.660968 1492 [DEBUG] Syncing metadata for: /db_working_home/000215.sst
2026/04/19-17:58:49.661627 1492 [DEBUG] New random access file: /db_working_home/000215.sst direct: 1
2026/04/19-17:58:49.661809 1492 [DEBUG] GetFileSize: /db_working_home/000215.sst 
2026/04/19-17:58:49.664548 1492 [DEBUG] Syncing metadata for: /db_working_home/MANIFEST-000199
2026/04/19-17:58:49.665220 1492 [DEBUG] GetFileSize: /db_working_home/000215.sst 
2026/04/19-17:58:49.677068 1492 [DEBUG] Syncing metadata for: /db_working_home/000211.log
2026/04/19-17:58:49.679861 1492 [DEBUG] DeleteFile: ./db_working_home/000211.log 
2026/04/19-17:58:49.687672 1492 [Zonestats:time(s),used_cap(MB),reclaimable_cap(MB), avg_reclaimable(%), active(#), active_zones(#), open_zones(#)] 121 1111 1960 63 6 6 3
2026/04/19-17:58:49.687840 1492 [DEBUG] New writable file: /db_working_home/000217.sst direct: 1
2026/04/19-17:58:49.690834 1492 Entering Apply Finish Threshold Function
2026/04/19-17:58:49.690860 1492 [DEBUG] Allocating zone(new=1) start: 0x80000000 wp: 0x80000000 lt: 3 file lt: 3
2026/04/19-17:58:49.690868 1492 [Zonestats:time(s),used_cap(MB),reclaimable_cap(MB), avg_reclaimable(%), active(#), active_zones(#), open_zones(#)] 121 1111 1960 63 6 7 4
2026/04/19-17:58:49.690874 1492 [DEBUG] Syncing metadata for: /db_working_home/000217.sst
2026/04/19-17:58:49.698089 1488 [DEBUG] Allocating zone(new=0) start: 0x78000000 wp: 0x78f71200 lt: 3 file lt: 2
2026/04/19-17:58:49.698100 1488 [DEBUG] Syncing metadata for: /db_working_home/000216.log
2026/04/19-17:58:49.995179 1492 [DEBUG] Syncing metadata for: /db_working_home/000217.sst
2026/04/19-17:58:50.002349 1492 [DEBUG] Syncing metadata for: /db_working_home/000217.sst
2026/04/19-17:58:50.009240 1492 [DEBUG] New random access file: /db_working_home/000217.sst direct: 1
2026/04/19-17:58:50.011395 1492 [DEBUG] GetFileSize: /db_working_home/000217.sst 
2026/04/19-17:58:50.012221 1488 [DEBUG] New writable file: /db_working_home/000218.log direct: 0
2026/04/19-17:58:50.020361 1492 [DEBUG] Syncing metadata for: /db_working_home/MANIFEST-000199
2026/04/19-17:58:50.021049 1492 [DEBUG] GetFileSize: /db_working_home/000217.sst 
2026/04/19-17:58:50.025798 1492 [DEBUG] Syncing metadata for: /db_working_home/000214.log
2026/04/19-17:58:50.033135 1492 [DEBUG] DeleteFile: ./db_working_home/000214.log 
2026/04/19-17:58:50.033714 1492 [Zonestats:time(s),used_cap(MB),reclaimable_cap(MB), avg_reclaimable(%), active(#), active_zones(#), open_zones(#)] 122 1126 2073 64 7 7 3
2026/04/19-17:58:50.033859 1492 [DEBUG] New writable file: /db_working_home/000219.sst direct: 1
2026/04/19-17:58:50.036971 1492 Entering Apply Finish Threshold Function
2026/04/19-17:58:50.036982 1492 Finishing zone: Entering Finish()
2026/04/19-17:58:50.042283 1488 [DEBUG] Allocating zone(new=0) start: 0x80000000 wp: 0x80f47600 lt: 3 file lt: 2
2026/04/19-17:58:50.042294 1488 [DEBUG] Syncing metadata for: /db_working_home/000218.log
2026/04/19-17:58:50.370170 1488 [DEBUG] New writable file: /db_working_home/000220.log direct: 0
2026/04/19-17:58:50.503369 1490 Zone Garbage Stats: [99 1 1 0 0 13 2 1 1 0 2 0 ]
2026/04/19-17:58:50.503386 1490 Total Garbage Bytes: 124267660 bytes
2026/04/19-17:58:50.741971 1491 [DEBUG] Syncing metadata for: /db_working_home/000212.sst
2026/04/19-17:58:50.742763 1491 [DEBUG] Syncing metadata for: /db_working_home/000212.sst
2026/04/19-17:58:50.743821 1491 [DEBUG] GetFileSize: /db_working_home/000212.sst 
2026/04/19-17:58:50.743856 1491 [DEBUG] New writable file: /db_working_home/000221.sst direct: 1
2026/04/19-17:58:50.746857 1491 Entering Apply Finish Threshold Function
2026/04/19-17:58:50.746868 1491 Finishing zone: Entering Finish()
2026/04/19-17:58:51.179575 1491 [DEBUG] Allocating zone(new=1) start: 0x88000000 wp: 0x88000000 lt: 5 file lt: 5
2026/04/19-17:58:51.179592 1491 [Zonestats:time(s),used_cap(MB),reclaimable_cap(MB), avg_reclaimable(%), active(#), active_zones(#), open_zones(#)] 123 1239 2088 62 6 7 4
2026/04/19-17:58:51.179600 1491 [DEBUG] Syncing metadata for: /db_working_home/000221.sst
2026/04/19-17:58:51.210012 1491 [DEBUG] Syncing metadata for: /db_working_home/000221.sst
2026/04/19-17:58:51.210586 1491 [DEBUG] Syncing metadata for: /db_working_home/000221.sst
2026/04/19-17:58:51.211643 1491 [DEBUG] GetFileSize: /db_working_home/000221.sst 
2026/04/19-17:58:51.213041 1491 [DEBUG] New random access file: /db_working_home/000212.sst direct: 1
2026/04/19-17:58:51.213629 1491 [DEBUG] GetFileSize: /db_working_home/000212.sst 
2026/04/19-17:58:51.213827 1491 [DEBUG] New random access file: /db_working_home/000221.sst direct: 1
2026/04/19-17:58:51.214162 1491 [DEBUG] GetFileSize: /db_working_home/000221.sst 
2026/04/19-17:58:51.215041 1491 [DEBUG] Syncing metadata for: /db_working_home/MANIFEST-000199
2026/04/19-17:58:51.231077 1491 [DEBUG] New writable file: /db_working_home/000222.sst direct: 1
2026/04/19-17:58:51.234220 1491 Entering Apply Finish Threshold Function
2026/04/19-17:58:51.234246 1491 [DEBUG] Allocating zone(new=0) start: 0x88000000 wp: 0x882f0600 lt: 5 file lt: 3
2026/04/19-17:58:51.234254 1491 [Zonestats:time(s),used_cap(MB),reclaimable_cap(MB), avg_reclaimable(%), active(#), active_zones(#), open_zones(#)] 123 1242 2213 64 7 7 4
2026/04/19-17:58:51.234260 1491 [DEBUG] Syncing metadata for: /db_working_home/000222.sst
2026/04/19-17:58:51.503576 1490 Zone Garbage Stats: [98 1 1 1 0 13 2 1 1 0 2 0 ]
2026/04/19-17:58:51.503592 1490 Total Garbage Bytes: 124268058 bytes
2026/04/19-17:58:51.767880 1492 [DEBUG] Allocating zone(new=1) start: 0xb0000000 wp: 0xb0000000 lt: 3 file lt: 3
2026/04/19-17:58:51.767897 1492 [Zonestats:time(s),used_cap(MB),reclaimable_cap(MB), avg_reclaimable(%), active(#), active_zones(#), open_zones(#)] 123 1242 2213 64 6 7 5
2026/04/19-17:58:51.767906 1492 [DEBUG] Syncing metadata for: /db_working_home/000219.sst
2026/04/19-17:58:51.964971 1492 [DEBUG] Syncing metadata for: /db_working_home/000219.sst
2026/04/19-17:58:51.965568 1492 [DEBUG] Syncing metadata for: /db_working_home/000219.sst
2026/04/19-17:58:51.973391 1492 [DEBUG] New random access file: /db_working_home/000219.sst direct: 1
2026/04/19-17:58:51.973585 1492 [DEBUG] GetFileSize: /db_working_home/000219.sst 
2026/04/19-17:58:51.982592 1492 [DEBUG] Syncing metadata for: /db_working_home/MANIFEST-000199
2026/04/19-17:58:51.983282 1492 [DEBUG] GetFileSize: /db_working_home/000219.sst 
2026/04/19-17:58:51.987586 1492 [DEBUG] Syncing metadata for: /db_working_home/000216.log
2026/04/19-17:58:51.995404 1492 [DEBUG] DeleteFile: ./db_working_home/000206.sst 
2026/04/19-17:58:51.997387 1492 [Zonestats:time(s),used_cap(MB),reclaimable_cap(MB), avg_reclaimable(%), active(#), active_zones(#), open_zones(#)] 123 1211 2244 64 7 7 3
2026/04/19-17:58:51.997439 1492 [DEBUG] DeleteFile: ./db_working_home/000216.log 
2026/04/19-17:58:51.998715 1492 [Zonestats:time(s),used_cap(MB),reclaimable_cap(MB), avg_reclaimable(%), active(#), active_zones(#), open_zones(#)] 123 1196 2259 65 7 7 3
2026/04/19-17:58:51.998884 1492 [DEBUG] New writable file: /db_working_home/000223.sst direct: 1
2026/04/19-17:58:52.002266 1492 Entering Apply Finish Threshold Function
2026/04/19-17:58:52.002291 1492 [DEBUG] Allocating zone(new=1) start: 0x50000000 wp: 0x50000000 lt: 3 file lt: 3
2026/04/19-17:58:52.002298 1492 [Zonestats:time(s),used_cap(MB),reclaimable_cap(MB), avg_reclaimable(%), active(#), active_zones(#), open_zones(#)] 124 1196 2259 65 7 8 4
2026/04/19-17:58:52.002304 1492 [DEBUG] Syncing metadata for: /db_working_home/000223.sst
2026/04/19-17:58:52.007389 1488 [DEBUG] Allocating zone(new=0) start: 0xb0000000 wp: 0xb0f39a00 lt: 3 file lt: 2
2026/04/19-17:58:52.007400 1488 [DEBUG] Syncing metadata for: /db_working_home/000220.log
2026/04/19-17:58:52.249417 1492 [DEBUG] Syncing metadata for: /db_working_home/000223.sst
2026/04/19-17:58:52.260236 1492 [DEBUG] Syncing metadata for: /db_working_home/000223.sst
2026/04/19-17:58:52.264382 1492 [DEBUG] New random access file: /db_working_home/000223.sst direct: 1
2026/04/19-17:58:52.264724 1492 [DEBUG] GetFileSize: /db_working_home/000223.sst 
2026/04/19-17:58:52.266865 1492 [DEBUG] Syncing metadata for: /db_working_home/MANIFEST-000199
2026/04/19-17:58:52.267512 1492 [DEBUG] GetFileSize: /db_working_home/000223.sst 
2026/04/19-17:58:52.271814 1492 [DEBUG] Syncing metadata for: /db_working_home/000218.log
2026/04/19-17:58:52.278579 1491 [DEBUG] Syncing metadata for: /db_working_home/000222.sst
2026/04/19-17:58:52.279152 1492 [DEBUG] DeleteFile: ./db_working_home/000218.log 
2026/04/19-17:58:52.283044 1491 [DEBUG] Syncing metadata for: /db_working_home/000222.sst
2026/04/19-17:58:52.286932 1491 [DEBUG] GetFileSize: /db_working_home/000222.sst 
2026/04/19-17:58:52.287379 1492 [Zonestats:time(s),used_cap(MB),reclaimable_cap(MB), avg_reclaimable(%), active(#), active_zones(#), open_zones(#)] 124 1279 2304 64 8 8 2
2026/04/19-17:58:52.287434 1491 [DEBUG] New writable file: /db_working_home/000224.sst direct: 1
2026/04/19-17:58:52.290496 1491 Entering Apply Finish Threshold Function
2026/04/19-17:58:52.290506 1491 Finishing zone: Entering Finish()
2026/04/19-17:58:52.382868 1488 [DEBUG] New writable file: /db_working_home/000225.log direct: 0
2026/04/19-17:58:52.383835 1492 [DEBUG] New writable file: /db_working_home/000226.sst direct: 1
2026/04/19-17:58:52.387451 1488 [DEBUG] Allocating zone(new=0) start: 0x80000000 wp: 0x81ed2e00 lt: 3 file lt: 2
2026/04/19-17:58:52.387456 1488 [DEBUG] Syncing metadata for: /db_working_home/000225.log
2026/04/19-17:58:52.387462 1492 Entering Apply Finish Threshold Function
2026/04/19-17:58:52.387489 1492 [DEBUG] Allocating zone(new=1) start: 0xd0000000 wp: 0xd0000000 lt: 3 file lt: 3
2026/04/19-17:58:52.387497 1492 [Zonestats:time(s),used_cap(MB),reclaimable_cap(MB), avg_reclaimable(%), active(#), active_zones(#), open_zones(#)] 124 1286 2297 64 8 9 4
2026/04/19-17:58:52.387503 1492 [DEBUG] Syncing metadata for: /db_working_home/000226.sst
2026/04/19-17:58:52.503779 1490 Zone Garbage Stats: [96 2 2 1 0 13 2 0 1 1 2 0 ]
2026/04/19-17:58:52.503795 1490 Total Garbage Bytes: 190426981 bytes
2026/04/19-17:58:52.619625 1488 [DEBUG] New writable file: /db_working_home/000227.log direct: 0
2026/04/19-17:58:52.627270 1492 [DEBUG] Syncing metadata for: /db_working_home/000226.sst
2026/04/19-17:58:52.627841 1492 [DEBUG] Syncing metadata for: /db_working_home/000226.sst
2026/04/19-17:58:52.628822 1492 [DEBUG] New random access file: /db_working_home/000226.sst direct: 1
2026/04/19-17:58:52.629284 1492 [DEBUG] GetFileSize: /db_working_home/000226.sst 
2026/04/19-17:58:52.631710 1492 [DEBUG] Syncing metadata for: /db_working_home/MANIFEST-000199
2026/04/19-17:58:52.632369 1492 [DEBUG] GetFileSize: /db_working_home/000226.sst 
2026/04/19-17:58:52.637310 1492 [DEBUG] Syncing metadata for: /db_working_home/000220.log
2026/04/19-17:58:52.638301 1492 [DEBUG] DeleteFile: ./db_working_home/000220.log 
2026/04/19-17:58:52.639115 1492 [Zonestats:time(s),used_cap(MB),reclaimable_cap(MB), avg_reclaimable(%), active(#), active_zones(#), open_zones(#)] 124 1301 2410 64 9 9 2
2026/04/19-17:58:52.639282 1492 [DEBUG] New writable file: /db_working_home/000228.sst direct: 1
2026/04/19-17:58:52.642311 1492 Entering Apply Finish Threshold Function
2026/04/19-17:58:52.642337 1492 [DEBUG] Allocating zone(new=1) start: 0x100000000 wp: 0x100000000 lt: 3 file lt: 3
2026/04/19-17:58:52.642344 1492 [Zonestats:time(s),used_cap(MB),reclaimable_cap(MB), avg_reclaimable(%), active(#), active_zones(#), open_zones(#)] 124 1301 2410 64 9 10 3
2026/04/19-17:58:52.642350 1492 [DEBUG] Syncing metadata for: /db_working_home/000228.sst
2026/04/19-17:58:52.645041 1488 [DEBUG] Allocating zone(new=0) start: 0xd0000000 wp: 0xd0f32000 lt: 3 file lt: 2
2026/04/19-17:58:52.645049 1488 [DEBUG] Syncing metadata for: /db_working_home/000227.log
2026/04/19-17:58:52.875362 1492 [DEBUG] Syncing metadata for: /db_working_home/000228.sst
2026/04/19-17:58:52.875938 1492 [DEBUG] Syncing metadata for: /db_working_home/000228.sst
2026/04/19-17:58:52.876065 1488 [DEBUG] New writable file: /db_working_home/000229.log direct: 0
2026/04/19-17:58:52.877759 1492 [DEBUG] New random access file: /db_working_home/000228.sst direct: 1
2026/04/19-17:58:52.878281 1492 [DEBUG] GetFileSize: /db_working_home/000228.sst 
2026/04/19-17:58:52.880704 1492 [DEBUG] Syncing metadata for: /db_working_home/MANIFEST-000199
2026/04/19-17:58:52.881360 1492 [DEBUG] GetFileSize: /db_working_home/000228.sst 
2026/04/19-17:58:52.885785 1492 [DEBUG] Syncing metadata for: /db_working_home/000225.log
2026/04/19-17:58:52.886468 1492 [DEBUG] DeleteFile: ./db_working_home/000225.log 
2026/04/19-17:58:52.887267 1492 [Zonestats:time(s),used_cap(MB),reclaimable_cap(MB), avg_reclaimable(%), active(#), active_zones(#), open_zones(#)] 124 1316 2523 65 10 10 2
2026/04/19-17:58:52.887429 1492 [DEBUG] New writable file: /db_working_home/000230.sst direct: 1
2026/04/19-17:58:52.890485 1492 Entering Apply Finish Threshold Function
2026/04/19-17:58:52.890495 1492 Finishing zone: Entering Finish()
2026/04/19-17:58:52.893648 1488 [DEBUG] Allocating zone(new=0) start: 0x100000000 wp: 0x100f35200 lt: 3 file lt: 2
2026/04/19-17:58:52.893657 1488 [DEBUG] Syncing metadata for: /db_working_home/000229.log
2026/04/19-17:58:53.116788 1488 [DEBUG] New writable file: /db_working_home/000231.log direct: 0
2026/04/19-17:58:53.503982 1490 Zone Garbage Stats: [95 2 3 1 0 13 2 0 1 1 2 0 ]
2026/04/19-17:58:53.504055 1490 Total Garbage Bytes: 206722867 bytes
2026/04/19-17:58:53.549072 1491 [DEBUG] Allocating zone(new=1) start: 0x108000000 wp: 0x108000000 lt: 3 file lt: 3
2026/04/19-17:58:53.549105 1491 [Zonestats:time(s),used_cap(MB),reclaimable_cap(MB), avg_reclaimable(%), active(#), active_zones(#), open_zones(#)] 125 1331 2508 65 9 10 4
2026/04/19-17:58:53.549114 1491 [DEBUG] Syncing metadata for: /db_working_home/000224.sst
2026/04/19-17:58:53.566528 1491 [DEBUG] Syncing metadata for: /db_working_home/000224.sst
2026/04/19-17:58:53.567339 1491 [DEBUG] Syncing metadata for: /db_working_home/000224.sst
2026/04/19-17:58:53.568393 1491 [DEBUG] GetFileSize: /db_working_home/000224.sst 
2026/04/19-17:58:53.569787 1491 [DEBUG] New random access file: /db_working_home/000222.sst direct: 1
2026/04/19-17:58:53.570358 1491 [DEBUG] GetFileSize: /db_working_home/000222.sst 
2026/04/19-17:58:53.570542 1491 [DEBUG] New random access file: /db_working_home/000224.sst direct: 1
2026/04/19-17:58:53.570912 1491 [DEBUG] GetFileSize: /db_working_home/000224.sst 
2026/04/19-17:58:53.571767 1491 [DEBUG] Syncing metadata for: /db_working_home/MANIFEST-000199
2026/04/19-17:58:53.588363 1491 [DEBUG] New writable file: /db_working_home/000232.sst direct: 1
2026/04/19-17:58:53.591820 1491 Entering Apply Finish Threshold Function
2026/04/19-17:58:53.591847 1491 [DEBUG] Allocating zone(new=1) start: 0x110000000 wp: 0x110000000 lt: 3 file lt: 3
2026/04/19-17:58:53.591855 1491 [Zonestats:time(s),used_cap(MB),reclaimable_cap(MB), avg_reclaimable(%), active(#), active_zones(#), open_zones(#)] 125 1333 2634 66 10 11 4
2026/04/19-17:58:53.591862 1491 [DEBUG] Syncing metadata for: /db_working_home/000232.sst
2026/04/19-17:58:54.504250 1490 Zone Garbage Stats: [93 3 3 1 1 13 2 0 1 1 2 0 ]
2026/04/19-17:58:54.504267 1490 Total Garbage Bytes: 206723367 bytes
2026/04/19-17:58:54.849295 1492 [DEBUG] Allocating zone(new=1) start: 0x118000000 wp: 0x118000000 lt: 3 file lt: 3
2026/04/19-17:58:54.849312 1492 [Zonestats:time(s),used_cap(MB),reclaimable_cap(MB), avg_reclaimable(%), active(#), active_zones(#), open_zones(#)] 126 1333 2634 66 10 11 5
2026/04/19-17:58:54.849321 1492 [DEBUG] Syncing metadata for: /db_working_home/000230.sst
2026/04/19-17:58:55.054507 1492 [DEBUG] Syncing metadata for: /db_working_home/000230.sst
2026/04/19-17:58:55.062146 1492 [DEBUG] Syncing metadata for: /db_working_home/000230.sst
2026/04/19-17:58:55.062804 1492 [DEBUG] New random access file: /db_working_home/000230.sst direct: 1
2026/04/19-17:58:55.062984 1492 [DEBUG] GetFileSize: /db_working_home/000230.sst 
2026/04/19-17:58:55.071731 1492 [DEBUG] Syncing metadata for: /db_working_home/MANIFEST-000199
2026/04/19-17:58:55.072411 1492 [DEBUG] GetFileSize: /db_working_home/000230.sst 
2026/04/19-17:58:55.076714 1492 [DEBUG] Syncing metadata for: /db_working_home/000227.log
2026/04/19-17:58:55.084115 1492 [DEBUG] DeleteFile: ./db_working_home/000208.sst 
2026/04/19-17:58:55.084703 1492 [Zonestats:time(s),used_cap(MB),reclaimable_cap(MB), avg_reclaimable(%), active(#), active_zones(#), open_zones(#)] 127 1333 2762 67 11 11 3
2026/04/19-17:58:55.084747 1492 [DEBUG] DeleteFile: ./db_working_home/000210.sst 
2026/04/19-17:58:55.085411 1492 [Zonestats:time(s),used_cap(MB),reclaimable_cap(MB), avg_reclaimable(%), active(#), active_zones(#), open_zones(#)] 127 1318 2649 66 10 10 3
2026/04/19-17:58:55.085445 1492 [DEBUG] DeleteFile: ./db_working_home/000213.sst 
2026/04/19-17:58:55.085999 1492 [Zonestats:time(s),used_cap(MB),reclaimable_cap(MB), avg_reclaimable(%), active(#), active_zones(#), open_zones(#)] 127 1302 2665 67 10 10 3
2026/04/19-17:58:55.086031 1492 [DEBUG] DeleteFile: ./db_working_home/000215.sst 
2026/04/19-17:58:55.086679 1492 [Zonestats:time(s),used_cap(MB),reclaimable_cap(MB), avg_reclaimable(%), active(#), active_zones(#), open_zones(#)] 127 1287 2552 66 9 9 3
2026/04/19-17:58:55.086711 1492 [DEBUG] DeleteFile: ./db_working_home/000217.sst 
2026/04/19-17:58:55.094132 1492 [Zonestats:time(s),used_cap(MB),reclaimable_cap(MB), avg_reclaimable(%), active(#), active_zones(#), open_zones(#)] 127 1272 2439 65 9 9 3
2026/04/19-17:58:55.094182 1492 [DEBUG] DeleteFile: ./db_working_home/000227.log 
2026/04/19-17:58:55.094759 1492 [Zonestats:time(s),used_cap(MB),reclaimable_cap(MB), avg_reclaimable(%), active(#), active_zones(#), open_zones(#)] 127 1256 2455 66 9 9 3
2026/04/19-17:58:55.094912 1492 [DEBUG] New writable file: /db_working_home/000233.sst direct: 1
2026/04/19-17:58:55.098933 1492 Entering Apply Finish Threshold Function
2026/04/19-17:58:55.098961 1492 [DEBUG] Allocating zone(new=1) start: 0x58000000 wp: 0x58000000 lt: 3 file lt: 3
2026/04/19-17:58:55.098969 1492 [Zonestats:time(s),used_cap(MB),reclaimable_cap(MB), avg_reclaimable(%), active(#), active_zones(#), open_zones(#)] 127 1256 2455 66 9 10 4
2026/04/19-17:58:55.098975 1492 [DEBUG] Syncing metadata for: /db_working_home/000233.sst
2026/04/19-17:58:55.104460 1488 [DEBUG] Allocating zone(new=0) start: 0x118000000 wp: 0x118f36000 lt: 3 file lt: 2
2026/04/19-17:58:55.104471 1488 [DEBUG] Syncing metadata for: /db_working_home/000231.log
2026/04/19-17:58:55.110561 1491 Entering Apply Finish Threshold Function
2026/04/19-17:58:55.110587 1491 [DEBUG] Allocating zone(new=1) start: 0x78000000 wp: 0x78000000 lt: 3 file lt: 3
2026/04/19-17:58:55.110594 1491 [Zonestats:time(s),used_cap(MB),reclaimable_cap(MB), avg_reclaimable(%), active(#), active_zones(#), open_zones(#)] 127 1384 2455 63 8 10 5
2026/04/19-17:58:55.110600 1491 [DEBUG] Syncing metadata for: /db_working_home/000232.sst
2026/04/19-17:58:55.137409 1491 [DEBUG] Syncing metadata for: /db_working_home/000232.sst
2026/04/19-17:58:55.152249 1491 [DEBUG] Syncing metadata for: /db_working_home/000232.sst
2026/04/19-17:58:55.160109 1491 [DEBUG] GetFileSize: /db_working_home/000232.sst 
2026/04/19-17:58:55.160146 1491 [DEBUG] New writable file: /db_working_home/000234.sst direct: 1
2026/04/19-17:58:55.178160 1491 Entering Apply Finish Threshold Function
2026/04/19-17:58:55.178189 1491 [DEBUG] Allocating zone(new=1) start: 0x80000000 wp: 0x80000000 lt: 3 file lt: 3
2026/04/19-17:58:55.178197 1491 [Zonestats:time(s),used_cap(MB),reclaimable_cap(MB), avg_reclaimable(%), active(#), active_zones(#), open_zones(#)] 127 1388 2579 65 10 11 5
2026/04/19-17:58:55.178204 1491 [DEBUG] Syncing metadata for: /db_working_home/000234.sst
2026/04/19-17:58:55.289040 1491 [DEBUG] Syncing metadata for: /db_working_home/000234.sst
2026/04/19-17:58:55.296676 1491 [DEBUG] Syncing metadata for: /db_working_home/000234.sst
2026/04/19-17:58:55.304520 1491 [DEBUG] GetFileSize: /db_working_home/000234.sst 
2026/04/19-17:58:55.305982 1491 [DEBUG] New random access file: /db_working_home/000232.sst direct: 1
2026/04/19-17:58:55.311721 1491 [DEBUG] GetFileSize: /db_working_home/000232.sst 
2026/04/19-17:58:55.311941 1491 [DEBUG] New random access file: /db_working_home/000234.sst direct: 1
2026/04/19-17:58:55.318526 1491 [DEBUG] GetFileSize: /db_working_home/000234.sst 
2026/04/19-17:58:55.326086 1491 [DEBUG] Syncing metadata for: /db_working_home/MANIFEST-000199
2026/04/19-17:58:55.340920 1491 [DEBUG] Syncing metadata for: /db_working_home/MANIFEST-000199
2026/04/19-17:58:55.360557 1491 [DEBUG] New writable file: /db_working_home/000235.sst direct: 1
2026/04/19-17:58:55.369568 1492 [DEBUG] Syncing metadata for: /db_working_home/000233.sst
2026/04/19-17:58:55.370621 1492 [DEBUG] Syncing metadata for: /db_working_home/000233.sst
2026/04/19-17:58:55.371245 1492 [DEBUG] New random access file: /db_working_home/000233.sst direct: 1
2026/04/19-17:58:55.371421 1492 [DEBUG] GetFileSize: /db_working_home/000233.sst 
2026/04/19-17:58:55.371557 1488 [DEBUG] New writable file: /db_working_home/000236.log direct: 0
2026/04/19-17:58:55.372613 1491 Entering Apply Finish Threshold Function
2026/04/19-17:58:55.372641 1491 [DEBUG] Allocating zone(new=1) start: 0x120000000 wp: 0x120000000 lt: 5 file lt: 5
2026/04/19-17:58:55.372648 1491 [Zonestats:time(s),used_cap(MB),reclaimable_cap(MB), avg_reclaimable(%), active(#), active_zones(#), open_zones(#)] 127 1417 2806 66 11 12 4
2026/04/19-17:58:55.372655 1491 [DEBUG] Syncing metadata for: /db_working_home/000235.sst
2026/04/19-17:58:55.402461 1492 [DEBUG] Syncing metadata for: /db_working_home/MANIFEST-000199
2026/04/19-17:58:55.403156 1492 [DEBUG] GetFileSize: /db_working_home/000233.sst 
2026/04/19-17:58:55.414672 1492 [DEBUG] Syncing metadata for: /db_working_home/000229.log
2026/04/19-17:58:55.415422 1492 [DEBUG] DeleteFile: ./db_working_home/000219.sst 
2026/04/19-17:58:55.416114 1492 [Zonestats:time(s),used_cap(MB),reclaimable_cap(MB), avg_reclaimable(%), active(#), active_zones(#), open_zones(#)] 127 1403 2692 65 11 11 3
2026/04/19-17:58:55.416157 1492 [DEBUG] DeleteFile: ./db_working_home/000222.sst 
2026/04/19-17:58:55.423997 1492 [Zonestats:time(s),used_cap(MB),reclaimable_cap(MB), avg_reclaimable(%), active(#), active_zones(#), open_zones(#)] 127 1328 2767 67 11 11 3
2026/04/19-17:58:55.424049 1492 [DEBUG] DeleteFile: ./db_working_home/000223.sst 
2026/04/19-17:58:55.424866 1492 [Zonestats:time(s),used_cap(MB),reclaimable_cap(MB), avg_reclaimable(%), active(#), active_zones(#), open_zones(#)] 127 1313 2654 66 10 10 3
2026/04/19-17:58:55.424904 1492 [DEBUG] DeleteFile: ./db_working_home/000224.sst 
2026/04/19-17:58:55.427603 1492 [Zonestats:time(s),used_cap(MB),reclaimable_cap(MB), avg_reclaimable(%), active(#), active_zones(#), open_zones(#)] 127 1311 2528 65 9 9 3
2026/04/19-17:58:55.427655 1492 [DEBUG] DeleteFile: ./db_working_home/000226.sst 
2026/04/19-17:58:55.428325 1492 [Zonestats:time(s),used_cap(MB),reclaimable_cap(MB), avg_reclaimable(%), active(#), active_zones(#), open_zones(#)] 127 1296 2415 65 8 8 3
2026/04/19-17:58:55.428361 1492 [DEBUG] DeleteFile: ./db_working_home/000228.sst 
2026/04/19-17:58:55.435962 1492 [Zonestats:time(s),used_cap(MB),reclaimable_cap(MB), avg_reclaimable(%), active(#), active_zones(#), open_zones(#)] 127 1281 2430 65 8 8 3
2026/04/19-17:58:55.436011 1492 [DEBUG] DeleteFile: ./db_working_home/000229.log 
2026/04/19-17:58:55.436726 1492 [Zonestats:time(s),used_cap(MB),reclaimable_cap(MB), avg_reclaimable(%), active(#), active_zones(#), open_zones(#)] 127 1265 2318 64 7 7 3
2026/04/19-17:58:55.436899 1492 [DEBUG] New writable file: /db_working_home/000237.sst direct: 1
2026/04/19-17:58:55.439975 1492 Entering Apply Finish Threshold Function
2026/04/19-17:58:55.439999 1492 [DEBUG] Allocating zone(new=1) start: 0x50000000 wp: 0x50000000 lt: 3 file lt: 3
2026/04/19-17:58:55.440006 1492 [Zonestats:time(s),used_cap(MB),reclaimable_cap(MB), avg_reclaimable(%), active(#), active_zones(#), open_zones(#)] 127 1265 2318 64 7 8 4
2026/04/19-17:58:55.440012 1492 [DEBUG] Syncing metadata for: /db_working_home/000237.sst
2026/04/19-17:58:55.444525 1488 [DEBUG] Allocating zone(new=0) start: 0x80000000 wp: 0x80309800 lt: 3 file lt: 2
2026/04/19-17:58:55.444534 1488 [DEBUG] Syncing metadata for: /db_working_home/000236.log
2026/04/19-17:58:55.504465 1490 Zone Garbage Stats: [95 4 0 1 0 13 2 0 0 1 4 0 ]
2026/04/19-17:58:55.504480 1490 Total Garbage Bytes: 268710055 bytes
2026/04/19-17:58:55.691384 1492 [DEBUG] Syncing metadata for: /db_working_home/000237.sst
2026/04/19-17:58:55.699026 1492 [DEBUG] Syncing metadata for: /db_working_home/000237.sst
2026/04/19-17:58:55.699807 1492 [DEBUG] New random access file: /db_working_home/000237.sst direct: 1
2026/04/19-17:58:55.705725 1492 [DEBUG] GetFileSize: /db_working_home/000237.sst 
2026/04/19-17:58:55.714616 1492 [DEBUG] Syncing metadata for: /db_working_home/MANIFEST-000199
2026/04/19-17:58:55.715337 1492 [DEBUG] GetFileSize: /db_working_home/000237.sst 
2026/04/19-17:58:55.726532 1492 [DEBUG] Syncing metadata for: /db_working_home/000231.log
2026/04/19-17:58:55.734691 1492 [DEBUG] DeleteFile: ./db_working_home/000231.log 
2026/04/19-17:58:55.744166 1492 [Zonestats:time(s),used_cap(MB),reclaimable_cap(MB), avg_reclaimable(%), active(#), active_zones(#), open_zones(#)] 127 1274 2437 65 8 8 3
2026/04/19-17:58:55.884550 1488 [DEBUG] New writable file: /db_working_home/000238.log direct: 0
2026/04/19-17:58:55.888468 1492 [DEBUG] New writable file: /db_working_home/000239.sst direct: 1
2026/04/19-17:58:55.891493 1492 Entering Apply Finish Threshold Function
2026/04/19-17:58:55.891521 1492 [DEBUG] Allocating zone(new=1) start: 0xb0000000 wp: 0xb0000000 lt: 3 file lt: 3
2026/04/19-17:58:55.891529 1492 [Zonestats:time(s),used_cap(MB),reclaimable_cap(MB), avg_reclaimable(%), active(#), active_zones(#), open_zones(#)] 127 1280 2431 65 8 9 4
2026/04/19-17:58:55.891535 1492 [DEBUG] Syncing metadata for: /db_working_home/000239.sst
2026/04/19-17:58:55.893516 1488 [DEBUG] Allocating zone(new=0) start: 0x118000000 wp: 0x119ec1800 lt: 3 file lt: 2
2026/04/19-17:58:55.893522 1488 [DEBUG] Syncing metadata for: /db_working_home/000238.log
2026/04/19-17:58:56.146807 1492 [DEBUG] Syncing metadata for: /db_working_home/000239.sst
2026/04/19-17:58:56.153896 1492 [DEBUG] Syncing metadata for: /db_working_home/000239.sst
2026/04/19-17:58:56.154577 1492 [DEBUG] New random access file: /db_working_home/000239.sst direct: 1
2026/04/19-17:58:56.154761 1492 [DEBUG] GetFileSize: /db_working_home/000239.sst 
2026/04/19-17:58:56.167822 1492 [DEBUG] Syncing metadata for: /db_working_home/MANIFEST-000199
2026/04/19-17:58:56.173872 1492 [DEBUG] GetFileSize: /db_working_home/000239.sst 
2026/04/19-17:58:56.184979 1492 [DEBUG] Syncing metadata for: /db_working_home/000236.log
2026/04/19-17:58:56.196365 1492 [DEBUG] DeleteFile: ./db_working_home/000236.log 
2026/04/19-17:58:56.199843 1492 [Zonestats:time(s),used_cap(MB),reclaimable_cap(MB), avg_reclaimable(%), active(#), active_zones(#), open_zones(#)] 128 1290 2549 66 9 9 3
2026/04/19-17:58:56.324499 1488 [DEBUG] New writable file: /db_working_home/000240.log direct: 0
2026/04/19-17:58:56.330992 1492 [DEBUG] New writable file: /db_working_home/000241.sst direct: 1
2026/04/19-17:58:56.335824 1492 Entering Apply Finish Threshold Function
2026/04/19-17:58:56.335854 1492 [DEBUG] Allocating zone(new=1) start: 0xd0000000 wp: 0xd0000000 lt: 3 file lt: 3
2026/04/19-17:58:56.335862 1492 [Zonestats:time(s),used_cap(MB),reclaimable_cap(MB), avg_reclaimable(%), active(#), active_zones(#), open_zones(#)] 128 1296 2543 66 9 10 4
2026/04/19-17:58:56.335869 1492 [DEBUG] Syncing metadata for: /db_working_home/000241.sst
2026/04/19-17:58:56.338320 1488 [DEBUG] Allocating zone(new=0) start: 0xb0000000 wp: 0xb0f35c00 lt: 3 file lt: 2
2026/04/19-17:58:56.338329 1488 [DEBUG] Syncing metadata for: /db_working_home/000240.log
2026/04/19-17:58:56.504663 1490 Zone Garbage Stats: [93 5 1 1 0 13 2 0 0 1 4 0 ]
2026/04/19-17:58:56.504680 1490 Total Garbage Bytes: 285006274 bytes
2026/04/19-17:58:56.640190 1492 [DEBUG] Syncing metadata for: /db_working_home/000241.sst
2026/04/19-17:58:56.647357 1492 [DEBUG] Syncing metadata for: /db_working_home/000241.sst
2026/04/19-17:58:56.648013 1492 [DEBUG] New random access file: /db_working_home/000241.sst direct: 1
2026/04/19-17:58:56.648206 1492 [DEBUG] GetFileSize: /db_working_home/000241.sst 
2026/04/19-17:58:56.659695 1488 [DEBUG] New writable file: /db_working_home/000242.log direct: 0
2026/04/19-17:58:56.663198 1492 [DEBUG] Syncing metadata for: /db_working_home/MANIFEST-000199
2026/04/19-17:58:56.663871 1492 [DEBUG] GetFileSize: /db_working_home/000241.sst 
2026/04/19-17:58:56.675384 1492 [DEBUG] Syncing metadata for: /db_working_home/000238.log
2026/04/19-17:58:56.676430 1492 [DEBUG] DeleteFile: ./db_working_home/000238.log 
2026/04/19-17:58:56.678787 1492 [Zonestats:time(s),used_cap(MB),reclaimable_cap(MB), avg_reclaimable(%), active(#), active_zones(#), open_zones(#)] 128 1311 2656 66 10 10 3
2026/04/19-17:58:56.678960 1492 [DEBUG] New writable file: /db_working_home/000243.sst direct: 1
2026/04/19-17:58:56.682050 1492 Entering Apply Finish Threshold Function
2026/04/19-17:58:56.682067 1492 Finishing zone: Entering Finish()
2026/04/19-17:58:56.685491 1488 [DEBUG] Allocating zone(new=0) start: 0xd0000000 wp: 0xd0f37600 lt: 3 file lt: 2
2026/04/19-17:58:56.685499 1488 [DEBUG] Syncing metadata for: /db_working_home/000242.log
2026/04/19-17:58:56.938028 1491 [DEBUG] Syncing metadata for: /db_working_home/000235.sst
2026/04/19-17:58:56.938093 1488 [DEBUG] New writable file: /db_working_home/000244.log direct: 0
2026/04/19-17:58:56.938837 1491 [DEBUG] Syncing metadata for: /db_working_home/000235.sst
2026/04/19-17:58:56.939893 1491 [DEBUG] GetFileSize: /db_working_home/000235.sst 
2026/04/19-17:58:56.940683 1491 [DEBUG] New writable file: /db_working_home/000245.sst direct: 1
2026/04/19-17:58:56.947301 1491 Entering Apply Finish Threshold Function
2026/04/19-17:58:56.947315 1491 Finishing zone: Entering Finish()
2026/04/19-17:58:57.504864 1490 Zone Garbage Stats: [93 5 1 1 0 13 2 0 0 1 4 0 ]
2026/04/19-17:58:57.504877 1490 Total Garbage Bytes: 285006274 bytes
2026/04/19-17:58:57.563032 1491 [DEBUG] Allocating zone(new=1) start: 0x100000000 wp: 0x100000000 lt: 5 file lt: 5
2026/04/19-17:58:57.563046 1491 [Zonestats:time(s),used_cap(MB),reclaimable_cap(MB), avg_reclaimable(%), active(#), active_zones(#), open_zones(#)] 129 1411 2684 65 9 10 4
2026/04/19-17:58:57.563069 1491 [DEBUG] Syncing metadata for: /db_working_home/000245.sst
2026/04/19-17:58:58.505085 1490 Zone Garbage Stats: [92 5 1 1 1 13 2 0 0 1 4 0 ]
2026/04/19-17:58:58.505180 1490 Total Garbage Bytes: 285006609 bytes
2026/04/19-17:58:58.684704 1492 [DEBUG] Allocating zone(new=1) start: 0x108000000 wp: 0x108000000 lt: 3 file lt: 3
2026/04/19-17:58:58.684721 1492 [Zonestats:time(s),used_cap(MB),reclaimable_cap(MB), avg_reclaimable(%), active(#), active_zones(#), open_zones(#)] 130 1411 2684 65 9 10 5
2026/04/19-17:58:58.684731 1492 [DEBUG] Syncing metadata for: /db_working_home/000243.sst
2026/04/19-17:58:58.889224 1492 [DEBUG] Syncing metadata for: /db_working_home/000243.sst
2026/04/19-17:58:58.891900 1492 [DEBUG] Syncing metadata for: /db_working_home/000243.sst
2026/04/19-17:58:58.892575 1492 [DEBUG] New random access file: /db_working_home/000243.sst direct: 1
2026/04/19-17:58:58.900052 1492 [DEBUG] GetFileSize: /db_working_home/000243.sst 
2026/04/19-17:58:58.909712 1492 [DEBUG] Syncing metadata for: /db_working_home/MANIFEST-000199
2026/04/19-17:58:58.910431 1492 [DEBUG] GetFileSize: /db_working_home/000243.sst 
2026/04/19-17:58:58.914725 1492 [DEBUG] Syncing metadata for: /db_working_home/000240.log
2026/04/19-17:58:58.922491 1492 [DEBUG] DeleteFile: ./db_working_home/000240.log 
2026/04/19-17:58:58.923080 1492 [Zonestats:time(s),used_cap(MB),reclaimable_cap(MB), avg_reclaimable(%), active(#), active_zones(#), open_zones(#)] 130 1411 2812 66 10 10 3
2026/04/19-17:58:58.923281 1492 [DEBUG] New writable file: /db_working_home/000246.sst direct: 1
2026/04/19-17:58:58.927119 1492 Entering Apply Finish Threshold Function
2026/04/19-17:58:58.927147 1492 [DEBUG] Allocating zone(new=1) start: 0x128000000 wp: 0x128000000 lt: 3 file lt: 3
2026/04/19-17:58:58.927154 1492 [Zonestats:time(s),used_cap(MB),reclaimable_cap(MB), avg_reclaimable(%), active(#), active_zones(#), open_zones(#)] 130 1411 2812 66 10 11 4
2026/04/19-17:58:58.927161 1492 [DEBUG] Syncing metadata for: /db_working_home/000246.sst
2026/04/19-17:58:58.932119 1488 [DEBUG] Allocating zone(new=0) start: 0x108000000 wp: 0x108f36600 lt: 3 file lt: 2
2026/04/19-17:58:58.932131 1488 [DEBUG] Syncing metadata for: /db_working_home/000244.log
2026/04/19-17:58:59.207076 1492 [DEBUG] Syncing metadata for: /db_working_home/000246.sst
2026/04/19-17:58:59.214428 1492 [DEBUG] Syncing metadata for: /db_working_home/000246.sst
2026/04/19-17:58:59.221759 1492 [DEBUG] New random access file: /db_working_home/000246.sst direct: 1
2026/04/19-17:58:59.228768 1492 [DEBUG] GetFileSize: /db_working_home/000246.sst 
2026/04/19-17:58:59.237449 1492 [DEBUG] Syncing metadata for: /db_working_home/MANIFEST-000199
2026/04/19-17:58:59.238743 1492 [DEBUG] GetFileSize: /db_working_home/000246.sst 
2026/04/19-17:58:59.243055 1492 [DEBUG] Syncing metadata for: /db_working_home/000242.log
2026/04/19-17:58:59.250790 1492 [DEBUG] DeleteFile: ./db_working_home/000242.log 
2026/04/19-17:58:59.253590 1491 Entering Apply Finish Threshold Function
2026/04/19-17:58:59.253618 1491 [DEBUG] Allocating zone(new=1) start: 0x130000000 wp: 0x130000000 lt: 5 file lt: 5
2026/04/19-17:58:59.253626 1491 [Zonestats:time(s),used_cap(MB),reclaimable_cap(MB), avg_reclaimable(%), active(#), active_zones(#), open_zones(#)] 131 1569 2910 64 10 11 3
2026/04/19-17:58:59.253632 1491 [DEBUG] Syncing metadata for: /db_working_home/000245.sst
2026/04/19-17:58:59.258337 1492 [Zonestats:time(s),used_cap(MB),reclaimable_cap(MB), avg_reclaimable(%), active(#), active_zones(#), open_zones(#)] 131 1555 2924 65 10 11 3
2026/04/19-17:58:59.260547 1491 [DEBUG] Syncing metadata for: /db_working_home/000245.sst
2026/04/19-17:58:59.261113 1491 [DEBUG] Syncing metadata for: /db_working_home/000245.sst
2026/04/19-17:58:59.261810 1491 [DEBUG] GetFileSize: /db_working_home/000245.sst 
2026/04/19-17:58:59.261843 1491 [DEBUG] New writable file: /db_working_home/000247.sst direct: 1
2026/04/19-17:58:59.263440 1488 [DEBUG] New writable file: /db_working_home/000248.log direct: 0
2026/04/19-17:58:59.264335 1492 [DEBUG] New writable file: /db_working_home/000249.sst direct: 1
2026/04/19-17:58:59.264752 1491 Entering Apply Finish Threshold Function
2026/04/19-17:58:59.264778 1491 [DEBUG] Allocating zone(new=1) start: 0x138000000 wp: 0x138000000 lt: 5 file lt: 5
2026/04/19-17:58:59.264786 1491 [Zonestats:time(s),used_cap(MB),reclaimable_cap(MB), avg_reclaimable(%), active(#), active_zones(#), open_zones(#)] 131 1555 3052 66 11 12 3
2026/04/19-17:58:59.264793 1491 [DEBUG] Syncing metadata for: /db_working_home/000247.sst
2026/04/19-17:58:59.267343 1492 Entering Apply Finish Threshold Function
2026/04/19-17:58:59.267368 1492 [DEBUG] Allocating zone(new=0) start: 0x130000000 wp: 0x130029400 lt: 5 file lt: 3
2026/04/19-17:58:59.267375 1492 [Zonestats:time(s),used_cap(MB),reclaimable_cap(MB), avg_reclaimable(%), active(#), active_zones(#), open_zones(#)] 131 1555 3052 66 11 12 4
2026/04/19-17:58:59.267381 1492 [DEBUG] Syncing metadata for: /db_working_home/000249.sst
2026/04/19-17:58:59.270228 1488 [DEBUG] Allocating zone(new=0) start: 0x128000000 wp: 0x128f32e00 lt: 3 file lt: 2
2026/04/19-17:58:59.270234 1488 [DEBUG] Syncing metadata for: /db_working_home/000248.log
2026/04/19-17:58:59.373660 1491 [DEBUG] Syncing metadata for: /db_working_home/000247.sst
2026/04/19-17:58:59.380882 1491 [DEBUG] Syncing metadata for: /db_working_home/000247.sst
2026/04/19-17:58:59.388722 1491 [DEBUG] GetFileSize: /db_working_home/000247.sst 
2026/04/19-17:58:59.390127 1491 [DEBUG] New random access file: /db_working_home/000235.sst direct: 1
2026/04/19-17:58:59.395901 1491 [DEBUG] GetFileSize: /db_working_home/000235.sst 
2026/04/19-17:58:59.396120 1491 [DEBUG] New random access file: /db_working_home/000245.sst direct: 1
2026/04/19-17:58:59.396449 1491 [DEBUG] GetFileSize: /db_working_home/000245.sst 
2026/04/19-17:58:59.396618 1491 [DEBUG] New random access file: /db_working_home/000247.sst direct: 1
2026/04/19-17:58:59.396789 1491 [DEBUG] GetFileSize: /db_working_home/000247.sst 
2026/04/19-17:58:59.398557 1491 [DEBUG] Syncing metadata for: /db_working_home/MANIFEST-000199
2026/04/19-17:58:59.505381 1490 Zone Garbage Stats: [88 7 3 1 1 13 2 0 0 2 4 0 ]
2026/04/19-17:58:59.505398 1490 Total Garbage Bytes: 350203644 bytes
2026/04/19-17:58:59.515235 1491 [DEBUG] New writable file: /db_working_home/000250.sst direct: 1
2026/04/19-17:58:59.525897 1491 Entering Apply Finish Threshold Function
2026/04/19-17:58:59.525962 1491 [DEBUG] Allocating zone(new=0) start: 0x138000000 wp: 0x138417400 lt: 5 file lt: 3
2026/04/19-17:58:59.525971 1491 [Zonestats:time(s),used_cap(MB),reclaimable_cap(MB), avg_reclaimable(%), active(#), active_zones(#), open_zones(#)] 131 1573 3162 66 12 12 5
2026/04/19-17:58:59.525978 1491 [DEBUG] Syncing metadata for: /db_working_home/000250.sst
2026/04/19-17:58:59.540585 1488 [DEBUG] New writable file: /db_working_home/000251.log direct: 0
2026/04/19-17:58:59.545941 1492 [DEBUG] Syncing metadata for: /db_working_home/000249.sst
2026/04/19-17:58:59.546817 1492 [DEBUG] Syncing metadata for: /db_working_home/000249.sst
2026/04/19-17:58:59.547555 1492 [DEBUG] New random access file: /db_working_home/000249.sst direct: 1
2026/04/19-17:58:59.554743 1492 [DEBUG] GetFileSize: /db_working_home/000249.sst 
2026/04/19-17:58:59.557078 1492 [DEBUG] Syncing metadata for: /db_working_home/MANIFEST-000199
2026/04/19-17:58:59.557728 1492 [DEBUG] GetFileSize: /db_working_home/000249.sst 
2026/04/19-17:58:59.568959 1492 [DEBUG] Syncing metadata for: /db_working_home/000244.log
2026/04/19-17:58:59.576794 1492 [DEBUG] DeleteFile: ./db_working_home/000212.sst 
2026/04/19-17:58:59.577493 1492 [Zonestats:time(s),used_cap(MB),reclaimable_cap(MB), avg_reclaimable(%), active(#), active_zones(#), open_zones(#)] 131 1492 3115 67 12 12 3
2026/04/19-17:58:59.577538 1492 [DEBUG] DeleteFile: ./db_working_home/000232.sst 
2026/04/19-17:58:59.578272 1492 [Zonestats:time(s),used_cap(MB),reclaimable_cap(MB), avg_reclaimable(%), active(#), active_zones(#), open_zones(#)] 131 1363 2988 68 11 11 3
2026/04/19-17:58:59.578305 1492 [DEBUG] DeleteFile: ./db_working_home/000244.log 
2026/04/19-17:58:59.578861 1492 [Zonestats:time(s),used_cap(MB),reclaimable_cap(MB), avg_reclaimable(%), active(#), active_zones(#), open_zones(#)] 131 1348 3003 69 11 11 3
2026/04/19-17:58:59.579021 1492 [DEBUG] New writable file: /db_working_home/000252.sst direct: 1
2026/04/19-17:58:59.586758 1488 [DEBUG] Allocating zone(new=0) start: 0x108000000 wp: 0x109ec1200 lt: 3 file lt: 2
2026/04/19-17:58:59.586768 1488 [DEBUG] Syncing metadata for: /db_working_home/000251.log
2026/04/19-17:58:59.589366 1492 Entering Apply Finish Threshold Function
2026/04/19-17:58:59.589391 1492 [DEBUG] Allocating zone(new=0) start: 0x130000000 wp: 0x130f5cc00 lt: 5 file lt: 3
2026/04/19-17:58:59.589399 1492 [Zonestats:time(s),used_cap(MB),reclaimable_cap(MB), avg_reclaimable(%), active(#), active_zones(#), open_zones(#)] 131 1348 3003 69 11 11 5
2026/04/19-17:58:59.589406 1492 [DEBUG] Syncing metadata for: /db_working_home/000252.sst
2026/04/19-17:58:59.886614 1492 [DEBUG] Syncing metadata for: /db_working_home/000252.sst
2026/04/19-17:58:59.888533 1488 [DEBUG] New writable file: /db_working_home/000253.log direct: 0
2026/04/19-17:58:59.893848 1492 [DEBUG] Syncing metadata for: /db_working_home/000252.sst
2026/04/19-17:58:59.895049 1492 [DEBUG] New random access file: /db_working_home/000252.sst direct: 1
2026/04/19-17:58:59.895231 1492 [DEBUG] GetFileSize: /db_working_home/000252.sst 
2026/04/19-17:58:59.904220 1492 [DEBUG] Syncing metadata for: /db_working_home/MANIFEST-000199
2026/04/19-17:58:59.904911 1492 [DEBUG] GetFileSize: /db_working_home/000252.sst 
2026/04/19-17:58:59.909212 1492 [DEBUG] Syncing metadata for: /db_working_home/000248.log
2026/04/19-17:58:59.916544 1492 [DEBUG] DeleteFile: ./db_working_home/000248.log 
2026/04/19-17:58:59.917123 1492 [Zonestats:time(s),used_cap(MB),reclaimable_cap(MB), avg_reclaimable(%), active(#), active_zones(#), open_zones(#)] 131 1363 2988 68 11 11 3
2026/04/19-17:58:59.917296 1492 [DEBUG] New writable file: /db_working_home/000254.sst direct: 1
2026/04/19-17:58:59.920324 1492 Entering Apply Finish Threshold Function
2026/04/19-17:58:59.920348 1492 [DEBUG] Allocating zone(new=0) start: 0x130000000 wp: 0x131e8e800 lt: 5 file lt: 3
2026/04/19-17:58:59.920355 1492 [Zonestats:time(s),used_cap(MB),reclaimable_cap(MB), avg_reclaimable(%), active(#), active_zones(#), open_zones(#)] 131 1363 2988 68 11 11 4
2026/04/19-17:58:59.920362 1492 [DEBUG] Syncing metadata for: /db_working_home/000254.sst
2026/04/19-17:58:59.925663 1488 [DEBUG] Allocating zone(new=0) start: 0x128000000 wp: 0x129ebe000 lt: 3 file lt: 2
2026/04/19-17:58:59.925674 1488 [DEBUG] Syncing metadata for: /db_working_home/000253.log
2026/04/19-17:59:00.214359 1492 [DEBUG] Syncing metadata for: /db_working_home/000254.sst
2026/04/19-17:59:00.217095 1492 [DEBUG] Syncing metadata for: /db_working_home/000254.sst
2026/04/19-17:59:00.225097 1492 [DEBUG] New random access file: /db_working_home/000254.sst direct: 1
2026/04/19-17:59:00.234241 1492 [DEBUG] GetFileSize: /db_working_home/000254.sst 
2026/04/19-17:59:00.236579 1492 [DEBUG] Syncing metadata for: /db_working_home/MANIFEST-000199
2026/04/19-17:59:00.237242 1492 [DEBUG] GetFileSize: /db_working_home/000254.sst 
2026/04/19-17:59:00.248221 1492 [DEBUG] Syncing metadata for: /db_working_home/000251.log
2026/04/19-17:59:00.260878 1488 [DEBUG] New writable file: /db_working_home/000255.log direct: 0
2026/04/19-17:59:00.262998 1492 [DEBUG] DeleteFile: ./db_working_home/000251.log 
2026/04/19-17:59:00.264151 1492 [Zonestats:time(s),used_cap(MB),reclaimable_cap(MB), avg_reclaimable(%), active(#), active_zones(#), open_zones(#)] 132 1378 2973 68 11 11 3
2026/04/19-17:59:00.264366 1492 [DEBUG] New writable file: /db_working_home/000256.sst direct: 1
2026/04/19-17:59:00.267406 1492 Entering Apply Finish Threshold Function
2026/04/19-17:59:00.267419 1492 Finishing zone: Entering Finish()
2026/04/19-17:59:00.270700 1488 [DEBUG] Allocating zone(new=0) start: 0xd0000000 wp: 0xd1ec2000 lt: 3 file lt: 2
2026/04/19-17:59:00.270707 1488 [DEBUG] Syncing metadata for: /db_working_home/000255.log
2026/04/19-17:59:00.496726 1488 [DEBUG] New writable file: /db_working_home/000257.log direct: 0
2026/04/19-17:59:00.505583 1490 Zone Garbage Stats: [91 5 2 0 1 13 2 0 0 2 4 0 ]
2026/04/19-17:59:00.505596 1490 Total Garbage Bytes: 333906419 bytes
2026/04/19-17:59:01.139693 1491 [DEBUG] Syncing metadata for: /db_working_home/000250.sst
2026/04/19-17:59:01.140253 1491 [DEBUG] Syncing metadata for: /db_working_home/000250.sst
2026/04/19-17:59:01.141126 1491 [DEBUG] GetFileSize: /db_working_home/000250.sst 
2026/04/19-17:59:01.141154 1491 [DEBUG] New writable file: /db_working_home/000258.sst direct: 1
2026/04/19-17:59:01.146929 1491 Entering Apply Finish Threshold Function
2026/04/19-17:59:01.146941 1491 Finishing zone: Entering Finish()
2026/04/19-17:59:01.505775 1490 Zone Garbage Stats: [91 5 2 0 1 13 2 0 0 2 4 0 ]
2026/04/19-17:59:01.505788 1490 Total Garbage Bytes: 333906302 bytes
2026/04/19-17:59:01.942532 1492 Finishing zone: Entering Finish()
2026/04/19-17:59:02.291006 1492 [DEBUG] Allocating zone(new=1) start: 0x70000000 wp: 0x70000000 lt: 3 file lt: 3
2026/04/19-17:59:02.291039 1492 [Zonestats:time(s),used_cap(MB),reclaimable_cap(MB), avg_reclaimable(%), active(#), active_zones(#), open_zones(#)] 134 1493 2858 65 9 10 4
2026/04/19-17:59:02.291070 1492 [DEBUG] Syncing metadata for: /db_working_home/000256.sst
2026/04/19-17:59:02.377454 1491 [DEBUG] Allocating zone(new=1) start: 0x78000000 wp: 0x78000000 lt: 3 file lt: 3
2026/04/19-17:59:02.377470 1491 [Zonestats:time(s),used_cap(MB),reclaimable_cap(MB), avg_reclaimable(%), active(#), active_zones(#), open_zones(#)] 134 1493 2858 65 9 10 5
2026/04/19-17:59:02.377494 1491 [DEBUG] Syncing metadata for: /db_working_home/000258.sst
2026/04/19-17:59:02.430659 1491 [DEBUG] Syncing metadata for: /db_working_home/000258.sst
2026/04/19-17:59:02.438296 1491 [DEBUG] Syncing metadata for: /db_working_home/000258.sst
2026/04/19-17:59:02.439065 1491 [DEBUG] GetFileSize: /db_working_home/000258.sst 
2026/04/19-17:59:02.440509 1491 [DEBUG] New random access file: /db_working_home/000250.sst direct: 1
2026/04/19-17:59:02.447473 1491 [DEBUG] GetFileSize: /db_working_home/000250.sst 
2026/04/19-17:59:02.447693 1491 [DEBUG] New random access file: /db_working_home/000258.sst direct: 1
2026/04/19-17:59:02.447882 1491 [DEBUG] GetFileSize: /db_working_home/000258.sst 
2026/04/19-17:59:02.448790 1491 [DEBUG] Syncing metadata for: /db_working_home/MANIFEST-000199
2026/04/19-17:59:02.457074 1491 [DEBUG] Syncing metadata for: /db_working_home/MANIFEST-000199
2026/04/19-17:59:02.459530 1492 [DEBUG] Syncing metadata for: /db_working_home/000256.sst
2026/04/19-17:59:02.462351 1492 [DEBUG] Syncing metadata for: /db_working_home/000256.sst
2026/04/19-17:59:02.465141 1492 [DEBUG] New random access file: /db_working_home/000256.sst direct: 1
2026/04/19-17:59:02.467249 1492 [DEBUG] GetFileSize: /db_working_home/000256.sst 
2026/04/19-17:59:02.469735 1491 [DEBUG] New writable file: /db_working_home/000259.sst direct: 1
2026/04/19-17:59:02.470119 1492 [DEBUG] Syncing metadata for: /db_working_home/MANIFEST-000199
2026/04/19-17:59:02.470971 1492 [DEBUG] GetFileSize: /db_working_home/000256.sst 
2026/04/19-17:59:02.473272 1491 Entering Apply Finish Threshold Function
2026/04/19-17:59:02.473299 1491 [DEBUG] Allocating zone(new=1) start: 0x110000000 wp: 0x110000000 lt: 3 file lt: 3
2026/04/19-17:59:02.473306 1491 [Zonestats:time(s),used_cap(MB),reclaimable_cap(MB), avg_reclaimable(%), active(#), active_zones(#), open_zones(#)] 134 1511 3096 67 10 11 4
2026/04/19-17:59:02.473313 1491 [DEBUG] Syncing metadata for: /db_working_home/000259.sst
2026/04/19-17:59:02.475289 1492 [DEBUG] Syncing metadata for: /db_working_home/000253.log
2026/04/19-17:59:02.486741 1492 [DEBUG] DeleteFile: ./db_working_home/000230.sst 
2026/04/19-17:59:02.487460 1492 [Zonestats:time(s),used_cap(MB),reclaimable_cap(MB), avg_reclaimable(%), active(#), active_zones(#), open_zones(#)] 134 1496 2983 66 11 11 3
2026/04/19-17:59:02.487504 1492 [DEBUG] DeleteFile: ./db_working_home/000233.sst 
2026/04/19-17:59:02.488151 1492 [Zonestats:time(s),used_cap(MB),reclaimable_cap(MB), avg_reclaimable(%), active(#), active_zones(#), open_zones(#)] 134 1481 2870 65 10 10 3
2026/04/19-17:59:02.488185 1492 [DEBUG] DeleteFile: ./db_working_home/000237.sst 
2026/04/19-17:59:02.488825 1492 [Zonestats:time(s),used_cap(MB),reclaimable_cap(MB), avg_reclaimable(%), active(#), active_zones(#), open_zones(#)] 134 1466 2757 65 9 9 3
2026/04/19-17:59:02.488857 1492 [DEBUG] DeleteFile: ./db_working_home/000239.sst 
2026/04/19-17:59:02.489515 1492 [Zonestats:time(s),used_cap(MB),reclaimable_cap(MB), avg_reclaimable(%), active(#), active_zones(#), open_zones(#)] 134 1450 2645 64 8 8 3
2026/04/19-17:59:02.489546 1492 [DEBUG] DeleteFile: ./db_working_home/000241.sst 
2026/04/19-17:59:02.497148 1492 [Zonestats:time(s),used_cap(MB),reclaimable_cap(MB), avg_reclaimable(%), active(#), active_zones(#), open_zones(#)] 134 1435 2660 64 8 8 3
2026/04/19-17:59:02.497201 1492 [DEBUG] DeleteFile: ./db_working_home/000243.sst 
2026/04/19-17:59:02.497885 1492 [Zonestats:time(s),used_cap(MB),reclaimable_cap(MB), avg_reclaimable(%), active(#), active_zones(#), open_zones(#)] 134 1420 2547 64 8 8 3
2026/04/19-17:59:02.497941 1492 [DEBUG] DeleteFile: ./db_working_home/000246.sst 
2026/04/19-17:59:02.498501 1492 [Zonestats:time(s),used_cap(MB),reclaimable_cap(MB), avg_reclaimable(%), active(#), active_zones(#), open_zones(#)] 134 1405 2562 64 8 8 3
2026/04/19-17:59:02.498533 1492 [DEBUG] DeleteFile: ./db_working_home/000253.log 
2026/04/19-17:59:02.499176 1492 [Zonestats:time(s),used_cap(MB),reclaimable_cap(MB), avg_reclaimable(%), active(#), active_zones(#), open_zones(#)] 134 1389 2450 63 7 7 3
2026/04/19-17:59:02.499348 1492 [DEBUG] New writable file: /db_working_home/000260.sst direct: 1
2026/04/19-17:59:02.503451 1492 Entering Apply Finish Threshold Function
2026/04/19-17:59:02.503476 1492 [DEBUG] Allocating zone(new=1) start: 0x50000000 wp: 0x50000000 lt: 3 file lt: 3
2026/04/19-17:59:02.503484 1492 [Zonestats:time(s),used_cap(MB),reclaimable_cap(MB), avg_reclaimable(%), active(#), active_zones(#), open_zones(#)] 134 1389 2450 63 7 8 4
2026/04/19-17:59:02.503490 1492 [DEBUG] Syncing metadata for: /db_working_home/000260.sst
2026/04/19-17:59:02.505963 1490 Zone Garbage Stats: [93 4 2 0 1 13 2 1 0 1 4 0 ]
2026/04/19-17:59:02.505974 1490 Total Garbage Bytes: 285007493 bytes
2026/04/19-17:59:02.507727 1488 [DEBUG] Allocating zone(new=0) start: 0x80000000 wp: 0x81294000 lt: 3 file lt: 2
2026/04/19-17:59:02.507736 1488 [DEBUG] Syncing metadata for: /db_working_home/000257.log
2026/04/19-17:59:02.734871 1492 [DEBUG] Syncing metadata for: /db_working_home/000260.sst
2026/04/19-17:59:02.741140 1492 [DEBUG] Syncing metadata for: /db_working_home/000260.sst
2026/04/19-17:59:02.741801 1492 [DEBUG] New random access file: /db_working_home/000260.sst direct: 1
2026/04/19-17:59:02.742004 1492 [DEBUG] GetFileSize: /db_working_home/000260.sst 
2026/04/19-17:59:02.746561 1492 [DEBUG] Syncing metadata for: /db_working_home/MANIFEST-000199
2026/04/19-17:59:02.757470 1492 [DEBUG] GetFileSize: /db_working_home/000260.sst 
2026/04/19-17:59:02.761778 1492 [DEBUG] Syncing metadata for: /db_working_home/000255.log
2026/04/19-17:59:02.765075 1492 [DEBUG] DeleteFile: ./db_working_home/000255.log 
2026/04/19-17:59:02.767823 1492 [Zonestats:time(s),used_cap(MB),reclaimable_cap(MB), avg_reclaimable(%), active(#), active_zones(#), open_zones(#)] 134 1397 2442 63 7 7 3
2026/04/19-17:59:02.868503 1488 [DEBUG] New writable file: /db_working_home/000261.log direct: 0
2026/04/19-17:59:02.869571 1492 [DEBUG] New writable file: /db_working_home/000262.sst direct: 1
2026/04/19-17:59:02.873646 1488 [DEBUG] Allocating zone(new=0) start: 0x78000000 wp: 0x78265a00 lt: 3 file lt: 2
2026/04/19-17:59:02.873652 1488 [DEBUG] Syncing metadata for: /db_working_home/000261.log
2026/04/19-17:59:02.874406 1492 Entering Apply Finish Threshold Function
2026/04/19-17:59:02.874435 1492 [DEBUG] Allocating zone(new=1) start: 0x58000000 wp: 0x58000000 lt: 3 file lt: 3
2026/04/19-17:59:02.874443 1492 [Zonestats:time(s),used_cap(MB),reclaimable_cap(MB), avg_reclaimable(%), active(#), active_zones(#), open_zones(#)] 134 1404 2435 63 7 8 5
2026/04/19-17:59:02.874449 1492 [DEBUG] Syncing metadata for: /db_working_home/000262.sst
2026/04/19-17:59:03.093361 1492 [DEBUG] Syncing metadata for: /db_working_home/000262.sst
2026/04/19-17:59:03.104095 1492 [DEBUG] Syncing metadata for: /db_working_home/000262.sst
2026/04/19-17:59:03.104782 1492 [DEBUG] New random access file: /db_working_home/000262.sst direct: 1
2026/04/19-17:59:03.104964 1492 [DEBUG] GetFileSize: /db_working_home/000262.sst 
2026/04/19-17:59:03.114216 1492 [DEBUG] Syncing metadata for: /db_working_home/MANIFEST-000199
2026/04/19-17:59:03.118057 1492 [DEBUG] GetFileSize: /db_working_home/000262.sst 
2026/04/19-17:59:03.132883 1492 [DEBUG] Syncing metadata for: /db_working_home/000257.log
2026/04/19-17:59:03.133574 1492 [DEBUG] DeleteFile: ./db_working_home/000257.log 
2026/04/19-17:59:03.134138 1492 [Zonestats:time(s),used_cap(MB),reclaimable_cap(MB), avg_reclaimable(%), active(#), active_zones(#), open_zones(#)] 135 1412 2555 64 8 8 3
2026/04/19-17:59:03.336004 1488 [DEBUG] New writable file: /db_working_home/000263.log direct: 0
2026/04/19-17:59:03.342299 1492 [DEBUG] New writable file: /db_working_home/000264.sst direct: 1
2026/04/19-17:59:03.345268 1492 Entering Apply Finish Threshold Function
2026/04/19-17:59:03.345296 1492 [DEBUG] Allocating zone(new=1) start: 0xb0000000 wp: 0xb0000000 lt: 3 file lt: 3
2026/04/19-17:59:03.345304 1492 [Zonestats:time(s),used_cap(MB),reclaimable_cap(MB), avg_reclaimable(%), active(#), active_zones(#), open_zones(#)] 135 1420 2547 64 8 9 4
2026/04/19-17:59:03.345311 1492 [DEBUG] Syncing metadata for: /db_working_home/000264.sst
2026/04/19-17:59:03.348914 1488 [DEBUG] Allocating zone(new=0) start: 0x80000000 wp: 0x8221f400 lt: 3 file lt: 2
2026/04/19-17:59:03.348922 1488 [DEBUG] Syncing metadata for: /db_working_home/000263.log
2026/04/19-17:59:03.363069 1491 [DEBUG] Syncing metadata for: /db_working_home/000259.sst
2026/04/19-17:59:03.378340 1491 [DEBUG] Syncing metadata for: /db_working_home/000259.sst
2026/04/19-17:59:03.386347 1491 [DEBUG] GetFileSize: /db_working_home/000259.sst 
2026/04/19-17:59:03.386383 1491 [DEBUG] New writable file: /db_working_home/000265.sst direct: 1
2026/04/19-17:59:03.404642 1491 Entering Apply Finish Threshold Function
2026/04/19-17:59:03.404656 1491 Finishing zone: Entering Finish()
2026/04/19-17:59:03.506158 1490 Zone Garbage Stats: [92 5 1 0 1 13 2 1 0 1 4 0 ]
2026/04/19-17:59:03.506287 1490 Total Garbage Bytes: 268711424 bytes
2026/04/19-17:59:03.578772 1492 [DEBUG] Syncing metadata for: /db_working_home/000264.sst
2026/04/19-17:59:03.579347 1492 [DEBUG] Syncing metadata for: /db_working_home/000264.sst
2026/04/19-17:59:03.580332 1492 [DEBUG] New random access file: /db_working_home/000264.sst direct: 1
2026/04/19-17:59:03.580512 1492 [DEBUG] GetFileSize: /db_working_home/000264.sst 
2026/04/19-17:59:03.582643 1492 [DEBUG] Syncing metadata for: /db_working_home/MANIFEST-000199
2026/04/19-17:59:03.583290 1492 [DEBUG] GetFileSize: /db_working_home/000264.sst 
2026/04/19-17:59:03.593078 1488 [DEBUG] New writable file: /db_working_home/000266.log direct: 0
2026/04/19-17:59:03.595873 1492 [DEBUG] Syncing metadata for: /db_working_home/000261.log
2026/04/19-17:59:03.596807 1492 [DEBUG] DeleteFile: ./db_working_home/000261.log 
2026/04/19-17:59:03.597613 1492 [Zonestats:time(s),used_cap(MB),reclaimable_cap(MB), avg_reclaimable(%), active(#), active_zones(#), open_zones(#)] 135 1479 2744 64 9 9 2
2026/04/19-17:59:03.597817 1492 [DEBUG] New writable file: /db_working_home/000267.sst direct: 1
2026/04/19-17:59:03.600585 1488 [DEBUG] Allocating zone(new=0) start: 0xb0000000 wp: 0xb0f35800 lt: 3 file lt: 2
2026/04/19-17:59:03.600591 1488 [DEBUG] Syncing metadata for: /db_working_home/000266.log
2026/04/19-17:59:03.600821 1492 Entering Apply Finish Threshold Function
2026/04/19-17:59:03.600848 1492 [DEBUG] Allocating zone(new=1) start: 0xd0000000 wp: 0xd0000000 lt: 3 file lt: 3
2026/04/19-17:59:03.600855 1492 [Zonestats:time(s),used_cap(MB),reclaimable_cap(MB), avg_reclaimable(%), active(#), active_zones(#), open_zones(#)] 135 1479 2744 64 9 10 4
2026/04/19-17:59:03.600861 1492 [DEBUG] Syncing metadata for: /db_working_home/000267.sst
2026/04/19-17:59:03.829200 1488 [DEBUG] New writable file: /db_working_home/000268.log direct: 0
2026/04/19-17:59:03.837574 1492 [DEBUG] Syncing metadata for: /db_working_home/000267.sst
2026/04/19-17:59:03.838227 1492 [DEBUG] Syncing metadata for: /db_working_home/000267.sst
2026/04/19-17:59:03.839205 1492 [DEBUG] New random access file: /db_working_home/000267.sst direct: 1
2026/04/19-17:59:03.839668 1492 [DEBUG] GetFileSize: /db_working_home/000267.sst 
2026/04/19-17:59:03.842122 1492 [DEBUG] Syncing metadata for: /db_working_home/MANIFEST-000199
2026/04/19-17:59:03.842784 1492 [DEBUG] GetFileSize: /db_working_home/000267.sst 
2026/04/19-17:59:03.847258 1492 [DEBUG] Syncing metadata for: /db_working_home/000263.log
2026/04/19-17:59:03.848180 1492 [DEBUG] DeleteFile: ./db_working_home/000263.log 
2026/04/19-17:59:03.848980 1492 [Zonestats:time(s),used_cap(MB),reclaimable_cap(MB), avg_reclaimable(%), active(#), active_zones(#), open_zones(#)] 135 1494 2857 65 10 10 2
2026/04/19-17:59:03.849136 1492 [DEBUG] New writable file: /db_working_home/000269.sst direct: 1
2026/04/19-17:59:03.852169 1492 Entering Apply Finish Threshold Function
2026/04/19-17:59:03.852179 1492 Finishing zone: Entering Finish()
2026/04/19-17:59:03.855175 1488 [DEBUG] Allocating zone(new=0) start: 0xd0000000 wp: 0xd0f3a400 lt: 3 file lt: 2
2026/04/19-17:59:03.855184 1488 [DEBUG] Syncing metadata for: /db_working_home/000268.log
2026/04/19-17:59:04.048407 1488 [DEBUG] New writable file: /db_working_home/000270.log direct: 0
2026/04/19-17:59:04.506468 1490 Zone Garbage Stats: [91 5 2 0 1 13 2 1 0 1 4 0 ]
2026/04/19-17:59:04.506481 1490 Total Garbage Bytes: 285009131 bytes
2026/04/19-17:59:05.089580 1492 [DEBUG] Allocating zone(new=1) start: 0x108000000 wp: 0x108000000 lt: 3 file lt: 3
2026/04/19-17:59:05.089595 1492 [Zonestats:time(s),used_cap(MB),reclaimable_cap(MB), avg_reclaimable(%), active(#), active_zones(#), open_zones(#)] 137 1509 2842 65 9 10 4
2026/04/19-17:59:05.089604 1492 [DEBUG] Syncing metadata for: /db_working_home/000269.sst
2026/04/19-17:59:05.102298 1491 [DEBUG] Allocating zone(new=1) start: 0x118000000 wp: 0x118000000 lt: 3 file lt: 3
2026/04/19-17:59:05.102312 1491 [Zonestats:time(s),used_cap(MB),reclaimable_cap(MB), avg_reclaimable(%), active(#), active_zones(#), open_zones(#)] 137 1509 2842 65 9 10 5
2026/04/19-17:59:05.102322 1491 [DEBUG] Syncing metadata for: /db_working_home/000265.sst
2026/04/19-17:59:05.153062 1491 [DEBUG] Syncing metadata for: /db_working_home/000265.sst
2026/04/19-17:59:05.160240 1491 [DEBUG] Syncing metadata for: /db_working_home/000265.sst
2026/04/19-17:59:05.161016 1491 [DEBUG] GetFileSize: /db_working_home/000265.sst 
2026/04/19-17:59:05.162249 1491 [DEBUG] New random access file: /db_working_home/000259.sst direct: 1
2026/04/19-17:59:05.162574 1491 [DEBUG] GetFileSize: /db_working_home/000259.sst 
2026/04/19-17:59:05.162782 1491 [DEBUG] New random access file: /db_working_home/000265.sst direct: 1
2026/04/19-17:59:05.169915 1491 [DEBUG] GetFileSize: /db_working_home/000265.sst 
2026/04/19-17:59:05.170888 1491 [DEBUG] Syncing metadata for: /db_working_home/MANIFEST-000199
2026/04/19-17:59:05.229151 1491 [DEBUG] New writable file: /db_working_home/000271.sst direct: 1
2026/04/19-17:59:05.239970 1491 Entering Apply Finish Threshold Function
2026/04/19-17:59:05.240011 1491 [DEBUG] Allocating zone(new=1) start: 0x128000000 wp: 0x128000000 lt: 3 file lt: 3
2026/04/19-17:59:05.240020 1491 [Zonestats:time(s),used_cap(MB),reclaimable_cap(MB), avg_reclaimable(%), active(#), active_zones(#), open_zones(#)] 137 1512 2967 66 10 11 5
2026/04/19-17:59:05.240027 1491 [DEBUG] Syncing metadata for: /db_working_home/000271.sst
2026/04/19-17:59:05.272727 1492 [DEBUG] Syncing metadata for: /db_working_home/000269.sst
2026/04/19-17:59:05.273299 1492 [DEBUG] Syncing metadata for: /db_working_home/000269.sst
2026/04/19-17:59:05.273948 1492 [DEBUG] New random access file: /db_working_home/000269.sst direct: 1
2026/04/19-17:59:05.280989 1492 [DEBUG] GetFileSize: /db_working_home/000269.sst 
2026/04/19-17:59:05.283142 1492 [DEBUG] Syncing metadata for: /db_working_home/MANIFEST-000199
2026/04/19-17:59:05.283783 1492 [DEBUG] GetFileSize: /db_working_home/000269.sst 
2026/04/19-17:59:05.295173 1492 [DEBUG] Syncing metadata for: /db_working_home/000266.log
2026/04/19-17:59:05.303018 1492 [DEBUG] DeleteFile: ./db_working_home/000249.sst 
2026/04/19-17:59:05.303599 1492 [Zonestats:time(s),used_cap(MB),reclaimable_cap(MB), avg_reclaimable(%), active(#), active_zones(#), open_zones(#)] 137 1513 3094 67 11 11 3
2026/04/19-17:59:05.303644 1492 [DEBUG] DeleteFile: ./db_working_home/000252.sst 
2026/04/19-17:59:05.304261 1492 [Zonestats:time(s),used_cap(MB),reclaimable_cap(MB), avg_reclaimable(%), active(#), active_zones(#), open_zones(#)] 137 1498 3109 67 11 11 3
2026/04/19-17:59:05.304294 1492 [DEBUG] DeleteFile: ./db_working_home/000254.sst 
2026/04/19-17:59:05.307008 1492 [Zonestats:time(s),used_cap(MB),reclaimable_cap(MB), avg_reclaimable(%), active(#), active_zones(#), open_zones(#)] 137 1482 3125 67 11 11 3
2026/04/19-17:59:05.307061 1492 [DEBUG] DeleteFile: ./db_working_home/000258.sst 
2026/04/19-17:59:05.307757 1492 [Zonestats:time(s),used_cap(MB),reclaimable_cap(MB), avg_reclaimable(%), active(#), active_zones(#), open_zones(#)] 137 1480 2999 66 10 10 3
2026/04/19-17:59:05.307792 1492 [DEBUG] DeleteFile: ./db_working_home/000266.log 
2026/04/19-17:59:05.308353 1492 [Zonestats:time(s),used_cap(MB),reclaimable_cap(MB), avg_reclaimable(%), active(#), active_zones(#), open_zones(#)] 137 1464 3015 67 10 10 3
2026/04/19-17:59:05.308526 1492 [DEBUG] New writable file: /db_working_home/000272.sst direct: 1
2026/04/19-17:59:05.317145 1488 [DEBUG] Allocating zone(new=0) start: 0x118000000 wp: 0x118358800 lt: 3 file lt: 2
2026/04/19-17:59:05.317156 1488 [DEBUG] Syncing metadata for: /db_working_home/000270.log
2026/04/19-17:59:05.318489 1492 Entering Apply Finish Threshold Function
2026/04/19-17:59:05.318518 1492 [DEBUG] Allocating zone(new=1) start: 0x78000000 wp: 0x78000000 lt: 3 file lt: 3
2026/04/19-17:59:05.318526 1492 [Zonestats:time(s),used_cap(MB),reclaimable_cap(MB), avg_reclaimable(%), active(#), active_zones(#), open_zones(#)] 137 1464 3015 67 10 11 5
2026/04/19-17:59:05.318532 1492 [DEBUG] Syncing metadata for: /db_working_home/000272.sst
2026/04/19-17:59:05.506668 1490 Zone Garbage Stats: [88 6 2 0 1 13 2 1 0 1 6 0 ]
2026/04/19-17:59:05.506686 1490 Total Garbage Bytes: 381719092 bytes
2026/04/19-17:59:05.556485 1492 [DEBUG] Syncing metadata for: /db_working_home/000272.sst
2026/04/19-17:59:05.562323 1492 [DEBUG] Syncing metadata for: /db_working_home/000272.sst
2026/04/19-17:59:05.570162 1492 [DEBUG] New random access file: /db_working_home/000272.sst direct: 1
2026/04/19-17:59:05.570351 1492 [DEBUG] GetFileSize: /db_working_home/000272.sst 
2026/04/19-17:59:05.572539 1492 [DEBUG] Syncing metadata for: /db_working_home/MANIFEST-000199
2026/04/19-17:59:05.580160 1492 [DEBUG] GetFileSize: /db_working_home/000272.sst 
2026/04/19-17:59:05.587667 1492 [DEBUG] Syncing metadata for: /db_working_home/000268.log
2026/04/19-17:59:05.599048 1492 [DEBUG] DeleteFile: ./db_working_home/000268.log 
2026/04/19-17:59:05.606559 1492 [Zonestats:time(s),used_cap(MB),reclaimable_cap(MB), avg_reclaimable(%), active(#), active_zones(#), open_zones(#)] 137 1472 3135 68 11 11 3
2026/04/19-17:59:05.836965 1488 [DEBUG] New writable file: /db_working_home/000273.log direct: 0
2026/04/19-17:59:05.844787 1492 [DEBUG] New writable file: /db_working_home/000274.sst direct: 1
2026/04/19-17:59:05.847849 1492 Entering Apply Finish Threshold Function
2026/04/19-17:59:05.847877 1492 [DEBUG] Allocating zone(new=1) start: 0x140000000 wp: 0x140000000 lt: 3 file lt: 3
2026/04/19-17:59:05.847885 1492 [Zonestats:time(s),used_cap(MB),reclaimable_cap(MB), avg_reclaimable(%), active(#), active_zones(#), open_zones(#)] 137 1480 3127 67 11 12 4
2026/04/19-17:59:05.847892 1492 [DEBUG] Syncing metadata for: /db_working_home/000274.sst
2026/04/19-17:59:05.852669 1488 [DEBUG] Allocating zone(new=0) start: 0x108000000 wp: 0x108f31a00 lt: 3 file lt: 2
2026/04/19-17:59:05.852678 1488 [DEBUG] Syncing metadata for: /db_working_home/000273.log
2026/04/19-17:59:06.097236 1492 [DEBUG] Syncing metadata for: /db_working_home/000274.sst
2026/04/19-17:59:06.099551 1492 [DEBUG] Syncing metadata for: /db_working_home/000274.sst
2026/04/19-17:59:06.100208 1492 [DEBUG] New random access file: /db_working_home/000274.sst direct: 1
2026/04/19-17:59:06.100385 1492 [DEBUG] GetFileSize: /db_working_home/000274.sst 
2026/04/19-17:59:06.109621 1492 [DEBUG] Syncing metadata for: /db_working_home/MANIFEST-000199
2026/04/19-17:59:06.116983 1492 [DEBUG] GetFileSize: /db_working_home/000274.sst 
2026/04/19-17:59:06.135279 1492 [DEBUG] Syncing metadata for: /db_working_home/000270.log
2026/04/19-17:59:06.142996 1492 [DEBUG] DeleteFile: ./db_working_home/000270.log 
2026/04/19-17:59:06.149672 1492 [Zonestats:time(s),used_cap(MB),reclaimable_cap(MB), avg_reclaimable(%), active(#), active_zones(#), open_zones(#)] 138 1489 3246 68 12 12 3
2026/04/19-17:59:06.286982 1488 [DEBUG] New writable file: /db_working_home/000275.log direct: 0
2026/04/19-17:59:06.288688 1492 [DEBUG] New writable file: /db_working_home/000276.sst direct: 1
2026/04/19-17:59:06.291713 1492 Entering Apply Finish Threshold Function
2026/04/19-17:59:06.291739 1492 [DEBUG] Allocator: avoided a finish by relaxing lifetime diff requirement
2026/04/19-17:59:06.291742 1492 [DEBUG] Allocating zone(new=0) start: 0x140000000 wp: 0x140f37200 lt: 3 file lt: 3
2026/04/19-17:59:06.291749 1492 [Zonestats:time(s),used_cap(MB),reclaimable_cap(MB), avg_reclaimable(%), active(#), active_zones(#), open_zones(#)] 138 1495 3240 68 12 12 4
2026/04/19-17:59:06.291756 1492 [DEBUG] Syncing metadata for: /db_working_home/000276.sst
2026/04/19-17:59:06.293027 1488 [DEBUG] Allocating zone(new=0) start: 0x118000000 wp: 0x1192e4600 lt: 3 file lt: 2
2026/04/19-17:59:06.293032 1488 [DEBUG] Syncing metadata for: /db_working_home/000275.log
2026/04/19-17:59:06.506819 1490 Zone Garbage Stats: [87 6 3 0 1 13 2 1 0 1 6 0 ]
2026/04/19-17:59:06.506830 1490 Total Garbage Bytes: 398018291 bytes
2026/04/19-17:59:06.536527 1492 [DEBUG] Syncing metadata for: /db_working_home/000276.sst
2026/04/19-17:59:06.544101 1492 [DEBUG] Syncing metadata for: /db_working_home/000276.sst
2026/04/19-17:59:06.551919 1492 [DEBUG] New random access file: /db_working_home/000276.sst direct: 1
2026/04/19-17:59:06.552161 1492 [DEBUG] GetFileSize: /db_working_home/000276.sst 
2026/04/19-17:59:06.561666 1492 [DEBUG] Syncing metadata for: /db_working_home/MANIFEST-000199
2026/04/19-17:59:06.569057 1492 [DEBUG] GetFileSize: /db_working_home/000276.sst 
2026/04/19-17:59:06.580107 1492 [DEBUG] Syncing metadata for: /db_working_home/000273.log
2026/04/19-17:59:06.582521 1492 [DEBUG] DeleteFile: ./db_working_home/000273.log 
2026/04/19-17:59:06.590238 1492 [Zonestats:time(s),used_cap(MB),reclaimable_cap(MB), avg_reclaimable(%), active(#), active_zones(#), open_zones(#)] 138 1504 3231 68 12 12 3
2026/04/19-17:59:06.714536 1488 [DEBUG] New writable file: /db_working_home/000277.log direct: 0
2026/04/19-17:59:06.721781 1492 [DEBUG] New writable file: /db_working_home/000278.sst direct: 1
2026/04/19-17:59:06.724791 1492 Entering Apply Finish Threshold Function
2026/04/19-17:59:06.724817 1492 [DEBUG] Allocator: avoided a finish by relaxing lifetime diff requirement
2026/04/19-17:59:06.724821 1492 [DEBUG] Allocating zone(new=0) start: 0x140000000 wp: 0x141e6de00 lt: 3 file lt: 3
2026/04/19-17:59:06.724828 1492 [Zonestats:time(s),used_cap(MB),reclaimable_cap(MB), avg_reclaimable(%), active(#), active_zones(#), open_zones(#)] 138 1510 3225 68 12 12 4
2026/04/19-17:59:06.724835 1492 [DEBUG] Syncing metadata for: /db_working_home/000278.sst
2026/04/19-17:59:06.728918 1488 [DEBUG] Allocating zone(new=0) start: 0x108000000 wp: 0x109ebc800 lt: 3 file lt: 2
2026/04/19-17:59:06.728926 1488 [DEBUG] Syncing metadata for: /db_working_home/000277.log
2026/04/19-17:59:07.018574 1492 [DEBUG] Syncing metadata for: /db_working_home/000278.sst
2026/04/19-17:59:07.021887 1492 [DEBUG] Syncing metadata for: /db_working_home/000278.sst
2026/04/19-17:59:07.029028 1492 [DEBUG] New random access file: /db_working_home/000278.sst direct: 1
2026/04/19-17:59:07.036333 1492 [DEBUG] GetFileSize: /db_working_home/000278.sst 
2026/04/19-17:59:07.038611 1492 [DEBUG] Syncing metadata for: /db_working_home/MANIFEST-000199
2026/04/19-17:59:07.039268 1492 [DEBUG] GetFileSize: /db_working_home/000278.sst 
2026/04/19-17:59:07.043571 1492 [DEBUG] Syncing metadata for: /db_working_home/000275.log
2026/04/19-17:59:07.058559 1492 [DEBUG] DeleteFile: ./db_working_home/000275.log 
2026/04/19-17:59:07.061224 1492 [Zonestats:time(s),used_cap(MB),reclaimable_cap(MB), avg_reclaimable(%), active(#), active_zones(#), open_zones(#)] 139 1525 3210 67 12 12 3
2026/04/19-17:59:07.062616 1488 [DEBUG] New writable file: /db_working_home/000279.log direct: 0
2026/04/19-17:59:07.064119 1492 [DEBUG] New writable file: /db_working_home/000280.sst direct: 1
2026/04/19-17:59:07.069129 1488 [DEBUG] Allocating zone(new=0) start: 0x140000000 wp: 0x142d9de00 lt: 3 file lt: 2
2026/04/19-17:59:07.069134 1488 [DEBUG] Syncing metadata for: /db_working_home/000279.log
2026/04/19-17:59:07.073433 1492 Entering Apply Finish Threshold Function
2026/04/19-17:59:07.073460 1492 [DEBUG] Allocator: avoided a finish by relaxing lifetime diff requirement
2026/04/19-17:59:07.073464 1492 [DEBUG] Allocating zone(new=0) start: 0x118000000 wp: 0x11a26fc00 lt: 3 file lt: 3
2026/04/19-17:59:07.073471 1492 [Zonestats:time(s),used_cap(MB),reclaimable_cap(MB), avg_reclaimable(%), active(#), active_zones(#), open_zones(#)] 139 1525 3210 67 12 12 5
2026/04/19-17:59:07.073477 1492 [DEBUG] Syncing metadata for: /db_working_home/000280.sst
2026/04/19-17:59:07.388624 1492 [DEBUG] Syncing metadata for: /db_working_home/000280.sst
2026/04/19-17:59:07.389425 1492 [DEBUG] Syncing metadata for: /db_working_home/000280.sst
2026/04/19-17:59:07.390268 1492 [DEBUG] New random access file: /db_working_home/000280.sst direct: 1
2026/04/19-17:59:07.390326 1488 [DEBUG] New writable file: /db_working_home/000281.log direct: 0
2026/04/19-17:59:07.391737 1492 [DEBUG] GetFileSize: /db_working_home/000280.sst 
2026/04/19-17:59:07.401244 1492 [DEBUG] Syncing metadata for: /db_working_home/MANIFEST-000199
2026/04/19-17:59:07.401958 1492 [DEBUG] GetFileSize: /db_working_home/000280.sst 
2026/04/19-17:59:07.406268 1492 [DEBUG] Syncing metadata for: /db_working_home/000277.log
2026/04/19-17:59:07.408056 1491 [DEBUG] Syncing metadata for: /db_working_home/000271.sst
2026/04/19-17:59:07.408630 1492 [DEBUG] DeleteFile: ./db_working_home/000277.log 
2026/04/19-17:59:07.409086 1491 [DEBUG] Syncing metadata for: /db_working_home/000271.sst
2026/04/19-17:59:07.409788 1491 [DEBUG] GetFileSize: /db_working_home/000271.sst 
2026/04/19-17:59:07.410229 1492 [Zonestats:time(s),used_cap(MB),reclaimable_cap(MB), avg_reclaimable(%), active(#), active_zones(#), open_zones(#)] 139 1654 3209 65 12 12 2
2026/04/19-17:59:07.410305 1491 [DEBUG] New writable file: /db_working_home/000282.sst direct: 1
2026/04/19-17:59:07.410408 1492 [DEBUG] New writable file: /db_working_home/000283.sst direct: 1
2026/04/19-17:59:07.413877 1492 Entering Apply Finish Threshold Function
2026/04/19-17:59:07.413888 1492 Finishing zone: Entering Finish()
2026/04/19-17:59:07.414638 1491 Entering Apply Finish Threshold Function
2026/04/19-17:59:07.414649 1491 Finishing zone: Entering Finish()
2026/04/19-17:59:07.418901 1488 [DEBUG] Allocating zone(new=0) start: 0x128000000 wp: 0x12f131200 lt: 3 file lt: 2
2026/04/19-17:59:07.418912 1488 [DEBUG] Syncing metadata for: /db_working_home/000281.log
2026/04/19-17:59:07.506982 1490 Zone Garbage Stats: [87 6 3 0 1 13 2 1 0 1 6 0 ]
2026/04/19-17:59:07.506993 1490 Total Garbage Bytes: 398018291 bytes
2026/04/19-17:59:07.610358 1488 [DEBUG] Allocating zone(new=0) start: 0xd0000000 wp: 0xd1ec5800 lt: 3 file lt: 2
2026/04/19-17:59:07.610367 1488 [DEBUG] Syncing metadata for: /db_working_home/000281.log
2026/04/19-17:59:07.623804 1488 [DEBUG] New writable file: /db_working_home/000284.log direct: 0
2026/04/19-17:59:08.507306 1490 Zone Garbage Stats: [87 7 2 0 1 13 2 1 0 1 6 0 ]
2026/04/19-17:59:08.507486 1490 Total Garbage Bytes: 381719200 bytes
2026/04/19-17:59:08.652988 1491 [DEBUG] Allocating zone(new=1) start: 0x148000000 wp: 0x148000000 lt: 3 file lt: 3
2026/04/19-17:59:08.653003 1491 [Zonestats:time(s),used_cap(MB),reclaimable_cap(MB), avg_reclaimable(%), active(#), active_zones(#), open_zones(#)] 140 1669 3194 65 10 11 4
2026/04/19-17:59:08.653013 1491 [DEBUG] Syncing metadata for: /db_working_home/000282.sst
2026/04/19-17:59:08.702491 1491 [DEBUG] Syncing metadata for: /db_working_home/000282.sst
2026/04/19-17:59:08.703300 1491 [DEBUG] Syncing metadata for: /db_working_home/000282.sst
2026/04/19-17:59:08.704411 1491 [DEBUG] GetFileSize: /db_working_home/000282.sst 
2026/04/19-17:59:08.705690 1491 [DEBUG] New random access file: /db_working_home/000271.sst direct: 1
2026/04/19-17:59:08.706404 1491 [DEBUG] GetFileSize: /db_working_home/000271.sst 
2026/04/19-17:59:08.706667 1491 [DEBUG] New random access file: /db_working_home/000282.sst direct: 1
2026/04/19-17:59:08.706963 1491 [DEBUG] GetFileSize: /db_working_home/000282.sst 
2026/04/19-17:59:08.707901 1491 [DEBUG] Syncing metadata for: /db_working_home/MANIFEST-000199
2026/04/19-17:59:08.730555 1491 [DEBUG] New writable file: /db_working_home/000285.sst direct: 1
2026/04/19-17:59:08.733407 1492 [DEBUG] Allocating zone(new=1) start: 0x150000000 wp: 0x150000000 lt: 3 file lt: 3
2026/04/19-17:59:08.733422 1492 [Zonestats:time(s),used_cap(MB),reclaimable_cap(MB), avg_reclaimable(%), active(#), active_zones(#), open_zones(#)] 140 1673 3318 66 10 11 4
2026/04/19-17:59:08.733431 1492 [DEBUG] Syncing metadata for: /db_working_home/000283.sst
2026/04/19-17:59:08.734453 1491 Entering Apply Finish Threshold Function
2026/04/19-17:59:08.734482 1491 [DEBUG] Allocating zone(new=1) start: 0x158000000 wp: 0x158000000 lt: 3 file lt: 3
2026/04/19-17:59:08.734489 1491 [Zonestats:time(s),used_cap(MB),reclaimable_cap(MB), avg_reclaimable(%), active(#), active_zones(#), open_zones(#)] 140 1673 3318 66 10 12 5
2026/04/19-17:59:08.734496 1491 [DEBUG] Syncing metadata for: /db_working_home/000285.sst
2026/04/19-17:59:08.941166 1492 [DEBUG] Syncing metadata for: /db_working_home/000283.sst
2026/04/19-17:59:08.941811 1492 [DEBUG] Syncing metadata for: /db_working_home/000283.sst
2026/04/19-17:59:08.942476 1492 [DEBUG] New random access file: /db_working_home/000283.sst direct: 1
2026/04/19-17:59:08.949738 1492 [DEBUG] GetFileSize: /db_working_home/000283.sst 
2026/04/19-17:59:08.952021 1492 [DEBUG] Syncing metadata for: /db_working_home/MANIFEST-000199
2026/04/19-17:59:08.952867 1492 [DEBUG] GetFileSize: /db_working_home/000283.sst 
2026/04/19-17:59:08.963949 1492 [DEBUG] Syncing metadata for: /db_working_home/000279.log
2026/04/19-17:59:08.966875 1492 [DEBUG] DeleteFile: ./db_working_home/000256.sst 
2026/04/19-17:59:08.967664 1492 [Zonestats:time(s),used_cap(MB),reclaimable_cap(MB), avg_reclaimable(%), active(#), active_zones(#), open_zones(#)] 140 1674 3317 66 11 11 3
2026/04/19-17:59:08.967709 1492 [DEBUG] DeleteFile: ./db_working_home/000259.sst 
2026/04/19-17:59:08.968506 1492 [Zonestats:time(s),used_cap(MB),reclaimable_cap(MB), avg_reclaimable(%), active(#), active_zones(#), open_zones(#)] 140 1630 3233 66 11 11 3
2026/04/19-17:59:08.968542 1492 [DEBUG] DeleteFile: ./db_working_home/000260.sst 
2026/04/19-17:59:08.976146 1492 [Zonestats:time(s),used_cap(MB),reclaimable_cap(MB), avg_reclaimable(%), active(#), active_zones(#), open_zones(#)] 140 1615 3120 65 10 10 3
2026/04/19-17:59:08.976198 1492 [DEBUG] DeleteFile: ./db_working_home/000262.sst 
2026/04/19-17:59:08.976860 1492 [Zonestats:time(s),used_cap(MB),reclaimable_cap(MB), avg_reclaimable(%), active(#), active_zones(#), open_zones(#)] 140 1600 3007 65 9 9 3
2026/04/19-17:59:08.976896 1492 [DEBUG] DeleteFile: ./db_working_home/000264.sst 
2026/04/19-17:59:08.977537 1492 [Zonestats:time(s),used_cap(MB),reclaimable_cap(MB), avg_reclaimable(%), active(#), active_zones(#), open_zones(#)] 140 1584 2895 64 8 8 3
2026/04/19-17:59:08.977571 1492 [DEBUG] DeleteFile: ./db_working_home/000265.sst 
2026/04/19-17:59:08.978126 1492 [Zonestats:time(s),used_cap(MB),reclaimable_cap(MB), avg_reclaimable(%), active(#), active_zones(#), open_zones(#)] 140 1581 2898 64 8 8 3
2026/04/19-17:59:08.978171 1492 [DEBUG] DeleteFile: ./db_working_home/000267.sst 
2026/04/19-17:59:08.986040 1492 [Zonestats:time(s),used_cap(MB),reclaimable_cap(MB), avg_reclaimable(%), active(#), active_zones(#), open_zones(#)] 140 1566 2913 65 8 8 3
2026/04/19-17:59:08.986090 1492 [DEBUG] DeleteFile: ./db_working_home/000279.log 
2026/04/19-17:59:08.986672 1492 [Zonestats:time(s),used_cap(MB),reclaimable_cap(MB), avg_reclaimable(%), active(#), active_zones(#), open_zones(#)] 140 1550 2929 65 8 8 3
2026/04/19-17:59:08.986881 1492 [DEBUG] New writable file: /db_working_home/000286.sst direct: 1
2026/04/19-17:59:08.992177 1492 Entering Apply Finish Threshold Function
2026/04/19-17:59:08.992189 1492 Finishing zone: Entering Finish()
2026/04/19-17:59:08.995115 1488 [DEBUG] Allocating zone(new=0) start: 0x150000000 wp: 0x150f33000 lt: 3 file lt: 2
2026/04/19-17:59:08.995124 1488 [DEBUG] Syncing metadata for: /db_working_home/000284.log
2026/04/19-17:59:09.445510 1488 [DEBUG] New writable file: /db_working_home/000287.log direct: 0
2026/04/19-17:59:09.507677 1490 Zone Garbage Stats: [89 5 1 0 1 13 2 0 0 3 6 0 ]
2026/04/19-17:59:09.507692 1490 Total Garbage Bytes: 434128119 bytes
2026/04/19-17:59:10.358990 1491 Entering Apply Finish Threshold Function
2026/04/19-17:59:10.359021 1491 [DEBUG] Allocating zone(new=1) start: 0x50000000 wp: 0x50000000 lt: 3 file lt: 3
2026/04/19-17:59:10.359030 1491 [Zonestats:time(s),used_cap(MB),reclaimable_cap(MB), avg_reclaimable(%), active(#), active_zones(#), open_zones(#)] 142 1693 2914 63 7 8 4
2026/04/19-17:59:10.359036 1491 [DEBUG] Syncing metadata for: /db_working_home/000285.sst
2026/04/19-17:59:10.365342 1491 [DEBUG] Syncing metadata for: /db_working_home/000285.sst
2026/04/19-17:59:10.366157 1491 [DEBUG] Syncing metadata for: /db_working_home/000285.sst
2026/04/19-17:59:10.367235 1491 [DEBUG] GetFileSize: /db_working_home/000285.sst 
2026/04/19-17:59:10.367270 1491 [DEBUG] New writable file: /db_working_home/000288.sst direct: 1
2026/04/19-17:59:10.371012 1491 Entering Apply Finish Threshold Function
2026/04/19-17:59:10.371036 1491 [DEBUG] Allocating zone(new=1) start: 0x58000000 wp: 0x58000000 lt: 3 file lt: 3
2026/04/19-17:59:10.371044 1491 [Zonestats:time(s),used_cap(MB),reclaimable_cap(MB), avg_reclaimable(%), active(#), active_zones(#), open_zones(#)] 142 1694 3041 64 8 9 4
2026/04/19-17:59:10.371050 1491 [DEBUG] Syncing metadata for: /db_working_home/000288.sst
2026/04/19-17:59:10.507878 1490 Zone Garbage Stats: [87 7 1 0 1 13 2 0 0 3 6 0 ]
2026/04/19-17:59:10.507895 1490 Total Garbage Bytes: 434128290 bytes
2026/04/19-17:59:11.065139 1492 [DEBUG] Allocating zone(new=1) start: 0x70000000 wp: 0x70000000 lt: 3 file lt: 3
2026/04/19-17:59:11.065157 1492 [Zonestats:time(s),used_cap(MB),reclaimable_cap(MB), avg_reclaimable(%), active(#), active_zones(#), open_zones(#)] 143 1694 3041 64 8 9 5
2026/04/19-17:59:11.065167 1492 [DEBUG] Syncing metadata for: /db_working_home/000286.sst
2026/04/19-17:59:11.115774 1491 [DEBUG] Syncing metadata for: /db_working_home/000288.sst
2026/04/19-17:59:11.123378 1491 [DEBUG] Syncing metadata for: /db_working_home/000288.sst
2026/04/19-17:59:11.124126 1491 [DEBUG] GetFileSize: /db_working_home/000288.sst 
2026/04/19-17:59:11.124161 1491 [DEBUG] New writable file: /db_working_home/000289.sst direct: 1
2026/04/19-17:59:11.136315 1491 Entering Apply Finish Threshold Function
2026/04/19-17:59:11.136327 1491 Finishing zone: Entering Finish()
2026/04/19-17:59:11.222802 1492 [DEBUG] Syncing metadata for: /db_working_home/000286.sst
2026/04/19-17:59:11.223376 1492 [DEBUG] Syncing metadata for: /db_working_home/000286.sst
2026/04/19-17:59:11.224361 1492 [DEBUG] New random access file: /db_working_home/000286.sst direct: 1
2026/04/19-17:59:11.224538 1492 [DEBUG] GetFileSize: /db_working_home/000286.sst 
2026/04/19-17:59:11.227187 1492 [DEBUG] Syncing metadata for: /db_working_home/MANIFEST-000199
2026/04/19-17:59:11.227846 1492 [DEBUG] GetFileSize: /db_working_home/000286.sst 
2026/04/19-17:59:11.232262 1492 [DEBUG] Syncing metadata for: /db_working_home/000281.log
2026/04/19-17:59:11.232941 1492 [DEBUG] DeleteFile: ./db_working_home/000281.log 
2026/04/19-17:59:11.233847 1492 [Zonestats:time(s),used_cap(MB),reclaimable_cap(MB), avg_reclaimable(%), active(#), active_zones(#), open_zones(#)] 143 1755 3108 63 8 8 2
2026/04/19-17:59:11.234046 1492 [DEBUG] New writable file: /db_working_home/000290.sst direct: 1
2026/04/19-17:59:11.237073 1492 Entering Apply Finish Threshold Function
2026/04/19-17:59:11.237098 1492 [DEBUG] Allocating zone(new=1) start: 0xb0000000 wp: 0xb0000000 lt: 3 file lt: 3
2026/04/19-17:59:11.237105 1492 [Zonestats:time(s),used_cap(MB),reclaimable_cap(MB), avg_reclaimable(%), active(#), active_zones(#), open_zones(#)] 143 1755 3108 63 8 9 3
2026/04/19-17:59:11.237111 1492 [DEBUG] Syncing metadata for: /db_working_home/000290.sst
2026/04/19-17:59:11.242320 1488 [DEBUG] Allocating zone(new=0) start: 0x148000000 wp: 0x1484cf400 lt: 3 file lt: 2
2026/04/19-17:59:11.242331 1488 [DEBUG] Syncing metadata for: /db_working_home/000287.log
2026/04/19-17:59:11.473444 1492 [DEBUG] Syncing metadata for: /db_working_home/000290.sst
2026/04/19-17:59:11.473933 1488 [DEBUG] New writable file: /db_working_home/000291.log direct: 0
2026/04/19-17:59:11.474115 1492 [DEBUG] Syncing metadata for: /db_working_home/000290.sst
2026/04/19-17:59:11.475996 1492 [DEBUG] New random access file: /db_working_home/000290.sst direct: 1
2026/04/19-17:59:11.476176 1492 [DEBUG] GetFileSize: /db_working_home/000290.sst 
2026/04/19-17:59:11.478807 1492 [DEBUG] Syncing metadata for: /db_working_home/MANIFEST-000199
2026/04/19-17:59:11.479466 1492 [DEBUG] GetFileSize: /db_working_home/000290.sst 
2026/04/19-17:59:11.484321 1492 [DEBUG] Syncing metadata for: /db_working_home/000284.log
2026/04/19-17:59:11.485308 1492 [DEBUG] DeleteFile: ./db_working_home/000284.log 
2026/04/19-17:59:11.485872 1492 [Zonestats:time(s),used_cap(MB),reclaimable_cap(MB), avg_reclaimable(%), active(#), active_zones(#), open_zones(#)] 143 1771 3220 64 9 9 2
2026/04/19-17:59:11.486129 1492 [DEBUG] New writable file: /db_working_home/000292.sst direct: 1
2026/04/19-17:59:11.489069 1492 Entering Apply Finish Threshold Function
2026/04/19-17:59:11.489095 1492 [DEBUG] Allocating zone(new=1) start: 0xd0000000 wp: 0xd0000000 lt: 3 file lt: 3
2026/04/19-17:59:11.489102 1492 [Zonestats:time(s),used_cap(MB),reclaimable_cap(MB), avg_reclaimable(%), active(#), active_zones(#), open_zones(#)] 143 1771 3220 64 9 10 3
2026/04/19-17:59:11.489108 1492 [DEBUG] Syncing metadata for: /db_working_home/000292.sst
2026/04/19-17:59:11.492167 1488 [DEBUG] Allocating zone(new=0) start: 0x150000000 wp: 0x151ebe000 lt: 3 file lt: 2
2026/04/19-17:59:11.492176 1488 [DEBUG] Syncing metadata for: /db_working_home/000291.log
2026/04/19-17:59:11.508062 1490 Zone Garbage Stats: [85 7 2 0 1 13 2 1 0 3 6 0 ]
2026/04/19-17:59:11.508072 1490 Total Garbage Bytes: 465954773 bytes
2026/04/19-17:59:11.708163 1492 [DEBUG] Syncing metadata for: /db_working_home/000292.sst
2026/04/19-17:59:11.708757 1492 [DEBUG] Syncing metadata for: /db_working_home/000292.sst
2026/04/19-17:59:11.709743 1492 [DEBUG] New random access file: /db_working_home/000292.sst direct: 1
2026/04/19-17:59:11.710405 1492 [DEBUG] GetFileSize: /db_working_home/000292.sst 
2026/04/19-17:59:11.712863 1492 [DEBUG] Syncing metadata for: /db_working_home/MANIFEST-000199
2026/04/19-17:59:11.713661 1492 [DEBUG] GetFileSize: /db_working_home/000292.sst 
2026/04/19-17:59:11.718146 1492 [DEBUG] Syncing metadata for: /db_working_home/000287.log
2026/04/19-17:59:11.719271 1492 [DEBUG] DeleteFile: ./db_working_home/000287.log 
2026/04/19-17:59:11.719853 1492 [Zonestats:time(s),used_cap(MB),reclaimable_cap(MB), avg_reclaimable(%), active(#), active_zones(#), open_zones(#)] 143 1783 3336 65 10 10 2
2026/04/19-17:59:12.045532 1488 [DEBUG] New writable file: /db_working_home/000293.log direct: 0
2026/04/19-17:59:12.046507 1492 [DEBUG] New writable file: /db_working_home/000294.sst direct: 1
2026/04/19-17:59:12.049666 1492 Entering Apply Finish Threshold Function
2026/04/19-17:59:12.049693 1492 [DEBUG] Allocating zone(new=1) start: 0x110000000 wp: 0x110000000 lt: 3 file lt: 3
2026/04/19-17:59:12.049701 1492 [Zonestats:time(s),used_cap(MB),reclaimable_cap(MB), avg_reclaimable(%), active(#), active_zones(#), open_zones(#)] 144 1786 3333 65 10 11 3
2026/04/19-17:59:12.049708 1492 [DEBUG] Syncing metadata for: /db_working_home/000294.sst
2026/04/19-17:59:12.199896 1492 [DEBUG] Syncing metadata for: /db_working_home/000294.sst
2026/04/19-17:59:12.200866 1492 [DEBUG] Syncing metadata for: /db_working_home/000294.sst
2026/04/19-17:59:12.202037 1492 [DEBUG] New random access file: /db_working_home/000294.sst direct: 1
2026/04/19-17:59:12.202618 1492 [DEBUG] GetFileSize: /db_working_home/000294.sst 
2026/04/19-17:59:12.204994 1492 [DEBUG] Syncing metadata for: /db_working_home/MANIFEST-000199
2026/04/19-17:59:12.205954 1492 [DEBUG] GetFileSize: /db_working_home/000294.sst 
2026/04/19-17:59:12.210639 1492 [DEBUG] Syncing metadata for: /db_working_home/000291.log
2026/04/19-17:59:12.211766 1492 [DEBUG] DeleteFile: ./db_working_home/000291.log 
2026/04/19-17:59:12.212339 1492 [Zonestats:time(s),used_cap(MB),reclaimable_cap(MB), avg_reclaimable(%), active(#), active_zones(#), open_zones(#)] 144 1786 3461 65 11 11 1
2026/04/19-17:59:12.262732 1488 [DEBUG] Allocating zone(new=0) start: 0x150000000 wp: 0x152e4c200 lt: 3 file lt: 2
2026/04/19-17:59:12.262744 1488 [DEBUG] Syncing metadata for: /db_working_home/000293.log
2026/04/19-17:59:12.484182 1491 [DEBUG] Allocating zone(new=1) start: 0x160000000 wp: 0x160000000 lt: 3 file lt: 3
2026/04/19-17:59:12.484200 1491 [Zonestats:time(s),used_cap(MB),reclaimable_cap(MB), avg_reclaimable(%), active(#), active_zones(#), open_zones(#)] 144 1789 3458 65 10 11 3
2026/04/19-17:59:12.484208 1491 [DEBUG] Syncing metadata for: /db_working_home/000289.sst
2026/04/19-17:59:12.508261 1490 Zone Garbage Stats: [83 9 3 0 1 13 3 1 0 3 6 0 ]
2026/04/19-17:59:12.508276 1490 Total Garbage Bytes: 482251513 bytes
2026/04/19-17:59:12.550908 1491 [DEBUG] Syncing metadata for: /db_working_home/000289.sst
2026/04/19-17:59:12.551501 1491 [DEBUG] Syncing metadata for: /db_working_home/000289.sst
2026/04/19-17:59:12.552334 1491 [DEBUG] GetFileSize: /db_working_home/000289.sst 
2026/04/19-17:59:12.553587 1491 [DEBUG] New random access file: /db_working_home/000285.sst direct: 1
2026/04/19-17:59:12.553983 1491 [DEBUG] GetFileSize: /db_working_home/000285.sst 
2026/04/19-17:59:12.554177 1491 [DEBUG] New random access file: /db_working_home/000288.sst direct: 1
2026/04/19-17:59:12.554444 1491 [DEBUG] GetFileSize: /db_working_home/000288.sst 
2026/04/19-17:59:12.554585 1491 [DEBUG] New random access file: /db_working_home/000289.sst direct: 1
2026/04/19-17:59:12.554749 1491 [DEBUG] GetFileSize: /db_working_home/000289.sst 
2026/04/19-17:59:12.555612 1491 [DEBUG] Syncing metadata for: /db_working_home/MANIFEST-000199
2026/04/19-17:59:12.561785 1491 [DEBUG] New writable file: /db_working_home/000295.sst direct: 1
2026/04/19-17:59:12.565289 1491 Entering Apply Finish Threshold Function
2026/04/19-17:59:12.565316 1491 [DEBUG] Allocating zone(new=1) start: 0x168000000 wp: 0x168000000 lt: 4 file lt: 4
2026/04/19-17:59:12.565324 1491 [Zonestats:time(s),used_cap(MB),reclaimable_cap(MB), avg_reclaimable(%), active(#), active_zones(#), open_zones(#)] 144 1795 3580 66 11 12 3
2026/04/19-17:59:12.565330 1491 [DEBUG] Syncing metadata for: /db_working_home/000295.sst
2026/04/19-17:59:12.658414 1491 [DEBUG] Syncing metadata for: /db_working_home/000295.sst
2026/04/19-17:59:12.661548 1491 [DEBUG] Syncing metadata for: /db_working_home/000295.sst
2026/04/19-17:59:12.662272 1491 [DEBUG] GetFileSize: /db_working_home/000295.sst 
2026/04/19-17:59:12.663658 1491 [DEBUG] New random access file: /db_working_home/000295.sst direct: 1
2026/04/19-17:59:12.663884 1491 [DEBUG] GetFileSize: /db_working_home/000295.sst 
2026/04/19-17:59:12.664762 1491 [DEBUG] Syncing metadata for: /db_working_home/MANIFEST-000199
2026/04/19-17:59:12.665534 1491 [DEBUG] DeleteFile: ./db_working_home/000269.sst 
2026/04/19-17:59:12.666397 1491 [Zonestats:time(s),used_cap(MB),reclaimable_cap(MB), avg_reclaimable(%), active(#), active_zones(#), open_zones(#)] 144 1790 3585 66 12 12 2
2026/04/19-17:59:12.666438 1491 [DEBUG] DeleteFile: ./db_working_home/000271.sst 
2026/04/19-17:59:12.667117 1491 [Zonestats:time(s),used_cap(MB),reclaimable_cap(MB), avg_reclaimable(%), active(#), active_zones(#), open_zones(#)] 144 1677 3570 68 12 12 2
2026/04/19-17:59:12.667151 1491 [DEBUG] DeleteFile: ./db_working_home/000272.sst 
2026/04/19-17:59:12.667801 1491 [Zonestats:time(s),used_cap(MB),reclaimable_cap(MB), avg_reclaimable(%), active(#), active_zones(#), open_zones(#)] 144 1662 3457 67 11 11 2
2026/04/19-17:59:12.667833 1491 [DEBUG] DeleteFile: ./db_working_home/000274.sst 
2026/04/19-17:59:12.668386 1491 [Zonestats:time(s),used_cap(MB),reclaimable_cap(MB), avg_reclaimable(%), active(#), active_zones(#), open_zones(#)] 144 1646 3473 67 11 11 2
2026/04/19-17:59:12.668417 1491 [DEBUG] DeleteFile: ./db_working_home/000276.sst 
2026/04/19-17:59:12.669041 1491 [Zonestats:time(s),used_cap(MB),reclaimable_cap(MB), avg_reclaimable(%), active(#), active_zones(#), open_zones(#)] 144 1631 3488 68 11 11 2
2026/04/19-17:59:12.669073 1491 [DEBUG] DeleteFile: ./db_working_home/000278.sst 
2026/04/19-17:59:12.669703 1491 [Zonestats:time(s),used_cap(MB),reclaimable_cap(MB), avg_reclaimable(%), active(#), active_zones(#), open_zones(#)] 144 1616 3375 67 11 11 2
2026/04/19-17:59:12.669735 1491 [DEBUG] DeleteFile: ./db_working_home/000280.sst 
2026/04/19-17:59:12.670377 1491 [Zonestats:time(s),used_cap(MB),reclaimable_cap(MB), avg_reclaimable(%), active(#), active_zones(#), open_zones(#)] 144 1601 3262 67 11 11 2
2026/04/19-17:59:12.670409 1491 [DEBUG] DeleteFile: ./db_working_home/000282.sst 
2026/04/19-17:59:12.671049 1491 [Zonestats:time(s),used_cap(MB),reclaimable_cap(MB), avg_reclaimable(%), active(#), active_zones(#), open_zones(#)] 144 1596 3139 66 10 10 2
2026/04/19-17:59:12.676415 1491 [DEBUG] New writable file: /db_working_home/000296.sst direct: 1
2026/04/19-17:59:12.679907 1491 Entering Apply Finish Threshold Function
2026/04/19-17:59:12.679932 1491 [DEBUG] Allocating zone(new=1) start: 0x78000000 wp: 0x78000000 lt: 4 file lt: 4
2026/04/19-17:59:12.679948 1491 [Zonestats:time(s),used_cap(MB),reclaimable_cap(MB), avg_reclaimable(%), active(#), active_zones(#), open_zones(#)] 144 1596 3139 66 10 11 3
2026/04/19-17:59:12.679954 1491 [DEBUG] Syncing metadata for: /db_working_home/000296.sst
2026/04/19-17:59:13.508468 1490 Zone Garbage Stats: [87 10 1 0 1 13 3 0 0 1 6 0 ]
2026/04/19-17:59:13.508568 1490 Total Garbage Bytes: 365423003 bytes
2026/04/19-17:59:14.143372 1491 Entering Apply Finish Threshold Function
2026/04/19-17:59:14.143404 1491 [DEBUG] Allocating zone(new=1) start: 0x108000000 wp: 0x108000000 lt: 4 file lt: 4
2026/04/19-17:59:14.143413 1491 [Zonestats:time(s),used_cap(MB),reclaimable_cap(MB), avg_reclaimable(%), active(#), active_zones(#), open_zones(#)] 146 1732 3131 64 10 11 3
2026/04/19-17:59:14.143420 1491 [DEBUG] Syncing metadata for: /db_working_home/000296.sst
2026/04/19-17:59:14.149459 1491 [DEBUG] Syncing metadata for: /db_working_home/000296.sst
2026/04/19-17:59:14.150032 1491 [DEBUG] Syncing metadata for: /db_working_home/000296.sst
2026/04/19-17:59:14.150844 1491 [DEBUG] GetFileSize: /db_working_home/000296.sst 
2026/04/19-17:59:14.150880 1491 [DEBUG] New writable file: /db_working_home/000297.sst direct: 1
2026/04/19-17:59:14.154425 1491 Entering Apply Finish Threshold Function
2026/04/19-17:59:14.154450 1491 [DEBUG] Allocating zone(new=1) start: 0x118000000 wp: 0x118000000 lt: 4 file lt: 4
2026/04/19-17:59:14.154458 1491 [Zonestats:time(s),used_cap(MB),reclaimable_cap(MB), avg_reclaimable(%), active(#), active_zones(#), open_zones(#)] 146 1732 3259 65 11 12 3
2026/04/19-17:59:14.154464 1491 [DEBUG] Syncing metadata for: /db_working_home/000297.sst
2026/04/19-17:59:14.508761 1490 Zone Garbage Stats: [85 12 1 0 1 13 3 0 0 1 6 0 ]
2026/04/19-17:59:14.508780 1490 Total Garbage Bytes: 365423256 bytes
2026/04/19-17:59:14.759031 1488 [DEBUG] New writable file: /db_working_home/000298.log direct: 0
2026/04/19-17:59:14.759979 1492 [DEBUG] New writable file: /db_working_home/000299.sst direct: 1
2026/04/19-17:59:14.763574 1492 Entering Apply Finish Threshold Function
2026/04/19-17:59:14.763602 1492 [DEBUG] Allocating zone(new=0) start: 0x168000000 wp: 0x1688a6600 lt: 4 file lt: 3
2026/04/19-17:59:14.763610 1492 [Zonestats:time(s),used_cap(MB),reclaimable_cap(MB), avg_reclaimable(%), active(#), active_zones(#), open_zones(#)] 146 1735 3256 65 12 12 4
2026/04/19-17:59:14.763617 1492 [DEBUG] Syncing metadata for: /db_working_home/000299.sst
2026/04/19-17:59:14.970609 1492 [DEBUG] Syncing metadata for: /db_working_home/000299.sst
2026/04/19-17:59:14.973103 1492 [DEBUG] Syncing metadata for: /db_working_home/000299.sst
2026/04/19-17:59:14.973769 1492 [DEBUG] New random access file: /db_working_home/000299.sst direct: 1
2026/04/19-17:59:14.973959 1492 [DEBUG] GetFileSize: /db_working_home/000299.sst 
2026/04/19-17:59:14.983096 1492 [DEBUG] Syncing metadata for: /db_working_home/MANIFEST-000199
2026/04/19-17:59:14.983773 1492 [DEBUG] GetFileSize: /db_working_home/000299.sst 
2026/04/19-17:59:14.995966 1492 [DEBUG] Syncing metadata for: /db_working_home/000293.log
2026/04/19-17:59:14.996686 1492 [DEBUG] DeleteFile: ./db_working_home/000234.sst 
2026/04/19-17:59:14.997356 1492 [Zonestats:time(s),used_cap(MB),reclaimable_cap(MB), avg_reclaimable(%), active(#), active_zones(#), open_zones(#)] 146 1748 3115 64 12 12 2
2026/04/19-17:59:14.997401 1492 [DEBUG] DeleteFile: ./db_working_home/000289.sst 
2026/04/19-17:59:15.005404 1492 [Zonestats:time(s),used_cap(MB),reclaimable_cap(MB), avg_reclaimable(%), active(#), active_zones(#), open_zones(#)] 147 1742 2993 63 11 11 2
2026/04/19-17:59:15.005454 1492 [DEBUG] DeleteFile: ./db_working_home/000293.log 
2026/04/19-17:59:15.007311 1492 [Zonestats:time(s),used_cap(MB),reclaimable_cap(MB), avg_reclaimable(%), active(#), active_zones(#), open_zones(#)] 147 1726 3009 63 11 11 2
2026/04/19-17:59:15.119913 1488 [DEBUG] Allocating zone(new=0) start: 0x150000000 wp: 0x153de4600 lt: 3 file lt: 2
2026/04/19-17:59:15.119941 1488 [DEBUG] Syncing metadata for: /db_working_home/000298.log
2026/04/19-17:59:15.508983 1490 Zone Garbage Stats: [87 11 1 0 1 13 3 0 0 1 5 0 ]
2026/04/19-17:59:15.509000 1490 Total Garbage Bytes: 316529167 bytes
2026/04/19-17:59:15.717088 1491 Entering Apply Finish Threshold Function
2026/04/19-17:59:15.717119 1491 [DEBUG] Allocating zone(new=1) start: 0x80000000 wp: 0x80000000 lt: 4 file lt: 4
2026/04/19-17:59:15.717127 1491 [Zonestats:time(s),used_cap(MB),reclaimable_cap(MB), avg_reclaimable(%), active(#), active_zones(#), open_zones(#)] 147 1858 3005 61 10 11 3
2026/04/19-17:59:15.717134 1491 [DEBUG] Syncing metadata for: /db_working_home/000297.sst
2026/04/19-17:59:15.726555 1491 [DEBUG] Syncing metadata for: /db_working_home/000297.sst
2026/04/19-17:59:15.727110 1491 [DEBUG] Syncing metadata for: /db_working_home/000297.sst
2026/04/19-17:59:15.727905 1491 [DEBUG] GetFileSize: /db_working_home/000297.sst 
2026/04/19-17:59:15.727950 1491 [DEBUG] New writable file: /db_working_home/000300.sst direct: 1
2026/04/19-17:59:15.731367 1491 Entering Apply Finish Threshold Function
2026/04/19-17:59:15.731393 1491 [DEBUG] Allocating zone(new=1) start: 0x128000000 wp: 0x128000000 lt: 4 file lt: 4
2026/04/19-17:59:15.731400 1491 [Zonestats:time(s),used_cap(MB),reclaimable_cap(MB), avg_reclaimable(%), active(#), active_zones(#), open_zones(#)] 147 1858 3133 62 11 12 3
2026/04/19-17:59:15.731406 1491 [DEBUG] Syncing metadata for: /db_working_home/000300.sst
2026/04/19-17:59:15.905093 1491 [DEBUG] Syncing metadata for: /db_working_home/000300.sst
2026/04/19-17:59:15.905677 1491 [DEBUG] Syncing metadata for: /db_working_home/000300.sst
2026/04/19-17:59:15.906461 1491 [DEBUG] GetFileSize: /db_working_home/000300.sst 
2026/04/19-17:59:15.907605 1491 [DEBUG] New random access file: /db_working_home/000296.sst direct: 1
2026/04/19-17:59:15.908022 1491 [DEBUG] GetFileSize: /db_working_home/000296.sst 
2026/04/19-17:59:15.908219 1491 [DEBUG] New random access file: /db_working_home/000297.sst direct: 1
2026/04/19-17:59:15.908592 1491 [DEBUG] GetFileSize: /db_working_home/000297.sst 
2026/04/19-17:59:15.908760 1491 [DEBUG] New random access file: /db_working_home/000300.sst direct: 1
2026/04/19-17:59:15.908940 1491 [DEBUG] GetFileSize: /db_working_home/000300.sst 
2026/04/19-17:59:15.909790 1491 [DEBUG] Syncing metadata for: /db_working_home/MANIFEST-000199
2026/04/19-17:59:15.926177 1491 [DEBUG] New writable file: /db_working_home/000301.sst direct: 1
2026/04/19-17:59:15.929673 1491 Entering Apply Finish Threshold Function
2026/04/19-17:59:15.929700 1491 [DEBUG] Allocating zone(new=0) start: 0x168000000 wp: 0x1697f9200 lt: 4 file lt: 3
2026/04/19-17:59:15.929709 1491 [Zonestats:time(s),used_cap(MB),reclaimable_cap(MB), avg_reclaimable(%), active(#), active_zones(#), open_zones(#)] 147 1875 3244 63 12 12 3
2026/04/19-17:59:15.929715 1491 [DEBUG] Syncing metadata for: /db_working_home/000301.sst
2026/04/19-17:59:16.396056 1491 [DEBUG] Syncing metadata for: /db_working_home/000301.sst
2026/04/19-17:59:16.396634 1491 [DEBUG] Syncing metadata for: /db_working_home/000301.sst
2026/04/19-17:59:16.397343 1491 [DEBUG] GetFileSize: /db_working_home/000301.sst 
2026/04/19-17:59:16.397375 1491 [DEBUG] New writable file: /db_working_home/000302.sst direct: 1
2026/04/19-17:59:16.400821 1491 Entering Apply Finish Threshold Function
2026/04/19-17:59:16.400834 1491 Finishing zone: Entering Finish()
2026/04/19-17:59:16.509190 1490 Zone Garbage Stats: [85 13 1 0 1 13 3 0 0 1 5 0 ]
2026/04/19-17:59:16.509207 1490 Total Garbage Bytes: 316529147 bytes
2026/04/19-17:59:16.902895 1488 [DEBUG] New writable file: /db_working_home/000303.log direct: 0
2026/04/19-17:59:16.904033 1492 [DEBUG] New writable file: /db_working_home/000304.sst direct: 1
2026/04/19-17:59:16.907420 1492 Entering Apply Finish Threshold Function
2026/04/19-17:59:16.907446 1492 [DEBUG] Allocating zone(new=0) start: 0x128000000 wp: 0x128f40e00 lt: 4 file lt: 3
2026/04/19-17:59:16.907454 1492 [Zonestats:time(s),used_cap(MB),reclaimable_cap(MB), avg_reclaimable(%), active(#), active_zones(#), open_zones(#)] 148 1926 3193 62 12 12 3
2026/04/19-17:59:16.907461 1492 [DEBUG] Syncing metadata for: /db_working_home/000304.sst
2026/04/19-17:59:17.052527 1492 [DEBUG] Syncing metadata for: /db_working_home/000304.sst
2026/04/19-17:59:17.053424 1492 [DEBUG] Syncing metadata for: /db_working_home/000304.sst
2026/04/19-17:59:17.054611 1492 [DEBUG] New random access file: /db_working_home/000304.sst direct: 1
2026/04/19-17:59:17.055276 1492 [DEBUG] GetFileSize: /db_working_home/000304.sst 
2026/04/19-17:59:17.057862 1492 [DEBUG] Syncing metadata for: /db_working_home/MANIFEST-000199
2026/04/19-17:59:17.058710 1492 [DEBUG] GetFileSize: /db_working_home/000304.sst 
2026/04/19-17:59:17.063550 1492 [DEBUG] Syncing metadata for: /db_working_home/000298.log
2026/04/19-17:59:17.064634 1492 [DEBUG] DeleteFile: ./db_working_home/000250.sst 
2026/04/19-17:59:17.065559 1492 [Zonestats:time(s),used_cap(MB),reclaimable_cap(MB), avg_reclaimable(%), active(#), active_zones(#), open_zones(#)] 149 1842 3277 64 12 12 1
2026/04/19-17:59:17.065602 1492 [DEBUG] DeleteFile: ./db_working_home/000285.sst 
2026/04/19-17:59:17.066850 1492 [Zonestats:time(s),used_cap(MB),reclaimable_cap(MB), avg_reclaimable(%), active(#), active_zones(#), open_zones(#)] 149 1713 3150 64 11 11 1
2026/04/19-17:59:17.066885 1492 [DEBUG] DeleteFile: ./db_working_home/000288.sst 
2026/04/19-17:59:17.067822 1492 [Zonestats:time(s),used_cap(MB),reclaimable_cap(MB), avg_reclaimable(%), active(#), active_zones(#), open_zones(#)] 149 1652 3083 65 11 11 1
2026/04/19-17:59:17.067854 1492 [DEBUG] DeleteFile: ./db_working_home/000298.log 
2026/04/19-17:59:17.068820 1492 [Zonestats:time(s),used_cap(MB),reclaimable_cap(MB), avg_reclaimable(%), active(#), active_zones(#), open_zones(#)] 149 1636 3099 65 11 11 1
2026/04/19-17:59:17.092705 1488 [DEBUG] Allocating zone(new=0) start: 0x150000000 wp: 0x154d7ce00 lt: 3 file lt: 2
2026/04/19-17:59:17.092715 1488 [DEBUG] Syncing metadata for: /db_working_home/000303.log
2026/04/19-17:59:17.260374 1491 [DEBUG] Allocating zone(new=0) start: 0x128000000 wp: 0x129e99200 lt: 4 file lt: 3
2026/04/19-17:59:17.260391 1491 [Zonestats:time(s),used_cap(MB),reclaimable_cap(MB), avg_reclaimable(%), active(#), active_zones(#), open_zones(#)] 149 1639 3096 65 10 10 3
2026/04/19-17:59:17.260401 1491 [DEBUG] Syncing metadata for: /db_working_home/000302.sst
2026/04/19-17:59:17.509395 1490 Zone Garbage Stats: [88 10 0 0 1 14 2 0 0 1 6 0 ]
2026/04/19-17:59:17.509413 1490 Total Garbage Bytes: 421142674 bytes
2026/04/19-17:59:17.837092 1491 [DEBUG] Syncing metadata for: /db_working_home/000302.sst
2026/04/19-17:59:17.837671 1491 [DEBUG] Syncing metadata for: /db_working_home/000302.sst
2026/04/19-17:59:17.838407 1491 [DEBUG] GetFileSize: /db_working_home/000302.sst 
2026/04/19-17:59:17.839840 1491 [DEBUG] New random access file: /db_working_home/000301.sst direct: 1
2026/04/19-17:59:17.840095 1491 [DEBUG] GetFileSize: /db_working_home/000301.sst 
2026/04/19-17:59:17.840263 1491 [DEBUG] New random access file: /db_working_home/000302.sst direct: 1
2026/04/19-17:59:17.840590 1491 [DEBUG] GetFileSize: /db_working_home/000302.sst 
2026/04/19-17:59:17.841588 1491 [DEBUG] Syncing metadata for: /db_working_home/MANIFEST-000199
2026/04/19-17:59:17.847632 1491 [DEBUG] New writable file: /db_working_home/000305.sst direct: 1
2026/04/19-17:59:17.851109 1491 Entering Apply Finish Threshold Function
2026/04/19-17:59:17.851120 1491 Finishing zone: Entering Finish()
2026/04/19-17:59:18.334165 1488 [DEBUG] New writable file: /db_working_home/000306.log direct: 0
2026/04/19-17:59:18.335049 1492 [DEBUG] New writable file: /db_working_home/000307.sst direct: 1
2026/04/19-17:59:18.338025 1492 Entering Apply Finish Threshold Function
2026/04/19-17:59:18.338051 1492 [DEBUG] Allocating zone(new=0) start: 0x108000000 wp: 0x108050000 lt: 4 file lt: 3
2026/04/19-17:59:18.338059 1492 [Zonestats:time(s),used_cap(MB),reclaimable_cap(MB), avg_reclaimable(%), active(#), active_zones(#), open_zones(#)] 150 1699 3036 64 10 10 3
2026/04/19-17:59:18.338066 1492 [DEBUG] Syncing metadata for: /db_working_home/000307.sst
2026/04/19-17:59:18.481186 1492 [DEBUG] Syncing metadata for: /db_working_home/000307.sst
2026/04/19-17:59:18.482205 1492 [DEBUG] Syncing metadata for: /db_working_home/000307.sst
2026/04/19-17:59:18.483392 1492 [DEBUG] New random access file: /db_working_home/000307.sst direct: 1
2026/04/19-17:59:18.483966 1492 [DEBUG] GetFileSize: /db_working_home/000307.sst 
2026/04/19-17:59:18.486296 1492 [DEBUG] Syncing metadata for: /db_working_home/MANIFEST-000199
2026/04/19-17:59:18.487069 1492 [DEBUG] GetFileSize: /db_working_home/000307.sst 
2026/04/19-17:59:18.492014 1492 [DEBUG] Syncing metadata for: /db_working_home/000303.log
2026/04/19-17:59:18.493209 1492 [DEBUG] DeleteFile: ./db_working_home/000283.sst 
2026/04/19-17:59:18.494145 1492 [Zonestats:time(s),used_cap(MB),reclaimable_cap(MB), avg_reclaimable(%), active(#), active_zones(#), open_zones(#)] 150 1700 3035 64 10 10 1
2026/04/19-17:59:18.494189 1492 [DEBUG] DeleteFile: ./db_working_home/000286.sst 
2026/04/19-17:59:18.495323 1492 [Zonestats:time(s),used_cap(MB),reclaimable_cap(MB), avg_reclaimable(%), active(#), active_zones(#), open_zones(#)] 150 1685 2922 63 9 9 1
2026/04/19-17:59:18.495358 1492 [DEBUG] DeleteFile: ./db_working_home/000290.sst 
2026/04/19-17:59:18.495580 1488 [DEBUG] Allocating zone(new=0) start: 0x150000000 wp: 0x155d15c00 lt: 3 file lt: 2
2026/04/19-17:59:18.495593 1488 [DEBUG] Syncing metadata for: /db_working_home/000306.log
2026/04/19-17:59:18.496397 1492 [Zonestats:time(s),used_cap(MB),reclaimable_cap(MB), avg_reclaimable(%), active(#), active_zones(#), open_zones(#)] 150 1669 2810 62 8 8 2
2026/04/19-17:59:18.496430 1492 [DEBUG] DeleteFile: ./db_working_home/000292.sst 
2026/04/19-17:59:18.498185 1492 [Zonestats:time(s),used_cap(MB),reclaimable_cap(MB), avg_reclaimable(%), active(#), active_zones(#), open_zones(#)] 150 1654 2697 61 7 7 2
2026/04/19-17:59:18.498217 1492 [DEBUG] DeleteFile: ./db_working_home/000294.sst 
2026/04/19-17:59:18.506406 1492 [Zonestats:time(s),used_cap(MB),reclaimable_cap(MB), avg_reclaimable(%), active(#), active_zones(#), open_zones(#)] 150 1640 2583 61 6 6 2
2026/04/19-17:59:18.506458 1492 [DEBUG] DeleteFile: ./db_working_home/000299.sst 
2026/04/19-17:59:18.507031 1492 [Zonestats:time(s),used_cap(MB),reclaimable_cap(MB), avg_reclaimable(%), active(#), active_zones(#), open_zones(#)] 150 1625 2598 61 6 6 2
2026/04/19-17:59:18.507064 1492 [DEBUG] DeleteFile: ./db_working_home/000303.log 
2026/04/19-17:59:18.508135 1492 [Zonestats:time(s),used_cap(MB),reclaimable_cap(MB), avg_reclaimable(%), active(#), active_zones(#), open_zones(#)] 150 1609 2614 61 6 6 2
2026/04/19-17:59:18.509516 1490 Zone Garbage Stats: [92 6 0 0 1 13 2 1 0 1 6 0 ]
2026/04/19-17:59:18.509586 1490 Total Garbage Bytes: 437209801 bytes
2026/04/19-17:59:18.571479 1491 [DEBUG] Allocating zone(new=1) start: 0x50000000 wp: 0x50000000 lt: 5 file lt: 5
2026/04/19-17:59:18.571495 1491 [Zonestats:time(s),used_cap(MB),reclaimable_cap(MB), avg_reclaimable(%), active(#), active_zones(#), open_zones(#)] 150 1610 2613 61 5 6 3
2026/04/19-17:59:18.571504 1491 [DEBUG] Syncing metadata for: /db_working_home/000305.sst
2026/04/19-17:59:19.509778 1490 Zone Garbage Stats: [91 6 0 0 2 13 2 1 0 1 6 0 ]
2026/04/19-17:59:19.509796 1490 Total Garbage Bytes: 437210442 bytes
2026/04/19-17:59:20.061317 1491 Entering Apply Finish Threshold Function
2026/04/19-17:59:20.061348 1491 [DEBUG] Allocating zone(new=1) start: 0x58000000 wp: 0x58000000 lt: 5 file lt: 5
2026/04/19-17:59:20.061356 1491 [Zonestats:time(s),used_cap(MB),reclaimable_cap(MB), avg_reclaimable(%), active(#), active_zones(#), open_zones(#)] 152 1748 2603 59 5 6 3
2026/04/19-17:59:20.061363 1491 [DEBUG] Syncing metadata for: /db_working_home/000305.sst
2026/04/19-17:59:20.066965 1491 [DEBUG] Syncing metadata for: /db_working_home/000305.sst
2026/04/19-17:59:20.067531 1491 [DEBUG] Syncing metadata for: /db_working_home/000305.sst
2026/04/19-17:59:20.068320 1491 [DEBUG] GetFileSize: /db_working_home/000305.sst 
2026/04/19-17:59:20.068353 1491 [DEBUG] New writable file: /db_working_home/000308.sst direct: 1
2026/04/19-17:59:20.071805 1491 Entering Apply Finish Threshold Function
2026/04/19-17:59:20.071830 1491 [DEBUG] Allocating zone(new=1) start: 0x70000000 wp: 0x70000000 lt: 5 file lt: 5
2026/04/19-17:59:20.071838 1491 [Zonestats:time(s),used_cap(MB),reclaimable_cap(MB), avg_reclaimable(%), active(#), active_zones(#), open_zones(#)] 152 1748 2731 60 6 7 3
2026/04/19-17:59:20.071844 1491 [DEBUG] Syncing metadata for: /db_working_home/000308.sst
2026/04/19-17:59:20.509989 1490 Zone Garbage Stats: [89 8 0 0 2 13 2 1 0 1 6 0 ]
2026/04/19-17:59:20.510006 1490 Total Garbage Bytes: 437210893 bytes
2026/04/19-17:59:20.525827 1488 [DEBUG] New writable file: /db_working_home/000309.log direct: 0
2026/04/19-17:59:20.534009 1492 [DEBUG] New writable file: /db_working_home/000310.sst direct: 1
2026/04/19-17:59:20.536734 1492 Entering Apply Finish Threshold Function
2026/04/19-17:59:20.536760 1492 [DEBUG] Allocating zone(new=0) start: 0x108000000 wp: 0x108faa600 lt: 4 file lt: 3
2026/04/19-17:59:20.536767 1492 [Zonestats:time(s),used_cap(MB),reclaimable_cap(MB), avg_reclaimable(%), active(#), active_zones(#), open_zones(#)] 152 1751 2728 60 7 7 4
2026/04/19-17:59:20.536774 1492 [DEBUG] Syncing metadata for: /db_working_home/000310.sst
2026/04/19-17:59:20.743705 1492 [DEBUG] Syncing metadata for: /db_working_home/000310.sst
2026/04/19-17:59:20.746496 1492 [DEBUG] Syncing metadata for: /db_working_home/000310.sst
2026/04/19-17:59:20.747152 1492 [DEBUG] New random access file: /db_working_home/000310.sst direct: 1
2026/04/19-17:59:20.747330 1492 [DEBUG] GetFileSize: /db_working_home/000310.sst 
2026/04/19-17:59:20.755457 1492 [DEBUG] Syncing metadata for: /db_working_home/MANIFEST-000199
2026/04/19-17:59:20.756154 1492 [DEBUG] GetFileSize: /db_working_home/000310.sst 
2026/04/19-17:59:20.760922 1492 [DEBUG] Syncing metadata for: /db_working_home/000306.log
2026/04/19-17:59:20.768837 1492 [DEBUG] DeleteFile: ./db_working_home/000306.log 
2026/04/19-17:59:20.769552 1492 [Zonestats:time(s),used_cap(MB),reclaimable_cap(MB), avg_reclaimable(%), active(#), active_zones(#), open_zones(#)] 152 1752 2599 59 6 6 2
2026/04/19-17:59:20.813409 1488 [DEBUG] Allocating zone(new=0) start: 0x108000000 wp: 0x109f07800 lt: 4 file lt: 2
2026/04/19-17:59:20.813423 1488 [DEBUG] Syncing metadata for: /db_working_home/000309.log
2026/04/19-17:59:20.896151 1491 [DEBUG] Syncing metadata for: /db_working_home/000308.sst
2026/04/19-17:59:20.896742 1491 [DEBUG] Syncing metadata for: /db_working_home/000308.sst
2026/04/19-17:59:20.897547 1491 [DEBUG] GetFileSize: /db_working_home/000308.sst 
2026/04/19-17:59:20.898802 1491 [DEBUG] New random access file: /db_working_home/000305.sst direct: 1
2026/04/19-17:59:20.899191 1491 [DEBUG] GetFileSize: /db_working_home/000305.sst 
2026/04/19-17:59:20.899382 1491 [DEBUG] New random access file: /db_working_home/000308.sst direct: 1
2026/04/19-17:59:20.899645 1491 [DEBUG] GetFileSize: /db_working_home/000308.sst 
2026/04/19-17:59:20.900600 1491 [DEBUG] Syncing metadata for: /db_working_home/MANIFEST-000199
2026/04/19-17:59:20.901967 1491 [DEBUG] Syncing metadata for: /db_working_home/MANIFEST-000199
2026/04/19-17:59:20.902654 1491 [DEBUG] DeleteFile: ./db_working_home/000235.sst 
2026/04/19-17:59:20.903324 1491 [Zonestats:time(s),used_cap(MB),reclaimable_cap(MB), avg_reclaimable(%), active(#), active_zones(#), open_zones(#)] 152 1731 2620 60 6 6 2
2026/04/19-17:59:20.903364 1491 [DEBUG] DeleteFile: ./db_working_home/000296.sst 
2026/04/19-17:59:20.904014 1491 [Zonestats:time(s),used_cap(MB),reclaimable_cap(MB), avg_reclaimable(%), active(#), active_zones(#), open_zones(#)] 152 1603 2620 62 6 6 2
2026/04/19-17:59:20.909512 1491 [DEBUG] New writable file: /db_working_home/000311.sst direct: 1
2026/04/19-17:59:20.912401 1491 Entering Apply Finish Threshold Function
2026/04/19-17:59:20.912411 1491 Finishing zone: Entering Finish()
2026/04/19-17:59:21.510196 1490 Zone Garbage Stats: [92 6 0 0 1 13 2 1 0 1 6 0 ]
2026/04/19-17:59:21.510214 1490 Total Garbage Bytes: 437209997 bytes
2026/04/19-17:59:21.680717 1491 [DEBUG] Allocating zone(new=1) start: 0x78000000 wp: 0x78000000 lt: 5 file lt: 5
2026/04/19-17:59:21.680734 1491 [Zonestats:time(s),used_cap(MB),reclaimable_cap(MB), avg_reclaimable(%), active(#), active_zones(#), open_zones(#)] 153 1616 2607 61 5 6 3
2026/04/19-17:59:21.680743 1491 [DEBUG] Syncing metadata for: /db_working_home/000311.sst
2026/04/19-17:59:21.809122 1488 [DEBUG] New writable file: /db_working_home/000312.log direct: 0
2026/04/19-17:59:21.810060 1492 [DEBUG] New writable file: /db_working_home/000313.sst direct: 1
2026/04/19-17:59:21.819789 1492 Entering Apply Finish Threshold Function
2026/04/19-17:59:21.819817 1492 [DEBUG] Allocating zone(new=0) start: 0x80000000 wp: 0x80050e00 lt: 4 file lt: 3
2026/04/19-17:59:21.819825 1492 [Zonestats:time(s),used_cap(MB),reclaimable_cap(MB), avg_reclaimable(%), active(#), active_zones(#), open_zones(#)] 153 1617 2606 61 6 6 4
2026/04/19-17:59:21.819832 1492 [DEBUG] Syncing metadata for: /db_working_home/000313.sst
2026/04/19-17:59:21.855511 1491 [DEBUG] Syncing metadata for: /db_working_home/000311.sst
2026/04/19-17:59:21.863293 1491 [DEBUG] Syncing metadata for: /db_working_home/000311.sst
2026/04/19-17:59:21.864034 1491 [DEBUG] GetFileSize: /db_working_home/000311.sst 
2026/04/19-17:59:21.865260 1491 [DEBUG] New random access file: /db_working_home/000311.sst direct: 1
2026/04/19-17:59:21.872037 1491 [DEBUG] GetFileSize: /db_working_home/000311.sst 
2026/04/19-17:59:21.872938 1491 [DEBUG] Syncing metadata for: /db_working_home/MANIFEST-000199
2026/04/19-17:59:21.893163 1491 [DEBUG] New writable file: /db_working_home/000314.sst direct: 1
2026/04/19-17:59:21.903716 1491 Entering Apply Finish Threshold Function
2026/04/19-17:59:21.903745 1491 [DEBUG] Allocating zone(new=1) start: 0xb0000000 wp: 0xb0000000 lt: 5 file lt: 5
2026/04/19-17:59:21.903753 1491 [Zonestats:time(s),used_cap(MB),reclaimable_cap(MB), avg_reclaimable(%), active(#), active_zones(#), open_zones(#)] 153 1632 2719 62 6 7 4
2026/04/19-17:59:21.903760 1491 [DEBUG] Syncing metadata for: /db_working_home/000314.sst
2026/04/19-17:59:22.020126 1492 [DEBUG] Syncing metadata for: /db_working_home/000313.sst
2026/04/19-17:59:22.022468 1492 [DEBUG] Syncing metadata for: /db_working_home/000313.sst
2026/04/19-17:59:22.023135 1492 [DEBUG] New random access file: /db_working_home/000313.sst direct: 1
2026/04/19-17:59:22.023316 1492 [DEBUG] GetFileSize: /db_working_home/000313.sst 
2026/04/19-17:59:22.032148 1492 [DEBUG] Syncing metadata for: /db_working_home/MANIFEST-000199
2026/04/19-17:59:22.032831 1492 [DEBUG] GetFileSize: /db_working_home/000313.sst 
2026/04/19-17:59:22.037606 1492 [DEBUG] Syncing metadata for: /db_working_home/000309.log
2026/04/19-17:59:22.045627 1492 [DEBUG] DeleteFile: ./db_working_home/000221.sst 
2026/04/19-17:59:22.046504 1492 [Zonestats:time(s),used_cap(MB),reclaimable_cap(MB), avg_reclaimable(%), active(#), active_zones(#), open_zones(#)] 154 1645 2578 61 7 7 2
2026/04/19-17:59:22.046547 1492 [DEBUG] DeleteFile: ./db_working_home/000247.sst 
2026/04/19-17:59:22.049209 1492 [Zonestats:time(s),used_cap(MB),reclaimable_cap(MB), avg_reclaimable(%), active(#), active_zones(#), open_zones(#)] 154 1640 2455 59 7 7 2
2026/04/19-17:59:22.049262 1492 [DEBUG] DeleteFile: ./db_working_home/000295.sst 
2026/04/19-17:59:22.049834 1492 [Zonestats:time(s),used_cap(MB),reclaimable_cap(MB), avg_reclaimable(%), active(#), active_zones(#), open_zones(#)] 154 1632 2463 60 7 7 2
2026/04/19-17:59:22.049868 1492 [DEBUG] DeleteFile: ./db_working_home/000309.log 
2026/04/19-17:59:22.050457 1492 [Zonestats:time(s),used_cap(MB),reclaimable_cap(MB), avg_reclaimable(%), active(#), active_zones(#), open_zones(#)] 154 1616 2479 60 7 7 2
2026/04/19-17:59:22.103056 1488 [DEBUG] Allocating zone(new=0) start: 0x108000000 wp: 0x10aea0400 lt: 4 file lt: 2
2026/04/19-17:59:22.103070 1488 [DEBUG] Syncing metadata for: /db_working_home/000312.log
2026/04/19-17:59:22.510406 1490 Zone Garbage Stats: [92 7 0 0 1 14 2 1 0 1 4 0 ]
2026/04/19-17:59:22.510423 1490 Total Garbage Bytes: 263095568 bytes
2026/04/19-17:59:22.742291 1491 [DEBUG] Syncing metadata for: /db_working_home/000314.sst
2026/04/19-17:59:22.742928 1491 [DEBUG] Syncing metadata for: /db_working_home/000314.sst
2026/04/19-17:59:22.743711 1491 [DEBUG] GetFileSize: /db_working_home/000314.sst 
2026/04/19-17:59:22.743743 1491 [DEBUG] New writable file: /db_working_home/000315.sst direct: 1
2026/04/19-17:59:22.747116 1491 Entering Apply Finish Threshold Function
2026/04/19-17:59:22.747128 1491 Finishing zone: Entering Finish()
2026/04/19-17:59:23.422393 1488 [DEBUG] New writable file: /db_working_home/000316.log direct: 0
2026/04/19-17:59:23.423462 1492 [DEBUG] New writable file: /db_working_home/000317.sst direct: 1
2026/04/19-17:59:23.426411 1492 Entering Apply Finish Threshold Function
2026/04/19-17:59:23.426437 1492 [DEBUG] Allocating zone(new=0) start: 0x80000000 wp: 0x80fa6200 lt: 4 file lt: 3
2026/04/19-17:59:23.426446 1492 [Zonestats:time(s),used_cap(MB),reclaimable_cap(MB), avg_reclaimable(%), active(#), active_zones(#), open_zones(#)] 155 1701 2522 59 7 7 3
2026/04/19-17:59:23.426452 1492 [DEBUG] Syncing metadata for: /db_working_home/000317.sst
2026/04/19-17:59:23.483366 1491 [DEBUG] Allocating zone(new=1) start: 0x88000000 wp: 0x88000000 lt: 5 file lt: 5
2026/04/19-17:59:23.483382 1491 [Zonestats:time(s),used_cap(MB),reclaimable_cap(MB), avg_reclaimable(%), active(#), active_zones(#), open_zones(#)] 155 1701 2522 59 6 7 4
2026/04/19-17:59:23.483391 1491 [DEBUG] Syncing metadata for: /db_working_home/000315.sst
2026/04/19-17:59:23.510604 1490 Zone Garbage Stats: [91 6 0 0 1 15 2 1 0 1 4 0 ]
2026/04/19-17:59:23.510685 1490 Total Garbage Bytes: 263095653 bytes
2026/04/19-17:59:23.590073 1492 [DEBUG] Syncing metadata for: /db_working_home/000317.sst
2026/04/19-17:59:23.591894 1492 [DEBUG] Syncing metadata for: /db_working_home/000317.sst
2026/04/19-17:59:23.592547 1492 [DEBUG] New random access file: /db_working_home/000317.sst direct: 1
2026/04/19-17:59:23.592729 1492 [DEBUG] GetFileSize: /db_working_home/000317.sst 
2026/04/19-17:59:23.600402 1492 [DEBUG] Syncing metadata for: /db_working_home/MANIFEST-000199
2026/04/19-17:59:23.602548 1492 [DEBUG] GetFileSize: /db_working_home/000317.sst 
2026/04/19-17:59:23.607543 1492 [DEBUG] Syncing metadata for: /db_working_home/000312.log
2026/04/19-17:59:23.610244 1492 [DEBUG] DeleteFile: ./db_working_home/000312.log 
2026/04/19-17:59:23.610948 1492 [Zonestats:time(s),used_cap(MB),reclaimable_cap(MB), avg_reclaimable(%), active(#), active_zones(#), open_zones(#)] 155 1702 2521 59 7 7 2
2026/04/19-17:59:23.657561 1488 [DEBUG] Allocating zone(new=0) start: 0x108000000 wp: 0x10be39200 lt: 4 file lt: 2
2026/04/19-17:59:23.657572 1488 [DEBUG] Syncing metadata for: /db_working_home/000316.log
2026/04/19-17:59:24.510888 1490 Zone Garbage Stats: [91 7 0 0 1 15 2 1 0 1 4 0 ]
2026/04/19-17:59:24.510905 1490 Total Garbage Bytes: 263096461 bytes
2026/04/19-17:59:25.108182 1491 Entering Apply Finish Threshold Function
2026/04/19-17:59:25.108213 1491 [DEBUG] Allocating zone(new=1) start: 0xd0000000 wp: 0xd0000000 lt: 5 file lt: 5
2026/04/19-17:59:25.108221 1491 [Zonestats:time(s),used_cap(MB),reclaimable_cap(MB), avg_reclaimable(%), active(#), active_zones(#), open_zones(#)] 157 1839 2512 57 6 7 3
2026/04/19-17:59:25.108228 1491 [DEBUG] Syncing metadata for: /db_working_home/000315.sst
2026/04/19-17:59:25.113953 1491 [DEBUG] Syncing metadata for: /db_working_home/000315.sst
2026/04/19-17:59:25.114522 1491 [DEBUG] Syncing metadata for: /db_working_home/000315.sst
2026/04/19-17:59:25.115311 1491 [DEBUG] GetFileSize: /db_working_home/000315.sst 
2026/04/19-17:59:25.115346 1491 [DEBUG] New writable file: /db_working_home/000318.sst direct: 1
2026/04/19-17:59:25.121516 1491 Entering Apply Finish Threshold Function
2026/04/19-17:59:25.121544 1491 [DEBUG] Allocating zone(new=1) start: 0x110000000 wp: 0x110000000 lt: 5 file lt: 5
2026/04/19-17:59:25.121552 1491 [Zonestats:time(s),used_cap(MB),reclaimable_cap(MB), avg_reclaimable(%), active(#), active_zones(#), open_zones(#)] 157 1839 2640 58 7 8 3
2026/04/19-17:59:25.121559 1491 [DEBUG] Syncing metadata for: /db_working_home/000318.sst
2026/04/19-17:59:25.511097 1490 Zone Garbage Stats: [89 9 0 0 1 15 2 1 0 1 4 0 ]
2026/04/19-17:59:25.511115 1490 Total Garbage Bytes: 263096885 bytes
2026/04/19-17:59:26.061764 1488 [DEBUG] New writable file: /db_working_home/000319.log direct: 0
2026/04/19-17:59:26.062765 1492 [DEBUG] New writable file: /db_working_home/000320.sst direct: 1
2026/04/19-17:59:26.067506 1492 Entering Apply Finish Threshold Function
2026/04/19-17:59:26.067534 1492 [DEBUG] Allocating zone(new=0) start: 0x80000000 wp: 0x81efbe00 lt: 4 file lt: 3
2026/04/19-17:59:26.067543 1492 [Zonestats:time(s),used_cap(MB),reclaimable_cap(MB), avg_reclaimable(%), active(#), active_zones(#), open_zones(#)] 158 1845 2634 58 8 8 4
2026/04/19-17:59:26.067549 1492 [DEBUG] Syncing metadata for: /db_working_home/000320.sst
2026/04/19-17:59:26.241305 1492 [DEBUG] Syncing metadata for: /db_working_home/000320.sst
2026/04/19-17:59:26.244258 1492 [DEBUG] Syncing metadata for: /db_working_home/000320.sst
2026/04/19-17:59:26.244936 1492 [DEBUG] New random access file: /db_working_home/000320.sst direct: 1
2026/04/19-17:59:26.245218 1492 [DEBUG] GetFileSize: /db_working_home/000320.sst 
2026/04/19-17:59:26.249518 1492 [DEBUG] Syncing metadata for: /db_working_home/MANIFEST-000199
2026/04/19-17:59:26.250197 1492 [DEBUG] GetFileSize: /db_working_home/000320.sst 
2026/04/19-17:59:26.259163 1492 [DEBUG] Syncing metadata for: /db_working_home/000316.log
2026/04/19-17:59:26.263191 1492 [DEBUG] DeleteFile: ./db_working_home/000316.log 
2026/04/19-17:59:26.263772 1492 [Zonestats:time(s),used_cap(MB),reclaimable_cap(MB), avg_reclaimable(%), active(#), active_zones(#), open_zones(#)] 158 1845 2634 58 8 8 2
2026/04/19-17:59:26.309526 1491 [DEBUG] Syncing metadata for: /db_working_home/000318.sst
2026/04/19-17:59:26.310171 1491 [DEBUG] Syncing metadata for: /db_working_home/000318.sst
2026/04/19-17:59:26.311029 1491 [DEBUG] GetFileSize: /db_working_home/000318.sst 
2026/04/19-17:59:26.312484 1491 [DEBUG] New random access file: /db_working_home/000314.sst direct: 1
2026/04/19-17:59:26.312784 1491 [DEBUG] GetFileSize: /db_working_home/000314.sst 
2026/04/19-17:59:26.312969 1491 [DEBUG] New random access file: /db_working_home/000315.sst direct: 1
2026/04/19-17:59:26.313303 1491 [DEBUG] GetFileSize: /db_working_home/000315.sst 
2026/04/19-17:59:26.313453 1491 [DEBUG] New random access file: /db_working_home/000318.sst direct: 1
2026/04/19-17:59:26.313757 1491 [DEBUG] GetFileSize: /db_working_home/000318.sst 
2026/04/19-17:59:26.314678 1491 [DEBUG] Syncing metadata for: /db_working_home/MANIFEST-000199
2026/04/19-17:59:26.316072 1491 [DEBUG] Syncing metadata for: /db_working_home/MANIFEST-000199
2026/04/19-17:59:26.316796 1491 [DEBUG] DeleteFile: ./db_working_home/000245.sst 
2026/04/19-17:59:26.317574 1491 [Zonestats:time(s),used_cap(MB),reclaimable_cap(MB), avg_reclaimable(%), active(#), active_zones(#), open_zones(#)] 158 1807 2544 58 8 8 1
2026/04/19-17:59:26.317615 1491 [DEBUG] DeleteFile: ./db_working_home/000297.sst 
2026/04/19-17:59:26.318453 1491 [Zonestats:time(s),used_cap(MB),reclaimable_cap(MB), avg_reclaimable(%), active(#), active_zones(#), open_zones(#)] 158 1679 2544 60 8 8 1
2026/04/19-17:59:26.318488 1491 [DEBUG] DeleteFile: ./db_working_home/000308.sst 
2026/04/19-17:59:26.319129 1491 [Zonestats:time(s),used_cap(MB),reclaimable_cap(MB), avg_reclaimable(%), active(#), active_zones(#), open_zones(#)] 158 1615 2480 60 8 8 1
2026/04/19-17:59:26.334989 1491 [DEBUG] New writable file: /db_working_home/000321.sst direct: 1
2026/04/19-17:59:26.337059 1488 [DEBUG] Allocating zone(new=0) start: 0x108000000 wp: 0x10cdd1800 lt: 4 file lt: 2
2026/04/19-17:59:26.337070 1488 [DEBUG] Syncing metadata for: /db_working_home/000319.log
2026/04/19-17:59:26.340805 1491 Entering Apply Finish Threshold Function
2026/04/19-17:59:26.340816 1491 Finishing zone: Entering Finish()
2026/04/19-17:59:26.511305 1490 Zone Garbage Stats: [93 7 0 0 1 14 2 1 0 1 3 0 ]
2026/04/19-17:59:26.511321 1490 Total Garbage Bytes: 215278038 bytes
2026/04/19-17:59:27.296626 1491 Finishing zone: Entering Finish()
2026/04/19-17:59:27.435965 1488 [DEBUG] New writable file: /db_working_home/000322.log direct: 0
2026/04/19-17:59:27.437017 1492 [DEBUG] New writable file: /db_working_home/000323.sst direct: 1
2026/04/19-17:59:27.440356 1492 Entering Apply Finish Threshold Function
2026/04/19-17:59:27.440382 1492 [DEBUG] Allocating zone(new=0) start: 0xd0000000 wp: 0xd0036400 lt: 5 file lt: 3
2026/04/19-17:59:27.440390 1492 [Zonestats:time(s),used_cap(MB),reclaimable_cap(MB), avg_reclaimable(%), active(#), active_zones(#), open_zones(#)] 159 1630 2465 60 7 7 3
2026/04/19-17:59:27.440396 1492 [DEBUG] Syncing metadata for: /db_working_home/000323.sst
2026/04/19-17:59:27.511508 1490 Zone Garbage Stats: [93 5 0 0 1 14 2 2 0 1 3 0 ]
2026/04/19-17:59:27.511522 1490 Total Garbage Bytes: 215609707 bytes
2026/04/19-17:59:27.584549 1492 [DEBUG] Syncing metadata for: /db_working_home/000323.sst
2026/04/19-17:59:27.585568 1492 [DEBUG] Syncing metadata for: /db_working_home/000323.sst
2026/04/19-17:59:27.586730 1492 [DEBUG] New random access file: /db_working_home/000323.sst direct: 1
2026/04/19-17:59:27.587320 1492 [DEBUG] GetFileSize: /db_working_home/000323.sst 
2026/04/19-17:59:27.590265 1492 [DEBUG] Syncing metadata for: /db_working_home/MANIFEST-000199
2026/04/19-17:59:27.591483 1492 [DEBUG] GetFileSize: /db_working_home/000323.sst 
2026/04/19-17:59:27.596599 1492 [DEBUG] Syncing metadata for: /db_working_home/000319.log
2026/04/19-17:59:27.597757 1492 [DEBUG] DeleteFile: ./db_working_home/000319.log 
2026/04/19-17:59:27.598783 1492 [Zonestats:time(s),used_cap(MB),reclaimable_cap(MB), avg_reclaimable(%), active(#), active_zones(#), open_zones(#)] 159 1630 2465 60 7 7 1
2026/04/19-17:59:27.623229 1488 [DEBUG] Allocating zone(new=0) start: 0x108000000 wp: 0x10dd6a400 lt: 4 file lt: 2
2026/04/19-17:59:27.623238 1488 [DEBUG] Syncing metadata for: /db_working_home/000322.log
2026/04/19-17:59:27.853187 1491 [DEBUG] Allocating zone(new=0) start: 0xd0000000 wp: 0xd0f8f000 lt: 5 file lt: 3
2026/04/19-17:59:27.853204 1491 [Zonestats:time(s),used_cap(MB),reclaimable_cap(MB), avg_reclaimable(%), active(#), active_zones(#), open_zones(#)] 159 1633 2462 60 6 6 3
2026/04/19-17:59:27.853213 1491 [DEBUG] Syncing metadata for: /db_working_home/000321.sst
2026/04/19-17:59:28.305589 1491 [DEBUG] Syncing metadata for: /db_working_home/000321.sst
2026/04/19-17:59:28.306170 1491 [DEBUG] Syncing metadata for: /db_working_home/000321.sst
2026/04/19-17:59:28.306922 1491 [DEBUG] GetFileSize: /db_working_home/000321.sst 
2026/04/19-17:59:28.306956 1491 [DEBUG] New writable file: /db_working_home/000324.sst direct: 1
2026/04/19-17:59:28.310369 1491 Entering Apply Finish Threshold Function
2026/04/19-17:59:28.310380 1491 Finishing zone: Entering Finish()
2026/04/19-17:59:28.511714 1490 Zone Garbage Stats: [93 5 0 1 1 14 2 2 0 1 3 0 ]
2026/04/19-17:59:28.511825 1490 Total Garbage Bytes: 215609946 bytes
2026/04/19-17:59:29.095038 1488 [DEBUG] New writable file: /db_working_home/000325.log direct: 0
2026/04/19-17:59:29.096046 1492 [DEBUG] New writable file: /db_working_home/000326.sst direct: 1
2026/04/19-17:59:29.098964 1492 Entering Apply Finish Threshold Function
2026/04/19-17:59:29.098990 1492 [DEBUG] Allocating zone(new=0) start: 0x78000000 wp: 0x78e88c00 lt: 5 file lt: 3
2026/04/19-17:59:29.098997 1492 [Zonestats:time(s),used_cap(MB),reclaimable_cap(MB), avg_reclaimable(%), active(#), active_zones(#), open_zones(#)] 161 1687 2408 58 6 6 3
2026/04/19-17:59:29.099004 1492 [DEBUG] Syncing metadata for: /db_working_home/000326.sst
2026/04/19-17:59:29.240065 1491 [DEBUG] Allocating zone(new=0) start: 0x58000000 wp: 0x58033800 lt: 5 file lt: 3
2026/04/19-17:59:29.240082 1491 [Zonestats:time(s),used_cap(MB),reclaimable_cap(MB), avg_reclaimable(%), active(#), active_zones(#), open_zones(#)] 161 1687 2408 58 5 5 4
2026/04/19-17:59:29.240091 1491 [DEBUG] Syncing metadata for: /db_working_home/000324.sst
2026/04/19-17:59:29.242750 1492 [DEBUG] Syncing metadata for: /db_working_home/000326.sst
2026/04/19-17:59:29.247596 1492 [DEBUG] Syncing metadata for: /db_working_home/000326.sst
2026/04/19-17:59:29.251979 1492 [DEBUG] New random access file: /db_working_home/000326.sst direct: 1
2026/04/19-17:59:29.252168 1492 [DEBUG] GetFileSize: /db_working_home/000326.sst 
2026/04/19-17:59:29.254699 1492 [DEBUG] Syncing metadata for: /db_working_home/MANIFEST-000199
2026/04/19-17:59:29.258965 1492 [DEBUG] GetFileSize: /db_working_home/000326.sst 
2026/04/19-17:59:29.267503 1492 [DEBUG] Syncing metadata for: /db_working_home/000322.log
2026/04/19-17:59:29.268189 1492 [DEBUG] DeleteFile: ./db_working_home/000322.log 
2026/04/19-17:59:29.268756 1492 [Zonestats:time(s),used_cap(MB),reclaimable_cap(MB), avg_reclaimable(%), active(#), active_zones(#), open_zones(#)] 161 1687 2408 58 5 5 2
2026/04/19-17:59:29.346720 1488 [DEBUG] Allocating zone(new=0) start: 0x108000000 wp: 0x10ed02800 lt: 4 file lt: 2
2026/04/19-17:59:29.346733 1488 [DEBUG] Syncing metadata for: /db_working_home/000325.log
2026/04/19-17:59:29.512029 1490 Zone Garbage Stats: [93 4 0 1 1 14 3 2 0 1 3 0 ]
2026/04/19-17:59:29.512046 1490 Total Garbage Bytes: 215610868 bytes
2026/04/19-17:59:30.226607 1491 [DEBUG] Syncing metadata for: /db_working_home/000324.sst
2026/04/19-17:59:30.227185 1491 [DEBUG] Syncing metadata for: /db_working_home/000324.sst
2026/04/19-17:59:30.228005 1491 [DEBUG] GetFileSize: /db_working_home/000324.sst 
2026/04/19-17:59:30.228041 1491 [DEBUG] New writable file: /db_working_home/000327.sst direct: 1
2026/04/19-17:59:30.231440 1491 Entering Apply Finish Threshold Function
2026/04/19-17:59:30.231451 1491 Finishing zone: Entering Finish()
2026/04/19-17:59:30.512238 1490 Zone Garbage Stats: [93 4 0 1 1 14 3 2 0 1 3 0 ]
2026/04/19-17:59:30.512257 1490 Total Garbage Bytes: 215610868 bytes
2026/04/19-17:59:30.781809 1491 [DEBUG] Allocating zone(new=0) start: 0x78000000 wp: 0x79ddfe00 lt: 5 file lt: 3
2026/04/19-17:59:30.781843 1491 [Zonestats:time(s),used_cap(MB),reclaimable_cap(MB), avg_reclaimable(%), active(#), active_zones(#), open_zones(#)] 162 1779 2316 56 4 4 3
2026/04/19-17:59:30.781852 1491 [DEBUG] Syncing metadata for: /db_working_home/000327.sst
2026/04/19-17:59:30.940642 1491 [DEBUG] Syncing metadata for: /db_working_home/000327.sst
2026/04/19-17:59:30.941246 1491 [DEBUG] Syncing metadata for: /db_working_home/000327.sst
2026/04/19-17:59:30.942051 1491 [DEBUG] GetFileSize: /db_working_home/000327.sst 
2026/04/19-17:59:30.943230 1491 [DEBUG] New random access file: /db_working_home/000321.sst direct: 1
2026/04/19-17:59:30.943432 1491 [DEBUG] GetFileSize: /db_working_home/000321.sst 
2026/04/19-17:59:30.943596 1491 [DEBUG] New random access file: /db_working_home/000324.sst direct: 1
2026/04/19-17:59:30.943864 1491 [DEBUG] GetFileSize: /db_working_home/000324.sst 
2026/04/19-17:59:30.944005 1491 [DEBUG] New random access file: /db_working_home/000327.sst direct: 1
2026/04/19-17:59:30.944170 1491 [DEBUG] GetFileSize: /db_working_home/000327.sst 
2026/04/19-17:59:30.945010 1491 [DEBUG] Syncing metadata for: /db_working_home/MANIFEST-000199
2026/04/19-17:59:30.946381 1491 [DEBUG] Syncing metadata for: /db_working_home/MANIFEST-000199
2026/04/19-17:59:30.947105 1491 [DEBUG] DeleteFile: ./db_working_home/000302.sst 
2026/04/19-17:59:30.947834 1491 [Zonestats:time(s),used_cap(MB),reclaimable_cap(MB), avg_reclaimable(%), active(#), active_zones(#), open_zones(#)] 162 1746 2349 57 4 4 2
2026/04/19-17:59:30.947871 1491 [DEBUG] DeleteFile: ./db_working_home/000304.sst 
2026/04/19-17:59:30.948467 1491 [Zonestats:time(s),used_cap(MB),reclaimable_cap(MB), avg_reclaimable(%), active(#), active_zones(#), open_zones(#)] 162 1731 2364 57 4 4 2
2026/04/19-17:59:30.948501 1491 [DEBUG] DeleteFile: ./db_working_home/000307.sst 
2026/04/19-17:59:30.949097 1491 [Zonestats:time(s),used_cap(MB),reclaimable_cap(MB), avg_reclaimable(%), active(#), active_zones(#), open_zones(#)] 162 1715 2380 58 4 4 2
2026/04/19-17:59:30.949129 1491 [DEBUG] DeleteFile: ./db_working_home/000310.sst 
2026/04/19-17:59:30.949728 1491 [Zonestats:time(s),used_cap(MB),reclaimable_cap(MB), avg_reclaimable(%), active(#), active_zones(#), open_zones(#)] 162 1700 2395 58 4 4 2
2026/04/19-17:59:30.949758 1491 [DEBUG] DeleteFile: ./db_working_home/000313.sst 
2026/04/19-17:59:30.950302 1491 [Zonestats:time(s),used_cap(MB),reclaimable_cap(MB), avg_reclaimable(%), active(#), active_zones(#), open_zones(#)] 162 1685 2410 58 4 4 2
2026/04/19-17:59:30.950333 1491 [DEBUG] DeleteFile: ./db_working_home/000317.sst 
2026/04/19-17:59:30.950932 1491 [Zonestats:time(s),used_cap(MB),reclaimable_cap(MB), avg_reclaimable(%), active(#), active_zones(#), open_zones(#)] 162 1669 2426 59 4 4 2
2026/04/19-17:59:30.950962 1491 [DEBUG] DeleteFile: ./db_working_home/000320.sst 
2026/04/19-17:59:30.951687 1491 [Zonestats:time(s),used_cap(MB),reclaimable_cap(MB), avg_reclaimable(%), active(#), active_zones(#), open_zones(#)] 162 1654 2313 58 4 4 2
2026/04/19-17:59:30.957349 1491 [DEBUG] New writable file: /db_working_home/000328.sst direct: 1
2026/04/19-17:59:30.960673 1491 Entering Apply Finish Threshold Function
2026/04/19-17:59:30.960683 1491 Finishing zone: Entering Finish()
2026/04/19-17:59:31.068713 1488 [DEBUG] New writable file: /db_working_home/000329.log direct: 0
2026/04/19-17:59:31.069759 1492 [DEBUG] New writable file: /db_working_home/000330.sst direct: 1
2026/04/19-17:59:31.072973 1492 Entering Apply Finish Threshold Function
2026/04/19-17:59:31.072999 1492 [DEBUG] Allocating zone(new=1) start: 0x70000000 wp: 0x70000000 lt: 3 file lt: 3
2026/04/19-17:59:31.073007 1492 [Zonestats:time(s),used_cap(MB),reclaimable_cap(MB), avg_reclaimable(%), active(#), active_zones(#), open_zones(#)] 163 1656 2311 58 4 5 3
2026/04/19-17:59:31.073013 1492 [DEBUG] Syncing metadata for: /db_working_home/000330.sst
2026/04/19-17:59:31.219483 1492 [DEBUG] Syncing metadata for: /db_working_home/000330.sst
2026/04/19-17:59:31.220498 1492 [DEBUG] Syncing metadata for: /db_working_home/000330.sst
2026/04/19-17:59:31.221260 1492 [DEBUG] New random access file: /db_working_home/000330.sst direct: 1
2026/04/19-17:59:31.221718 1492 [DEBUG] GetFileSize: /db_working_home/000330.sst 
2026/04/19-17:59:31.224662 1492 [DEBUG] Syncing metadata for: /db_working_home/MANIFEST-000199
2026/04/19-17:59:31.225381 1492 [DEBUG] GetFileSize: /db_working_home/000330.sst 
2026/04/19-17:59:31.230554 1492 [DEBUG] Syncing metadata for: /db_working_home/000325.log
2026/04/19-17:59:31.231654 1492 [DEBUG] DeleteFile: ./db_working_home/000325.log 
2026/04/19-17:59:31.232736 1492 [Zonestats:time(s),used_cap(MB),reclaimable_cap(MB), avg_reclaimable(%), active(#), active_zones(#), open_zones(#)] 163 1656 2311 58 4 4 1
2026/04/19-17:59:31.239465 1488 [DEBUG] Allocating zone(new=0) start: 0x70000000 wp: 0x70f57a00 lt: 3 file lt: 2
2026/04/19-17:59:31.239476 1488 [DEBUG] Syncing metadata for: /db_working_home/000329.log
2026/04/19-17:59:31.512447 1490 Zone Garbage Stats: [94 3 0 1 1 14 3 1 0 2 3 0 ]
2026/04/19-17:59:31.512465 1490 Total Garbage Bytes: 281446511 bytes
2026/04/19-17:59:32.086716 1491 [DEBUG] Allocating zone(new=1) start: 0x80000000 wp: 0x80000000 lt: 5 file lt: 5
2026/04/19-17:59:32.086765 1491 [Zonestats:time(s),used_cap(MB),reclaimable_cap(MB), avg_reclaimable(%), active(#), active_zones(#), open_zones(#)] 164 1671 2296 57 3 4 3
2026/04/19-17:59:32.086775 1491 [DEBUG] Syncing metadata for: /db_working_home/000328.sst
2026/04/19-17:59:32.112635 1488 [DEBUG] New writable file: /db_working_home/000331.log direct: 0
2026/04/19-17:59:32.120711 1492 [DEBUG] New writable file: /db_working_home/000332.sst direct: 1
2026/04/19-17:59:32.123589 1492 Entering Apply Finish Threshold Function
2026/04/19-17:59:32.123616 1492 [DEBUG] Allocating zone(new=1) start: 0x100000000 wp: 0x100000000 lt: 3 file lt: 3
2026/04/19-17:59:32.123624 1492 [Zonestats:time(s),used_cap(MB),reclaimable_cap(MB), avg_reclaimable(%), active(#), active_zones(#), open_zones(#)] 164 1671 2296 57 4 5 4
2026/04/19-17:59:32.123631 1492 [DEBUG] Syncing metadata for: /db_working_home/000332.sst
2026/04/19-17:59:32.335394 1492 [DEBUG] Syncing metadata for: /db_working_home/000332.sst
2026/04/19-17:59:32.343238 1492 [DEBUG] Syncing metadata for: /db_working_home/000332.sst
2026/04/19-17:59:32.343934 1492 [DEBUG] New random access file: /db_working_home/000332.sst direct: 1
2026/04/19-17:59:32.344112 1492 [DEBUG] GetFileSize: /db_working_home/000332.sst 
2026/04/19-17:59:32.352999 1492 [DEBUG] Syncing metadata for: /db_working_home/MANIFEST-000199
2026/04/19-17:59:32.353781 1492 [DEBUG] GetFileSize: /db_working_home/000332.sst 
2026/04/19-17:59:32.360993 1492 [DEBUG] Syncing metadata for: /db_working_home/000329.log
2026/04/19-17:59:32.368937 1492 [DEBUG] DeleteFile: ./db_working_home/000329.log 
2026/04/19-17:59:32.369518 1492 [Zonestats:time(s),used_cap(MB),reclaimable_cap(MB), avg_reclaimable(%), active(#), active_zones(#), open_zones(#)] 164 1672 2423 59 5 5 2
2026/04/19-17:59:32.445211 1488 [DEBUG] Allocating zone(new=0) start: 0x100000000 wp: 0x100f59e00 lt: 3 file lt: 2
2026/04/19-17:59:32.445225 1488 [DEBUG] Syncing metadata for: /db_working_home/000331.log
2026/04/19-17:59:32.512655 1490 Zone Garbage Stats: [92 3 1 1 1 14 3 2 0 2 3 0 ]
2026/04/19-17:59:32.512670 1490 Total Garbage Bytes: 297800115 bytes
2026/04/19-17:59:33.004761 1491 [DEBUG] Syncing metadata for: /db_working_home/000328.sst
2026/04/19-17:59:33.005357 1491 [DEBUG] Syncing metadata for: /db_working_home/000328.sst
2026/04/19-17:59:33.006086 1491 [DEBUG] GetFileSize: /db_working_home/000328.sst 
2026/04/19-17:59:33.006123 1491 [DEBUG] New writable file: /db_working_home/000333.sst direct: 1
2026/04/19-17:59:33.009155 1491 Entering Apply Finish Threshold Function
2026/04/19-17:59:33.009165 1491 Finishing zone: Entering Finish()
2026/04/19-17:59:33.512876 1490 Zone Garbage Stats: [92 3 1 1 1 14 3 2 0 2 3 0 ]
2026/04/19-17:59:33.512957 1490 Total Garbage Bytes: 297800115 bytes
2026/04/19-17:59:33.658508 1491 [DEBUG] Allocating zone(new=1) start: 0x108000000 wp: 0x108000000 lt: 5 file lt: 5
2026/04/19-17:59:33.658526 1491 [Zonestats:time(s),used_cap(MB),reclaimable_cap(MB), avg_reclaimable(%), active(#), active_zones(#), open_zones(#)] 165 1759 2464 58 4 5 3
2026/04/19-17:59:33.658535 1491 [DEBUG] Syncing metadata for: /db_working_home/000333.sst
2026/04/19-17:59:33.869707 1488 [DEBUG] New writable file: /db_working_home/000334.log direct: 0
2026/04/19-17:59:33.870658 1492 [DEBUG] New writable file: /db_working_home/000335.sst direct: 1
2026/04/19-17:59:33.880676 1492 Entering Apply Finish Threshold Function
2026/04/19-17:59:33.880706 1492 [DEBUG] Allocating zone(new=1) start: 0x118000000 wp: 0x118000000 lt: 3 file lt: 3
2026/04/19-17:59:33.880714 1492 [Zonestats:time(s),used_cap(MB),reclaimable_cap(MB), avg_reclaimable(%), active(#), active_zones(#), open_zones(#)] 165 1760 2463 58 5 6 4
2026/04/19-17:59:33.880721 1492 [DEBUG] Syncing metadata for: /db_working_home/000335.sst
2026/04/19-17:59:34.095381 1492 [DEBUG] Syncing metadata for: /db_working_home/000335.sst
2026/04/19-17:59:34.103224 1492 [DEBUG] Syncing metadata for: /db_working_home/000335.sst
2026/04/19-17:59:34.103899 1492 [DEBUG] New random access file: /db_working_home/000335.sst direct: 1
2026/04/19-17:59:34.104205 1492 [DEBUG] GetFileSize: /db_working_home/000335.sst 
2026/04/19-17:59:34.113119 1492 [DEBUG] Syncing metadata for: /db_working_home/MANIFEST-000199
2026/04/19-17:59:34.113956 1492 [DEBUG] GetFileSize: /db_working_home/000335.sst 
2026/04/19-17:59:34.120687 1492 [DEBUG] Syncing metadata for: /db_working_home/000331.log
2026/04/19-17:59:34.128640 1492 [DEBUG] DeleteFile: ./db_working_home/000331.log 
2026/04/19-17:59:34.129225 1492 [Zonestats:time(s),used_cap(MB),reclaimable_cap(MB), avg_reclaimable(%), active(#), active_zones(#), open_zones(#)] 166 1760 2591 59 6 6 2
2026/04/19-17:59:34.180419 1488 [DEBUG] Allocating zone(new=0) start: 0x118000000 wp: 0x118f58c00 lt: 3 file lt: 2
2026/04/19-17:59:34.180432 1488 [DEBUG] Syncing metadata for: /db_working_home/000334.log
2026/04/19-17:59:34.270948 1491 [DEBUG] Syncing metadata for: /db_working_home/000333.sst
2026/04/19-17:59:34.271529 1491 [DEBUG] Syncing metadata for: /db_working_home/000333.sst
2026/04/19-17:59:34.272316 1491 [DEBUG] GetFileSize: /db_working_home/000333.sst 
2026/04/19-17:59:34.272348 1491 [DEBUG] New writable file: /db_working_home/000336.sst direct: 1
2026/04/19-17:59:34.275572 1491 Entering Apply Finish Threshold Function
2026/04/19-17:59:34.275585 1491 Finishing zone: Entering Finish()
2026/04/19-17:59:34.513150 1490 Zone Garbage Stats: [90 3 2 1 1 15 3 2 0 2 3 0 ]
2026/04/19-17:59:34.513168 1490 Total Garbage Bytes: 314154103 bytes
2026/04/19-17:59:35.228173 1491 [DEBUG] Allocating zone(new=1) start: 0x120000000 wp: 0x120000000 lt: 5 file lt: 5
2026/04/19-17:59:35.228191 1491 [Zonestats:time(s),used_cap(MB),reclaimable_cap(MB), avg_reclaimable(%), active(#), active_zones(#), open_zones(#)] 167 1821 2658 59 5 6 3
2026/04/19-17:59:35.228200 1491 [DEBUG] Syncing metadata for: /db_working_home/000336.sst
2026/04/19-17:59:35.438236 1488 [DEBUG] New writable file: /db_working_home/000337.log direct: 0
2026/04/19-17:59:35.439141 1492 [DEBUG] New writable file: /db_working_home/000338.sst direct: 1
2026/04/19-17:59:35.442229 1492 Entering Apply Finish Threshold Function
2026/04/19-17:59:35.442257 1492 [DEBUG] Allocating zone(new=1) start: 0x130000000 wp: 0x130000000 lt: 3 file lt: 3
2026/04/19-17:59:35.442264 1492 [Zonestats:time(s),used_cap(MB),reclaimable_cap(MB), avg_reclaimable(%), active(#), active_zones(#), open_zones(#)] 167 1822 2657 59 6 7 4
2026/04/19-17:59:35.442271 1492 [DEBUG] Syncing metadata for: /db_working_home/000338.sst
2026/04/19-17:59:35.513360 1490 Zone Garbage Stats: [88 3 2 1 1 15 3 3 0 2 3 0 ]
2026/04/19-17:59:35.513376 1490 Total Garbage Bytes: 314154361 bytes
2026/04/19-17:59:35.621831 1491 [DEBUG] Syncing metadata for: /db_working_home/000336.sst
2026/04/19-17:59:35.629517 1491 [DEBUG] Syncing metadata for: /db_working_home/000336.sst
2026/04/19-17:59:35.630277 1491 [DEBUG] GetFileSize: /db_working_home/000336.sst 
2026/04/19-17:59:35.631465 1491 [DEBUG] New random access file: /db_working_home/000328.sst direct: 1
2026/04/19-17:59:35.638592 1491 [DEBUG] GetFileSize: /db_working_home/000328.sst 
2026/04/19-17:59:35.638822 1491 [DEBUG] New random access file: /db_working_home/000333.sst direct: 1
2026/04/19-17:59:35.639076 1491 [DEBUG] GetFileSize: /db_working_home/000333.sst 
2026/04/19-17:59:35.639251 1491 [DEBUG] New random access file: /db_working_home/000336.sst direct: 1
2026/04/19-17:59:35.639450 1491 [DEBUG] GetFileSize: /db_working_home/000336.sst 
2026/04/19-17:59:35.642257 1492 [DEBUG] Syncing metadata for: /db_working_home/000338.sst
2026/04/19-17:59:35.642830 1492 [DEBUG] Syncing metadata for: /db_working_home/000338.sst
2026/04/19-17:59:35.642901 1491 [DEBUG] Syncing metadata for: /db_working_home/MANIFEST-000199
2026/04/19-17:59:35.644146 1492 [DEBUG] New random access file: /db_working_home/000338.sst direct: 1
2026/04/19-17:59:35.644335 1492 [DEBUG] GetFileSize: /db_working_home/000338.sst 
2026/04/19-17:59:35.647851 1492 [DEBUG] Syncing metadata for: /db_working_home/MANIFEST-000199
2026/04/19-17:59:35.650045 1491 [DEBUG] New writable file: /db_working_home/000339.sst direct: 1
2026/04/19-17:59:35.650588 1492 [DEBUG] GetFileSize: /db_working_home/000338.sst 
2026/04/19-17:59:35.653872 1491 Entering Apply Finish Threshold Function
2026/04/19-17:59:35.653900 1491 [DEBUG] Allocating zone(new=1) start: 0x138000000 wp: 0x138000000 lt: 5 file lt: 5
2026/04/19-17:59:35.653908 1491 [Zonestats:time(s),used_cap(MB),reclaimable_cap(MB), avg_reclaimable(%), active(#), active_zones(#), open_zones(#)] 167 1866 2869 60 7 8 3
2026/04/19-17:59:35.653914 1491 [DEBUG] Syncing metadata for: /db_working_home/000339.sst
2026/04/19-17:59:35.656388 1492 [DEBUG] Syncing metadata for: /db_working_home/000334.log
2026/04/19-17:59:35.667445 1492 [DEBUG] DeleteFile: ./db_working_home/000314.sst 
2026/04/19-17:59:35.668315 1492 [Zonestats:time(s),used_cap(MB),reclaimable_cap(MB), avg_reclaimable(%), active(#), active_zones(#), open_zones(#)] 167 1797 2810 60 8 8 2
2026/04/19-17:59:35.668360 1492 [DEBUG] DeleteFile: ./db_working_home/000324.sst 
2026/04/19-17:59:35.668920 1492 [Zonestats:time(s),used_cap(MB),reclaimable_cap(MB), avg_reclaimable(%), active(#), active_zones(#), open_zones(#)] 167 1717 2890 62 8 8 2
2026/04/19-17:59:35.668953 1492 [DEBUG] DeleteFile: ./db_working_home/000334.log 
2026/04/19-17:59:35.669551 1492 [Zonestats:time(s),used_cap(MB),reclaimable_cap(MB), avg_reclaimable(%), active(#), active_zones(#), open_zones(#)] 167 1701 2906 63 8 8 2
2026/04/19-17:59:35.788066 1488 [DEBUG] Allocating zone(new=0) start: 0x130000000 wp: 0x130f57600 lt: 3 file lt: 2
2026/04/19-17:59:35.788080 1488 [DEBUG] Syncing metadata for: /db_working_home/000337.log
2026/04/19-17:59:36.513565 1490 Zone Garbage Stats: [88 4 3 1 0 14 3 3 0 2 4 0 ]
2026/04/19-17:59:36.513582 1490 Total Garbage Bytes: 414547102 bytes
2026/04/19-17:59:37.102676 1491 Entering Apply Finish Threshold Function
2026/04/19-17:59:37.102707 1491 [DEBUG] Allocating zone(new=1) start: 0xb0000000 wp: 0xb0000000 lt: 5 file lt: 5
2026/04/19-17:59:37.102715 1491 [Zonestats:time(s),used_cap(MB),reclaimable_cap(MB), avg_reclaimable(%), active(#), active_zones(#), open_zones(#)] 169 1836 2899 61 7 8 3
2026/04/19-17:59:37.102723 1491 [DEBUG] Syncing metadata for: /db_working_home/000339.sst
2026/04/19-17:59:37.115141 1491 [DEBUG] Syncing metadata for: /db_working_home/000339.sst
2026/04/19-17:59:37.115708 1491 [DEBUG] Syncing metadata for: /db_working_home/000339.sst
2026/04/19-17:59:37.116525 1491 [DEBUG] GetFileSize: /db_working_home/000339.sst 
2026/04/19-17:59:37.116560 1491 [DEBUG] New writable file: /db_working_home/000340.sst direct: 1
2026/04/19-17:59:37.119784 1491 Entering Apply Finish Threshold Function
2026/04/19-17:59:37.119810 1491 [DEBUG] Allocating zone(new=1) start: 0x140000000 wp: 0x140000000 lt: 5 file lt: 5
2026/04/19-17:59:37.119818 1491 [Zonestats:time(s),used_cap(MB),reclaimable_cap(MB), avg_reclaimable(%), active(#), active_zones(#), open_zones(#)] 169 1837 3026 62 8 9 3
2026/04/19-17:59:37.119824 1491 [DEBUG] Syncing metadata for: /db_working_home/000340.sst
2026/04/19-17:59:37.513809 1490 Zone Garbage Stats: [86 6 3 1 0 14 3 3 0 2 4 0 ]
2026/04/19-17:59:37.513827 1490 Total Garbage Bytes: 414547252 bytes
2026/04/19-17:59:37.800352 1491 [DEBUG] Syncing metadata for: /db_working_home/000340.sst
2026/04/19-17:59:37.800927 1491 [DEBUG] Syncing metadata for: /db_working_home/000340.sst
2026/04/19-17:59:37.801653 1491 [DEBUG] GetFileSize: /db_working_home/000340.sst 
2026/04/19-17:59:37.801687 1491 [DEBUG] New writable file: /db_working_home/000341.sst direct: 1
2026/04/19-17:59:37.805241 1491 Entering Apply Finish Threshold Function
2026/04/19-17:59:37.805253 1491 Finishing zone: Entering Finish()
2026/04/19-17:59:38.138007 1488 [DEBUG] New writable file: /db_working_home/000342.log direct: 0
2026/04/19-17:59:38.139038 1492 [DEBUG] New writable file: /db_working_home/000343.sst direct: 1
2026/04/19-17:59:38.142417 1492 Entering Apply Finish Threshold Function
2026/04/19-17:59:38.142444 1492 [DEBUG] Allocating zone(new=0) start: 0x120000000 wp: 0x121cdfe00 lt: 5 file lt: 3
2026/04/19-17:59:38.142452 1492 [Zonestats:time(s),used_cap(MB),reclaimable_cap(MB), avg_reclaimable(%), active(#), active_zones(#), open_zones(#)] 170 1904 3087 61 9 9 3
2026/04/19-17:59:38.142458 1492 [DEBUG] Syncing metadata for: /db_working_home/000343.sst
2026/04/19-17:59:38.285618 1492 [DEBUG] Syncing metadata for: /db_working_home/000343.sst
2026/04/19-17:59:38.286596 1492 [DEBUG] Syncing metadata for: /db_working_home/000343.sst
2026/04/19-17:59:38.287792 1492 [DEBUG] New random access file: /db_working_home/000343.sst direct: 1
2026/04/19-17:59:38.288447 1492 [DEBUG] GetFileSize: /db_working_home/000343.sst 
2026/04/19-17:59:38.291388 1492 [DEBUG] Syncing metadata for: /db_working_home/MANIFEST-000199
2026/04/19-17:59:38.292242 1492 [DEBUG] GetFileSize: /db_working_home/000343.sst 
2026/04/19-17:59:38.297358 1492 [DEBUG] Syncing metadata for: /db_working_home/000337.log
2026/04/19-17:59:38.298485 1492 [DEBUG] DeleteFile: ./db_working_home/000337.log 
2026/04/19-17:59:38.299465 1492 [Zonestats:time(s),used_cap(MB),reclaimable_cap(MB), avg_reclaimable(%), active(#), active_zones(#), open_zones(#)] 170 1905 3086 61 9 9 1
2026/04/19-17:59:38.325241 1488 [DEBUG] Allocating zone(new=0) start: 0x130000000 wp: 0x131eefc00 lt: 3 file lt: 2
2026/04/19-17:59:38.325253 1488 [DEBUG] Syncing metadata for: /db_working_home/000342.log
2026/04/19-17:59:38.514019 1490 Zone Garbage Stats: [86 6 3 1 0 14 3 3 0 2 4 0 ]
2026/04/19-17:59:38.514113 1490 Total Garbage Bytes: 414547290 bytes
2026/04/19-17:59:38.708881 1491 [DEBUG] Allocating zone(new=1) start: 0x148000000 wp: 0x148000000 lt: 5 file lt: 5
2026/04/19-17:59:38.708898 1491 [Zonestats:time(s),used_cap(MB),reclaimable_cap(MB), avg_reclaimable(%), active(#), active_zones(#), open_zones(#)] 170 1910 3081 61 8 9 3
2026/04/19-17:59:38.708909 1491 [DEBUG] Syncing metadata for: /db_working_home/000341.sst
2026/04/19-17:59:39.241569 1491 [DEBUG] Syncing metadata for: /db_working_home/000341.sst
2026/04/19-17:59:39.242147 1491 [DEBUG] Syncing metadata for: /db_working_home/000341.sst
2026/04/19-17:59:39.243059 1491 [DEBUG] GetFileSize: /db_working_home/000341.sst 
2026/04/19-17:59:39.244499 1491 [DEBUG] New random access file: /db_working_home/000339.sst direct: 1
2026/04/19-17:59:39.244872 1491 [DEBUG] GetFileSize: /db_working_home/000339.sst 
2026/04/19-17:59:39.245087 1491 [DEBUG] New random access file: /db_working_home/000340.sst direct: 1
2026/04/19-17:59:39.245334 1491 [DEBUG] GetFileSize: /db_working_home/000340.sst 
2026/04/19-17:59:39.245474 1491 [DEBUG] New random access file: /db_working_home/000341.sst direct: 1
2026/04/19-17:59:39.245711 1491 [DEBUG] GetFileSize: /db_working_home/000341.sst 
2026/04/19-17:59:39.246747 1491 [DEBUG] Syncing metadata for: /db_working_home/MANIFEST-000199
2026/04/19-17:59:39.269141 1491 [DEBUG] New writable file: /db_working_home/000344.sst direct: 1
2026/04/19-17:59:39.272874 1491 Entering Apply Finish Threshold Function
2026/04/19-17:59:39.272886 1491 Finishing zone: Entering Finish()
2026/04/19-17:59:39.514335 1490 Zone Garbage Stats: [85 6 3 1 0 14 4 3 0 2 4 0 ]
2026/04/19-17:59:39.514353 1490 Total Garbage Bytes: 414547107 bytes
2026/04/19-17:59:39.877002 1488 [DEBUG] New writable file: /db_working_home/000345.log direct: 0
2026/04/19-17:59:39.878066 1492 [DEBUG] New writable file: /db_working_home/000346.sst direct: 1
2026/04/19-17:59:39.881360 1492 Entering Apply Finish Threshold Function
2026/04/19-17:59:39.881372 1492 Finishing zone: Entering Finish()
2026/04/19-17:59:40.005945 1488 [DEBUG] Allocating zone(new=0) start: 0x118000000 wp: 0x119ef1800 lt: 3 file lt: 2
2026/04/19-17:59:40.005958 1488 [DEBUG] Syncing metadata for: /db_working_home/000345.log
2026/04/19-17:59:40.478184 1491 [DEBUG] Allocating zone(new=0) start: 0xb0000000 wp: 0xb0037a00 lt: 5 file lt: 3
2026/04/19-17:59:40.478202 1491 [Zonestats:time(s),used_cap(MB),reclaimable_cap(MB), avg_reclaimable(%), active(#), active_zones(#), open_zones(#)] 172 1971 3148 61 8 8 4
2026/04/19-17:59:40.478210 1491 [DEBUG] Syncing metadata for: /db_working_home/000344.sst
2026/04/19-17:59:40.514606 1490 Zone Garbage Stats: [85 4 2 1 0 14 4 4 0 2 4 0 ]
2026/04/19-17:59:40.514623 1490 Total Garbage Bytes: 398192721 bytes
2026/04/19-17:59:41.516272 1490 Zone Garbage Stats: [85 4 2 1 0 14 4 4 0 2 4 0 ]
2026/04/19-17:59:41.516297 1490 Total Garbage Bytes: 398192721 bytes
2026/04/19-17:59:41.591101 1491 [DEBUG] Syncing metadata for: /db_working_home/000344.sst
2026/04/19-17:59:41.591988 1491 [DEBUG] Syncing metadata for: /db_working_home/000344.sst
2026/04/19-17:59:41.593304 1491 [DEBUG] GetFileSize: /db_working_home/000344.sst 
2026/04/19-17:59:41.593369 1491 [DEBUG] New writable file: /db_working_home/000347.sst direct: 1
2026/04/19-17:59:41.597013 1491 Entering Apply Finish Threshold Function
2026/04/19-17:59:41.597025 1491 Finishing zone: Entering Finish()
2026/04/19-17:59:41.894504 1492 [DEBUG] Allocating zone(new=1) start: 0x150000000 wp: 0x150000000 lt: 3 file lt: 3
2026/04/19-17:59:41.894522 1492 [Zonestats:time(s),used_cap(MB),reclaimable_cap(MB), avg_reclaimable(%), active(#), active_zones(#), open_zones(#)] 173 2065 3054 59 7 8 4
2026/04/19-17:59:41.894532 1492 [DEBUG] Syncing metadata for: /db_working_home/000346.sst
2026/04/19-17:59:42.042104 1492 [DEBUG] Syncing metadata for: /db_working_home/000346.sst
2026/04/19-17:59:42.043145 1492 [DEBUG] Syncing metadata for: /db_working_home/000346.sst
2026/04/19-17:59:42.044373 1492 [DEBUG] New random access file: /db_working_home/000346.sst direct: 1
2026/04/19-17:59:42.045022 1492 [DEBUG] GetFileSize: /db_working_home/000346.sst 
2026/04/19-17:59:42.051438 1492 [DEBUG] Syncing metadata for: /db_working_home/MANIFEST-000199
2026/04/19-17:59:42.055614 1492 [DEBUG] GetFileSize: /db_working_home/000346.sst 
2026/04/19-17:59:42.060630 1492 [DEBUG] Syncing metadata for: /db_working_home/000342.log
2026/04/19-17:59:42.061792 1492 [DEBUG] DeleteFile: ./db_working_home/000305.sst 
2026/04/19-17:59:42.062965 1492 [Zonestats:time(s),used_cap(MB),reclaimable_cap(MB), avg_reclaimable(%), active(#), active_zones(#), open_zones(#)] 174 1953 3038 60 8 8 2
2026/04/19-17:59:42.063010 1492 [DEBUG] DeleteFile: ./db_working_home/000328.sst 
2026/04/19-17:59:42.063854 1492 [Zonestats:time(s),used_cap(MB),reclaimable_cap(MB), avg_reclaimable(%), active(#), active_zones(#), open_zones(#)] 174 1880 2983 61 8 8 2
2026/04/19-17:59:42.063889 1492 [DEBUG] DeleteFile: ./db_working_home/000342.log 
2026/04/19-17:59:42.064662 1492 [Zonestats:time(s),used_cap(MB),reclaimable_cap(MB), avg_reclaimable(%), active(#), active_zones(#), open_zones(#)] 174 1864 2999 61 8 8 2
2026/04/19-17:59:42.297505 1491 Finishing zone: Entering Finish()
2026/04/19-17:59:42.476674 1488 [DEBUG] New writable file: /db_working_home/000348.log direct: 0
2026/04/19-17:59:42.478075 1492 [DEBUG] New writable file: /db_working_home/000349.sst direct: 1
2026/04/19-17:59:42.481451 1492 Entering Apply Finish Threshold Function
2026/04/19-17:59:42.481479 1492 [DEBUG] Allocating zone(new=1) start: 0x50000000 wp: 0x50000000 lt: 3 file lt: 3
2026/04/19-17:59:42.481487 1492 [Zonestats:time(s),used_cap(MB),reclaimable_cap(MB), avg_reclaimable(%), active(#), active_zones(#), open_zones(#)] 174 1868 2995 61 7 8 3
2026/04/19-17:59:42.481494 1492 [DEBUG] Syncing metadata for: /db_working_home/000349.sst
2026/04/19-17:59:42.516515 1490 Zone Garbage Stats: [86 4 2 1 1 13 4 5 0 2 3 0 ]
2026/04/19-17:59:42.516530 1490 Total Garbage Bytes: 314154767 bytes
2026/04/19-17:59:42.630236 1492 [DEBUG] Syncing metadata for: /db_working_home/000349.sst
2026/04/19-17:59:42.631312 1492 [DEBUG] Syncing metadata for: /db_working_home/000349.sst
2026/04/19-17:59:42.632497 1492 [DEBUG] New random access file: /db_working_home/000349.sst direct: 1
2026/04/19-17:59:42.633024 1492 [DEBUG] GetFileSize: /db_working_home/000349.sst 
2026/04/19-17:59:42.635273 1492 [DEBUG] Syncing metadata for: /db_working_home/MANIFEST-000199
2026/04/19-17:59:42.636103 1492 [DEBUG] GetFileSize: /db_working_home/000349.sst 
2026/04/19-17:59:42.641904 1492 [DEBUG] Syncing metadata for: /db_working_home/000345.log
2026/04/19-17:59:42.643008 1492 [DEBUG] DeleteFile: ./db_working_home/000345.log 
2026/04/19-17:59:42.643987 1492 [Zonestats:time(s),used_cap(MB),reclaimable_cap(MB), avg_reclaimable(%), active(#), active_zones(#), open_zones(#)] 174 1869 3122 62 8 8 1
2026/04/19-17:59:42.680914 1488 [DEBUG] Allocating zone(new=0) start: 0x150000000 wp: 0x150f56000 lt: 3 file lt: 2
2026/04/19-17:59:42.680924 1488 [DEBUG] Syncing metadata for: /db_working_home/000348.log
2026/04/19-17:59:43.350216 1491 [DEBUG] Allocating zone(new=1) start: 0x58000000 wp: 0x58000000 lt: 3 file lt: 3
2026/04/19-17:59:43.350290 1491 [Zonestats:time(s),used_cap(MB),reclaimable_cap(MB), avg_reclaimable(%), active(#), active_zones(#), open_zones(#)] 175 1876 3115 62 7 8 3
2026/04/19-17:59:43.350306 1491 [DEBUG] Syncing metadata for: /db_working_home/000347.sst
2026/04/19-17:59:43.516753 1490 Zone Garbage Stats: [85 4 2 2 1 13 4 5 0 3 3 0 ]
2026/04/19-17:59:43.516851 1490 Total Garbage Bytes: 379569417 bytes
2026/04/19-17:59:43.887366 1491 [DEBUG] Syncing metadata for: /db_working_home/000347.sst
2026/04/19-17:59:43.887948 1491 [DEBUG] Syncing metadata for: /db_working_home/000347.sst
2026/04/19-17:59:43.888706 1491 [DEBUG] GetFileSize: /db_working_home/000347.sst 
2026/04/19-17:59:43.888757 1491 [DEBUG] New writable file: /db_working_home/000350.sst direct: 1
2026/04/19-17:59:43.892120 1491 Entering Apply Finish Threshold Function
2026/04/19-17:59:43.892131 1491 Finishing zone: Entering Finish()
2026/04/19-17:59:44.374632 1488 [DEBUG] New writable file: /db_working_home/000351.log direct: 0
2026/04/19-17:59:44.375809 1492 [DEBUG] New writable file: /db_working_home/000352.sst direct: 1
2026/04/19-17:59:44.379207 1492 Entering Apply Finish Threshold Function
2026/04/19-17:59:44.379219 1492 Finishing zone: Entering Finish()
2026/04/19-17:59:44.516940 1488 [DEBUG] Allocating zone(new=0) start: 0x100000000 wp: 0x101ef2800 lt: 3 file lt: 2
2026/04/19-17:59:44.516954 1488 [DEBUG] Syncing metadata for: /db_working_home/000351.log
2026/04/19-17:59:44.517047 1490 Zone Garbage Stats: [85 4 1 1 1 13 4 5 0 3 3 0 ]
2026/04/19-17:59:44.517062 1490 Total Garbage Bytes: 330507154 bytes
2026/04/19-17:59:45.073554 1491 [DEBUG] Allocating zone(new=1) start: 0x80000000 wp: 0x80000000 lt: 3 file lt: 3
2026/04/19-17:59:45.073572 1491 [Zonestats:time(s),used_cap(MB),reclaimable_cap(MB), avg_reclaimable(%), active(#), active_zones(#), open_zones(#)] 177 1936 3183 62 7 8 4
2026/04/19-17:59:45.073581 1491 [DEBUG] Syncing metadata for: /db_working_home/000350.sst
2026/04/19-17:59:45.313293 1491 [DEBUG] Syncing metadata for: /db_working_home/000350.sst
2026/04/19-17:59:45.314240 1491 [DEBUG] Syncing metadata for: /db_working_home/000350.sst
2026/04/19-17:59:45.315503 1491 [DEBUG] GetFileSize: /db_working_home/000350.sst 
2026/04/19-17:59:45.317311 1491 [DEBUG] New random access file: /db_working_home/000344.sst direct: 1
2026/04/19-17:59:45.317992 1491 [DEBUG] GetFileSize: /db_working_home/000344.sst 
2026/04/19-17:59:45.318196 1491 [DEBUG] New random access file: /db_working_home/000347.sst direct: 1
2026/04/19-17:59:45.318742 1491 [DEBUG] GetFileSize: /db_working_home/000347.sst 
2026/04/19-17:59:45.318877 1491 [DEBUG] New random access file: /db_working_home/000350.sst direct: 1
2026/04/19-17:59:45.319446 1491 [DEBUG] GetFileSize: /db_working_home/000350.sst 
2026/04/19-17:59:45.320483 1491 [DEBUG] Syncing metadata for: /db_working_home/MANIFEST-000199
2026/04/19-17:59:45.322240 1491 [DEBUG] Syncing metadata for: /db_working_home/MANIFEST-000199
2026/04/19-17:59:45.329503 1491 [DEBUG] New writable file: /db_working_home/000353.sst direct: 1
2026/04/19-17:59:45.333034 1491 Entering Apply Finish Threshold Function
2026/04/19-17:59:45.333062 1491 [DEBUG] Allocating zone(new=1) start: 0x158000000 wp: 0x158000000 lt: 4 file lt: 4
2026/04/19-17:59:45.333069 1491 [Zonestats:time(s),used_cap(MB),reclaimable_cap(MB), avg_reclaimable(%), active(#), active_zones(#), open_zones(#)] 177 1958 3289 62 8 9 4
2026/04/19-17:59:45.333075 1491 [DEBUG] Syncing metadata for: /db_working_home/000353.sst
2026/04/19-17:59:45.517254 1490 Zone Garbage Stats: [83 5 1 1 1 13 4 6 0 3 3 0 ]
2026/04/19-17:59:45.517271 1490 Total Garbage Bytes: 330507241 bytes
2026/04/19-17:59:46.166448 1491 [DEBUG] Syncing metadata for: /db_working_home/000353.sst
2026/04/19-17:59:46.167024 1491 [DEBUG] Syncing metadata for: /db_working_home/000353.sst
2026/04/19-17:59:46.168117 1491 [DEBUG] GetFileSize: /db_working_home/000353.sst 
2026/04/19-17:59:46.168150 1491 [DEBUG] New writable file: /db_working_home/000354.sst direct: 1
2026/04/19-17:59:46.174464 1491 Entering Apply Finish Threshold Function
2026/04/19-17:59:46.174479 1491 Finishing zone: Entering Finish()
2026/04/19-17:59:46.475284 1492 [DEBUG] Allocating zone(new=1) start: 0x160000000 wp: 0x160000000 lt: 3 file lt: 3
2026/04/19-17:59:46.475301 1492 [Zonestats:time(s),used_cap(MB),reclaimable_cap(MB), avg_reclaimable(%), active(#), active_zones(#), open_zones(#)] 178 2038 3337 62 8 9 4
2026/04/19-17:59:46.475310 1492 [DEBUG] Syncing metadata for: /db_working_home/000352.sst
2026/04/19-17:59:46.517394 1490 Zone Garbage Stats: [82 5 1 1 1 13 4 6 0 4 3 0 ]
2026/04/19-17:59:46.517410 1490 Total Garbage Bytes: 363215608 bytes
2026/04/19-17:59:46.628269 1492 [DEBUG] Syncing metadata for: /db_working_home/000352.sst
2026/04/19-17:59:46.629286 1492 [DEBUG] Syncing metadata for: /db_working_home/000352.sst
2026/04/19-17:59:46.630495 1492 [DEBUG] New random access file: /db_working_home/000352.sst direct: 1
2026/04/19-17:59:46.631163 1492 [DEBUG] GetFileSize: /db_working_home/000352.sst 
2026/04/19-17:59:46.633616 1492 [DEBUG] Syncing metadata for: /db_working_home/MANIFEST-000199
2026/04/19-17:59:46.634830 1492 [DEBUG] GetFileSize: /db_working_home/000352.sst 
2026/04/19-17:59:46.639941 1492 [DEBUG] Syncing metadata for: /db_working_home/000348.log
2026/04/19-17:59:46.641153 1492 [DEBUG] DeleteFile: ./db_working_home/000321.sst 
2026/04/19-17:59:46.642073 1492 [Zonestats:time(s),used_cap(MB),reclaimable_cap(MB), avg_reclaimable(%), active(#), active_zones(#), open_zones(#)] 178 2013 3490 63 9 9 2
2026/04/19-17:59:46.642115 1492 [DEBUG] DeleteFile: ./db_working_home/000323.sst 
2026/04/19-17:59:46.642969 1492 [Zonestats:time(s),used_cap(MB),reclaimable_cap(MB), avg_reclaimable(%), active(#), active_zones(#), open_zones(#)] 178 1998 3505 63 9 9 2
2026/04/19-17:59:46.643004 1492 [DEBUG] DeleteFile: ./db_working_home/000326.sst 
2026/04/19-17:59:46.644049 1492 [Zonestats:time(s),used_cap(MB),reclaimable_cap(MB), avg_reclaimable(%), active(#), active_zones(#), open_zones(#)] 178 1982 3521 63 9 9 2
2026/04/19-17:59:46.644081 1492 [DEBUG] DeleteFile: ./db_working_home/000327.sst 
2026/04/19-17:59:46.645151 1492 [Zonestats:time(s),used_cap(MB),reclaimable_cap(MB), avg_reclaimable(%), active(#), active_zones(#), open_zones(#)] 178 1969 3534 64 9 9 2
2026/04/19-17:59:46.645184 1492 [DEBUG] DeleteFile: ./db_working_home/000330.sst 
2026/04/19-17:59:46.645843 1492 [Zonestats:time(s),used_cap(MB),reclaimable_cap(MB), avg_reclaimable(%), active(#), active_zones(#), open_zones(#)] 178 1953 3422 63 8 8 2
2026/04/19-17:59:46.645877 1492 [DEBUG] DeleteFile: ./db_working_home/000332.sst 
2026/04/19-17:59:46.646840 1492 [Zonestats:time(s),used_cap(MB),reclaimable_cap(MB), avg_reclaimable(%), active(#), active_zones(#), open_zones(#)] 178 1938 3437 63 8 8 2
2026/04/19-17:59:46.646873 1492 [DEBUG] DeleteFile: ./db_working_home/000335.sst 
2026/04/19-17:59:46.648031 1492 [Zonestats:time(s),used_cap(MB),reclaimable_cap(MB), avg_reclaimable(%), active(#), active_zones(#), open_zones(#)] 178 1923 3324 63 8 8 2
2026/04/19-17:59:46.648062 1492 [DEBUG] DeleteFile: ./db_working_home/000338.sst 
2026/04/19-17:59:46.649132 1492 [Zonestats:time(s),used_cap(MB),reclaimable_cap(MB), avg_reclaimable(%), active(#), active_zones(#), open_zones(#)] 178 1907 3212 62 8 8 2
2026/04/19-17:59:46.649179 1492 [DEBUG] DeleteFile: ./db_working_home/000343.sst 
2026/04/19-17:59:46.650155 1492 [Zonestats:time(s),used_cap(MB),reclaimable_cap(MB), avg_reclaimable(%), active(#), active_zones(#), open_zones(#)] 178 1892 3227 63 8 8 2
2026/04/19-17:59:46.650186 1492 [DEBUG] DeleteFile: ./db_working_home/000348.log 
2026/04/19-17:59:46.651285 1492 [Zonestats:time(s),used_cap(MB),reclaimable_cap(MB), avg_reclaimable(%), active(#), active_zones(#), open_zones(#)] 178 1877 3242 63 8 8 2
2026/04/19-17:59:46.712327 1488 [DEBUG] New writable file: /db_working_home/000355.log direct: 0
2026/04/19-17:59:46.713518 1492 [DEBUG] New writable file: /db_working_home/000356.sst direct: 1
2026/04/19-17:59:46.716411 1492 Entering Apply Finish Threshold Function
2026/04/19-17:59:46.716436 1492 [DEBUG] Allocating zone(new=1) start: 0x70000000 wp: 0x70000000 lt: 3 file lt: 3
2026/04/19-17:59:46.716444 1492 [Zonestats:time(s),used_cap(MB),reclaimable_cap(MB), avg_reclaimable(%), active(#), active_zones(#), open_zones(#)] 178 1878 3241 63 8 9 3
2026/04/19-17:59:46.716451 1492 [DEBUG] Syncing metadata for: /db_working_home/000356.sst
2026/04/19-17:59:46.862599 1492 [DEBUG] Syncing metadata for: /db_working_home/000356.sst
2026/04/19-17:59:46.863590 1492 [DEBUG] Syncing metadata for: /db_working_home/000356.sst
2026/04/19-17:59:46.864784 1492 [DEBUG] New random access file: /db_working_home/000356.sst direct: 1
2026/04/19-17:59:46.865365 1492 [DEBUG] GetFileSize: /db_working_home/000356.sst 
2026/04/19-17:59:46.868199 1492 [DEBUG] Syncing metadata for: /db_working_home/MANIFEST-000199
2026/04/19-17:59:46.869106 1492 [DEBUG] GetFileSize: /db_working_home/000356.sst 
2026/04/19-17:59:46.875325 1492 [DEBUG] Syncing metadata for: /db_working_home/000351.log
2026/04/19-17:59:46.876454 1492 [DEBUG] DeleteFile: ./db_working_home/000351.log 
2026/04/19-17:59:46.877563 1492 [Zonestats:time(s),used_cap(MB),reclaimable_cap(MB), avg_reclaimable(%), active(#), active_zones(#), open_zones(#)] 178 1878 3241 63 8 8 1
2026/04/19-17:59:46.906541 1488 [DEBUG] Allocating zone(new=0) start: 0x160000000 wp: 0x160f55e00 lt: 3 file lt: 2
2026/04/19-17:59:46.906553 1488 [DEBUG] Syncing metadata for: /db_working_home/000355.log
2026/04/19-17:59:47.192828 1491 [DEBUG] Allocating zone(new=1) start: 0x100000000 wp: 0x100000000 lt: 4 file lt: 4
2026/04/19-17:59:47.192846 1491 [Zonestats:time(s),used_cap(MB),reclaimable_cap(MB), avg_reclaimable(%), active(#), active_zones(#), open_zones(#)] 179 1883 3236 63 7 8 3
2026/04/19-17:59:47.192855 1491 [DEBUG] Syncing metadata for: /db_working_home/000354.sst
2026/04/19-17:59:47.517596 1490 Zone Garbage Stats: [84 6 1 1 1 14 3 4 1 3 4 0 ]
2026/04/19-17:59:47.517613 1490 Total Garbage Bytes: 403944307 bytes
2026/04/19-17:59:47.775186 1491 [DEBUG] Syncing metadata for: /db_working_home/000354.sst
2026/04/19-17:59:47.775768 1491 [DEBUG] Syncing metadata for: /db_working_home/000354.sst
2026/04/19-17:59:47.776582 1491 [DEBUG] GetFileSize: /db_working_home/000354.sst 
2026/04/19-17:59:47.777984 1491 [DEBUG] New random access file: /db_working_home/000353.sst direct: 1
2026/04/19-17:59:47.778266 1491 [DEBUG] GetFileSize: /db_working_home/000353.sst 
2026/04/19-17:59:47.778442 1491 [DEBUG] New random access file: /db_working_home/000354.sst direct: 1
2026/04/19-17:59:47.778717 1491 [DEBUG] GetFileSize: /db_working_home/000354.sst 
2026/04/19-17:59:47.779600 1491 [DEBUG] Syncing metadata for: /db_working_home/MANIFEST-000199
2026/04/19-17:59:47.793992 1491 [DEBUG] New writable file: /db_working_home/000357.sst direct: 1
2026/04/19-17:59:47.797298 1491 Entering Apply Finish Threshold Function
2026/04/19-17:59:47.797310 1491 Finishing zone: Entering Finish()
2026/04/19-17:59:48.168098 1488 [DEBUG] New writable file: /db_working_home/000358.log direct: 0
2026/04/19-17:59:48.169053 1492 [DEBUG] New writable file: /db_working_home/000359.sst direct: 1
2026/04/19-17:59:48.171942 1492 Entering Apply Finish Threshold Function
2026/04/19-17:59:48.171970 1492 [DEBUG] Allocating zone(new=1) start: 0x118000000 wp: 0x118000000 lt: 3 file lt: 3
2026/04/19-17:59:48.171978 1492 [Zonestats:time(s),used_cap(MB),reclaimable_cap(MB), avg_reclaimable(%), active(#), active_zones(#), open_zones(#)] 180 1945 3302 62 8 9 3
2026/04/19-17:59:48.171984 1492 [DEBUG] Syncing metadata for: /db_working_home/000359.sst
2026/04/19-17:59:48.318709 1492 [DEBUG] Syncing metadata for: /db_working_home/000359.sst
2026/04/19-17:59:48.319673 1492 [DEBUG] Syncing metadata for: /db_working_home/000359.sst
2026/04/19-17:59:48.320409 1492 [DEBUG] New random access file: /db_working_home/000359.sst direct: 1
2026/04/19-17:59:48.320869 1492 [DEBUG] GetFileSize: /db_working_home/000359.sst 
2026/04/19-17:59:48.323599 1492 [DEBUG] Syncing metadata for: /db_working_home/MANIFEST-000199
2026/04/19-17:59:48.324397 1492 [DEBUG] GetFileSize: /db_working_home/000359.sst 
2026/04/19-17:59:48.329522 1492 [DEBUG] Syncing metadata for: /db_working_home/000355.log
2026/04/19-17:59:48.330726 1492 [DEBUG] DeleteFile: ./db_working_home/000301.sst 
2026/04/19-17:59:48.331789 1492 [Zonestats:time(s),used_cap(MB),reclaimable_cap(MB), avg_reclaimable(%), active(#), active_zones(#), open_zones(#)] 180 1920 3327 63 9 9 1
2026/04/19-17:59:48.331833 1492 [DEBUG] DeleteFile: ./db_working_home/000344.sst 
2026/04/19-17:59:48.332778 1492 [Zonestats:time(s),used_cap(MB),reclaimable_cap(MB), avg_reclaimable(%), active(#), active_zones(#), open_zones(#)] 180 1832 3415 65 9 9 1
2026/04/19-17:59:48.332811 1492 [DEBUG] DeleteFile: ./db_working_home/000355.log 
2026/04/19-17:59:48.333859 1492 [Zonestats:time(s),used_cap(MB),reclaimable_cap(MB), avg_reclaimable(%), active(#), active_zones(#), open_zones(#)] 180 1817 3430 65 9 9 1
2026/04/19-17:59:48.335975 1488 [DEBUG] Allocating zone(new=0) start: 0x160000000 wp: 0x161eeec00 lt: 3 file lt: 2
2026/04/19-17:59:48.335986 1488 [DEBUG] Syncing metadata for: /db_working_home/000358.log
2026/04/19-17:59:48.517803 1490 Zone Garbage Stats: [84 7 1 1 0 14 3 3 1 3 5 0 ]
2026/04/19-17:59:48.517886 1490 Total Garbage Bytes: 470262462 bytes
2026/04/19-17:59:48.813580 1491 [DEBUG] Allocating zone(new=1) start: 0x130000000 wp: 0x130000000 lt: 3 file lt: 3
2026/04/19-17:59:48.813597 1491 [Zonestats:time(s),used_cap(MB),reclaimable_cap(MB), avg_reclaimable(%), active(#), active_zones(#), open_zones(#)] 180 1824 3423 65 8 9 3
2026/04/19-17:59:48.813606 1491 [DEBUG] Syncing metadata for: /db_working_home/000357.sst
2026/04/19-17:59:49.428810 1491 [DEBUG] Syncing metadata for: /db_working_home/000357.sst
2026/04/19-17:59:49.429385 1491 [DEBUG] Syncing metadata for: /db_working_home/000357.sst
2026/04/19-17:59:49.430202 1491 [DEBUG] GetFileSize: /db_working_home/000357.sst 
2026/04/19-17:59:49.430237 1491 [DEBUG] New writable file: /db_working_home/000360.sst direct: 1
2026/04/19-17:59:49.433258 1491 Entering Apply Finish Threshold Function
2026/04/19-17:59:49.433270 1491 Finishing zone: Entering Finish()
2026/04/19-17:59:49.518082 1490 Zone Garbage Stats: [83 7 1 1 0 14 4 3 1 3 5 0 ]
2026/04/19-17:59:49.518099 1490 Total Garbage Bytes: 470262529 bytes
2026/04/19-17:59:49.733504 1488 [DEBUG] New writable file: /db_working_home/000361.log direct: 0
2026/04/19-17:59:49.734563 1492 [DEBUG] New writable file: /db_working_home/000362.sst direct: 1
2026/04/19-17:59:49.737255 1492 Entering Apply Finish Threshold Function
2026/04/19-17:59:49.737284 1492 [DEBUG] Allocating zone(new=1) start: 0x168000000 wp: 0x168000000 lt: 3 file lt: 3
2026/04/19-17:59:49.737291 1492 [Zonestats:time(s),used_cap(MB),reclaimable_cap(MB), avg_reclaimable(%), active(#), active_zones(#), open_zones(#)] 181 1888 3487 64 9 10 3
2026/04/19-17:59:49.737298 1492 [DEBUG] Syncing metadata for: /db_working_home/000362.sst
2026/04/19-17:59:49.885415 1492 [DEBUG] Syncing metadata for: /db_working_home/000362.sst
2026/04/19-17:59:49.886273 1492 [DEBUG] Syncing metadata for: /db_working_home/000362.sst
2026/04/19-17:59:49.887461 1492 [DEBUG] New random access file: /db_working_home/000362.sst direct: 1
2026/04/19-17:59:49.888050 1492 [DEBUG] GetFileSize: /db_working_home/000362.sst 
2026/04/19-17:59:49.890879 1492 [DEBUG] Syncing metadata for: /db_working_home/MANIFEST-000199
2026/04/19-17:59:49.891713 1492 [DEBUG] GetFileSize: /db_working_home/000362.sst 
2026/04/19-17:59:49.897983 1492 [DEBUG] Syncing metadata for: /db_working_home/000358.log
2026/04/19-17:59:49.899100 1492 [DEBUG] DeleteFile: ./db_working_home/000358.log 
2026/04/19-17:59:49.900104 1492 [Zonestats:time(s),used_cap(MB),reclaimable_cap(MB), avg_reclaimable(%), active(#), active_zones(#), open_zones(#)] 181 1888 3615 65 10 10 1
2026/04/19-17:59:49.913793 1488 [DEBUG] Allocating zone(new=0) start: 0x168000000 wp: 0x168f59400 lt: 3 file lt: 2
2026/04/19-17:59:49.913804 1488 [DEBUG] Syncing metadata for: /db_working_home/000361.log
2026/04/19-17:59:50.398496 1491 Finishing zone: Entering Finish()
2026/04/19-17:59:50.518296 1490 Zone Garbage Stats: [82 7 1 1 0 14 5 3 1 3 5 0 ]
2026/04/19-17:59:50.518314 1490 Total Garbage Bytes: 470262870 bytes
2026/04/19-17:59:51.005526 1488 [DEBUG] New writable file: /db_working_home/000363.log direct: 0
2026/04/19-17:59:51.006531 1492 [DEBUG] New writable file: /db_working_home/000364.sst direct: 1
2026/04/19-17:59:51.009416 1492 Entering Apply Finish Threshold Function
2026/04/19-17:59:51.009444 1492 [DEBUG] Allocating zone(new=1) start: 0x170000000 wp: 0x170000000 lt: 3 file lt: 3
2026/04/19-17:59:51.009452 1492 [Zonestats:time(s),used_cap(MB),reclaimable_cap(MB), avg_reclaimable(%), active(#), active_zones(#), open_zones(#)] 183 1903 3600 65 9 10 3
2026/04/19-17:59:51.009458 1492 [DEBUG] Syncing metadata for: /db_working_home/000364.sst
2026/04/19-17:59:51.156724 1492 [DEBUG] Syncing metadata for: /db_working_home/000364.sst
2026/04/19-17:59:51.157344 1492 [DEBUG] Syncing metadata for: /db_working_home/000364.sst
2026/04/19-17:59:51.158071 1492 [DEBUG] New random access file: /db_working_home/000364.sst direct: 1
2026/04/19-17:59:51.158645 1492 [DEBUG] GetFileSize: /db_working_home/000364.sst 
2026/04/19-17:59:51.161006 1492 [DEBUG] Syncing metadata for: /db_working_home/MANIFEST-000199
2026/04/19-17:59:51.161902 1492 [DEBUG] GetFileSize: /db_working_home/000364.sst 
2026/04/19-17:59:51.167717 1492 [DEBUG] Syncing metadata for: /db_working_home/000361.log
2026/04/19-17:59:51.168832 1492 [DEBUG] DeleteFile: ./db_working_home/000361.log 
2026/04/19-17:59:51.169815 1492 [Zonestats:time(s),used_cap(MB),reclaimable_cap(MB), avg_reclaimable(%), active(#), active_zones(#), open_zones(#)] 183 1903 3728 66 10 10 1
2026/04/19-17:59:51.194884 1488 [DEBUG] Allocating zone(new=0) start: 0x170000000 wp: 0x170f54000 lt: 3 file lt: 2
2026/04/19-17:59:51.194896 1488 [DEBUG] Syncing metadata for: /db_working_home/000363.log
2026/04/19-17:59:51.466589 1491 [DEBUG] Allocating zone(new=1) start: 0x178000000 wp: 0x178000000 lt: 3 file lt: 3
2026/04/19-17:59:51.466606 1491 [Zonestats:time(s),used_cap(MB),reclaimable_cap(MB), avg_reclaimable(%), active(#), active_zones(#), open_zones(#)] 183 1907 3724 66 9 10 3
2026/04/19-17:59:51.466615 1491 [DEBUG] Syncing metadata for: /db_working_home/000360.sst
2026/04/19-17:59:51.518508 1490 Zone Garbage Stats: [80 7 2 1 0 14 5 3 1 4 5 0 ]
2026/04/19-17:59:51.518525 1490 Total Garbage Bytes: 519327733 bytes
2026/04/19-17:59:51.732682 1491 [DEBUG] Syncing metadata for: /db_working_home/000360.sst
2026/04/19-17:59:51.733264 1491 [DEBUG] Syncing metadata for: /db_working_home/000360.sst
2026/04/19-17:59:51.734074 1491 [DEBUG] GetFileSize: /db_working_home/000360.sst 
2026/04/19-17:59:51.735472 1491 [DEBUG] New random access file: /db_working_home/000357.sst direct: 1
2026/04/19-17:59:51.735753 1491 [DEBUG] GetFileSize: /db_working_home/000357.sst 
2026/04/19-17:59:51.735929 1491 [DEBUG] New random access file: /db_working_home/000360.sst direct: 1
2026/04/19-17:59:51.736130 1491 [DEBUG] GetFileSize: /db_working_home/000360.sst 
2026/04/19-17:59:51.737002 1491 [DEBUG] Syncing metadata for: /db_working_home/MANIFEST-000199
2026/04/19-17:59:51.738535 1491 [DEBUG] Syncing metadata for: /db_working_home/MANIFEST-000199
2026/04/19-17:59:51.739242 1491 [DEBUG] DeleteFile: ./db_working_home/000346.sst 
2026/04/19-17:59:51.739936 1491 [Zonestats:time(s),used_cap(MB),reclaimable_cap(MB), avg_reclaimable(%), active(#), active_zones(#), open_zones(#)] 183 1918 3713 65 9 9 2
2026/04/19-17:59:51.739975 1491 [DEBUG] DeleteFile: ./db_working_home/000349.sst 
2026/04/19-17:59:51.740628 1491 [Zonestats:time(s),used_cap(MB),reclaimable_cap(MB), avg_reclaimable(%), active(#), active_zones(#), open_zones(#)] 183 1902 3601 65 8 8 2
2026/04/19-17:59:51.740663 1491 [DEBUG] DeleteFile: ./db_working_home/000350.sst 
2026/04/19-17:59:51.741315 1491 [Zonestats:time(s),used_cap(MB),reclaimable_cap(MB), avg_reclaimable(%), active(#), active_zones(#), open_zones(#)] 183 1882 3493 64 7 7 2
2026/04/19-17:59:51.741349 1491 [DEBUG] DeleteFile: ./db_working_home/000352.sst 
2026/04/19-17:59:51.742031 1491 [Zonestats:time(s),used_cap(MB),reclaimable_cap(MB), avg_reclaimable(%), active(#), active_zones(#), open_zones(#)] 183 1866 3381 64 7 7 2
2026/04/19-17:59:51.742066 1491 [DEBUG] DeleteFile: ./db_working_home/000356.sst 
2026/04/19-17:59:51.746214 1491 [Zonestats:time(s),used_cap(MB),reclaimable_cap(MB), avg_reclaimable(%), active(#), active_zones(#), open_zones(#)] 183 1851 3268 63 6 6 2
2026/04/19-17:59:51.750060 1491 [DEBUG] Syncing metadata for: /db_working_home/MANIFEST-000199
2026/04/19-17:59:51.756033 1491 [DEBUG] New writable file: /db_working_home/000365.sst direct: 1
2026/04/19-17:59:51.759319 1491 Entering Apply Finish Threshold Function
2026/04/19-17:59:51.759344 1491 [DEBUG] Allocating zone(new=1) start: 0x50000000 wp: 0x50000000 lt: 5 file lt: 5
2026/04/19-17:59:51.759351 1491 [Zonestats:time(s),used_cap(MB),reclaimable_cap(MB), avg_reclaimable(%), active(#), active_zones(#), open_zones(#)] 183 1852 3267 63 6 7 3
2026/04/19-17:59:51.759357 1491 [DEBUG] Syncing metadata for: /db_working_home/000365.sst
2026/04/19-17:59:52.194038 1491 [DEBUG] Syncing metadata for: /db_working_home/000365.sst
2026/04/19-17:59:52.194648 1491 [DEBUG] Syncing metadata for: /db_working_home/000365.sst
2026/04/19-17:59:52.195350 1491 [DEBUG] GetFileSize: /db_working_home/000365.sst 
2026/04/19-17:59:52.195383 1491 [DEBUG] New writable file: /db_working_home/000366.sst direct: 1
2026/04/19-17:59:52.201169 1491 Entering Apply Finish Threshold Function
2026/04/19-17:59:52.201181 1491 Finishing zone: Entering Finish()
2026/04/19-17:59:52.518728 1490 Zone Garbage Stats: [84 5 1 1 0 14 5 3 1 3 5 0 ]
2026/04/19-17:59:52.518745 1490 Total Garbage Bytes: 470265610 bytes
2026/04/19-17:59:52.667959 1488 [DEBUG] New writable file: /db_working_home/000367.log direct: 0
2026/04/19-17:59:52.669014 1492 [DEBUG] New writable file: /db_working_home/000368.sst direct: 1
2026/04/19-17:59:52.671900 1492 Entering Apply Finish Threshold Function
2026/04/19-17:59:52.671926 1492 [DEBUG] Allocating zone(new=1) start: 0x70000000 wp: 0x70000000 lt: 3 file lt: 3
2026/04/19-17:59:52.671933 1492 [Zonestats:time(s),used_cap(MB),reclaimable_cap(MB), avg_reclaimable(%), active(#), active_zones(#), open_zones(#)] 184 1900 3347 63 7 8 3
2026/04/19-17:59:52.671939 1492 [DEBUG] Syncing metadata for: /db_working_home/000368.sst
2026/04/19-17:59:52.818975 1492 [DEBUG] Syncing metadata for: /db_working_home/000368.sst
2026/04/19-17:59:52.819893 1492 [DEBUG] Syncing metadata for: /db_working_home/000368.sst
2026/04/19-17:59:52.821080 1492 [DEBUG] New random access file: /db_working_home/000368.sst direct: 1
2026/04/19-17:59:52.821769 1492 [DEBUG] GetFileSize: /db_working_home/000368.sst 
2026/04/19-17:59:52.824228 1492 [DEBUG] Syncing metadata for: /db_working_home/MANIFEST-000199
2026/04/19-17:59:52.825400 1492 [DEBUG] GetFileSize: /db_working_home/000368.sst 
2026/04/19-17:59:52.831234 1492 [DEBUG] Syncing metadata for: /db_working_home/000363.log
2026/04/19-17:59:52.832332 1492 [DEBUG] DeleteFile: ./db_working_home/000363.log 
2026/04/19-17:59:52.833337 1492 [Zonestats:time(s),used_cap(MB),reclaimable_cap(MB), avg_reclaimable(%), active(#), active_zones(#), open_zones(#)] 184 1900 3475 64 8 8 1
2026/04/19-17:59:52.843926 1488 [DEBUG] Allocating zone(new=0) start: 0x178000000 wp: 0x1798e7600 lt: 3 file lt: 2
2026/04/19-17:59:52.843936 1488 [DEBUG] Syncing metadata for: /db_working_home/000367.log
2026/04/19-17:59:53.364034 1491 [DEBUG] Allocating zone(new=1) start: 0x80000000 wp: 0x80000000 lt: 5 file lt: 5
2026/04/19-17:59:53.364051 1491 [Zonestats:time(s),used_cap(MB),reclaimable_cap(MB), avg_reclaimable(%), active(#), active_zones(#), open_zones(#)] 185 1908 3467 64 7 8 3
2026/04/19-17:59:53.364060 1491 [DEBUG] Syncing metadata for: /db_working_home/000366.sst
2026/04/19-17:59:53.518970 1490 Zone Garbage Stats: [82 5 2 1 0 14 5 4 1 3 5 0 ]
2026/04/19-17:59:53.519057 1490 Total Garbage Bytes: 486620293 bytes
2026/04/19-17:59:53.568264 1491 [DEBUG] Syncing metadata for: /db_working_home/000366.sst
2026/04/19-17:59:53.568842 1491 [DEBUG] Syncing metadata for: /db_working_home/000366.sst
2026/04/19-17:59:53.569568 1491 [DEBUG] GetFileSize: /db_working_home/000366.sst 
2026/04/19-17:59:53.570958 1491 [DEBUG] New random access file: /db_working_home/000365.sst direct: 1
2026/04/19-17:59:53.571195 1491 [DEBUG] GetFileSize: /db_working_home/000365.sst 
2026/04/19-17:59:53.571366 1491 [DEBUG] New random access file: /db_working_home/000366.sst direct: 1
2026/04/19-17:59:53.571536 1491 [DEBUG] GetFileSize: /db_working_home/000366.sst 
2026/04/19-17:59:53.572401 1491 [DEBUG] Syncing metadata for: /db_working_home/MANIFEST-000199
2026/04/19-17:59:53.586086 1491 [DEBUG] New writable file: /db_working_home/000369.sst direct: 1
2026/04/19-17:59:53.589369 1491 Entering Apply Finish Threshold Function
2026/04/19-17:59:53.589395 1491 [DEBUG] Allocating zone(new=0) start: 0x80000000 wp: 0x8128d000 lt: 5 file lt: 3
2026/04/19-17:59:53.589402 1491 [Zonestats:time(s),used_cap(MB),reclaimable_cap(MB), avg_reclaimable(%), active(#), active_zones(#), open_zones(#)] 185 1928 3575 64 8 8 3
2026/04/19-17:59:53.589409 1491 [DEBUG] Syncing metadata for: /db_working_home/000369.sst
2026/04/19-17:59:54.188871 1491 [DEBUG] Syncing metadata for: /db_working_home/000369.sst
2026/04/19-17:59:54.192403 1491 [DEBUG] Syncing metadata for: /db_working_home/000369.sst
2026/04/19-17:59:54.193179 1491 [DEBUG] GetFileSize: /db_working_home/000369.sst 
2026/04/19-17:59:54.193224 1491 [DEBUG] New writable file: /db_working_home/000370.sst direct: 1
2026/04/19-17:59:54.196402 1491 Entering Apply Finish Threshold Function
2026/04/19-17:59:54.196412 1491 Finishing zone: Entering Finish()
2026/04/19-17:59:54.359210 1488 [DEBUG] New writable file: /db_working_home/000371.log direct: 0
2026/04/19-17:59:54.360310 1492 [DEBUG] New writable file: /db_working_home/000372.sst direct: 1
2026/04/19-17:59:54.363477 1492 Entering Apply Finish Threshold Function
2026/04/19-17:59:54.363505 1492 [DEBUG] Allocating zone(new=1) start: 0x150000000 wp: 0x150000000 lt: 3 file lt: 3
2026/04/19-17:59:54.363513 1492 [Zonestats:time(s),used_cap(MB),reclaimable_cap(MB), avg_reclaimable(%), active(#), active_zones(#), open_zones(#)] 186 1989 3514 63 8 9 3
2026/04/19-17:59:54.363519 1492 [DEBUG] Syncing metadata for: /db_working_home/000372.sst
2026/04/19-17:59:54.509768 1492 [DEBUG] Syncing metadata for: /db_working_home/000372.sst
2026/04/19-17:59:54.510761 1492 [DEBUG] Syncing metadata for: /db_working_home/000372.sst
2026/04/19-17:59:54.511924 1492 [DEBUG] New random access file: /db_working_home/000372.sst direct: 1
2026/04/19-17:59:54.512497 1492 [DEBUG] GetFileSize: /db_working_home/000372.sst 
2026/04/19-17:59:54.514960 1492 [DEBUG] Syncing metadata for: /db_working_home/MANIFEST-000199
2026/04/19-17:59:54.515783 1492 [DEBUG] GetFileSize: /db_working_home/000372.sst 
2026/04/19-17:59:54.519240 1490 Zone Garbage Stats: [81 6 2 1 0 14 5 4 1 3 5 0 ]
2026/04/19-17:59:54.519253 1490 Total Garbage Bytes: 486620509 bytes
2026/04/19-17:59:54.521548 1492 [DEBUG] Syncing metadata for: /db_working_home/000367.log
2026/04/19-17:59:54.522726 1492 [DEBUG] DeleteFile: ./db_working_home/000341.sst 
2026/04/19-17:59:54.523808 1492 [Zonestats:time(s),used_cap(MB),reclaimable_cap(MB), avg_reclaimable(%), active(#), active_zones(#), open_zones(#)] 186 1957 3546 64 9 9 1
2026/04/19-17:59:54.523851 1492 [DEBUG] DeleteFile: ./db_working_home/000367.log 
2026/04/19-17:59:54.524759 1492 [Zonestats:time(s),used_cap(MB),reclaimable_cap(MB), avg_reclaimable(%), active(#), active_zones(#), open_zones(#)] 186 1941 3562 64 9 9 1
2026/04/19-17:59:54.533660 1488 [DEBUG] Allocating zone(new=0) start: 0x178000000 wp: 0x17a87fc00 lt: 3 file lt: 2
2026/04/19-17:59:54.533671 1488 [DEBUG] Syncing metadata for: /db_working_home/000371.log
2026/04/19-17:59:54.951727 1491 [DEBUG] Allocating zone(new=1) start: 0x148000000 wp: 0x148000000 lt: 3 file lt: 3
2026/04/19-17:59:54.951745 1491 [Zonestats:time(s),used_cap(MB),reclaimable_cap(MB), avg_reclaimable(%), active(#), active_zones(#), open_zones(#)] 186 1947 3556 64 8 9 3
2026/04/19-17:59:54.951755 1491 [DEBUG] Syncing metadata for: /db_working_home/000370.sst
2026/04/19-17:59:55.519448 1490 Zone Garbage Stats: [81 6 2 1 0 15 5 3 1 3 5 0 ]
2026/04/19-17:59:55.519465 1490 Total Garbage Bytes: 486620846 bytes
2026/04/19-17:59:55.606587 1491 [DEBUG] Syncing metadata for: /db_working_home/000370.sst
2026/04/19-17:59:55.607216 1491 [DEBUG] Syncing metadata for: /db_working_home/000370.sst
2026/04/19-17:59:55.608028 1491 [DEBUG] GetFileSize: /db_working_home/000370.sst 
2026/04/19-17:59:55.608066 1491 [DEBUG] New writable file: /db_working_home/000373.sst direct: 1
2026/04/19-17:59:55.611122 1491 Entering Apply Finish Threshold Function
2026/04/19-17:59:55.611135 1491 Finishing zone: Entering Finish()
2026/04/19-17:59:55.967713 1488 [DEBUG] New writable file: /db_working_home/000374.log direct: 0
2026/04/19-17:59:55.968796 1492 [DEBUG] New writable file: /db_working_home/000375.sst direct: 1
2026/04/19-17:59:55.971714 1492 Entering Apply Finish Threshold Function
2026/04/19-17:59:55.971742 1492 [DEBUG] Allocating zone(new=1) start: 0x160000000 wp: 0x160000000 lt: 3 file lt: 3
2026/04/19-17:59:55.971749 1492 [Zonestats:time(s),used_cap(MB),reclaimable_cap(MB), avg_reclaimable(%), active(#), active_zones(#), open_zones(#)] 187 2011 3620 64 9 10 3
2026/04/19-17:59:55.971756 1492 [DEBUG] Syncing metadata for: /db_working_home/000375.sst
2026/04/19-17:59:56.118806 1492 [DEBUG] Syncing metadata for: /db_working_home/000375.sst
2026/04/19-17:59:56.119678 1492 [DEBUG] Syncing metadata for: /db_working_home/000375.sst
2026/04/19-17:59:56.120860 1492 [DEBUG] New random access file: /db_working_home/000375.sst direct: 1
2026/04/19-17:59:56.121408 1492 [DEBUG] GetFileSize: /db_working_home/000375.sst 
2026/04/19-17:59:56.124145 1492 [DEBUG] Syncing metadata for: /db_working_home/MANIFEST-000199
2026/04/19-17:59:56.125065 1492 [DEBUG] GetFileSize: /db_working_home/000375.sst 
2026/04/19-17:59:56.130960 1492 [DEBUG] Syncing metadata for: /db_working_home/000371.log
2026/04/19-17:59:56.131997 1492 [DEBUG] DeleteFile: ./db_working_home/000371.log 
2026/04/19-17:59:56.132978 1492 [Zonestats:time(s),used_cap(MB),reclaimable_cap(MB), avg_reclaimable(%), active(#), active_zones(#), open_zones(#)] 188 2011 3748 65 10 10 1
2026/04/19-17:59:56.169243 1488 [DEBUG] Allocating zone(new=0) start: 0x178000000 wp: 0x17b818800 lt: 3 file lt: 2
2026/04/19-17:59:56.169255 1488 [DEBUG] Syncing metadata for: /db_working_home/000374.log
2026/04/19-17:59:56.519667 1490 Zone Garbage Stats: [80 7 2 1 0 15 5 3 1 3 5 0 ]
2026/04/19-17:59:56.519684 1490 Total Garbage Bytes: 486621207 bytes
2026/04/19-17:59:56.589027 1491 [DEBUG] Allocating zone(new=1) start: 0x180000000 wp: 0x180000000 lt: 3 file lt: 3
2026/04/19-17:59:56.589043 1491 [Zonestats:time(s),used_cap(MB),reclaimable_cap(MB), avg_reclaimable(%), active(#), active_zones(#), open_zones(#)] 188 2017 3742 64 9 10 3
2026/04/19-17:59:56.589052 1491 [DEBUG] Syncing metadata for: /db_working_home/000373.sst
2026/04/19-17:59:56.902572 1491 [DEBUG] Syncing metadata for: /db_working_home/000373.sst
2026/04/19-17:59:56.903165 1491 [DEBUG] Syncing metadata for: /db_working_home/000373.sst
2026/04/19-17:59:56.903876 1491 [DEBUG] GetFileSize: /db_working_home/000373.sst 
2026/04/19-17:59:56.905102 1491 [DEBUG] New random access file: /db_working_home/000369.sst direct: 1
2026/04/19-17:59:56.905469 1491 [DEBUG] GetFileSize: /db_working_home/000369.sst 
2026/04/19-17:59:56.905657 1491 [DEBUG] New random access file: /db_working_home/000370.sst direct: 1
2026/04/19-17:59:56.906028 1491 [DEBUG] GetFileSize: /db_working_home/000370.sst 
2026/04/19-17:59:56.906167 1491 [DEBUG] New random access file: /db_working_home/000373.sst direct: 1
2026/04/19-17:59:56.906428 1491 [DEBUG] GetFileSize: /db_working_home/000373.sst 
2026/04/19-17:59:56.907349 1491 [DEBUG] Syncing metadata for: /db_working_home/MANIFEST-000199
2026/04/19-17:59:56.908860 1491 [DEBUG] Syncing metadata for: /db_working_home/MANIFEST-000199
2026/04/19-17:59:56.909618 1491 [DEBUG] DeleteFile: ./db_working_home/000357.sst 
2026/04/19-17:59:56.910491 1491 [Zonestats:time(s),used_cap(MB),reclaimable_cap(MB), avg_reclaimable(%), active(#), active_zones(#), open_zones(#)] 188 1991 3768 65 10 10 2
2026/04/19-17:59:56.910532 1491 [DEBUG] DeleteFile: ./db_working_home/000359.sst 
2026/04/19-17:59:56.911180 1491 [Zonestats:time(s),used_cap(MB),reclaimable_cap(MB), avg_reclaimable(%), active(#), active_zones(#), open_zones(#)] 188 1976 3655 64 9 9 2
2026/04/19-17:59:56.911214 1491 [DEBUG] DeleteFile: ./db_working_home/000360.sst 
2026/04/19-17:59:56.911785 1491 [Zonestats:time(s),used_cap(MB),reclaimable_cap(MB), avg_reclaimable(%), active(#), active_zones(#), open_zones(#)] 188 1951 3680 65 9 9 2
2026/04/19-17:59:56.911817 1491 [DEBUG] DeleteFile: ./db_working_home/000362.sst 
2026/04/19-17:59:56.912538 1491 [Zonestats:time(s),used_cap(MB),reclaimable_cap(MB), avg_reclaimable(%), active(#), active_zones(#), open_zones(#)] 188 1936 3567 64 8 8 2
2026/04/19-17:59:56.912571 1491 [DEBUG] DeleteFile: ./db_working_home/000364.sst 
2026/04/19-17:59:56.913210 1491 [Zonestats:time(s),used_cap(MB),reclaimable_cap(MB), avg_reclaimable(%), active(#), active_zones(#), open_zones(#)] 188 1920 3455 64 7 7 2
2026/04/19-17:59:56.913242 1491 [DEBUG] DeleteFile: ./db_working_home/000368.sst 
2026/04/19-17:59:56.913878 1491 [Zonestats:time(s),used_cap(MB),reclaimable_cap(MB), avg_reclaimable(%), active(#), active_zones(#), open_zones(#)] 188 1905 3342 63 6 6 2
2026/04/19-17:59:56.919367 1491 [DEBUG] New writable file: /db_working_home/000376.sst direct: 1
2026/04/19-17:59:56.922778 1491 Entering Apply Finish Threshold Function
2026/04/19-17:59:56.922804 1491 [DEBUG] Allocating zone(new=1) start: 0x70000000 wp: 0x70000000 lt: 4 file lt: 4
2026/04/19-17:59:56.922811 1491 [Zonestats:time(s),used_cap(MB),reclaimable_cap(MB), avg_reclaimable(%), active(#), active_zones(#), open_zones(#)] 188 1905 3342 63 6 7 3
2026/04/19-17:59:56.922818 1491 [DEBUG] Syncing metadata for: /db_working_home/000376.sst
2026/04/19-17:59:57.377074 1491 [DEBUG] Syncing metadata for: /db_working_home/000376.sst
2026/04/19-17:59:57.377667 1491 [DEBUG] Syncing metadata for: /db_working_home/000376.sst
2026/04/19-17:59:57.378469 1491 [DEBUG] GetFileSize: /db_working_home/000376.sst 
2026/04/19-17:59:57.378503 1491 [DEBUG] New writable file: /db_working_home/000377.sst direct: 1
2026/04/19-17:59:57.379276 1491 Entering Apply Finish Threshold Function
2026/04/19-17:59:57.379284 1491 Finishing zone: Entering Finish()
2026/04/19-17:59:57.519877 1490 Zone Garbage Stats: [83 6 0 1 0 15 5 3 1 3 5 0 ]
2026/04/19-17:59:57.519895 1490 Total Garbage Bytes: 453912105 bytes
2026/04/19-17:59:57.681539 1488 [DEBUG] New writable file: /db_working_home/000378.log direct: 0
2026/04/19-17:59:57.682605 1492 [DEBUG] New writable file: /db_working_home/000379.sst direct: 1
2026/04/19-17:59:57.685986 1492 Entering Apply Finish Threshold Function
2026/04/19-17:59:57.686013 1492 [DEBUG] Allocating zone(new=1) start: 0x118000000 wp: 0x118000000 lt: 3 file lt: 3
2026/04/19-17:59:57.686021 1492 [Zonestats:time(s),used_cap(MB),reclaimable_cap(MB), avg_reclaimable(%), active(#), active_zones(#), open_zones(#)] 189 1953 3422 63 7 8 3
2026/04/19-17:59:57.686028 1492 [DEBUG] Syncing metadata for: /db_working_home/000379.sst
2026/04/19-17:59:57.832165 1492 [DEBUG] Syncing metadata for: /db_working_home/000379.sst
2026/04/19-17:59:57.833176 1492 [DEBUG] Syncing metadata for: /db_working_home/000379.sst
2026/04/19-17:59:57.834363 1492 [DEBUG] New random access file: /db_working_home/000379.sst direct: 1
2026/04/19-17:59:57.834951 1492 [DEBUG] GetFileSize: /db_working_home/000379.sst 
2026/04/19-17:59:57.837051 1492 [DEBUG] Syncing metadata for: /db_working_home/MANIFEST-000199
2026/04/19-17:59:57.838044 1492 [DEBUG] GetFileSize: /db_working_home/000379.sst 
2026/04/19-17:59:57.843808 1492 [DEBUG] Syncing metadata for: /db_working_home/000374.log
2026/04/19-17:59:57.844910 1492 [DEBUG] DeleteFile: ./db_working_home/000374.log 
2026/04/19-17:59:57.846054 1492 [Zonestats:time(s),used_cap(MB),reclaimable_cap(MB), avg_reclaimable(%), active(#), active_zones(#), open_zones(#)] 189 1954 3421 63 7 7 1
2026/04/19-17:59:57.857232 1488 [DEBUG] Allocating zone(new=0) start: 0x180000000 wp: 0x181ca0400 lt: 3 file lt: 2
2026/04/19-17:59:57.857243 1488 [DEBUG] Syncing metadata for: /db_working_home/000378.log
2026/04/19-17:59:58.520091 1490 Zone Garbage Stats: [83 6 0 1 0 15 5 3 1 3 5 0 ]
2026/04/19-17:59:58.520211 1490 Total Garbage Bytes: 453912223 bytes
2026/04/19-17:59:58.539472 1491 [DEBUG] Allocating zone(new=1) start: 0x130000000 wp: 0x130000000 lt: 4 file lt: 4
2026/04/19-17:59:58.539487 1491 [Zonestats:time(s),used_cap(MB),reclaimable_cap(MB), avg_reclaimable(%), active(#), active_zones(#), open_zones(#)] 190 1965 3410 63 6 7 3
2026/04/19-17:59:58.539495 1491 [DEBUG] Syncing metadata for: /db_working_home/000377.sst
2026/04/19-17:59:58.546690 1491 [DEBUG] Syncing metadata for: /db_working_home/000377.sst
2026/04/19-17:59:58.547256 1491 [DEBUG] Syncing metadata for: /db_working_home/000377.sst
2026/04/19-17:59:58.548079 1491 [DEBUG] GetFileSize: /db_working_home/000377.sst 
2026/04/19-17:59:58.549311 1491 [DEBUG] New random access file: /db_working_home/000376.sst direct: 1
2026/04/19-17:59:58.549645 1491 [DEBUG] GetFileSize: /db_working_home/000376.sst 
2026/04/19-17:59:58.549818 1491 [DEBUG] New random access file: /db_working_home/000377.sst direct: 1
2026/04/19-17:59:58.549985 1491 [DEBUG] GetFileSize: /db_working_home/000377.sst 
2026/04/19-17:59:58.550851 1491 [DEBUG] Syncing metadata for: /db_working_home/MANIFEST-000199
2026/04/19-17:59:58.551598 1491 [DEBUG] DeleteFile: ./db_working_home/000300.sst 
2026/04/19-17:59:58.552415 1491 [Zonestats:time(s),used_cap(MB),reclaimable_cap(MB), avg_reclaimable(%), active(#), active_zones(#), open_zones(#)] 190 1950 3425 63 7 7 2
2026/04/19-17:59:58.552455 1491 [DEBUG] DeleteFile: ./db_working_home/000373.sst 
2026/04/19-17:59:58.553076 1491 [Zonestats:time(s),used_cap(MB),reclaimable_cap(MB), avg_reclaimable(%), active(#), active_zones(#), open_zones(#)] 190 1922 3453 64 7 7 2
2026/04/19-17:59:58.553825 1491 [DEBUG] Syncing metadata for: /db_working_home/MANIFEST-000199
2026/04/19-17:59:58.559951 1491 [DEBUG] New writable file: /db_working_home/000380.sst direct: 1
2026/04/19-17:59:58.563211 1491 Entering Apply Finish Threshold Function
2026/04/19-17:59:58.563238 1491 [DEBUG] Allocating zone(new=1) start: 0x128000000 wp: 0x128000000 lt: 5 file lt: 5
2026/04/19-17:59:58.563245 1491 [Zonestats:time(s),used_cap(MB),reclaimable_cap(MB), avg_reclaimable(%), active(#), active_zones(#), open_zones(#)] 190 1922 3453 64 7 8 3
2026/04/19-17:59:58.563251 1491 [DEBUG] Syncing metadata for: /db_working_home/000380.sst
2026/04/19-17:59:59.087698 1488 [DEBUG] New writable file: /db_working_home/000381.log direct: 0
2026/04/19-17:59:59.095532 1492 [DEBUG] New writable file: /db_working_home/000382.sst direct: 1
2026/04/19-17:59:59.099900 1492 Entering Apply Finish Threshold Function
2026/04/19-17:59:59.099928 1492 [DEBUG] Allocating zone(new=0) start: 0x130000000 wp: 0x130001000 lt: 4 file lt: 3
2026/04/19-17:59:59.099937 1492 [Zonestats:time(s),used_cap(MB),reclaimable_cap(MB), avg_reclaimable(%), active(#), active_zones(#), open_zones(#)] 191 1925 3450 64 8 8 4
2026/04/19-17:59:59.099943 1492 [DEBUG] Syncing metadata for: /db_working_home/000382.sst
2026/04/19-17:59:59.145668 1491 [DEBUG] Syncing metadata for: /db_working_home/000380.sst
2026/04/19-17:59:59.153502 1491 [DEBUG] Syncing metadata for: /db_working_home/000380.sst
2026/04/19-17:59:59.154210 1491 [DEBUG] GetFileSize: /db_working_home/000380.sst 
2026/04/19-17:59:59.155416 1491 [DEBUG] New random access file: /db_working_home/000380.sst direct: 1
2026/04/19-17:59:59.162588 1491 [DEBUG] GetFileSize: /db_working_home/000380.sst 
2026/04/19-17:59:59.163521 1491 [DEBUG] Syncing metadata for: /db_working_home/MANIFEST-000199
2026/04/19-17:59:59.172081 1491 [DEBUG] Syncing metadata for: /db_working_home/MANIFEST-000199
2026/04/19-17:59:59.192740 1491 [DEBUG] New writable file: /db_working_home/000383.sst direct: 1
2026/04/19-17:59:59.203277 1491 Entering Apply Finish Threshold Function
2026/04/19-17:59:59.203290 1491 Finishing zone: Entering Finish()
2026/04/19-17:59:59.260038 1492 [DEBUG] Syncing metadata for: /db_working_home/000382.sst
2026/04/19-17:59:59.261030 1492 [DEBUG] Syncing metadata for: /db_working_home/000382.sst
2026/04/19-17:59:59.262216 1492 [DEBUG] New random access file: /db_working_home/000382.sst direct: 1
2026/04/19-17:59:59.262807 1492 [DEBUG] GetFileSize: /db_working_home/000382.sst 
2026/04/19-17:59:59.265593 1492 [DEBUG] Syncing metadata for: /db_working_home/MANIFEST-000199
2026/04/19-17:59:59.266319 1492 [DEBUG] GetFileSize: /db_working_home/000382.sst 
2026/04/19-17:59:59.272161 1492 [DEBUG] Syncing metadata for: /db_working_home/000378.log
2026/04/19-17:59:59.273300 1492 [DEBUG] DeleteFile: ./db_working_home/000311.sst 
2026/04/19-17:59:59.274348 1492 [Zonestats:time(s),used_cap(MB),reclaimable_cap(MB), avg_reclaimable(%), active(#), active_zones(#), open_zones(#)] 191 1977 3398 63 8 8 1
2026/04/19-17:59:59.274391 1492 [DEBUG] DeleteFile: ./db_working_home/000376.sst 
2026/04/19-17:59:59.275406 1492 [Zonestats:time(s),used_cap(MB),reclaimable_cap(MB), avg_reclaimable(%), active(#), active_zones(#), open_zones(#)] 191 1937 3310 63 8 8 1
2026/04/19-17:59:59.275440 1492 [DEBUG] DeleteFile: ./db_working_home/000378.log 
2026/04/19-17:59:59.276512 1492 [Zonestats:time(s),used_cap(MB),reclaimable_cap(MB), avg_reclaimable(%), active(#), active_zones(#), open_zones(#)] 191 1921 3198 62 7 7 1
2026/04/19-17:59:59.285378 1488 [DEBUG] Allocating zone(new=0) start: 0x160000000 wp: 0x160f56400 lt: 3 file lt: 2
2026/04/19-17:59:59.285389 1488 [DEBUG] Syncing metadata for: /db_working_home/000381.log
2026/04/19-17:59:59.520358 1490 Zone Garbage Stats: [85 6 0 1 0 15 5 3 1 1 5 0 ]
2026/04/19-17:59:59.520375 1490 Total Garbage Bytes: 357490962 bytes
2026/04/19-18:00:00.170475 1491 [DEBUG] Allocating zone(new=1) start: 0x70000000 wp: 0x70000000 lt: 5 file lt: 5
2026/04/19-18:00:00.170493 1491 [Zonestats:time(s),used_cap(MB),reclaimable_cap(MB), avg_reclaimable(%), active(#), active_zones(#), open_zones(#)] 192 1935 3184 62 6 7 3
2026/04/19-18:00:00.170502 1491 [DEBUG] Syncing metadata for: /db_working_home/000383.sst
2026/04/19-18:00:00.397961 1488 [DEBUG] New writable file: /db_working_home/000384.log direct: 0
2026/04/19-18:00:00.398851 1492 [DEBUG] New writable file: /db_working_home/000385.sst direct: 1
2026/04/19-18:00:00.408976 1492 Entering Apply Finish Threshold Function
2026/04/19-18:00:00.409004 1492 [DEBUG] Allocating zone(new=0) start: 0x130000000 wp: 0x130f59000 lt: 4 file lt: 3
2026/04/19-18:00:00.409012 1492 [Zonestats:time(s),used_cap(MB),reclaimable_cap(MB), avg_reclaimable(%), active(#), active_zones(#), open_zones(#)] 192 1936 3183 62 7 7 4
2026/04/19-18:00:00.409019 1492 [DEBUG] Syncing metadata for: /db_working_home/000385.sst
2026/04/19-18:00:00.520579 1490 Zone Garbage Stats: [84 5 0 1 0 15 5 4 1 1 5 0 ]
2026/04/19-18:00:00.520637 1490 Total Garbage Bytes: 357490443 bytes
2026/04/19-18:00:00.609785 1492 [DEBUG] Syncing metadata for: /db_working_home/000385.sst
2026/04/19-18:00:00.617500 1492 [DEBUG] Syncing metadata for: /db_working_home/000385.sst
2026/04/19-18:00:00.619465 1492 [DEBUG] New random access file: /db_working_home/000385.sst direct: 1
2026/04/19-18:00:00.620538 1492 [DEBUG] GetFileSize: /db_working_home/000385.sst 
2026/04/19-18:00:00.622724 1492 [DEBUG] Syncing metadata for: /db_working_home/MANIFEST-000199
2026/04/19-18:00:00.630537 1492 [DEBUG] GetFileSize: /db_working_home/000385.sst 
2026/04/19-18:00:00.635313 1492 [DEBUG] Syncing metadata for: /db_working_home/000381.log
2026/04/19-18:00:00.643266 1492 [DEBUG] DeleteFile: ./db_working_home/000381.log 
2026/04/19-18:00:00.643848 1492 [Zonestats:time(s),used_cap(MB),reclaimable_cap(MB), avg_reclaimable(%), active(#), active_zones(#), open_zones(#)] 192 1937 3182 62 7 7 2
2026/04/19-18:00:00.690274 1488 [DEBUG] Allocating zone(new=0) start: 0x160000000 wp: 0x161eef800 lt: 3 file lt: 2
2026/04/19-18:00:00.690287 1488 [DEBUG] Syncing metadata for: /db_working_home/000384.log
2026/04/19-18:00:01.199937 1491 [DEBUG] Syncing metadata for: /db_working_home/000383.sst
2026/04/19-18:00:01.200517 1491 [DEBUG] Syncing metadata for: /db_working_home/000383.sst
2026/04/19-18:00:01.201225 1491 [DEBUG] GetFileSize: /db_working_home/000383.sst 
2026/04/19-18:00:01.201260 1491 [DEBUG] New writable file: /db_working_home/000386.sst direct: 1
2026/04/19-18:00:01.206748 1491 Entering Apply Finish Threshold Function
2026/04/19-18:00:01.206761 1491 Finishing zone: Entering Finish()
2026/04/19-18:00:01.520830 1490 Zone Garbage Stats: [84 6 0 1 0 15 5 4 1 1 5 0 ]
2026/04/19-18:00:01.520848 1490 Total Garbage Bytes: 357491318 bytes
2026/04/19-18:00:01.730564 1491 [DEBUG] Allocating zone(new=1) start: 0x78000000 wp: 0x78000000 lt: 5 file lt: 5
2026/04/19-18:00:01.730582 1491 [Zonestats:time(s),used_cap(MB),reclaimable_cap(MB), avg_reclaimable(%), active(#), active_zones(#), open_zones(#)] 193 2030 3217 61 6 7 3
2026/04/19-18:00:01.730591 1491 [DEBUG] Syncing metadata for: /db_working_home/000386.sst
2026/04/19-18:00:01.925279 1491 [DEBUG] Syncing metadata for: /db_working_home/000386.sst
2026/04/19-18:00:01.925892 1491 [DEBUG] Syncing metadata for: /db_working_home/000386.sst
2026/04/19-18:00:01.926714 1491 [DEBUG] GetFileSize: /db_working_home/000386.sst 
2026/04/19-18:00:01.927955 1491 [DEBUG] New random access file: /db_working_home/000383.sst direct: 1
2026/04/19-18:00:01.928360 1491 [DEBUG] GetFileSize: /db_working_home/000383.sst 
2026/04/19-18:00:01.928533 1491 [DEBUG] New random access file: /db_working_home/000386.sst direct: 1
2026/04/19-18:00:01.928704 1491 [DEBUG] GetFileSize: /db_working_home/000386.sst 
2026/04/19-18:00:01.929552 1491 [DEBUG] Syncing metadata for: /db_working_home/MANIFEST-000199
2026/04/19-18:00:01.946472 1491 [DEBUG] New writable file: /db_working_home/000387.sst direct: 1
2026/04/19-18:00:01.949565 1491 Entering Apply Finish Threshold Function
2026/04/19-18:00:01.949591 1491 [DEBUG] Allocating zone(new=0) start: 0x130000000 wp: 0x131eb2200 lt: 4 file lt: 3
2026/04/19-18:00:01.949609 1491 [Zonestats:time(s),used_cap(MB),reclaimable_cap(MB), avg_reclaimable(%), active(#), active_zones(#), open_zones(#)] 193 2049 3326 61 7 7 3
2026/04/19-18:00:01.949616 1491 [DEBUG] Syncing metadata for: /db_working_home/000387.sst
2026/04/19-18:00:02.521045 1490 Zone Garbage Stats: [83 6 0 1 1 15 5 4 1 1 5 0 ]
2026/04/19-18:00:02.521062 1490 Total Garbage Bytes: 357491073 bytes
2026/04/19-18:00:02.761814 1488 [DEBUG] New writable file: /db_working_home/000388.log direct: 0
2026/04/19-18:00:02.762737 1492 [DEBUG] New writable file: /db_working_home/000389.sst direct: 1
2026/04/19-18:00:02.765579 1492 Entering Apply Finish Threshold Function
2026/04/19-18:00:02.765613 1492 [DEBUG] Allocating zone(new=0) start: 0x78000000 wp: 0x79217a00 lt: 5 file lt: 3
2026/04/19-18:00:02.765621 1492 [Zonestats:time(s),used_cap(MB),reclaimable_cap(MB), avg_reclaimable(%), active(#), active_zones(#), open_zones(#)] 194 2053 3322 61 7 7 4
2026/04/19-18:00:02.765627 1492 [DEBUG] Syncing metadata for: /db_working_home/000389.sst
2026/04/19-18:00:02.961313 1492 [DEBUG] Syncing metadata for: /db_working_home/000389.sst
2026/04/19-18:00:02.964205 1492 [DEBUG] Syncing metadata for: /db_working_home/000389.sst
2026/04/19-18:00:02.972059 1492 [DEBUG] New random access file: /db_working_home/000389.sst direct: 1
2026/04/19-18:00:02.972249 1492 [DEBUG] GetFileSize: /db_working_home/000389.sst 
2026/04/19-18:00:02.981504 1492 [DEBUG] Syncing metadata for: /db_working_home/MANIFEST-000199
2026/04/19-18:00:02.982181 1492 [DEBUG] GetFileSize: /db_working_home/000389.sst 
2026/04/19-18:00:02.994374 1492 [DEBUG] Syncing metadata for: /db_working_home/000384.log
2026/04/19-18:00:02.995115 1492 [DEBUG] DeleteFile: ./db_working_home/000340.sst 
2026/04/19-18:00:02.996007 1492 [Zonestats:time(s),used_cap(MB),reclaimable_cap(MB), avg_reclaimable(%), active(#), active_zones(#), open_zones(#)] 194 2009 3238 61 7 7 2
2026/04/19-18:00:02.996052 1492 [DEBUG] DeleteFile: ./db_working_home/000354.sst 
2026/04/19-18:00:03.003741 1492 [Zonestats:time(s),used_cap(MB),reclaimable_cap(MB), avg_reclaimable(%), active(#), active_zones(#), open_zones(#)] 195 1957 3162 61 7 7 2
2026/04/19-18:00:03.003791 1492 [DEBUG] DeleteFile: ./db_working_home/000384.log 
2026/04/19-18:00:03.004371 1492 [Zonestats:time(s),used_cap(MB),reclaimable_cap(MB), avg_reclaimable(%), active(#), active_zones(#), open_zones(#)] 195 1941 3178 62 7 7 2
2026/04/19-18:00:03.098104 1488 [DEBUG] Allocating zone(new=0) start: 0x160000000 wp: 0x162e87c00 lt: 3 file lt: 2
2026/04/19-18:00:03.098118 1488 [DEBUG] Syncing metadata for: /db_working_home/000388.log
2026/04/19-18:00:03.101124 1491 Entering Apply Finish Threshold Function
2026/04/19-18:00:03.101152 1491 [DEBUG] Allocating zone(new=0) start: 0x78000000 wp: 0x7a16d600 lt: 5 file lt: 3
2026/04/19-18:00:03.101160 1491 [Zonestats:time(s),used_cap(MB),reclaimable_cap(MB), avg_reclaimable(%), active(#), active_zones(#), open_zones(#)] 195 2039 3080 60 6 6 3
2026/04/19-18:00:03.101167 1491 [DEBUG] Syncing metadata for: /db_working_home/000387.sst
2026/04/19-18:00:03.375176 1491 [DEBUG] Syncing metadata for: /db_working_home/000387.sst
2026/04/19-18:00:03.375754 1491 [DEBUG] Syncing metadata for: /db_working_home/000387.sst
2026/04/19-18:00:03.376529 1491 [DEBUG] GetFileSize: /db_working_home/000387.sst 
2026/04/19-18:00:03.376563 1491 [DEBUG] New writable file: /db_working_home/000390.sst direct: 1
2026/04/19-18:00:03.379690 1491 Entering Apply Finish Threshold Function
2026/04/19-18:00:03.379702 1491 Finishing zone: Entering Finish()
2026/04/19-18:00:03.521259 1490 Zone Garbage Stats: [85 6 0 1 1 15 3 4 1 1 5 0 ]
2026/04/19-18:00:03.521347 1490 Total Garbage Bytes: 357491266 bytes
2026/04/19-18:00:04.208232 1491 [DEBUG] Allocating zone(new=1) start: 0x100000000 wp: 0x100000000 lt: 3 file lt: 3
2026/04/19-18:00:04.208249 1491 [Zonestats:time(s),used_cap(MB),reclaimable_cap(MB), avg_reclaimable(%), active(#), active_zones(#), open_zones(#)] 196 2076 3043 59 5 6 3
2026/04/19-18:00:04.208259 1491 [DEBUG] Syncing metadata for: /db_working_home/000390.sst
2026/04/19-18:00:04.268801 1491 [DEBUG] Syncing metadata for: /db_working_home/000390.sst
2026/04/19-18:00:04.269382 1491 [DEBUG] Syncing metadata for: /db_working_home/000390.sst
2026/04/19-18:00:04.270175 1491 [DEBUG] GetFileSize: /db_working_home/000390.sst 
2026/04/19-18:00:04.271596 1491 [DEBUG] New random access file: /db_working_home/000387.sst direct: 1
2026/04/19-18:00:04.271948 1491 [DEBUG] GetFileSize: /db_working_home/000387.sst 
2026/04/19-18:00:04.272130 1491 [DEBUG] New random access file: /db_working_home/000390.sst direct: 1
2026/04/19-18:00:04.272305 1491 [DEBUG] GetFileSize: /db_working_home/000390.sst 
2026/04/19-18:00:04.273191 1491 [DEBUG] Syncing metadata for: /db_working_home/MANIFEST-000199
2026/04/19-18:00:04.274616 1491 [DEBUG] Syncing metadata for: /db_working_home/MANIFEST-000199
2026/04/19-18:00:04.275330 1491 [DEBUG] DeleteFile: ./db_working_home/000370.sst 
2026/04/19-18:00:04.276008 1491 [Zonestats:time(s),used_cap(MB),reclaimable_cap(MB), avg_reclaimable(%), active(#), active_zones(#), open_zones(#)] 196 2027 3092 60 6 6 2
2026/04/19-18:00:04.276048 1491 [DEBUG] DeleteFile: ./db_working_home/000372.sst 
2026/04/19-18:00:04.276710 1491 [Zonestats:time(s),used_cap(MB),reclaimable_cap(MB), avg_reclaimable(%), active(#), active_zones(#), open_zones(#)] 196 2012 2979 59 5 5 2
2026/04/19-18:00:04.276745 1491 [DEBUG] DeleteFile: ./db_working_home/000375.sst 
2026/04/19-18:00:04.277301 1491 [Zonestats:time(s),used_cap(MB),reclaimable_cap(MB), avg_reclaimable(%), active(#), active_zones(#), open_zones(#)] 196 1996 2995 60 5 5 2
2026/04/19-18:00:04.277335 1491 [DEBUG] DeleteFile: ./db_working_home/000379.sst 
2026/04/19-18:00:04.278055 1491 [Zonestats:time(s),used_cap(MB),reclaimable_cap(MB), avg_reclaimable(%), active(#), active_zones(#), open_zones(#)] 196 1981 2882 59 4 4 2
2026/04/19-18:00:04.278088 1491 [DEBUG] DeleteFile: ./db_working_home/000382.sst 
2026/04/19-18:00:04.278642 1491 [Zonestats:time(s),used_cap(MB),reclaimable_cap(MB), avg_reclaimable(%), active(#), active_zones(#), open_zones(#)] 196 1966 2897 59 4 4 2
2026/04/19-18:00:04.278674 1491 [DEBUG] DeleteFile: ./db_working_home/000385.sst 
2026/04/19-18:00:04.279273 1491 [Zonestats:time(s),used_cap(MB),reclaimable_cap(MB), avg_reclaimable(%), active(#), active_zones(#), open_zones(#)] 196 1950 2913 59 4 4 2
2026/04/19-18:00:04.284778 1491 [DEBUG] New writable file: /db_working_home/000391.sst direct: 1
2026/04/19-18:00:04.287775 1491 Entering Apply Finish Threshold Function
2026/04/19-18:00:04.287802 1491 [DEBUG] Allocating zone(new=1) start: 0x118000000 wp: 0x118000000 lt: 4 file lt: 4
2026/04/19-18:00:04.287809 1491 [Zonestats:time(s),used_cap(MB),reclaimable_cap(MB), avg_reclaimable(%), active(#), active_zones(#), open_zones(#)] 196 1950 2913 59 4 5 3
2026/04/19-18:00:04.287815 1491 [DEBUG] Syncing metadata for: /db_working_home/000391.sst
2026/04/19-18:00:04.521544 1490 Zone Garbage Stats: [86 4 0 2 1 15 3 4 1 1 5 0 ]
2026/04/19-18:00:04.521562 1490 Total Garbage Bytes: 389673540 bytes
2026/04/19-18:00:04.620329 1488 [DEBUG] New writable file: /db_working_home/000392.log direct: 0
2026/04/19-18:00:04.621261 1492 [DEBUG] New writable file: /db_working_home/000393.sst direct: 1
2026/04/19-18:00:04.630795 1492 Entering Apply Finish Threshold Function
2026/04/19-18:00:04.630825 1492 [DEBUG] Allocating zone(new=1) start: 0x140000000 wp: 0x140000000 lt: 3 file lt: 3
2026/04/19-18:00:04.630833 1492 [Zonestats:time(s),used_cap(MB),reclaimable_cap(MB), avg_reclaimable(%), active(#), active_zones(#), open_zones(#)] 196 1952 2911 59 5 6 4
2026/04/19-18:00:04.630839 1492 [DEBUG] Syncing metadata for: /db_working_home/000393.sst
2026/04/19-18:00:04.840300 1492 [DEBUG] Syncing metadata for: /db_working_home/000393.sst
2026/04/19-18:00:04.843107 1492 [DEBUG] Syncing metadata for: /db_working_home/000393.sst
2026/04/19-18:00:04.843767 1492 [DEBUG] New random access file: /db_working_home/000393.sst direct: 1
2026/04/19-18:00:04.843948 1492 [DEBUG] GetFileSize: /db_working_home/000393.sst 
2026/04/19-18:00:04.883173 1492 [DEBUG] Syncing metadata for: /db_working_home/MANIFEST-000199
2026/04/19-18:00:04.883864 1492 [DEBUG] GetFileSize: /db_working_home/000393.sst 
2026/04/19-18:00:04.888640 1492 [DEBUG] Syncing metadata for: /db_working_home/000388.log
2026/04/19-18:00:04.891592 1492 [DEBUG] DeleteFile: ./db_working_home/000388.log 
2026/04/19-18:00:04.899479 1492 [Zonestats:time(s),used_cap(MB),reclaimable_cap(MB), avg_reclaimable(%), active(#), active_zones(#), open_zones(#)] 196 1953 2910 59 5 5 2
2026/04/19-18:00:04.933121 1488 [DEBUG] Allocating zone(new=0) start: 0x140000000 wp: 0x140f5a600 lt: 3 file lt: 2
2026/04/19-18:00:04.933135 1488 [DEBUG] Syncing metadata for: /db_working_home/000392.log
2026/04/19-18:00:04.945637 1491 [DEBUG] Syncing metadata for: /db_working_home/000391.sst
2026/04/19-18:00:04.946205 1491 [DEBUG] Syncing metadata for: /db_working_home/000391.sst
2026/04/19-18:00:04.947024 1491 [DEBUG] GetFileSize: /db_working_home/000391.sst 
2026/04/19-18:00:04.947058 1491 [DEBUG] New writable file: /db_working_home/000394.sst direct: 1
2026/04/19-18:00:04.950126 1491 Entering Apply Finish Threshold Function
2026/04/19-18:00:04.950137 1491 Finishing zone: Entering Finish()
2026/04/19-18:00:05.521755 1490 Zone Garbage Stats: [86 4 0 2 1 15 3 4 1 1 5 0 ]
2026/04/19-18:00:05.521773 1490 Total Garbage Bytes: 389673540 bytes
2026/04/19-18:00:05.738268 1488 [DEBUG] New writable file: /db_working_home/000395.log direct: 0
2026/04/19-18:00:05.739169 1492 [DEBUG] New writable file: /db_working_home/000396.sst direct: 1
2026/04/19-18:00:05.742087 1492 Entering Apply Finish Threshold Function
2026/04/19-18:00:05.742115 1492 [DEBUG] Allocating zone(new=1) start: 0x148000000 wp: 0x148000000 lt: 3 file lt: 3
2026/04/19-18:00:05.742123 1492 [Zonestats:time(s),used_cap(MB),reclaimable_cap(MB), avg_reclaimable(%), active(#), active_zones(#), open_zones(#)] 197 2018 2973 59 5 6 3
2026/04/19-18:00:05.742129 1492 [DEBUG] Syncing metadata for: /db_working_home/000396.sst
2026/04/19-18:00:05.889778 1492 [DEBUG] Syncing metadata for: /db_working_home/000396.sst
2026/04/19-18:00:05.890799 1492 [DEBUG] Syncing metadata for: /db_working_home/000396.sst
2026/04/19-18:00:05.891978 1492 [DEBUG] New random access file: /db_working_home/000396.sst direct: 1
2026/04/19-18:00:05.892549 1492 [DEBUG] GetFileSize: /db_working_home/000396.sst 
2026/04/19-18:00:05.895381 1492 [DEBUG] Syncing metadata for: /db_working_home/MANIFEST-000199
2026/04/19-18:00:05.896615 1492 [DEBUG] GetFileSize: /db_working_home/000396.sst 
2026/04/19-18:00:05.901757 1492 [DEBUG] Syncing metadata for: /db_working_home/000392.log
2026/04/19-18:00:05.902882 1492 [DEBUG] DeleteFile: ./db_working_home/000392.log 
2026/04/19-18:00:05.903912 1492 [Zonestats:time(s),used_cap(MB),reclaimable_cap(MB), avg_reclaimable(%), active(#), active_zones(#), open_zones(#)] 197 2019 3100 60 6 6 1
2026/04/19-18:00:05.920898 1488 [DEBUG] Allocating zone(new=0) start: 0x148000000 wp: 0x148f56200 lt: 3 file lt: 2
2026/04/19-18:00:05.920909 1488 [DEBUG] Syncing metadata for: /db_working_home/000395.log
2026/04/19-18:00:05.999646 1491 [DEBUG] Allocating zone(new=1) start: 0x150000000 wp: 0x150000000 lt: 4 file lt: 4
2026/04/19-18:00:05.999660 1491 [Zonestats:time(s),used_cap(MB),reclaimable_cap(MB), avg_reclaimable(%), active(#), active_zones(#), open_zones(#)] 197 2021 3098 60 5 6 3
2026/04/19-18:00:05.999668 1491 [DEBUG] Syncing metadata for: /db_working_home/000394.sst
2026/04/19-18:00:06.479596 1491 [DEBUG] Syncing metadata for: /db_working_home/000394.sst
2026/04/19-18:00:06.480175 1491 [DEBUG] Syncing metadata for: /db_working_home/000394.sst
2026/04/19-18:00:06.480989 1491 [DEBUG] GetFileSize: /db_working_home/000394.sst 
2026/04/19-18:00:06.481026 1491 [DEBUG] New writable file: /db_working_home/000397.sst direct: 1
2026/04/19-18:00:06.486564 1491 Entering Apply Finish Threshold Function
2026/04/19-18:00:06.486591 1491 Finishing zone: Entering Finish()
2026/04/19-18:00:06.521973 1490 Zone Garbage Stats: [84 4 1 2 1 15 3 5 1 1 5 0 ]
2026/04/19-18:00:06.521990 1490 Total Garbage Bytes: 406028133 bytes
2026/04/19-18:00:07.182134 1488 [DEBUG] New writable file: /db_working_home/000398.log direct: 0
2026/04/19-18:00:07.183199 1492 [DEBUG] New writable file: /db_working_home/000399.sst direct: 1
2026/04/19-18:00:07.186116 1492 Entering Apply Finish Threshold Function
2026/04/19-18:00:07.186145 1492 [DEBUG] Allocating zone(new=1) start: 0x160000000 wp: 0x160000000 lt: 3 file lt: 3
2026/04/19-18:00:07.186153 1492 [Zonestats:time(s),used_cap(MB),reclaimable_cap(MB), avg_reclaimable(%), active(#), active_zones(#), open_zones(#)] 199 2077 3170 60 6 7 3
2026/04/19-18:00:07.186159 1492 [DEBUG] Syncing metadata for: /db_working_home/000399.sst
2026/04/19-18:00:07.332715 1492 [DEBUG] Syncing metadata for: /db_working_home/000399.sst
2026/04/19-18:00:07.333730 1492 [DEBUG] Syncing metadata for: /db_working_home/000399.sst
2026/04/19-18:00:07.334919 1492 [DEBUG] New random access file: /db_working_home/000399.sst direct: 1
2026/04/19-18:00:07.335554 1492 [DEBUG] GetFileSize: /db_working_home/000399.sst 
2026/04/19-18:00:07.338618 1492 [DEBUG] Syncing metadata for: /db_working_home/MANIFEST-000199
2026/04/19-18:00:07.339451 1492 [DEBUG] GetFileSize: /db_working_home/000399.sst 
2026/04/19-18:00:07.345296 1492 [DEBUG] Syncing metadata for: /db_working_home/000395.log
2026/04/19-18:00:07.346400 1492 [DEBUG] DeleteFile: ./db_working_home/000395.log 
2026/04/19-18:00:07.347403 1492 [Zonestats:time(s),used_cap(MB),reclaimable_cap(MB), avg_reclaimable(%), active(#), active_zones(#), open_zones(#)] 199 2078 3297 61 7 7 1
2026/04/19-18:00:07.361658 1488 [DEBUG] Allocating zone(new=0) start: 0x160000000 wp: 0x160f57400 lt: 3 file lt: 2
2026/04/19-18:00:07.361669 1488 [DEBUG] Syncing metadata for: /db_working_home/000398.log
2026/04/19-18:00:07.522182 1490 Zone Garbage Stats: [83 4 2 2 1 15 3 5 1 1 5 0 ]
2026/04/19-18:00:07.522198 1490 Total Garbage Bytes: 422380762 bytes
2026/04/19-18:00:07.606722 1491 [DEBUG] Allocating zone(new=1) start: 0x168000000 wp: 0x168000000 lt: 4 file lt: 4
2026/04/19-18:00:07.606738 1491 [Zonestats:time(s),used_cap(MB),reclaimable_cap(MB), avg_reclaimable(%), active(#), active_zones(#), open_zones(#)] 199 2082 3293 61 6 7 3
2026/04/19-18:00:07.606747 1491 [DEBUG] Syncing metadata for: /db_working_home/000397.sst
2026/04/19-18:00:08.438856 1491 [DEBUG] Syncing metadata for: /db_working_home/000397.sst
2026/04/19-18:00:08.439433 1491 [DEBUG] Syncing metadata for: /db_working_home/000397.sst
2026/04/19-18:00:08.440221 1491 [DEBUG] GetFileSize: /db_working_home/000397.sst 
2026/04/19-18:00:08.440256 1491 [DEBUG] New writable file: /db_working_home/000400.sst direct: 1
2026/04/19-18:00:08.443269 1491 Entering Apply Finish Threshold Function
2026/04/19-18:00:08.443283 1491 Finishing zone: Entering Finish()
2026/04/19-18:00:08.522404 1490 Zone Garbage Stats: [82 4 2 2 1 15 3 6 1 1 5 0 ]
2026/04/19-18:00:08.522499 1490 Total Garbage Bytes: 422380830 bytes
2026/04/19-18:00:08.922006 1488 [DEBUG] New writable file: /db_working_home/000401.log direct: 0
2026/04/19-18:00:08.922963 1492 [DEBUG] New writable file: /db_working_home/000402.sst direct: 1
2026/04/19-18:00:08.926632 1492 Entering Apply Finish Threshold Function
2026/04/19-18:00:08.926661 1492 [DEBUG] Allocating zone(new=1) start: 0x170000000 wp: 0x170000000 lt: 3 file lt: 3
2026/04/19-18:00:08.926668 1492 [Zonestats:time(s),used_cap(MB),reclaimable_cap(MB), avg_reclaimable(%), active(#), active_zones(#), open_zones(#)] 200 2168 3335 60 7 8 3
2026/04/19-18:00:08.926675 1492 [DEBUG] Syncing metadata for: /db_working_home/000402.sst
2026/04/19-18:00:09.073633 1492 [DEBUG] Syncing metadata for: /db_working_home/000402.sst
2026/04/19-18:00:09.074592 1492 [DEBUG] Syncing metadata for: /db_working_home/000402.sst
2026/04/19-18:00:09.075778 1492 [DEBUG] New random access file: /db_working_home/000402.sst direct: 1
2026/04/19-18:00:09.075957 1492 [DEBUG] GetFileSize: /db_working_home/000402.sst 
2026/04/19-18:00:09.078690 1492 [DEBUG] Syncing metadata for: /db_working_home/MANIFEST-000199
2026/04/19-18:00:09.079580 1492 [DEBUG] GetFileSize: /db_working_home/000402.sst 
2026/04/19-18:00:09.084734 1492 [DEBUG] Syncing metadata for: /db_working_home/000398.log
2026/04/19-18:00:09.085862 1492 [DEBUG] DeleteFile: ./db_working_home/000398.log 
2026/04/19-18:00:09.086867 1492 [Zonestats:time(s),used_cap(MB),reclaimable_cap(MB), avg_reclaimable(%), active(#), active_zones(#), open_zones(#)] 201 2168 3463 61 8 8 1
2026/04/19-18:00:09.104608 1488 [DEBUG] Allocating zone(new=0) start: 0x170000000 wp: 0x170f58000 lt: 3 file lt: 2
2026/04/19-18:00:09.104617 1488 [DEBUG] Syncing metadata for: /db_working_home/000401.log
2026/04/19-18:00:09.177996 1491 [DEBUG] Allocating zone(new=1) start: 0x178000000 wp: 0x178000000 lt: 4 file lt: 4
2026/04/19-18:00:09.178013 1491 [Zonestats:time(s),used_cap(MB),reclaimable_cap(MB), avg_reclaimable(%), active(#), active_zones(#), open_zones(#)] 201 2169 3462 61 7 8 3
2026/04/19-18:00:09.178021 1491 [DEBUG] Syncing metadata for: /db_working_home/000400.sst
2026/04/19-18:00:09.522713 1490 Zone Garbage Stats: [80 4 3 2 1 16 3 6 1 1 5 0 ]
2026/04/19-18:00:09.522731 1490 Total Garbage Bytes: 438737169 bytes
2026/04/19-18:00:09.698673 1491 [DEBUG] Syncing metadata for: /db_working_home/000400.sst
2026/04/19-18:00:09.699256 1491 [DEBUG] Syncing metadata for: /db_working_home/000400.sst
2026/04/19-18:00:09.699969 1491 [DEBUG] GetFileSize: /db_working_home/000400.sst 
2026/04/19-18:00:09.701222 1491 [DEBUG] New random access file: /db_working_home/000391.sst direct: 1
2026/04/19-18:00:09.701522 1491 [DEBUG] GetFileSize: /db_working_home/000391.sst 
2026/04/19-18:00:09.701699 1491 [DEBUG] New random access file: /db_working_home/000394.sst direct: 1
2026/04/19-18:00:09.701896 1491 [DEBUG] GetFileSize: /db_working_home/000394.sst 
2026/04/19-18:00:09.702048 1491 [DEBUG] New random access file: /db_working_home/000397.sst direct: 1
2026/04/19-18:00:09.702284 1491 [DEBUG] GetFileSize: /db_working_home/000397.sst 
2026/04/19-18:00:09.702424 1491 [DEBUG] New random access file: /db_working_home/000400.sst direct: 1
2026/04/19-18:00:09.702619 1491 [DEBUG] GetFileSize: /db_working_home/000400.sst 
2026/04/19-18:00:09.703525 1491 [DEBUG] Syncing metadata for: /db_working_home/MANIFEST-000199
2026/04/19-18:00:09.714790 1491 [DEBUG] New writable file: /db_working_home/000403.sst direct: 1
2026/04/19-18:00:09.720825 1491 Entering Apply Finish Threshold Function
2026/04/19-18:00:09.720838 1491 Finishing zone: Entering Finish()
2026/04/19-18:00:10.418014 1488 [DEBUG] New writable file: /db_working_home/000404.log direct: 0
2026/04/19-18:00:10.419260 1492 [DEBUG] New writable file: /db_working_home/000405.sst direct: 1
2026/04/19-18:00:10.422766 1492 Entering Apply Finish Threshold Function
2026/04/19-18:00:10.422796 1492 [DEBUG] Allocating zone(new=1) start: 0x180000000 wp: 0x180000000 lt: 3 file lt: 3
2026/04/19-18:00:10.422804 1492 [Zonestats:time(s),used_cap(MB),reclaimable_cap(MB), avg_reclaimable(%), active(#), active_zones(#), open_zones(#)] 202 2230 3529 61 8 9 3
2026/04/19-18:00:10.422811 1492 [DEBUG] Syncing metadata for: /db_working_home/000405.sst
2026/04/19-18:00:10.522929 1490 Zone Garbage Stats: [79 4 3 2 1 16 3 6 1 1 5 0 ]
2026/04/19-18:00:10.522946 1490 Total Garbage Bytes: 438737169 bytes
2026/04/19-18:00:10.570454 1492 [DEBUG] Syncing metadata for: /db_working_home/000405.sst
2026/04/19-18:00:10.571471 1492 [DEBUG] Syncing metadata for: /db_working_home/000405.sst
2026/04/19-18:00:10.572638 1492 [DEBUG] New random access file: /db_working_home/000405.sst direct: 1
2026/04/19-18:00:10.573223 1492 [DEBUG] GetFileSize: /db_working_home/000405.sst 
2026/04/19-18:00:10.575631 1492 [DEBUG] Syncing metadata for: /db_working_home/MANIFEST-000199
2026/04/19-18:00:10.576407 1492 [DEBUG] GetFileSize: /db_working_home/000405.sst 
2026/04/19-18:00:10.581323 1492 [DEBUG] Syncing metadata for: /db_working_home/000401.log
2026/04/19-18:00:10.582343 1492 [DEBUG] DeleteFile: ./db_working_home/000347.sst 
2026/04/19-18:00:10.583394 1492 [Zonestats:time(s),used_cap(MB),reclaimable_cap(MB), avg_reclaimable(%), active(#), active_zones(#), open_zones(#)] 202 2198 3561 61 9 9 1
2026/04/19-18:00:10.583439 1492 [DEBUG] DeleteFile: ./db_working_home/000369.sst 
2026/04/19-18:00:10.584376 1492 [Zonestats:time(s),used_cap(MB),reclaimable_cap(MB), avg_reclaimable(%), active(#), active_zones(#), open_zones(#)] 202 2143 3616 62 9 9 1
2026/04/19-18:00:10.584412 1492 [DEBUG] DeleteFile: ./db_working_home/000387.sst 
2026/04/19-18:00:10.585480 1492 [Zonestats:time(s),used_cap(MB),reclaimable_cap(MB), avg_reclaimable(%), active(#), active_zones(#), open_zones(#)] 202 2022 3737 64 9 9 1
2026/04/19-18:00:10.585512 1492 [DEBUG] DeleteFile: ./db_working_home/000401.log 
2026/04/19-18:00:10.586587 1492 [Zonestats:time(s),used_cap(MB),reclaimable_cap(MB), avg_reclaimable(%), active(#), active_zones(#), open_zones(#)] 202 2006 3753 65 9 9 1
2026/04/19-18:00:10.613823 1488 [DEBUG] Allocating zone(new=0) start: 0x180000000 wp: 0x180f55600 lt: 3 file lt: 2
2026/04/19-18:00:10.613833 1488 [DEBUG] Syncing metadata for: /db_working_home/000404.log
2026/04/19-18:00:10.803045 1491 [DEBUG] Allocating zone(new=1) start: 0x58000000 wp: 0x58000000 lt: 3 file lt: 3
2026/04/19-18:00:10.803062 1491 [Zonestats:time(s),used_cap(MB),reclaimable_cap(MB), avg_reclaimable(%), active(#), active_zones(#), open_zones(#)] 202 2009 3750 65 8 9 3
2026/04/19-18:00:10.803072 1491 [DEBUG] Syncing metadata for: /db_working_home/000403.sst
2026/04/19-18:00:11.472589 1491 [DEBUG] Syncing metadata for: /db_working_home/000403.sst
2026/04/19-18:00:11.473266 1491 [DEBUG] Syncing metadata for: /db_working_home/000403.sst
2026/04/19-18:00:11.474075 1491 [DEBUG] GetFileSize: /db_working_home/000403.sst 
2026/04/19-18:00:11.474110 1491 [DEBUG] New writable file: /db_working_home/000406.sst direct: 1
2026/04/19-18:00:11.477402 1491 Entering Apply Finish Threshold Function
2026/04/19-18:00:11.477415 1491 Finishing zone: Entering Finish()
2026/04/19-18:00:11.523142 1490 Zone Garbage Stats: [79 4 4 1 1 15 2 6 2 2 6 0 ]
2026/04/19-18:00:11.523159 1490 Total Garbage Bytes: 639817367 bytes
2026/04/19-18:00:12.177761 1488 [DEBUG] New writable file: /db_working_home/000407.log direct: 0
2026/04/19-18:00:12.178827 1492 [DEBUG] New writable file: /db_working_home/000408.sst direct: 1
2026/04/19-18:00:12.181667 1492 Entering Apply Finish Threshold Function
2026/04/19-18:00:12.181696 1492 [DEBUG] Allocating zone(new=1) start: 0x188000000 wp: 0x188000000 lt: 3 file lt: 3
2026/04/19-18:00:12.181703 1492 [Zonestats:time(s),used_cap(MB),reclaimable_cap(MB), avg_reclaimable(%), active(#), active_zones(#), open_zones(#)] 204 2078 3809 64 9 10 3
2026/04/19-18:00:12.181710 1492 [DEBUG] Syncing metadata for: /db_working_home/000408.sst
2026/04/19-18:00:12.328740 1492 [DEBUG] Syncing metadata for: /db_working_home/000408.sst
2026/04/19-18:00:12.329730 1492 [DEBUG] Syncing metadata for: /db_working_home/000408.sst
2026/04/19-18:00:12.330713 1492 [DEBUG] New random access file: /db_working_home/000408.sst direct: 1
2026/04/19-18:00:12.331352 1492 [DEBUG] GetFileSize: /db_working_home/000408.sst 
2026/04/19-18:00:12.333763 1492 [DEBUG] Syncing metadata for: /db_working_home/MANIFEST-000199
2026/04/19-18:00:12.334589 1492 [DEBUG] GetFileSize: /db_working_home/000408.sst 
2026/04/19-18:00:12.339483 1492 [DEBUG] Syncing metadata for: /db_working_home/000404.log
2026/04/19-18:00:12.340447 1492 [DEBUG] DeleteFile: ./db_working_home/000404.log 
2026/04/19-18:00:12.341429 1492 [Zonestats:time(s),used_cap(MB),reclaimable_cap(MB), avg_reclaimable(%), active(#), active_zones(#), open_zones(#)] 204 2078 3937 65 10 10 1
2026/04/19-18:00:12.363835 1488 [DEBUG] Allocating zone(new=0) start: 0x188000000 wp: 0x188f54800 lt: 3 file lt: 2
2026/04/19-18:00:12.363846 1488 [DEBUG] Syncing metadata for: /db_working_home/000407.log
2026/04/19-18:00:12.422202 1491 [DEBUG] Allocating zone(new=1) start: 0x190000000 wp: 0x190000000 lt: 3 file lt: 3
2026/04/19-18:00:12.422218 1491 [Zonestats:time(s),used_cap(MB),reclaimable_cap(MB), avg_reclaimable(%), active(#), active_zones(#), open_zones(#)] 204 2079 3936 65 9 10 3
2026/04/19-18:00:12.422227 1491 [DEBUG] Syncing metadata for: /db_working_home/000406.sst
2026/04/19-18:00:12.523353 1490 Zone Garbage Stats: [77 4 5 1 1 15 3 6 2 2 6 0 ]
2026/04/19-18:00:12.523370 1490 Total Garbage Bytes: 656172137 bytes
2026/04/19-18:00:12.641825 1491 [DEBUG] Syncing metadata for: /db_working_home/000406.sst
2026/04/19-18:00:12.642446 1491 [DEBUG] Syncing metadata for: /db_working_home/000406.sst
2026/04/19-18:00:12.643250 1491 [DEBUG] GetFileSize: /db_working_home/000406.sst 
2026/04/19-18:00:12.644597 1491 [DEBUG] New random access file: /db_working_home/000403.sst direct: 1
2026/04/19-18:00:12.644853 1491 [DEBUG] GetFileSize: /db_working_home/000403.sst 
2026/04/19-18:00:12.645065 1491 [DEBUG] New random access file: /db_working_home/000406.sst direct: 1
2026/04/19-18:00:12.645231 1491 [DEBUG] GetFileSize: /db_working_home/000406.sst 
2026/04/19-18:00:12.646118 1491 [DEBUG] Syncing metadata for: /db_working_home/MANIFEST-000199
2026/04/19-18:00:12.647502 1491 [DEBUG] Syncing metadata for: /db_working_home/MANIFEST-000199
2026/04/19-18:00:12.648201 1491 [DEBUG] DeleteFile: ./db_working_home/000389.sst 
2026/04/19-18:00:12.648769 1491 [Zonestats:time(s),used_cap(MB),reclaimable_cap(MB), avg_reclaimable(%), active(#), active_zones(#), open_zones(#)] 204 2084 4059 66 10 10 2
2026/04/19-18:00:12.648808 1491 [DEBUG] DeleteFile: ./db_working_home/000393.sst 
2026/04/19-18:00:12.649582 1491 [Zonestats:time(s),used_cap(MB),reclaimable_cap(MB), avg_reclaimable(%), active(#), active_zones(#), open_zones(#)] 204 2069 3946 65 9 9 2
2026/04/19-18:00:12.649620 1491 [DEBUG] DeleteFile: ./db_working_home/000396.sst 
2026/04/19-18:00:12.650273 1491 [Zonestats:time(s),used_cap(MB),reclaimable_cap(MB), avg_reclaimable(%), active(#), active_zones(#), open_zones(#)] 204 2054 3833 65 8 8 2
2026/04/19-18:00:12.650307 1491 [DEBUG] DeleteFile: ./db_working_home/000399.sst 
2026/04/19-18:00:12.650946 1491 [Zonestats:time(s),used_cap(MB),reclaimable_cap(MB), avg_reclaimable(%), active(#), active_zones(#), open_zones(#)] 204 2038 3721 64 7 7 2
2026/04/19-18:00:12.650979 1491 [DEBUG] DeleteFile: ./db_working_home/000402.sst 
2026/04/19-18:00:12.651625 1491 [Zonestats:time(s),used_cap(MB),reclaimable_cap(MB), avg_reclaimable(%), active(#), active_zones(#), open_zones(#)] 204 2023 3608 64 6 6 2
2026/04/19-18:00:12.656930 1491 [DEBUG] New writable file: /db_working_home/000409.sst direct: 1
2026/04/19-18:00:12.660089 1491 Entering Apply Finish Threshold Function
2026/04/19-18:00:12.660116 1491 [DEBUG] Allocating zone(new=1) start: 0x140000000 wp: 0x140000000 lt: 5 file lt: 5
2026/04/19-18:00:12.660124 1491 [Zonestats:time(s),used_cap(MB),reclaimable_cap(MB), avg_reclaimable(%), active(#), active_zones(#), open_zones(#)] 204 2023 3608 64 6 7 3
2026/04/19-18:00:12.660130 1491 [DEBUG] Syncing metadata for: /db_working_home/000409.sst
2026/04/19-18:00:13.523591 1490 Zone Garbage Stats: [80 5 1 1 1 15 3 6 1 3 6 0 ]
2026/04/19-18:00:13.523788 1490 Total Garbage Bytes: 606837998 bytes
2026/04/19-18:00:13.945199 1491 [DEBUG] Syncing metadata for: /db_working_home/000409.sst
2026/04/19-18:00:13.945780 1491 [DEBUG] Syncing metadata for: /db_working_home/000409.sst
2026/04/19-18:00:13.946579 1491 [DEBUG] GetFileSize: /db_working_home/000409.sst 
2026/04/19-18:00:13.948196 1491 [DEBUG] New random access file: /db_working_home/000409.sst direct: 1
2026/04/19-18:00:13.948606 1491 [DEBUG] GetFileSize: /db_working_home/000409.sst 
2026/04/19-18:00:13.949533 1491 [DEBUG] Syncing metadata for: /db_working_home/MANIFEST-000199
2026/04/19-18:00:13.955661 1491 [DEBUG] New writable file: /db_working_home/000410.sst direct: 1
2026/04/19-18:00:13.958907 1491 Entering Apply Finish Threshold Function
2026/04/19-18:00:13.958919 1491 Finishing zone: Entering Finish()
2026/04/19-18:00:14.119916 1491 [DEBUG] Allocating zone(new=1) start: 0x148000000 wp: 0x148000000 lt: 5 file lt: 5
2026/04/19-18:00:14.119933 1491 [Zonestats:time(s),used_cap(MB),reclaimable_cap(MB), avg_reclaimable(%), active(#), active_zones(#), open_zones(#)] 206 2149 3610 62 6 7 3
2026/04/19-18:00:14.119942 1491 [DEBUG] Syncing metadata for: /db_working_home/000410.sst
2026/04/19-18:00:14.261415 1488 [DEBUG] New writable file: /db_working_home/000411.log direct: 0
2026/04/19-18:00:14.269330 1492 [DEBUG] New writable file: /db_working_home/000412.sst direct: 1
2026/04/19-18:00:14.272147 1492 Entering Apply Finish Threshold Function
2026/04/19-18:00:14.272177 1492 [DEBUG] Allocating zone(new=1) start: 0x160000000 wp: 0x160000000 lt: 3 file lt: 3
2026/04/19-18:00:14.272185 1492 [Zonestats:time(s),used_cap(MB),reclaimable_cap(MB), avg_reclaimable(%), active(#), active_zones(#), open_zones(#)] 206 2150 3609 62 7 8 4
2026/04/19-18:00:14.272192 1492 [DEBUG] Syncing metadata for: /db_working_home/000412.sst
2026/04/19-18:00:14.483370 1492 [DEBUG] Syncing metadata for: /db_working_home/000412.sst
2026/04/19-18:00:14.486167 1492 [DEBUG] Syncing metadata for: /db_working_home/000412.sst
2026/04/19-18:00:14.486865 1492 [DEBUG] New random access file: /db_working_home/000412.sst direct: 1
2026/04/19-18:00:14.487046 1492 [DEBUG] GetFileSize: /db_working_home/000412.sst 
2026/04/19-18:00:14.495348 1492 [DEBUG] Syncing metadata for: /db_working_home/MANIFEST-000199
2026/04/19-18:00:14.496047 1492 [DEBUG] GetFileSize: /db_working_home/000412.sst 
2026/04/19-18:00:14.500818 1492 [DEBUG] Syncing metadata for: /db_working_home/000407.log
2026/04/19-18:00:14.508858 1492 [DEBUG] DeleteFile: ./db_working_home/000333.sst 
2026/04/19-18:00:14.509556 1492 [Zonestats:time(s),used_cap(MB),reclaimable_cap(MB), avg_reclaimable(%), active(#), active_zones(#), open_zones(#)] 206 2119 3640 63 8 8 2
2026/04/19-18:00:14.509600 1492 [DEBUG] DeleteFile: ./db_working_home/000397.sst 
2026/04/19-18:00:14.510475 1492 [Zonestats:time(s),used_cap(MB),reclaimable_cap(MB), avg_reclaimable(%), active(#), active_zones(#), open_zones(#)] 206 2043 3588 63 8 8 2
2026/04/19-18:00:14.510509 1492 [DEBUG] DeleteFile: ./db_working_home/000407.log 
2026/04/19-18:00:14.513180 1492 [Zonestats:time(s),used_cap(MB),reclaimable_cap(MB), avg_reclaimable(%), active(#), active_zones(#), open_zones(#)] 206 2028 3603 63 8 8 2
2026/04/19-18:00:14.523902 1490 Zone Garbage Stats: [80 6 3 1 1 14 3 5 1 3 6 0 ]
2026/04/19-18:00:14.523914 1490 Total Garbage Bytes: 623189832 bytes
2026/04/19-18:00:14.578231 1488 [DEBUG] Allocating zone(new=0) start: 0x190000000 wp: 0x19121f400 lt: 3 file lt: 2
2026/04/19-18:00:14.578244 1488 [DEBUG] Syncing metadata for: /db_working_home/000411.log
2026/04/19-18:00:15.524053 1490 Zone Garbage Stats: [80 5 3 1 1 14 3 5 1 3 6 0 ]
2026/04/19-18:00:15.524069 1490 Total Garbage Bytes: 623189611 bytes
2026/04/19-18:00:15.688141 1491 Entering Apply Finish Threshold Function
2026/04/19-18:00:15.688173 1491 [DEBUG] Allocating zone(new=1) start: 0x108000000 wp: 0x108000000 lt: 5 file lt: 5
2026/04/19-18:00:15.688181 1491 [Zonestats:time(s),used_cap(MB),reclaimable_cap(MB), avg_reclaimable(%), active(#), active_zones(#), open_zones(#)] 207 2163 3596 62 7 8 3
2026/04/19-18:00:15.688189 1491 [DEBUG] Syncing metadata for: /db_working_home/000410.sst
2026/04/19-18:00:15.693715 1491 [DEBUG] Syncing metadata for: /db_working_home/000410.sst
2026/04/19-18:00:15.694283 1491 [DEBUG] Syncing metadata for: /db_working_home/000410.sst
2026/04/19-18:00:15.695099 1491 [DEBUG] GetFileSize: /db_working_home/000410.sst 
2026/04/19-18:00:15.695155 1491 [DEBUG] New writable file: /db_working_home/000413.sst direct: 1
2026/04/19-18:00:15.698630 1491 Entering Apply Finish Threshold Function
2026/04/19-18:00:15.698657 1491 [DEBUG] Allocating zone(new=1) start: 0x168000000 wp: 0x168000000 lt: 5 file lt: 5
2026/04/19-18:00:15.698665 1491 [Zonestats:time(s),used_cap(MB),reclaimable_cap(MB), avg_reclaimable(%), active(#), active_zones(#), open_zones(#)] 207 2163 3724 63 8 9 3
2026/04/19-18:00:15.698671 1491 [DEBUG] Syncing metadata for: /db_working_home/000413.sst
2026/04/19-18:00:16.524341 1490 Zone Garbage Stats: [78 7 3 1 1 14 3 5 1 3 6 0 ]
2026/04/19-18:00:16.524358 1490 Total Garbage Bytes: 623190100 bytes
2026/04/19-18:00:16.633451 1491 [DEBUG] Syncing metadata for: /db_working_home/000413.sst
2026/04/19-18:00:16.634042 1491 [DEBUG] Syncing metadata for: /db_working_home/000413.sst
2026/04/19-18:00:16.634847 1491 [DEBUG] GetFileSize: /db_working_home/000413.sst 
2026/04/19-18:00:16.669064 1491 [DEBUG] New random access file: /db_working_home/000410.sst direct: 1
2026/04/19-18:00:16.669511 1491 [DEBUG] GetFileSize: /db_working_home/000410.sst 
2026/04/19-18:00:16.669865 1491 [DEBUG] New random access file: /db_working_home/000413.sst direct: 1
2026/04/19-18:00:16.670174 1491 [DEBUG] GetFileSize: /db_working_home/000413.sst 
2026/04/19-18:00:16.671254 1491 [DEBUG] Syncing metadata for: /db_working_home/MANIFEST-000199
2026/04/19-18:00:16.677663 1491 [DEBUG] New writable file: /db_working_home/000414.sst direct: 1
2026/04/19-18:00:16.681075 1491 Entering Apply Finish Threshold Function
2026/04/19-18:00:16.681088 1491 Finishing zone: Entering Finish()
2026/04/19-18:00:16.738379 1488 [DEBUG] New writable file: /db_working_home/000415.log direct: 0
2026/04/19-18:00:16.739269 1492 [DEBUG] New writable file: /db_working_home/000416.sst direct: 1
2026/04/19-18:00:16.748945 1492 Entering Apply Finish Threshold Function
2026/04/19-18:00:16.748972 1492 [DEBUG] Allocating zone(new=0) start: 0x108000000 wp: 0x108031a00 lt: 5 file lt: 3
2026/04/19-18:00:16.748982 1492 [Zonestats:time(s),used_cap(MB),reclaimable_cap(MB), avg_reclaimable(%), active(#), active_zones(#), open_zones(#)] 208 2252 3763 62 9 9 3
2026/04/19-18:00:16.748989 1492 [DEBUG] Syncing metadata for: /db_working_home/000416.sst
2026/04/19-18:00:16.891796 1492 [DEBUG] Syncing metadata for: /db_working_home/000416.sst
2026/04/19-18:00:16.892814 1492 [DEBUG] Syncing metadata for: /db_working_home/000416.sst
2026/04/19-18:00:16.894046 1492 [DEBUG] New random access file: /db_working_home/000416.sst direct: 1
2026/04/19-18:00:16.894241 1492 [DEBUG] GetFileSize: /db_working_home/000416.sst 
2026/04/19-18:00:16.897197 1492 [DEBUG] Syncing metadata for: /db_working_home/MANIFEST-000199
2026/04/19-18:00:16.898017 1492 [DEBUG] GetFileSize: /db_working_home/000416.sst 
2026/04/19-18:00:16.902948 1492 [DEBUG] Syncing metadata for: /db_working_home/000411.log
2026/04/19-18:00:16.904003 1492 [DEBUG] DeleteFile: ./db_working_home/000315.sst 
2026/04/19-18:00:16.904824 1492 [Zonestats:time(s),used_cap(MB),reclaimable_cap(MB), avg_reclaimable(%), active(#), active_zones(#), open_zones(#)] 208 2139 3620 62 9 9 1
2026/04/19-18:00:16.904868 1492 [DEBUG] DeleteFile: ./db_working_home/000409.sst 
2026/04/19-18:00:16.905764 1492 [Zonestats:time(s),used_cap(MB),reclaimable_cap(MB), avg_reclaimable(%), active(#), active_zones(#), open_zones(#)] 208 2025 3606 64 9 9 1
2026/04/19-18:00:16.905799 1492 [DEBUG] DeleteFile: ./db_working_home/000411.log 
2026/04/19-18:00:16.906808 1492 [Zonestats:time(s),used_cap(MB),reclaimable_cap(MB), avg_reclaimable(%), active(#), active_zones(#), open_zones(#)] 208 2009 3622 64 9 9 1
2026/04/19-18:00:16.918607 1488 [DEBUG] Allocating zone(new=0) start: 0x190000000 wp: 0x1921b7a00 lt: 3 file lt: 2
2026/04/19-18:00:16.918619 1488 [DEBUG] Syncing metadata for: /db_working_home/000415.log
2026/04/19-18:00:17.354681 1491 [DEBUG] Allocating zone(new=1) start: 0x88000000 wp: 0x88000000 lt: 5 file lt: 5
2026/04/19-18:00:17.354699 1491 [Zonestats:time(s),used_cap(MB),reclaimable_cap(MB), avg_reclaimable(%), active(#), active_zones(#), open_zones(#)] 209 2016 3615 64 8 9 3
2026/04/19-18:00:17.354709 1491 [DEBUG] Syncing metadata for: /db_working_home/000414.sst
2026/04/19-18:00:17.524600 1490 Zone Garbage Stats: [80 6 2 1 2 14 3 5 1 3 5 0 ]
2026/04/19-18:00:17.524631 1490 Total Garbage Bytes: 563381075 bytes
2026/04/19-18:00:17.976918 1491 [DEBUG] Syncing metadata for: /db_working_home/000414.sst
2026/04/19-18:00:17.977509 1491 [DEBUG] Syncing metadata for: /db_working_home/000414.sst
2026/04/19-18:00:17.978355 1491 [DEBUG] GetFileSize: /db_working_home/000414.sst 
2026/04/19-18:00:17.978399 1491 [DEBUG] New writable file: /db_working_home/000417.sst direct: 1
2026/04/19-18:00:17.984277 1491 Entering Apply Finish Threshold Function
2026/04/19-18:00:17.984289 1491 Finishing zone: Entering Finish()
2026/04/19-18:00:18.281199 1488 [DEBUG] New writable file: /db_working_home/000418.log direct: 0
2026/04/19-18:00:18.282386 1492 [DEBUG] New writable file: /db_working_home/000419.sst direct: 1
2026/04/19-18:00:18.285848 1492 Entering Apply Finish Threshold Function
2026/04/19-18:00:18.285874 1492 [DEBUG] Allocating zone(new=0) start: 0x108000000 wp: 0x108f87400 lt: 5 file lt: 3
2026/04/19-18:00:18.285883 1492 [Zonestats:time(s),used_cap(MB),reclaimable_cap(MB), avg_reclaimable(%), active(#), active_zones(#), open_zones(#)] 210 2079 3680 63 9 9 3
2026/04/19-18:00:18.285890 1492 [DEBUG] Syncing metadata for: /db_working_home/000419.sst
2026/04/19-18:00:18.430126 1492 [DEBUG] Syncing metadata for: /db_working_home/000419.sst
2026/04/19-18:00:18.431142 1492 [DEBUG] Syncing metadata for: /db_working_home/000419.sst
2026/04/19-18:00:18.432331 1492 [DEBUG] New random access file: /db_working_home/000419.sst direct: 1
2026/04/19-18:00:18.432954 1492 [DEBUG] GetFileSize: /db_working_home/000419.sst 
2026/04/19-18:00:18.435947 1492 [DEBUG] Syncing metadata for: /db_working_home/MANIFEST-000199
2026/04/19-18:00:18.436699 1492 [DEBUG] GetFileSize: /db_working_home/000419.sst 
2026/04/19-18:00:18.441651 1492 [DEBUG] Syncing metadata for: /db_working_home/000415.log
2026/04/19-18:00:18.442732 1492 [DEBUG] DeleteFile: ./db_working_home/000415.log 
2026/04/19-18:00:18.443710 1492 [Zonestats:time(s),used_cap(MB),reclaimable_cap(MB), avg_reclaimable(%), active(#), active_zones(#), open_zones(#)] 210 2079 3680 63 9 9 1
2026/04/19-18:00:18.462797 1488 [DEBUG] Allocating zone(new=0) start: 0x190000000 wp: 0x193150a00 lt: 3 file lt: 2
2026/04/19-18:00:18.462807 1488 [DEBUG] Syncing metadata for: /db_working_home/000418.log
2026/04/19-18:00:18.524750 1490 Zone Garbage Stats: [80 6 2 1 2 14 3 5 1 3 5 0 ]
2026/04/19-18:00:18.524872 1490 Total Garbage Bytes: 563381115 bytes
2026/04/19-18:00:18.966277 1491 [DEBUG] Allocating zone(new=1) start: 0xd0000000 wp: 0xd0000000 lt: 5 file lt: 5
2026/04/19-18:00:18.966294 1491 [Zonestats:time(s),used_cap(MB),reclaimable_cap(MB), avg_reclaimable(%), active(#), active_zones(#), open_zones(#)] 210 2087 3672 63 8 9 3
2026/04/19-18:00:18.966303 1491 [DEBUG] Syncing metadata for: /db_working_home/000417.sst
2026/04/19-18:00:19.525104 1490 Zone Garbage Stats: [79 6 2 1 2 14 4 5 1 3 5 0 ]
2026/04/19-18:00:19.525197 1490 Total Garbage Bytes: 563381447 bytes
2026/04/19-18:00:19.576137 1491 [DEBUG] Syncing metadata for: /db_working_home/000417.sst
2026/04/19-18:00:19.576779 1491 [DEBUG] Syncing metadata for: /db_working_home/000417.sst
2026/04/19-18:00:19.577519 1491 [DEBUG] GetFileSize: /db_working_home/000417.sst 
2026/04/19-18:00:19.577556 1491 [DEBUG] New writable file: /db_working_home/000420.sst direct: 1
2026/04/19-18:00:19.580781 1491 Entering Apply Finish Threshold Function
2026/04/19-18:00:19.580794 1491 Finishing zone: Entering Finish()
2026/04/19-18:00:19.854819 1488 [DEBUG] New writable file: /db_working_home/000421.log direct: 0
2026/04/19-18:00:19.855750 1492 [DEBUG] New writable file: /db_working_home/000422.sst direct: 1
2026/04/19-18:00:19.858965 1492 Entering Apply Finish Threshold Function
2026/04/19-18:00:19.858991 1492 [DEBUG] Allocating zone(new=0) start: 0x108000000 wp: 0x109edde00 lt: 5 file lt: 3
2026/04/19-18:00:19.858999 1492 [Zonestats:time(s),used_cap(MB),reclaimable_cap(MB), avg_reclaimable(%), active(#), active_zones(#), open_zones(#)] 211 2148 3739 63 9 9 3
2026/04/19-18:00:19.859005 1492 [DEBUG] Syncing metadata for: /db_working_home/000422.sst
2026/04/19-18:00:20.002369 1492 [DEBUG] Syncing metadata for: /db_working_home/000422.sst
2026/04/19-18:00:20.003387 1492 [DEBUG] Syncing metadata for: /db_working_home/000422.sst
2026/04/19-18:00:20.004590 1492 [DEBUG] New random access file: /db_working_home/000422.sst direct: 1
2026/04/19-18:00:20.004780 1492 [DEBUG] GetFileSize: /db_working_home/000422.sst 
2026/04/19-18:00:20.007861 1492 [DEBUG] Syncing metadata for: /db_working_home/MANIFEST-000199
2026/04/19-18:00:20.008616 1492 [DEBUG] GetFileSize: /db_working_home/000422.sst 
2026/04/19-18:00:20.013799 1492 [DEBUG] Syncing metadata for: /db_working_home/000418.log
2026/04/19-18:00:20.014876 1492 [DEBUG] DeleteFile: ./db_working_home/000418.log 
2026/04/19-18:00:20.015858 1492 [Zonestats:time(s),used_cap(MB),reclaimable_cap(MB), avg_reclaimable(%), active(#), active_zones(#), open_zones(#)] 212 2148 3739 63 9 9 1
2026/04/19-18:00:20.030763 1488 [DEBUG] Allocating zone(new=0) start: 0x190000000 wp: 0x1940e9400 lt: 3 file lt: 2
2026/04/19-18:00:20.030773 1488 [DEBUG] Syncing metadata for: /db_working_home/000421.log
2026/04/19-18:00:20.525396 1490 Zone Garbage Stats: [79 6 2 1 2 14 4 5 1 3 5 0 ]
2026/04/19-18:00:20.525414 1490 Total Garbage Bytes: 563381782 bytes
2026/04/19-18:00:20.567138 1491 Finishing zone: Entering Finish()
2026/04/19-18:00:21.122773 1488 [DEBUG] New writable file: /db_working_home/000423.log direct: 0
2026/04/19-18:00:21.123823 1492 [DEBUG] New writable file: /db_working_home/000424.sst direct: 1
2026/04/19-18:00:21.126721 1492 Entering Apply Finish Threshold Function
2026/04/19-18:00:21.126750 1492 [DEBUG] Allocating zone(new=1) start: 0x140000000 wp: 0x140000000 lt: 3 file lt: 3
2026/04/19-18:00:21.126758 1492 [Zonestats:time(s),used_cap(MB),reclaimable_cap(MB), avg_reclaimable(%), active(#), active_zones(#), open_zones(#)] 213 2163 3724 63 8 9 3
2026/04/19-18:00:21.126764 1492 [DEBUG] Syncing metadata for: /db_working_home/000424.sst
2026/04/19-18:00:21.272968 1492 [DEBUG] Syncing metadata for: /db_working_home/000424.sst
2026/04/19-18:00:21.273562 1492 [DEBUG] Syncing metadata for: /db_working_home/000424.sst
2026/04/19-18:00:21.274789 1492 [DEBUG] New random access file: /db_working_home/000424.sst direct: 1
2026/04/19-18:00:21.275010 1492 [DEBUG] GetFileSize: /db_working_home/000424.sst 
2026/04/19-18:00:21.277838 1492 [DEBUG] Syncing metadata for: /db_working_home/MANIFEST-000199
2026/04/19-18:00:21.278663 1492 [DEBUG] GetFileSize: /db_working_home/000424.sst 
2026/04/19-18:00:21.283587 1492 [DEBUG] Syncing metadata for: /db_working_home/000421.log
2026/04/19-18:00:21.284741 1492 [DEBUG] DeleteFile: ./db_working_home/000421.log 
2026/04/19-18:00:21.285769 1492 [Zonestats:time(s),used_cap(MB),reclaimable_cap(MB), avg_reclaimable(%), active(#), active_zones(#), open_zones(#)] 213 2164 3851 64 9 9 1
2026/04/19-18:00:21.323030 1488 [DEBUG] Allocating zone(new=0) start: 0x190000000 wp: 0x195082200 lt: 3 file lt: 2
2026/04/19-18:00:21.323042 1488 [DEBUG] Syncing metadata for: /db_working_home/000423.log
2026/04/19-18:00:21.525604 1490 Zone Garbage Stats: [78 6 2 1 2 14 5 5 1 3 5 0 ]
2026/04/19-18:00:21.525621 1490 Total Garbage Bytes: 563380987 bytes
2026/04/19-18:00:21.634434 1491 [DEBUG] Allocating zone(new=1) start: 0x170000000 wp: 0x170000000 lt: 5 file lt: 5
2026/04/19-18:00:21.634451 1491 [Zonestats:time(s),used_cap(MB),reclaimable_cap(MB), avg_reclaimable(%), active(#), active_zones(#), open_zones(#)] 213 2168 3847 63 8 9 3
2026/04/19-18:00:21.634460 1491 [DEBUG] Syncing metadata for: /db_working_home/000420.sst
2026/04/19-18:00:22.256308 1491 [DEBUG] Syncing metadata for: /db_working_home/000420.sst
2026/04/19-18:00:22.256921 1491 [DEBUG] Syncing metadata for: /db_working_home/000420.sst
2026/04/19-18:00:22.257702 1491 [DEBUG] GetFileSize: /db_working_home/000420.sst 
2026/04/19-18:00:22.257736 1491 [DEBUG] New writable file: /db_working_home/000425.sst direct: 1
2026/04/19-18:00:22.260923 1491 Entering Apply Finish Threshold Function
2026/04/19-18:00:22.260937 1491 Finishing zone: Entering Finish()
2026/04/19-18:00:22.525816 1490 Zone Garbage Stats: [77 6 2 1 2 14 5 6 1 3 5 0 ]
2026/04/19-18:00:22.525835 1490 Total Garbage Bytes: 563382192 bytes
2026/04/19-18:00:22.917615 1488 [DEBUG] New writable file: /db_working_home/000426.log direct: 0
2026/04/19-18:00:22.918637 1492 [DEBUG] New writable file: /db_working_home/000427.sst direct: 1
2026/04/19-18:00:22.921467 1492 Entering Apply Finish Threshold Function
2026/04/19-18:00:22.921495 1492 [DEBUG] Allocating zone(new=1) start: 0x198000000 wp: 0x198000000 lt: 3 file lt: 3
2026/04/19-18:00:22.921503 1492 [Zonestats:time(s),used_cap(MB),reclaimable_cap(MB), avg_reclaimable(%), active(#), active_zones(#), open_zones(#)] 214 2234 3909 63 9 10 3
2026/04/19-18:00:22.921510 1492 [DEBUG] Syncing metadata for: /db_working_home/000427.sst
2026/04/19-18:00:23.068355 1492 [DEBUG] Syncing metadata for: /db_working_home/000427.sst
2026/04/19-18:00:23.068932 1492 [DEBUG] Syncing metadata for: /db_working_home/000427.sst
2026/04/19-18:00:23.070150 1492 [DEBUG] New random access file: /db_working_home/000427.sst direct: 1
2026/04/19-18:00:23.070372 1492 [DEBUG] GetFileSize: /db_working_home/000427.sst 
2026/04/19-18:00:23.073187 1492 [DEBUG] Syncing metadata for: /db_working_home/MANIFEST-000199
2026/04/19-18:00:23.073860 1492 [DEBUG] GetFileSize: /db_working_home/000427.sst 
2026/04/19-18:00:23.079728 1492 [DEBUG] Syncing metadata for: /db_working_home/000423.log
2026/04/19-18:00:23.080739 1492 [DEBUG] DeleteFile: ./db_working_home/000423.log 
2026/04/19-18:00:23.081717 1492 [Zonestats:time(s),used_cap(MB),reclaimable_cap(MB), avg_reclaimable(%), active(#), active_zones(#), open_zones(#)] 215 2234 4037 64 10 10 1
2026/04/19-18:00:23.126472 1488 [DEBUG] Allocating zone(new=0) start: 0x198000000 wp: 0x198f55e00 lt: 3 file lt: 2
2026/04/19-18:00:23.126484 1488 [DEBUG] Syncing metadata for: /db_working_home/000426.log
2026/04/19-18:00:23.225538 1491 Finishing zone: Entering Finish()
2026/04/19-18:00:23.525967 1490 Zone Garbage Stats: [76 6 2 1 2 14 6 6 1 3 5 0 ]
2026/04/19-18:00:23.526042 1490 Total Garbage Bytes: 563382575 bytes
2026/04/19-18:00:23.593864 1491 [DEBUG] Allocating zone(new=1) start: 0x1a0000000 wp: 0x1a0000000 lt: 5 file lt: 5
2026/04/19-18:00:23.593881 1491 [Zonestats:time(s),used_cap(MB),reclaimable_cap(MB), avg_reclaimable(%), active(#), active_zones(#), open_zones(#)] 215 2240 4031 64 8 9 3
2026/04/19-18:00:23.593890 1491 [DEBUG] Syncing metadata for: /db_working_home/000425.sst
2026/04/19-18:00:24.369000 1491 [DEBUG] Syncing metadata for: /db_working_home/000425.sst
2026/04/19-18:00:24.369577 1491 [DEBUG] Syncing metadata for: /db_working_home/000425.sst
2026/04/19-18:00:24.370392 1491 [DEBUG] GetFileSize: /db_working_home/000425.sst 
2026/04/19-18:00:24.370427 1491 [DEBUG] New writable file: /db_working_home/000428.sst direct: 1
2026/04/19-18:00:24.376199 1491 Entering Apply Finish Threshold Function
2026/04/19-18:00:24.376215 1491 Finishing zone: Entering Finish()
2026/04/19-18:00:24.526175 1490 Zone Garbage Stats: [75 6 2 1 2 14 6 6 1 4 5 0 ]
2026/04/19-18:00:24.526191 1490 Total Garbage Bytes: 645151756 bytes
2026/04/19-18:00:24.973032 1488 [DEBUG] New writable file: /db_working_home/000429.log direct: 0
2026/04/19-18:00:24.974023 1492 [DEBUG] New writable file: /db_working_home/000430.sst direct: 1
2026/04/19-18:00:24.976885 1492 Entering Apply Finish Threshold Function
2026/04/19-18:00:24.976914 1492 [DEBUG] Allocating zone(new=1) start: 0x1a8000000 wp: 0x1a8000000 lt: 3 file lt: 3
2026/04/19-18:00:24.976921 1492 [Zonestats:time(s),used_cap(MB),reclaimable_cap(MB), avg_reclaimable(%), active(#), active_zones(#), open_zones(#)] 216 2318 4081 63 9 10 3
2026/04/19-18:00:24.976928 1492 [DEBUG] Syncing metadata for: /db_working_home/000430.sst
2026/04/19-18:00:25.122865 1492 [DEBUG] Syncing metadata for: /db_working_home/000430.sst
2026/04/19-18:00:25.123859 1492 [DEBUG] Syncing metadata for: /db_working_home/000430.sst
2026/04/19-18:00:25.125045 1492 [DEBUG] New random access file: /db_working_home/000430.sst direct: 1
2026/04/19-18:00:25.125709 1492 [DEBUG] GetFileSize: /db_working_home/000430.sst 
2026/04/19-18:00:25.128683 1492 [DEBUG] Syncing metadata for: /db_working_home/MANIFEST-000199
2026/04/19-18:00:25.129424 1492 [DEBUG] GetFileSize: /db_working_home/000430.sst 
2026/04/19-18:00:25.134573 1492 [DEBUG] Syncing metadata for: /db_working_home/000426.log
2026/04/19-18:00:25.135718 1492 [DEBUG] DeleteFile: ./db_working_home/000426.log 
2026/04/19-18:00:25.136698 1492 [Zonestats:time(s),used_cap(MB),reclaimable_cap(MB), avg_reclaimable(%), active(#), active_zones(#), open_zones(#)] 217 2319 4208 64 10 10 1
2026/04/19-18:00:25.165843 1491 [DEBUG] Allocating zone(new=1) start: 0x1b0000000 wp: 0x1b0000000 lt: 5 file lt: 5
2026/04/19-18:00:25.165858 1491 [Zonestats:time(s),used_cap(MB),reclaimable_cap(MB), avg_reclaimable(%), active(#), active_zones(#), open_zones(#)] 217 2319 4208 64 9 10 2
2026/04/19-18:00:25.165867 1491 [DEBUG] Syncing metadata for: /db_working_home/000428.sst
2026/04/19-18:00:25.223869 1488 [DEBUG] Allocating zone(new=0) start: 0x1a8000000 wp: 0x1a8f54a00 lt: 3 file lt: 2
2026/04/19-18:00:25.223882 1488 [DEBUG] Syncing metadata for: /db_working_home/000429.log
2026/04/19-18:00:25.388078 1491 [DEBUG] Syncing metadata for: /db_working_home/000428.sst
2026/04/19-18:00:25.388692 1491 [DEBUG] Syncing metadata for: /db_working_home/000428.sst
2026/04/19-18:00:25.389515 1491 [DEBUG] GetFileSize: /db_working_home/000428.sst 
2026/04/19-18:00:25.390938 1491 [DEBUG] New random access file: /db_working_home/000414.sst direct: 1
2026/04/19-18:00:25.391218 1491 [DEBUG] GetFileSize: /db_working_home/000414.sst 
2026/04/19-18:00:25.391395 1491 [DEBUG] New random access file: /db_working_home/000417.sst direct: 1
2026/04/19-18:00:25.391741 1491 [DEBUG] GetFileSize: /db_working_home/000417.sst 
2026/04/19-18:00:25.391896 1491 [DEBUG] New random access file: /db_working_home/000420.sst direct: 1
2026/04/19-18:00:25.392194 1491 [DEBUG] GetFileSize: /db_working_home/000420.sst 
2026/04/19-18:00:25.392331 1491 [DEBUG] New random access file: /db_working_home/000425.sst direct: 1
2026/04/19-18:00:25.392594 1491 [DEBUG] GetFileSize: /db_working_home/000425.sst 
2026/04/19-18:00:25.392735 1491 [DEBUG] New random access file: /db_working_home/000428.sst direct: 1
2026/04/19-18:00:25.392900 1491 [DEBUG] GetFileSize: /db_working_home/000428.sst 
2026/04/19-18:00:25.393967 1491 [DEBUG] Syncing metadata for: /db_working_home/MANIFEST-000199
2026/04/19-18:00:25.422138 1491 [DEBUG] New writable file: /db_working_home/000431.sst direct: 1
2026/04/19-18:00:25.426853 1491 Entering Apply Finish Threshold Function
2026/04/19-18:00:25.426881 1491 [DEBUG] Allocating zone(new=0) start: 0x1b0000000 wp: 0x1b141a600 lt: 5 file lt: 3
2026/04/19-18:00:25.426888 1491 [Zonestats:time(s),used_cap(MB),reclaimable_cap(MB), avg_reclaimable(%), active(#), active_zones(#), open_zones(#)] 217 2340 4315 64 10 10 3
2026/04/19-18:00:25.426896 1491 [DEBUG] Syncing metadata for: /db_working_home/000431.sst
2026/04/19-18:00:25.526381 1490 Zone Garbage Stats: [73 6 3 1 2 15 6 6 1 4 5 0 ]
2026/04/19-18:00:25.526397 1490 Total Garbage Bytes: 661505195 bytes
2026/04/19-18:00:26.058535 1491 [DEBUG] Syncing metadata for: /db_working_home/000431.sst
2026/04/19-18:00:26.062635 1491 [DEBUG] Syncing metadata for: /db_working_home/000431.sst
2026/04/19-18:00:26.063371 1491 [DEBUG] GetFileSize: /db_working_home/000431.sst 
2026/04/19-18:00:26.063406 1491 [DEBUG] New writable file: /db_working_home/000432.sst direct: 1
2026/04/19-18:00:26.069430 1491 Entering Apply Finish Threshold Function
2026/04/19-18:00:26.069452 1491 Finishing zone: Entering Finish()
2026/04/19-18:00:26.526588 1490 Zone Garbage Stats: [73 6 3 1 2 15 6 6 1 4 5 0 ]
2026/04/19-18:00:26.526607 1490 Total Garbage Bytes: 661505195 bytes
2026/04/19-18:00:26.681748 1491 [DEBUG] Allocating zone(new=1) start: 0x1b8000000 wp: 0x1b8000000 lt: 3 file lt: 3
2026/04/19-18:00:26.681766 1491 [Zonestats:time(s),used_cap(MB),reclaimable_cap(MB), avg_reclaimable(%), active(#), active_zones(#), open_zones(#)] 218 2404 4251 63 9 10 3
2026/04/19-18:00:26.681775 1491 [DEBUG] Syncing metadata for: /db_working_home/000432.sst
2026/04/19-18:00:27.506862 1488 [DEBUG] New writable file: /db_working_home/000433.log direct: 0
2026/04/19-18:00:27.507784 1492 [DEBUG] New writable file: /db_working_home/000434.sst direct: 1
2026/04/19-18:00:27.516092 1492 Entering Apply Finish Threshold Function
2026/04/19-18:00:27.516124 1492 [DEBUG] Allocating zone(new=1) start: 0x1c0000000 wp: 0x1c0000000 lt: 3 file lt: 3
2026/04/19-18:00:27.516132 1492 [Zonestats:time(s),used_cap(MB),reclaimable_cap(MB), avg_reclaimable(%), active(#), active_zones(#), open_zones(#)] 219 2408 4247 63 10 11 4
2026/04/19-18:00:27.516138 1492 [DEBUG] Syncing metadata for: /db_working_home/000434.sst
2026/04/19-18:00:27.526708 1490 Zone Garbage Stats: [71 6 3 1 2 16 6 6 1 4 5 0 ]
2026/04/19-18:00:27.526721 1490 Total Garbage Bytes: 661505683 bytes
2026/04/19-18:00:27.688466 1492 [DEBUG] Syncing metadata for: /db_working_home/000434.sst
2026/04/19-18:00:27.690864 1492 [DEBUG] Syncing metadata for: /db_working_home/000434.sst
2026/04/19-18:00:27.691532 1492 [DEBUG] New random access file: /db_working_home/000434.sst direct: 1
2026/04/19-18:00:27.691712 1492 [DEBUG] GetFileSize: /db_working_home/000434.sst 
2026/04/19-18:00:27.699329 1492 [DEBUG] Syncing metadata for: /db_working_home/MANIFEST-000199
2026/04/19-18:00:27.701889 1492 [DEBUG] GetFileSize: /db_working_home/000434.sst 
2026/04/19-18:00:27.712297 1492 [DEBUG] Syncing metadata for: /db_working_home/000429.log
2026/04/19-18:00:27.715379 1492 [DEBUG] DeleteFile: ./db_working_home/000339.sst 
2026/04/19-18:00:27.716189 1492 [Zonestats:time(s),used_cap(MB),reclaimable_cap(MB), avg_reclaimable(%), active(#), active_zones(#), open_zones(#)] 219 2296 4231 64 11 11 2
2026/04/19-18:00:27.716235 1492 [DEBUG] DeleteFile: ./db_working_home/000383.sst 
2026/04/19-18:00:27.717040 1492 [Zonestats:time(s),used_cap(MB),reclaimable_cap(MB), avg_reclaimable(%), active(#), active_zones(#), open_zones(#)] 219 2212 4187 65 11 11 2
2026/04/19-18:00:27.717074 1492 [DEBUG] DeleteFile: ./db_working_home/000429.log 
2026/04/19-18:00:27.723116 1492 [Zonestats:time(s),used_cap(MB),reclaimable_cap(MB), avg_reclaimable(%), active(#), active_zones(#), open_zones(#)] 219 2197 4202 65 11 11 2
2026/04/19-18:00:27.881289 1488 [DEBUG] Allocating zone(new=0) start: 0x1c0000000 wp: 0x1c0f55c00 lt: 3 file lt: 2
2026/04/19-18:00:27.881303 1488 [DEBUG] Syncing metadata for: /db_working_home/000433.log
2026/04/19-18:00:27.967364 1491 [DEBUG] Syncing metadata for: /db_working_home/000432.sst
2026/04/19-18:00:27.967959 1491 [DEBUG] Syncing metadata for: /db_working_home/000432.sst
2026/04/19-18:00:27.968751 1491 [DEBUG] GetFileSize: /db_working_home/000432.sst 
2026/04/19-18:00:27.968787 1491 [DEBUG] New writable file: /db_working_home/000435.sst direct: 1
2026/04/19-18:00:27.972075 1491 Entering Apply Finish Threshold Function
2026/04/19-18:00:27.972087 1491 Finishing zone: Entering Finish()
2026/04/19-18:00:28.318577 1491 [DEBUG] Allocating zone(new=1) start: 0x70000000 wp: 0x70000000 lt: 3 file lt: 3
2026/04/19-18:00:28.318596 1491 [Zonestats:time(s),used_cap(MB),reclaimable_cap(MB), avg_reclaimable(%), active(#), active_zones(#), open_zones(#)] 220 2300 4227 64 10 11 3
2026/04/19-18:00:28.318605 1491 [DEBUG] Syncing metadata for: /db_working_home/000435.sst
2026/04/19-18:00:28.526918 1490 Zone Garbage Stats: [73 5 4 2 1 16 6 6 1 4 4 0 ]
2026/04/19-18:00:28.526996 1490 Total Garbage Bytes: 586402184 bytes
2026/04/19-18:00:28.889776 1491 [DEBUG] Syncing metadata for: /db_working_home/000435.sst
2026/04/19-18:00:28.890393 1491 [DEBUG] Syncing metadata for: /db_working_home/000435.sst
2026/04/19-18:00:28.891178 1491 [DEBUG] GetFileSize: /db_working_home/000435.sst 
2026/04/19-18:00:28.892631 1491 [DEBUG] New random access file: /db_working_home/000431.sst direct: 1
2026/04/19-18:00:28.892914 1491 [DEBUG] GetFileSize: /db_working_home/000431.sst 
2026/04/19-18:00:28.893085 1491 [DEBUG] New random access file: /db_working_home/000432.sst direct: 1
2026/04/19-18:00:28.893356 1491 [DEBUG] GetFileSize: /db_working_home/000432.sst 
2026/04/19-18:00:28.893515 1491 [DEBUG] New random access file: /db_working_home/000435.sst direct: 1
2026/04/19-18:00:28.893710 1491 [DEBUG] GetFileSize: /db_working_home/000435.sst 
2026/04/19-18:00:28.894629 1491 [DEBUG] Syncing metadata for: /db_working_home/MANIFEST-000199
2026/04/19-18:00:28.896055 1491 [DEBUG] Syncing metadata for: /db_working_home/MANIFEST-000199
2026/04/19-18:00:28.896817 1491 [DEBUG] DeleteFile: ./db_working_home/000403.sst 
2026/04/19-18:00:28.897520 1491 [Zonestats:time(s),used_cap(MB),reclaimable_cap(MB), avg_reclaimable(%), active(#), active_zones(#), open_zones(#)] 220 2294 4233 64 11 11 2
2026/04/19-18:00:28.897562 1491 [DEBUG] DeleteFile: ./db_working_home/000405.sst 
2026/04/19-18:00:28.898216 1491 [Zonestats:time(s),used_cap(MB),reclaimable_cap(MB), avg_reclaimable(%), active(#), active_zones(#), open_zones(#)] 220 2279 4120 64 10 10 2
2026/04/19-18:00:28.898252 1491 [DEBUG] DeleteFile: ./db_working_home/000406.sst 
2026/04/19-18:00:28.898893 1491 [Zonestats:time(s),used_cap(MB),reclaimable_cap(MB), avg_reclaimable(%), active(#), active_zones(#), open_zones(#)] 220 2261 4010 63 10 10 2
2026/04/19-18:00:28.898927 1491 [DEBUG] DeleteFile: ./db_working_home/000408.sst 
2026/04/19-18:00:28.899565 1491 [Zonestats:time(s),used_cap(MB),reclaimable_cap(MB), avg_reclaimable(%), active(#), active_zones(#), open_zones(#)] 220 2245 3898 63 9 9 2
2026/04/19-18:00:28.899598 1491 [DEBUG] DeleteFile: ./db_working_home/000412.sst 
2026/04/19-18:00:28.900236 1491 [Zonestats:time(s),used_cap(MB),reclaimable_cap(MB), avg_reclaimable(%), active(#), active_zones(#), open_zones(#)] 220 2230 3785 62 8 8 2
2026/04/19-18:00:28.900269 1491 [DEBUG] DeleteFile: ./db_working_home/000416.sst 
2026/04/19-18:00:28.900822 1491 [Zonestats:time(s),used_cap(MB),reclaimable_cap(MB), avg_reclaimable(%), active(#), active_zones(#), open_zones(#)] 220 2215 3800 63 8 8 2
2026/04/19-18:00:28.900855 1491 [DEBUG] DeleteFile: ./db_working_home/000419.sst 
2026/04/19-18:00:28.901404 1491 [Zonestats:time(s),used_cap(MB),reclaimable_cap(MB), avg_reclaimable(%), active(#), active_zones(#), open_zones(#)] 220 2199 3816 63 8 8 2
2026/04/19-18:00:28.901444 1491 [DEBUG] DeleteFile: ./db_working_home/000422.sst 
2026/04/19-18:00:28.902060 1491 [Zonestats:time(s),used_cap(MB),reclaimable_cap(MB), avg_reclaimable(%), active(#), active_zones(#), open_zones(#)] 220 2184 3831 63 8 8 2
2026/04/19-18:00:28.902091 1491 [DEBUG] DeleteFile: ./db_working_home/000424.sst 
2026/04/19-18:00:28.902810 1491 [Zonestats:time(s),used_cap(MB),reclaimable_cap(MB), avg_reclaimable(%), active(#), active_zones(#), open_zones(#)] 220 2169 3718 63 7 7 2
2026/04/19-18:00:28.902857 1491 [DEBUG] DeleteFile: ./db_working_home/000427.sst 
2026/04/19-18:00:28.903496 1491 [Zonestats:time(s),used_cap(MB),reclaimable_cap(MB), avg_reclaimable(%), active(#), active_zones(#), open_zones(#)] 220 2153 3606 62 6 6 2
2026/04/19-18:00:28.903527 1491 [DEBUG] DeleteFile: ./db_working_home/000430.sst 
2026/04/19-18:00:28.904162 1491 [Zonestats:time(s),used_cap(MB),reclaimable_cap(MB), avg_reclaimable(%), active(#), active_zones(#), open_zones(#)] 220 2138 3493 62 5 5 2
2026/04/19-18:00:28.909664 1491 [DEBUG] New writable file: /db_working_home/000436.sst direct: 1
2026/04/19-18:00:28.912762 1491 Entering Apply Finish Threshold Function
2026/04/19-18:00:28.912771 1491 Finishing zone: Entering Finish()
2026/04/19-18:00:29.280913 1488 [DEBUG] New writable file: /db_working_home/000437.log direct: 0
2026/04/19-18:00:29.281983 1492 [DEBUG] New writable file: /db_working_home/000438.sst direct: 1
2026/04/19-18:00:29.284848 1492 Entering Apply Finish Threshold Function
2026/04/19-18:00:29.284874 1492 [DEBUG] Allocating zone(new=1) start: 0x58000000 wp: 0x58000000 lt: 3 file lt: 3
2026/04/19-18:00:29.284882 1492 [Zonestats:time(s),used_cap(MB),reclaimable_cap(MB), avg_reclaimable(%), active(#), active_zones(#), open_zones(#)] 221 2146 3485 61 5 6 3
2026/04/19-18:00:29.284889 1492 [DEBUG] Syncing metadata for: /db_working_home/000438.sst
2026/04/19-18:00:29.430756 1492 [DEBUG] Syncing metadata for: /db_working_home/000438.sst
2026/04/19-18:00:29.431335 1492 [DEBUG] Syncing metadata for: /db_working_home/000438.sst
2026/04/19-18:00:29.432319 1492 [DEBUG] New random access file: /db_working_home/000438.sst direct: 1
2026/04/19-18:00:29.432544 1492 [DEBUG] GetFileSize: /db_working_home/000438.sst 
2026/04/19-18:00:29.435154 1492 [DEBUG] Syncing metadata for: /db_working_home/MANIFEST-000199
2026/04/19-18:00:29.435905 1492 [DEBUG] GetFileSize: /db_working_home/000438.sst 
2026/04/19-18:00:29.441046 1492 [DEBUG] Syncing metadata for: /db_working_home/000433.log
2026/04/19-18:00:29.442200 1492 [DEBUG] DeleteFile: ./db_working_home/000433.log 
2026/04/19-18:00:29.443177 1492 [Zonestats:time(s),used_cap(MB),reclaimable_cap(MB), avg_reclaimable(%), active(#), active_zones(#), open_zones(#)] 221 2146 3613 62 6 6 1
2026/04/19-18:00:29.449251 1488 [DEBUG] Allocating zone(new=0) start: 0x1c0000000 wp: 0x1c1eee800 lt: 3 file lt: 2
2026/04/19-18:00:29.449262 1488 [DEBUG] Syncing metadata for: /db_working_home/000437.log
2026/04/19-18:00:29.527184 1490 Zone Garbage Stats: [80 4 0 2 1 16 5 5 1 3 5 0 ]
2026/04/19-18:00:29.527198 1490 Total Garbage Bytes: 487459599 bytes
2026/04/19-18:00:29.986855 1491 [DEBUG] Allocating zone(new=1) start: 0xb0000000 wp: 0xb0000000 lt: 4 file lt: 4
2026/04/19-18:00:29.986873 1491 [Zonestats:time(s),used_cap(MB),reclaimable_cap(MB), avg_reclaimable(%), active(#), active_zones(#), open_zones(#)] 221 2156 3603 62 5 6 3
2026/04/19-18:00:29.986882 1491 [DEBUG] Syncing metadata for: /db_working_home/000436.sst
2026/04/19-18:00:30.527390 1490 Zone Garbage Stats: [79 4 0 2 1 16 5 6 1 3 5 0 ]
2026/04/19-18:00:30.527429 1490 Total Garbage Bytes: 487459970 bytes
2026/04/19-18:00:30.851930 1488 [DEBUG] New writable file: /db_working_home/000439.log direct: 0
2026/04/19-18:00:30.859385 1492 [DEBUG] New writable file: /db_working_home/000440.sst direct: 1
2026/04/19-18:00:30.862148 1492 Entering Apply Finish Threshold Function
2026/04/19-18:00:30.862176 1492 [DEBUG] Allocating zone(new=1) start: 0x138000000 wp: 0x138000000 lt: 3 file lt: 3
2026/04/19-18:00:30.862184 1492 [Zonestats:time(s),used_cap(MB),reclaimable_cap(MB), avg_reclaimable(%), active(#), active_zones(#), open_zones(#)] 222 2161 3598 62 6 7 4
2026/04/19-18:00:30.862191 1492 [DEBUG] Syncing metadata for: /db_working_home/000440.sst
2026/04/19-18:00:31.071643 1492 [DEBUG] Syncing metadata for: /db_working_home/000440.sst
2026/04/19-18:00:31.074350 1492 [DEBUG] Syncing metadata for: /db_working_home/000440.sst
2026/04/19-18:00:31.075007 1492 [DEBUG] New random access file: /db_working_home/000440.sst direct: 1
2026/04/19-18:00:31.081942 1492 [DEBUG] GetFileSize: /db_working_home/000440.sst 
2026/04/19-18:00:31.084366 1492 [DEBUG] Syncing metadata for: /db_working_home/MANIFEST-000199
2026/04/19-18:00:31.092676 1492 [DEBUG] GetFileSize: /db_working_home/000440.sst 
2026/04/19-18:00:31.106661 1492 [DEBUG] Syncing metadata for: /db_working_home/000437.log
2026/04/19-18:00:31.107351 1492 [DEBUG] DeleteFile: ./db_working_home/000437.log 
2026/04/19-18:00:31.107960 1492 [Zonestats:time(s),used_cap(MB),reclaimable_cap(MB), avg_reclaimable(%), active(#), active_zones(#), open_zones(#)] 223 2162 3725 63 7 7 2
2026/04/19-18:00:31.160601 1488 [DEBUG] Allocating zone(new=0) start: 0x1c0000000 wp: 0x1c2e87000 lt: 3 file lt: 2
2026/04/19-18:00:31.160615 1488 [DEBUG] Syncing metadata for: /db_working_home/000439.log
2026/04/19-18:00:31.165072 1491 [DEBUG] Syncing metadata for: /db_working_home/000436.sst
2026/04/19-18:00:31.166113 1491 [DEBUG] Syncing metadata for: /db_working_home/000436.sst
2026/04/19-18:00:31.174060 1491 [DEBUG] GetFileSize: /db_working_home/000436.sst 
2026/04/19-18:00:31.175291 1491 [DEBUG] New random access file: /db_working_home/000436.sst direct: 1
2026/04/19-18:00:31.175572 1491 [DEBUG] GetFileSize: /db_working_home/000436.sst 
2026/04/19-18:00:31.176472 1491 [DEBUG] Syncing metadata for: /db_working_home/MANIFEST-000199
2026/04/19-18:00:31.182850 1491 [DEBUG] New writable file: /db_working_home/000441.sst direct: 1
2026/04/19-18:00:31.186017 1491 Entering Apply Finish Threshold Function
2026/04/19-18:00:31.186027 1491 Finishing zone: Entering Finish()
2026/04/19-18:00:31.527622 1490 Zone Garbage Stats: [78 5 0 2 1 16 5 6 1 3 5 0 ]
2026/04/19-18:00:31.527640 1490 Total Garbage Bytes: 487460150 bytes
2026/04/19-18:00:31.539722 1491 [DEBUG] Allocating zone(new=1) start: 0x140000000 wp: 0x140000000 lt: 5 file lt: 5
2026/04/19-18:00:31.539737 1491 [Zonestats:time(s),used_cap(MB),reclaimable_cap(MB), avg_reclaimable(%), active(#), active_zones(#), open_zones(#)] 223 2267 3748 62 6 7 3
2026/04/19-18:00:31.539747 1491 [DEBUG] Syncing metadata for: /db_working_home/000441.sst
2026/04/19-18:00:32.340036 1491 [DEBUG] Syncing metadata for: /db_working_home/000441.sst
2026/04/19-18:00:32.340618 1491 [DEBUG] Syncing metadata for: /db_working_home/000441.sst
2026/04/19-18:00:32.341419 1491 [DEBUG] GetFileSize: /db_working_home/000441.sst 
2026/04/19-18:00:32.342816 1491 [DEBUG] New random access file: /db_working_home/000441.sst direct: 1
2026/04/19-18:00:32.343097 1491 [DEBUG] GetFileSize: /db_working_home/000441.sst 
2026/04/19-18:00:32.344025 1491 [DEBUG] Syncing metadata for: /db_working_home/MANIFEST-000199
2026/04/19-18:00:32.344740 1491 [DEBUG] DeleteFile: ./db_working_home/000391.sst 
2026/04/19-18:00:32.345442 1491 [Zonestats:time(s),used_cap(MB),reclaimable_cap(MB), avg_reclaimable(%), active(#), active_zones(#), open_zones(#)] 224 2293 3722 61 7 7 2
2026/04/19-18:00:32.345483 1491 [DEBUG] DeleteFile: ./db_working_home/000431.sst 
2026/04/19-18:00:32.346050 1491 [Zonestats:time(s),used_cap(MB),reclaimable_cap(MB), avg_reclaimable(%), active(#), active_zones(#), open_zones(#)] 224 2239 3776 62 7 7 2
2026/04/19-18:00:32.351497 1491 [DEBUG] New writable file: /db_working_home/000442.sst direct: 1
2026/04/19-18:00:32.354589 1491 Entering Apply Finish Threshold Function
2026/04/19-18:00:32.354600 1491 Finishing zone: Entering Finish()
2026/04/19-18:00:32.474424 1488 [DEBUG] New writable file: /db_working_home/000443.log direct: 0
2026/04/19-18:00:32.475379 1492 [DEBUG] New writable file: /db_working_home/000444.sst direct: 1
2026/04/19-18:00:32.478799 1492 Entering Apply Finish Threshold Function
2026/04/19-18:00:32.478826 1492 [DEBUG] Allocating zone(new=1) start: 0x118000000 wp: 0x118000000 lt: 3 file lt: 3
2026/04/19-18:00:32.478834 1492 [Zonestats:time(s),used_cap(MB),reclaimable_cap(MB), avg_reclaimable(%), active(#), active_zones(#), open_zones(#)] 224 2241 3774 62 7 8 3
2026/04/19-18:00:32.478841 1492 [DEBUG] Syncing metadata for: /db_working_home/000444.sst
2026/04/19-18:00:32.527838 1490 Zone Garbage Stats: [77 5 0 3 1 15 5 5 1 4 5 0 ]
2026/04/19-18:00:32.527853 1490 Total Garbage Bytes: 544381513 bytes
2026/04/19-18:00:32.625822 1492 [DEBUG] Syncing metadata for: /db_working_home/000444.sst
2026/04/19-18:00:32.626840 1492 [DEBUG] Syncing metadata for: /db_working_home/000444.sst
2026/04/19-18:00:32.627823 1492 [DEBUG] New random access file: /db_working_home/000444.sst direct: 1
2026/04/19-18:00:32.628464 1492 [DEBUG] GetFileSize: /db_working_home/000444.sst 
2026/04/19-18:00:32.631566 1492 [DEBUG] Syncing metadata for: /db_working_home/MANIFEST-000199
2026/04/19-18:00:32.632383 1492 [DEBUG] GetFileSize: /db_working_home/000444.sst 
2026/04/19-18:00:32.637526 1492 [DEBUG] Syncing metadata for: /db_working_home/000439.log
2026/04/19-18:00:32.638714 1492 [DEBUG] DeleteFile: ./db_working_home/000336.sst 
2026/04/19-18:00:32.639784 1492 [Zonestats:time(s),used_cap(MB),reclaimable_cap(MB), avg_reclaimable(%), active(#), active_zones(#), open_zones(#)] 224 2228 3787 62 8 8 1
2026/04/19-18:00:32.639827 1492 [DEBUG] DeleteFile: ./db_working_home/000400.sst 
2026/04/19-18:00:32.640485 1492 [Zonestats:time(s),used_cap(MB),reclaimable_cap(MB), avg_reclaimable(%), active(#), active_zones(#), open_zones(#)] 224 2182 3705 62 8 8 1
2026/04/19-18:00:32.640519 1492 [DEBUG] DeleteFile: ./db_working_home/000439.log 
2026/04/19-18:00:32.641289 1492 [Zonestats:time(s),used_cap(MB),reclaimable_cap(MB), avg_reclaimable(%), active(#), active_zones(#), open_zones(#)] 224 2166 3721 63 8 8 1
2026/04/19-18:00:32.654660 1488 [DEBUG] Allocating zone(new=0) start: 0x1c0000000 wp: 0x1c3e20400 lt: 3 file lt: 2
2026/04/19-18:00:32.654671 1488 [DEBUG] Syncing metadata for: /db_working_home/000443.log
2026/04/19-18:00:33.147248 1491 [DEBUG] Allocating zone(new=1) start: 0x120000000 wp: 0x120000000 lt: 5 file lt: 5
2026/04/19-18:00:33.147266 1491 [Zonestats:time(s),used_cap(MB),reclaimable_cap(MB), avg_reclaimable(%), active(#), active_zones(#), open_zones(#)] 225 2174 3713 63 7 8 3
2026/04/19-18:00:33.147275 1491 [DEBUG] Syncing metadata for: /db_working_home/000442.sst
2026/04/19-18:00:33.528050 1490 Zone Garbage Stats: [78 6 0 3 1 16 5 4 0 4 5 0 ]
2026/04/19-18:00:33.528156 1490 Total Garbage Bytes: 528297949 bytes
2026/04/19-18:00:33.736501 1491 [DEBUG] Syncing metadata for: /db_working_home/000442.sst
2026/04/19-18:00:33.737083 1491 [DEBUG] Syncing metadata for: /db_working_home/000442.sst
2026/04/19-18:00:33.737868 1491 [DEBUG] GetFileSize: /db_working_home/000442.sst 
2026/04/19-18:00:33.737904 1491 [DEBUG] New writable file: /db_working_home/000445.sst direct: 1
2026/04/19-18:00:33.743799 1491 Entering Apply Finish Threshold Function
2026/04/19-18:00:33.743814 1491 Finishing zone: Entering Finish()
2026/04/19-18:00:33.963029 1488 [DEBUG] New writable file: /db_working_home/000446.log direct: 0
2026/04/19-18:00:33.964044 1492 [DEBUG] New writable file: /db_working_home/000447.sst direct: 1
2026/04/19-18:00:33.965893 1492 Entering Apply Finish Threshold Function
2026/04/19-18:00:33.965907 1492 [DEBUG] Allocating zone(new=1) start: 0x160000000 wp: 0x160000000 lt: 3 file lt: 3
2026/04/19-18:00:33.965911 1492 [Zonestats:time(s),used_cap(MB),reclaimable_cap(MB), avg_reclaimable(%), active(#), active_zones(#), open_zones(#)] 225 2234 3781 62 8 9 3
2026/04/19-18:00:33.965914 1492 [DEBUG] Syncing metadata for: /db_working_home/000447.sst
2026/04/19-18:00:34.111315 1492 [DEBUG] Syncing metadata for: /db_working_home/000447.sst
2026/04/19-18:00:34.111892 1492 [DEBUG] Syncing metadata for: /db_working_home/000447.sst
2026/04/19-18:00:34.112874 1492 [DEBUG] New random access file: /db_working_home/000447.sst direct: 1
2026/04/19-18:00:34.113565 1492 [DEBUG] GetFileSize: /db_working_home/000447.sst 
2026/04/19-18:00:34.116565 1492 [DEBUG] Syncing metadata for: /db_working_home/MANIFEST-000199
2026/04/19-18:00:34.117467 1492 [DEBUG] GetFileSize: /db_working_home/000447.sst 
2026/04/19-18:00:34.123249 1492 [DEBUG] Syncing metadata for: /db_working_home/000443.log
2026/04/19-18:00:34.124335 1492 [DEBUG] DeleteFile: ./db_working_home/000443.log 
2026/04/19-18:00:34.125338 1492 [Zonestats:time(s),used_cap(MB),reclaimable_cap(MB), avg_reclaimable(%), active(#), active_zones(#), open_zones(#)] 226 2234 3909 63 9 9 1
2026/04/19-18:00:34.141377 1488 [DEBUG] Allocating zone(new=0) start: 0x1c0000000 wp: 0x1c4db9200 lt: 3 file lt: 2
2026/04/19-18:00:34.141396 1488 [DEBUG] Syncing metadata for: /db_working_home/000446.log
2026/04/19-18:00:34.528256 1490 Zone Garbage Stats: [77 7 0 3 1 16 5 4 0 4 5 0 ]
2026/04/19-18:00:34.528269 1490 Total Garbage Bytes: 528298398 bytes
2026/04/19-18:00:34.751191 1491 [DEBUG] Allocating zone(new=1) start: 0x178000000 wp: 0x178000000 lt: 5 file lt: 5
2026/04/19-18:00:34.751209 1491 [Zonestats:time(s),used_cap(MB),reclaimable_cap(MB), avg_reclaimable(%), active(#), active_zones(#), open_zones(#)] 226 2244 3899 63 8 9 3
2026/04/19-18:00:34.751218 1491 [DEBUG] Syncing metadata for: /db_working_home/000445.sst
2026/04/19-18:00:35.346802 1491 [DEBUG] Syncing metadata for: /db_working_home/000445.sst
2026/04/19-18:00:35.347395 1491 [DEBUG] Syncing metadata for: /db_working_home/000445.sst
2026/04/19-18:00:35.348171 1491 [DEBUG] GetFileSize: /db_working_home/000445.sst 
2026/04/19-18:00:35.348207 1491 [DEBUG] New writable file: /db_working_home/000448.sst direct: 1
2026/04/19-18:00:35.354205 1491 Entering Apply Finish Threshold Function
2026/04/19-18:00:35.354220 1491 Finishing zone: Entering Finish()
2026/04/19-18:00:35.484551 1488 [DEBUG] New writable file: /db_working_home/000449.log direct: 0
2026/04/19-18:00:35.485487 1492 [DEBUG] New writable file: /db_working_home/000450.sst direct: 1
2026/04/19-18:00:35.488773 1492 Entering Apply Finish Threshold Function
2026/04/19-18:00:35.488802 1492 [DEBUG] Allocating zone(new=1) start: 0x180000000 wp: 0x180000000 lt: 3 file lt: 3
2026/04/19-18:00:35.488809 1492 [Zonestats:time(s),used_cap(MB),reclaimable_cap(MB), avg_reclaimable(%), active(#), active_zones(#), open_zones(#)] 227 2302 3969 63 9 10 3
2026/04/19-18:00:35.488816 1492 [DEBUG] Syncing metadata for: /db_working_home/000450.sst
2026/04/19-18:00:35.528467 1490 Zone Garbage Stats: [75 7 0 3 1 16 6 4 0 4 5 0 ]
2026/04/19-18:00:35.528482 1490 Total Garbage Bytes: 528298889 bytes
2026/04/19-18:00:35.635225 1492 [DEBUG] Syncing metadata for: /db_working_home/000450.sst
2026/04/19-18:00:35.635806 1492 [DEBUG] Syncing metadata for: /db_working_home/000450.sst
2026/04/19-18:00:35.636594 1492 [DEBUG] New random access file: /db_working_home/000450.sst direct: 1
2026/04/19-18:00:35.637055 1492 [DEBUG] GetFileSize: /db_working_home/000450.sst 
2026/04/19-18:00:35.639529 1492 [DEBUG] Syncing metadata for: /db_working_home/MANIFEST-000199
2026/04/19-18:00:35.640389 1492 [DEBUG] GetFileSize: /db_working_home/000450.sst 
2026/04/19-18:00:35.645528 1492 [DEBUG] Syncing metadata for: /db_working_home/000446.log
2026/04/19-18:00:35.646630 1492 [DEBUG] DeleteFile: ./db_working_home/000446.log 
2026/04/19-18:00:35.647634 1492 [Zonestats:time(s),used_cap(MB),reclaimable_cap(MB), avg_reclaimable(%), active(#), active_zones(#), open_zones(#)] 227 2302 4097 64 10 10 1
2026/04/19-18:00:35.670789 1488 [DEBUG] Allocating zone(new=0) start: 0x1c0000000 wp: 0x1c5d51a00 lt: 3 file lt: 2
2026/04/19-18:00:35.670799 1488 [DEBUG] Syncing metadata for: /db_working_home/000449.log
2026/04/19-18:00:36.351488 1491 [DEBUG] Allocating zone(new=1) start: 0x188000000 wp: 0x188000000 lt: 5 file lt: 5
2026/04/19-18:00:36.351507 1491 [Zonestats:time(s),used_cap(MB),reclaimable_cap(MB), avg_reclaimable(%), active(#), active_zones(#), open_zones(#)] 228 2312 4087 63 9 10 3
2026/04/19-18:00:36.351516 1491 [DEBUG] Syncing metadata for: /db_working_home/000448.sst
2026/04/19-18:00:36.528671 1490 Zone Garbage Stats: [74 8 0 3 1 16 7 4 0 4 5 0 ]
2026/04/19-18:00:36.528689 1490 Total Garbage Bytes: 528299536 bytes
2026/04/19-18:00:36.892648 1491 [DEBUG] Syncing metadata for: /db_working_home/000448.sst
2026/04/19-18:00:36.893238 1491 [DEBUG] Syncing metadata for: /db_working_home/000448.sst
2026/04/19-18:00:36.894040 1491 [DEBUG] GetFileSize: /db_working_home/000448.sst 
2026/04/19-18:00:36.895440 1491 [DEBUG] New random access file: /db_working_home/000442.sst direct: 1
2026/04/19-18:00:36.895719 1491 [DEBUG] GetFileSize: /db_working_home/000442.sst 
2026/04/19-18:00:36.895889 1491 [DEBUG] New random access file: /db_working_home/000445.sst direct: 1
2026/04/19-18:00:36.896207 1491 [DEBUG] GetFileSize: /db_working_home/000445.sst 
2026/04/19-18:00:36.896336 1491 [DEBUG] New random access file: /db_working_home/000448.sst direct: 1
2026/04/19-18:00:36.896545 1491 [DEBUG] GetFileSize: /db_working_home/000448.sst 
2026/04/19-18:00:36.897432 1491 [DEBUG] Syncing metadata for: /db_working_home/MANIFEST-000199
2026/04/19-18:00:36.916818 1491 [DEBUG] New writable file: /db_working_home/000451.sst direct: 1
2026/04/19-18:00:36.920021 1491 Entering Apply Finish Threshold Function
2026/04/19-18:00:36.920035 1491 Finishing zone: Entering Finish()
2026/04/19-18:00:37.057470 1488 [DEBUG] New writable file: /db_working_home/000452.log direct: 0
2026/04/19-18:00:37.058481 1492 [DEBUG] New writable file: /db_working_home/000453.sst direct: 1
2026/04/19-18:00:37.061312 1492 Entering Apply Finish Threshold Function
2026/04/19-18:00:37.061340 1492 [DEBUG] Allocating zone(new=1) start: 0x190000000 wp: 0x190000000 lt: 3 file lt: 3
2026/04/19-18:00:37.061348 1492 [Zonestats:time(s),used_cap(MB),reclaimable_cap(MB), avg_reclaimable(%), active(#), active_zones(#), open_zones(#)] 229 2366 4161 63 10 11 3
2026/04/19-18:00:37.061355 1492 [DEBUG] Syncing metadata for: /db_working_home/000453.sst
2026/04/19-18:00:37.207958 1492 [DEBUG] Syncing metadata for: /db_working_home/000453.sst
2026/04/19-18:00:37.208952 1492 [DEBUG] Syncing metadata for: /db_working_home/000453.sst
2026/04/19-18:00:37.210142 1492 [DEBUG] New random access file: /db_working_home/000453.sst direct: 1
2026/04/19-18:00:37.210779 1492 [DEBUG] GetFileSize: /db_working_home/000453.sst 
2026/04/19-18:00:37.213268 1492 [DEBUG] Syncing metadata for: /db_working_home/MANIFEST-000199
2026/04/19-18:00:37.213989 1492 [DEBUG] GetFileSize: /db_working_home/000453.sst 
2026/04/19-18:00:37.219815 1492 [DEBUG] Syncing metadata for: /db_working_home/000449.log
2026/04/19-18:00:37.220778 1492 [DEBUG] DeleteFile: ./db_working_home/000353.sst 
2026/04/19-18:00:37.221862 1492 [Zonestats:time(s),used_cap(MB),reclaimable_cap(MB), avg_reclaimable(%), active(#), active_zones(#), open_zones(#)] 229 2310 4217 64 11 11 1
2026/04/19-18:00:37.221906 1492 [DEBUG] DeleteFile: ./db_working_home/000436.sst 
2026/04/19-18:00:37.222906 1492 [Zonestats:time(s),used_cap(MB),reclaimable_cap(MB), avg_reclaimable(%), active(#), active_zones(#), open_zones(#)] 229 2212 4187 65 11 11 1
2026/04/19-18:00:37.222940 1492 [DEBUG] DeleteFile: ./db_working_home/000449.log 
2026/04/19-18:00:37.223899 1492 [Zonestats:time(s),used_cap(MB),reclaimable_cap(MB), avg_reclaimable(%), active(#), active_zones(#), open_zones(#)] 229 2196 4203 65 11 11 1
2026/04/19-18:00:37.241717 1488 [DEBUG] Allocating zone(new=0) start: 0x1c0000000 wp: 0x1c6cea400 lt: 3 file lt: 2
2026/04/19-18:00:37.241729 1488 [DEBUG] Syncing metadata for: /db_working_home/000452.log
2026/04/19-18:00:37.528879 1490 Zone Garbage Stats: [75 9 0 2 1 15 7 4 0 4 5 0 ]
2026/04/19-18:00:37.528898 1490 Total Garbage Bytes: 528299401 bytes
2026/04/19-18:00:37.956964 1491 [DEBUG] Allocating zone(new=1) start: 0xb0000000 wp: 0xb0000000 lt: 3 file lt: 3
2026/04/19-18:00:37.956981 1491 [Zonestats:time(s),used_cap(MB),reclaimable_cap(MB), avg_reclaimable(%), active(#), active_zones(#), open_zones(#)] 229 2205 4194 65 10 11 3
2026/04/19-18:00:37.956990 1491 [DEBUG] Syncing metadata for: /db_working_home/000451.sst
2026/04/19-18:00:38.529094 1490 Zone Garbage Stats: [74 9 0 2 1 15 7 5 0 4 5 0 ]
2026/04/19-18:00:38.529213 1490 Total Garbage Bytes: 528299460 bytes
2026/04/19-18:00:38.710476 1491 [DEBUG] Syncing metadata for: /db_working_home/000451.sst
2026/04/19-18:00:38.711054 1491 [DEBUG] Syncing metadata for: /db_working_home/000451.sst
2026/04/19-18:00:38.711772 1491 [DEBUG] GetFileSize: /db_working_home/000451.sst 
2026/04/19-18:00:38.711807 1491 [DEBUG] New writable file: /db_working_home/000454.sst direct: 1
2026/04/19-18:00:38.714862 1491 Entering Apply Finish Threshold Function
2026/04/19-18:00:38.714873 1491 Finishing zone: Entering Finish()
2026/04/19-18:00:38.868847 1488 [DEBUG] New writable file: /db_working_home/000455.log direct: 0
2026/04/19-18:00:38.869962 1492 [DEBUG] New writable file: /db_working_home/000456.sst direct: 1
2026/04/19-18:00:38.873237 1492 Entering Apply Finish Threshold Function
2026/04/19-18:00:38.873265 1492 [DEBUG] Allocating zone(new=1) start: 0x158000000 wp: 0x158000000 lt: 3 file lt: 3
2026/04/19-18:00:38.873273 1492 [Zonestats:time(s),used_cap(MB),reclaimable_cap(MB), avg_reclaimable(%), active(#), active_zones(#), open_zones(#)] 230 2279 4248 65 11 12 3
2026/04/19-18:00:38.873280 1492 [DEBUG] Syncing metadata for: /db_working_home/000456.sst
2026/04/19-18:00:39.020502 1492 [DEBUG] Syncing metadata for: /db_working_home/000456.sst
2026/04/19-18:00:39.021548 1492 [DEBUG] Syncing metadata for: /db_working_home/000456.sst
2026/04/19-18:00:39.022735 1492 [DEBUG] New random access file: /db_working_home/000456.sst direct: 1
2026/04/19-18:00:39.023323 1492 [DEBUG] GetFileSize: /db_working_home/000456.sst 
2026/04/19-18:00:39.025552 1492 [DEBUG] Syncing metadata for: /db_working_home/MANIFEST-000199
2026/04/19-18:00:39.026753 1492 [DEBUG] GetFileSize: /db_working_home/000456.sst 
2026/04/19-18:00:39.031901 1492 [DEBUG] Syncing metadata for: /db_working_home/000452.log
2026/04/19-18:00:39.033002 1492 [DEBUG] DeleteFile: ./db_working_home/000452.log 
2026/04/19-18:00:39.033572 1492 [Zonestats:time(s),used_cap(MB),reclaimable_cap(MB), avg_reclaimable(%), active(#), active_zones(#), open_zones(#)] 231 2279 4376 65 12 12 1
2026/04/19-18:00:39.055196 1488 [DEBUG] Allocating zone(new=0) start: 0x1c0000000 wp: 0x1c7c83200 lt: 3 file lt: 2
2026/04/19-18:00:39.055206 1488 [DEBUG] Syncing metadata for: /db_working_home/000455.log
2026/04/19-18:00:39.309420 1488 [DEBUG] Allocating zone(new=0) start: 0x190000000 wp: 0x190f55400 lt: 3 file lt: 2
2026/04/19-18:00:39.309434 1488 [DEBUG] Syncing metadata for: /db_working_home/000455.log
2026/04/19-18:00:39.528556 1491 [DEBUG] Allocating zone(new=1) start: 0x198000000 wp: 0x198000000 lt: 3 file lt: 3
2026/04/19-18:00:39.528573 1491 [Zonestats:time(s),used_cap(MB),reclaimable_cap(MB), avg_reclaimable(%), active(#), active_zones(#), open_zones(#)] 231 2285 4370 65 10 11 3
2026/04/19-18:00:39.528582 1491 [DEBUG] Syncing metadata for: /db_working_home/000454.sst
2026/04/19-18:00:39.529416 1490 Zone Garbage Stats: [72 9 0 2 1 16 7 5 0 5 5 0 ]
2026/04/19-18:00:39.529431 1490 Total Garbage Bytes: 642780751 bytes
2026/04/19-18:00:40.065673 1491 [DEBUG] Syncing metadata for: /db_working_home/000454.sst
2026/04/19-18:00:40.066254 1491 [DEBUG] Syncing metadata for: /db_working_home/000454.sst
2026/04/19-18:00:40.067044 1491 [DEBUG] GetFileSize: /db_working_home/000454.sst 
2026/04/19-18:00:40.067082 1491 [DEBUG] New writable file: /db_working_home/000457.sst direct: 1
2026/04/19-18:00:40.072546 1491 Entering Apply Finish Threshold Function
2026/04/19-18:00:40.072560 1491 Finishing zone: Entering Finish()
2026/04/19-18:00:40.529627 1490 Zone Garbage Stats: [72 9 0 2 1 16 7 5 0 5 5 0 ]
2026/04/19-18:00:40.529646 1490 Total Garbage Bytes: 642780751 bytes
2026/04/19-18:00:40.610332 1488 [DEBUG] New writable file: /db_working_home/000458.log direct: 0
2026/04/19-18:00:40.611422 1492 [DEBUG] New writable file: /db_working_home/000459.sst direct: 1
2026/04/19-18:00:40.614279 1492 Entering Apply Finish Threshold Function
2026/04/19-18:00:40.614307 1492 [DEBUG] Allocating zone(new=1) start: 0x1a8000000 wp: 0x1a8000000 lt: 3 file lt: 3
2026/04/19-18:00:40.614314 1492 [Zonestats:time(s),used_cap(MB),reclaimable_cap(MB), avg_reclaimable(%), active(#), active_zones(#), open_zones(#)] 232 2341 4442 65 11 12 3
2026/04/19-18:00:40.614322 1492 [DEBUG] Syncing metadata for: /db_working_home/000459.sst
2026/04/19-18:00:40.760714 1492 [DEBUG] Syncing metadata for: /db_working_home/000459.sst
2026/04/19-18:00:40.761667 1492 [DEBUG] Syncing metadata for: /db_working_home/000459.sst
2026/04/19-18:00:40.762854 1492 [DEBUG] New random access file: /db_working_home/000459.sst direct: 1
2026/04/19-18:00:40.763443 1492 [DEBUG] GetFileSize: /db_working_home/000459.sst 
2026/04/19-18:00:40.766326 1492 [DEBUG] Syncing metadata for: /db_working_home/MANIFEST-000199
2026/04/19-18:00:40.767160 1492 [DEBUG] GetFileSize: /db_working_home/000459.sst 
2026/04/19-18:00:40.772979 1492 [DEBUG] Syncing metadata for: /db_working_home/000455.log
2026/04/19-18:00:40.774108 1492 [DEBUG] DeleteFile: ./db_working_home/000455.log 
2026/04/19-18:00:40.775112 1492 [Zonestats:time(s),used_cap(MB),reclaimable_cap(MB), avg_reclaimable(%), active(#), active_zones(#), open_zones(#)] 232 2341 4570 66 12 12 1
2026/04/19-18:00:40.799939 1488 [DEBUG] Allocating zone(new=0) start: 0x1a8000000 wp: 0x1a8f58400 lt: 3 file lt: 2
2026/04/19-18:00:40.799950 1488 [DEBUG] Syncing metadata for: /db_working_home/000458.log
2026/04/19-18:00:41.134648 1491 [DEBUG] Allocating zone(new=1) start: 0x1c8000000 wp: 0x1c8000000 lt: 3 file lt: 3
2026/04/19-18:00:41.134665 1491 [Zonestats:time(s),used_cap(MB),reclaimable_cap(MB), avg_reclaimable(%), active(#), active_zones(#), open_zones(#)] 233 2345 4566 66 11 12 3
2026/04/19-18:00:41.134675 1491 [DEBUG] Syncing metadata for: /db_working_home/000457.sst
2026/04/19-18:00:41.370461 1491 [DEBUG] Syncing metadata for: /db_working_home/000457.sst
2026/04/19-18:00:41.371040 1491 [DEBUG] Syncing metadata for: /db_working_home/000457.sst
2026/04/19-18:00:41.371857 1491 [DEBUG] GetFileSize: /db_working_home/000457.sst 
2026/04/19-18:00:41.373313 1491 [DEBUG] New random access file: /db_working_home/000451.sst direct: 1
2026/04/19-18:00:41.373610 1491 [DEBUG] GetFileSize: /db_working_home/000451.sst 
2026/04/19-18:00:41.373791 1491 [DEBUG] New random access file: /db_working_home/000454.sst direct: 1
2026/04/19-18:00:41.373991 1491 [DEBUG] GetFileSize: /db_working_home/000454.sst 
2026/04/19-18:00:41.374122 1491 [DEBUG] New random access file: /db_working_home/000457.sst direct: 1
2026/04/19-18:00:41.374287 1491 [DEBUG] GetFileSize: /db_working_home/000457.sst 
2026/04/19-18:00:41.375297 1491 [DEBUG] Syncing metadata for: /db_working_home/MANIFEST-000199
2026/04/19-18:00:41.376713 1491 [DEBUG] Syncing metadata for: /db_working_home/MANIFEST-000199
2026/04/19-18:00:41.377450 1491 [DEBUG] DeleteFile: ./db_working_home/000434.sst 
2026/04/19-18:00:41.378125 1491 [Zonestats:time(s),used_cap(MB),reclaimable_cap(MB), avg_reclaimable(%), active(#), active_zones(#), open_zones(#)] 233 2352 4559 65 12 12 2
2026/04/19-18:00:41.378166 1491 [DEBUG] DeleteFile: ./db_working_home/000435.sst 
2026/04/19-18:00:41.378819 1491 [Zonestats:time(s),used_cap(MB),reclaimable_cap(MB), avg_reclaimable(%), active(#), active_zones(#), open_zones(#)] 233 2303 4480 66 12 12 2
2026/04/19-18:00:41.378855 1491 [DEBUG] DeleteFile: ./db_working_home/000438.sst 
2026/04/19-18:00:41.379493 1491 [Zonestats:time(s),used_cap(MB),reclaimable_cap(MB), avg_reclaimable(%), active(#), active_zones(#), open_zones(#)] 233 2288 4367 65 11 11 2
2026/04/19-18:00:41.379527 1491 [DEBUG] DeleteFile: ./db_working_home/000440.sst 
2026/04/19-18:00:41.380164 1491 [Zonestats:time(s),used_cap(MB),reclaimable_cap(MB), avg_reclaimable(%), active(#), active_zones(#), open_zones(#)] 233 2273 4254 65 10 10 2
2026/04/19-18:00:41.380196 1491 [DEBUG] DeleteFile: ./db_working_home/000444.sst 
2026/04/19-18:00:41.380832 1491 [Zonestats:time(s),used_cap(MB),reclaimable_cap(MB), avg_reclaimable(%), active(#), active_zones(#), open_zones(#)] 233 2257 4142 64 9 9 2
2026/04/19-18:00:41.380865 1491 [DEBUG] DeleteFile: ./db_working_home/000447.sst 
2026/04/19-18:00:41.388628 1491 [Zonestats:time(s),used_cap(MB),reclaimable_cap(MB), avg_reclaimable(%), active(#), active_zones(#), open_zones(#)] 233 2243 4028 64 8 8 2
2026/04/19-18:00:41.388682 1491 [DEBUG] DeleteFile: ./db_working_home/000450.sst 
2026/04/19-18:00:41.389357 1491 [Zonestats:time(s),used_cap(MB),reclaimable_cap(MB), avg_reclaimable(%), active(#), active_zones(#), open_zones(#)] 233 2228 3915 63 7 7 2
2026/04/19-18:00:41.394985 1491 [DEBUG] New writable file: /db_working_home/000460.sst direct: 1
2026/04/19-18:00:41.398071 1491 Entering Apply Finish Threshold Function
2026/04/19-18:00:41.398097 1491 [DEBUG] Allocating zone(new=1) start: 0x58000000 wp: 0x58000000 lt: 4 file lt: 4
2026/04/19-18:00:41.398105 1491 [Zonestats:time(s),used_cap(MB),reclaimable_cap(MB), avg_reclaimable(%), active(#), active_zones(#), open_zones(#)] 233 2228 3915 63 7 8 3
2026/04/19-18:00:41.398111 1491 [DEBUG] Syncing metadata for: /db_working_home/000460.sst
2026/04/19-18:00:41.529843 1490 Zone Garbage Stats: [76 6 0 2 1 16 7 5 0 4 5 0 ]
2026/04/19-18:00:41.529860 1490 Total Garbage Bytes: 540995718 bytes
2026/04/19-18:00:41.686539 1491 [DEBUG] Syncing metadata for: /db_working_home/000460.sst
2026/04/19-18:00:41.687119 1491 [DEBUG] Syncing metadata for: /db_working_home/000460.sst
2026/04/19-18:00:41.687932 1491 [DEBUG] GetFileSize: /db_working_home/000460.sst 
2026/04/19-18:00:41.689353 1491 [DEBUG] New random access file: /db_working_home/000460.sst direct: 1
2026/04/19-18:00:41.696271 1491 [DEBUG] GetFileSize: /db_working_home/000460.sst 
2026/04/19-18:00:41.697304 1491 [DEBUG] Syncing metadata for: /db_working_home/MANIFEST-000199
2026/04/19-18:00:41.703544 1491 [DEBUG] New writable file: /db_working_home/000461.sst direct: 1
2026/04/19-18:00:41.706613 1491 Entering Apply Finish Threshold Function
2026/04/19-18:00:41.706639 1491 [DEBUG] Allocating zone(new=1) start: 0x70000000 wp: 0x70000000 lt: 5 file lt: 5
2026/04/19-18:00:41.706646 1491 [Zonestats:time(s),used_cap(MB),reclaimable_cap(MB), avg_reclaimable(%), active(#), active_zones(#), open_zones(#)] 233 2256 4015 64 8 9 3
2026/04/19-18:00:41.706653 1491 [DEBUG] Syncing metadata for: /db_working_home/000461.sst
2026/04/19-18:00:42.224635 1491 [DEBUG] Syncing metadata for: /db_working_home/000461.sst
2026/04/19-18:00:42.225219 1491 [DEBUG] Syncing metadata for: /db_working_home/000461.sst
2026/04/19-18:00:42.225957 1491 [DEBUG] GetFileSize: /db_working_home/000461.sst 
2026/04/19-18:00:42.225994 1491 [DEBUG] New writable file: /db_working_home/000462.sst direct: 1
2026/04/19-18:00:42.229022 1491 Entering Apply Finish Threshold Function
2026/04/19-18:00:42.229034 1491 Finishing zone: Entering Finish()
2026/04/19-18:00:42.470805 1488 [DEBUG] New writable file: /db_working_home/000463.log direct: 0
2026/04/19-18:00:42.471876 1492 [DEBUG] New writable file: /db_working_home/000464.sst direct: 1
2026/04/19-18:00:42.475258 1492 Entering Apply Finish Threshold Function
2026/04/19-18:00:42.475283 1492 [DEBUG] Allocating zone(new=0) start: 0x58000000 wp: 0x59a92200 lt: 4 file lt: 3
2026/04/19-18:00:42.475291 1492 [Zonestats:time(s),used_cap(MB),reclaimable_cap(MB), avg_reclaimable(%), active(#), active_zones(#), open_zones(#)] 234 2310 4089 63 9 9 3
2026/04/19-18:00:42.475298 1492 [DEBUG] Syncing metadata for: /db_working_home/000464.sst
2026/04/19-18:00:42.530063 1490 Zone Garbage Stats: [75 6 0 2 1 16 7 5 0 4 5 0 ]
2026/04/19-18:00:42.530076 1490 Total Garbage Bytes: 540995718 bytes
2026/04/19-18:00:42.617880 1492 [DEBUG] Syncing metadata for: /db_working_home/000464.sst
2026/04/19-18:00:42.618824 1492 [DEBUG] Syncing metadata for: /db_working_home/000464.sst
2026/04/19-18:00:42.619987 1492 [DEBUG] New random access file: /db_working_home/000464.sst direct: 1
2026/04/19-18:00:42.620628 1492 [DEBUG] GetFileSize: /db_working_home/000464.sst 
2026/04/19-18:00:42.623086 1492 [DEBUG] Syncing metadata for: /db_working_home/MANIFEST-000199
2026/04/19-18:00:42.624005 1492 [DEBUG] GetFileSize: /db_working_home/000464.sst 
2026/04/19-18:00:42.628958 1492 [DEBUG] Syncing metadata for: /db_working_home/000458.log
2026/04/19-18:00:42.630122 1492 [DEBUG] DeleteFile: ./db_working_home/000390.sst 
2026/04/19-18:00:42.631177 1492 [Zonestats:time(s),used_cap(MB),reclaimable_cap(MB), avg_reclaimable(%), active(#), active_zones(#), open_zones(#)] 234 2320 3951 63 8 8 1
2026/04/19-18:00:42.631220 1492 [DEBUG] DeleteFile: ./db_working_home/000457.sst 
2026/04/19-18:00:42.632253 1492 [Zonestats:time(s),used_cap(MB),reclaimable_cap(MB), avg_reclaimable(%), active(#), active_zones(#), open_zones(#)] 234 2298 3845 62 7 7 1
2026/04/19-18:00:42.632286 1492 [DEBUG] DeleteFile: ./db_working_home/000458.log 
2026/04/19-18:00:42.633272 1492 [Zonestats:time(s),used_cap(MB),reclaimable_cap(MB), avg_reclaimable(%), active(#), active_zones(#), open_zones(#)] 234 2282 3861 62 7 7 1
2026/04/19-18:00:42.649100 1488 [DEBUG] Allocating zone(new=0) start: 0x1a8000000 wp: 0x1a9ef0c00 lt: 3 file lt: 2
2026/04/19-18:00:42.649112 1488 [DEBUG] Syncing metadata for: /db_working_home/000463.log
2026/04/19-18:00:43.312455 1491 [DEBUG] Allocating zone(new=1) start: 0x100000000 wp: 0x100000000 lt: 5 file lt: 5
2026/04/19-18:00:43.312473 1491 [Zonestats:time(s),used_cap(MB),reclaimable_cap(MB), avg_reclaimable(%), active(#), active_zones(#), open_zones(#)] 235 2292 3851 62 6 7 3
2026/04/19-18:00:43.312482 1491 [DEBUG] Syncing metadata for: /db_working_home/000462.sst
2026/04/19-18:00:43.530267 1490 Zone Garbage Stats: [76 5 0 2 1 16 7 6 0 4 5 0 ]
2026/04/19-18:00:43.530384 1490 Total Garbage Bytes: 540996772 bytes
2026/04/19-18:00:44.073610 1491 [DEBUG] Syncing metadata for: /db_working_home/000462.sst
2026/04/19-18:00:44.074188 1491 [DEBUG] Syncing metadata for: /db_working_home/000462.sst
2026/04/19-18:00:44.075072 1491 [DEBUG] GetFileSize: /db_working_home/000462.sst 
2026/04/19-18:00:44.075107 1491 [DEBUG] New writable file: /db_working_home/000465.sst direct: 1
2026/04/19-18:00:44.080492 1491 Entering Apply Finish Threshold Function
2026/04/19-18:00:44.080505 1491 Finishing zone: Entering Finish()
2026/04/19-18:00:44.095646 1488 [DEBUG] New writable file: /db_working_home/000466.log direct: 0
2026/04/19-18:00:44.096818 1492 [DEBUG] New writable file: /db_working_home/000467.sst direct: 1
2026/04/19-18:00:44.099698 1492 Entering Apply Finish Threshold Function
2026/04/19-18:00:44.099710 1492 Finishing zone: Entering Finish()
2026/04/19-18:00:44.175718 1488 [DEBUG] Allocating zone(new=0) start: 0x190000000 wp: 0x191b71200 lt: 3 file lt: 2
2026/04/19-18:00:44.175731 1488 [DEBUG] Syncing metadata for: /db_working_home/000466.log
2026/04/19-18:00:44.530500 1490 Zone Garbage Stats: [76 3 0 2 1 16 7 6 0 4 5 0 ]
2026/04/19-18:00:44.530516 1490 Total Garbage Bytes: 528298912 bytes
2026/04/19-18:00:45.209984 1492 [DEBUG] Allocating zone(new=1) start: 0x118000000 wp: 0x118000000 lt: 3 file lt: 3
2026/04/19-18:00:45.210001 1492 [Zonestats:time(s),used_cap(MB),reclaimable_cap(MB), avg_reclaimable(%), active(#), active_zones(#), open_zones(#)] 237 2378 3893 62 6 7 4
2026/04/19-18:00:45.210010 1492 [DEBUG] Syncing metadata for: /db_working_home/000467.sst
2026/04/19-18:00:45.358158 1492 [DEBUG] Syncing metadata for: /db_working_home/000467.sst
2026/04/19-18:00:45.359145 1492 [DEBUG] Syncing metadata for: /db_working_home/000467.sst
2026/04/19-18:00:45.360318 1492 [DEBUG] New random access file: /db_working_home/000467.sst direct: 1
2026/04/19-18:00:45.360878 1492 [DEBUG] GetFileSize: /db_working_home/000467.sst 
2026/04/19-18:00:45.363871 1492 [DEBUG] Syncing metadata for: /db_working_home/MANIFEST-000199
2026/04/19-18:00:45.364646 1492 [DEBUG] GetFileSize: /db_working_home/000467.sst 
2026/04/19-18:00:45.370464 1492 [DEBUG] Syncing metadata for: /db_working_home/000463.log
2026/04/19-18:00:45.371594 1492 [DEBUG] DeleteFile: ./db_working_home/000463.log 
2026/04/19-18:00:45.372637 1492 [Zonestats:time(s),used_cap(MB),reclaimable_cap(MB), avg_reclaimable(%), active(#), active_zones(#), open_zones(#)] 237 2378 4021 62 7 7 2
2026/04/19-18:00:45.530711 1490 Zone Garbage Stats: [75 4 0 3 1 17 7 6 0 4 5 0 ]
2026/04/19-18:00:45.530728 1490 Total Garbage Bytes: 561009119 bytes
2026/04/19-18:00:45.630632 1491 Finishing zone: Entering Finish()
2026/04/19-18:00:45.668758 1488 [DEBUG] New writable file: /db_working_home/000468.log direct: 0
2026/04/19-18:00:45.669794 1492 [DEBUG] New writable file: /db_working_home/000469.sst direct: 1
2026/04/19-18:00:45.672652 1492 Entering Apply Finish Threshold Function
2026/04/19-18:00:45.672680 1492 [DEBUG] Allocating zone(new=1) start: 0x138000000 wp: 0x138000000 lt: 3 file lt: 3
2026/04/19-18:00:45.672687 1492 [Zonestats:time(s),used_cap(MB),reclaimable_cap(MB), avg_reclaimable(%), active(#), active_zones(#), open_zones(#)] 237 2382 4017 62 6 7 3
2026/04/19-18:00:45.672694 1492 [DEBUG] Syncing metadata for: /db_working_home/000469.sst
2026/04/19-18:00:45.818753 1492 [DEBUG] Syncing metadata for: /db_working_home/000469.sst
2026/04/19-18:00:45.819744 1492 [DEBUG] Syncing metadata for: /db_working_home/000469.sst
2026/04/19-18:00:45.820725 1492 [DEBUG] New random access file: /db_working_home/000469.sst direct: 1
2026/04/19-18:00:45.821390 1492 [DEBUG] GetFileSize: /db_working_home/000469.sst 
2026/04/19-18:00:45.823659 1492 [DEBUG] Syncing metadata for: /db_working_home/MANIFEST-000199
2026/04/19-18:00:45.824859 1492 [DEBUG] GetFileSize: /db_working_home/000469.sst 
2026/04/19-18:00:45.830034 1492 [DEBUG] Syncing metadata for: /db_working_home/000466.log
2026/04/19-18:00:45.831134 1492 [DEBUG] DeleteFile: ./db_working_home/000466.log 
2026/04/19-18:00:45.832139 1492 [Zonestats:time(s),used_cap(MB),reclaimable_cap(MB), avg_reclaimable(%), active(#), active_zones(#), open_zones(#)] 237 2382 4145 63 7 7 1
2026/04/19-18:00:45.842970 1488 [DEBUG] Allocating zone(new=0) start: 0x190000000 wp: 0x192b09800 lt: 3 file lt: 2
2026/04/19-18:00:45.842982 1488 [DEBUG] Syncing metadata for: /db_working_home/000468.log
2026/04/19-18:00:46.530928 1490 Zone Garbage Stats: [74 5 0 2 1 17 7 7 0 4 5 0 ]
2026/04/19-18:00:46.530945 1490 Total Garbage Bytes: 528299917 bytes
2026/04/19-18:00:46.701772 1491 [DEBUG] Allocating zone(new=1) start: 0x160000000 wp: 0x160000000 lt: 5 file lt: 5
2026/04/19-18:00:46.701789 1491 [Zonestats:time(s),used_cap(MB),reclaimable_cap(MB), avg_reclaimable(%), active(#), active_zones(#), open_zones(#)] 238 2394 4133 63 6 7 3
2026/04/19-18:00:46.701798 1491 [DEBUG] Syncing metadata for: /db_working_home/000465.sst
2026/04/19-18:00:47.405677 1488 [DEBUG] New writable file: /db_working_home/000470.log direct: 0
2026/04/19-18:00:47.408140 1492 [DEBUG] New writable file: /db_working_home/000471.sst direct: 1
2026/04/19-18:00:47.410985 1492 Entering Apply Finish Threshold Function
2026/04/19-18:00:47.411013 1492 [DEBUG] Allocating zone(new=1) start: 0x180000000 wp: 0x180000000 lt: 3 file lt: 3
2026/04/19-18:00:47.411020 1492 [Zonestats:time(s),used_cap(MB),reclaimable_cap(MB), avg_reclaimable(%), active(#), active_zones(#), open_zones(#)] 239 2397 4130 63 7 8 4
2026/04/19-18:00:47.411027 1492 [DEBUG] Syncing metadata for: /db_working_home/000471.sst
2026/04/19-18:00:47.531153 1490 Zone Garbage Stats: [72 5 0 2 1 17 7 7 0 5 5 0 ]
2026/04/19-18:00:47.531171 1490 Total Garbage Bytes: 561009984 bytes
2026/04/19-18:00:47.620200 1492 [DEBUG] Syncing metadata for: /db_working_home/000471.sst
2026/04/19-18:00:47.628029 1492 [DEBUG] Syncing metadata for: /db_working_home/000471.sst
2026/04/19-18:00:47.628709 1492 [DEBUG] New random access file: /db_working_home/000471.sst direct: 1
2026/04/19-18:00:47.628885 1492 [DEBUG] GetFileSize: /db_working_home/000471.sst 
2026/04/19-18:00:47.632537 1492 [DEBUG] Syncing metadata for: /db_working_home/MANIFEST-000199
2026/04/19-18:00:47.640199 1492 [DEBUG] GetFileSize: /db_working_home/000471.sst 
2026/04/19-18:00:47.644965 1492 [DEBUG] Syncing metadata for: /db_working_home/000468.log
2026/04/19-18:00:47.652919 1492 [DEBUG] DeleteFile: ./db_working_home/000468.log 
2026/04/19-18:00:47.653508 1492 [Zonestats:time(s),used_cap(MB),reclaimable_cap(MB), avg_reclaimable(%), active(#), active_zones(#), open_zones(#)] 239 2398 4257 63 8 8 2
2026/04/19-18:00:47.751350 1488 [DEBUG] Allocating zone(new=0) start: 0x190000000 wp: 0x193aa1c00 lt: 3 file lt: 2
2026/04/19-18:00:47.751364 1488 [DEBUG] Syncing metadata for: /db_working_home/000470.log
2026/04/19-18:00:47.792051 1491 [DEBUG] Syncing metadata for: /db_working_home/000465.sst
2026/04/19-18:00:47.792629 1491 [DEBUG] Syncing metadata for: /db_working_home/000465.sst
2026/04/19-18:00:47.793456 1491 [DEBUG] GetFileSize: /db_working_home/000465.sst 
2026/04/19-18:00:47.794959 1491 [DEBUG] New random access file: /db_working_home/000461.sst direct: 1
2026/04/19-18:00:47.795327 1491 [DEBUG] GetFileSize: /db_working_home/000461.sst 
2026/04/19-18:00:47.795495 1491 [DEBUG] New random access file: /db_working_home/000462.sst direct: 1
2026/04/19-18:00:47.795734 1491 [DEBUG] GetFileSize: /db_working_home/000462.sst 
2026/04/19-18:00:47.795871 1491 [DEBUG] New random access file: /db_working_home/000465.sst direct: 1
2026/04/19-18:00:47.796145 1491 [DEBUG] GetFileSize: /db_working_home/000465.sst 
2026/04/19-18:00:47.797088 1491 [DEBUG] Syncing metadata for: /db_working_home/MANIFEST-000199
2026/04/19-18:00:47.819194 1491 [DEBUG] New writable file: /db_working_home/000472.sst direct: 1
2026/04/19-18:00:47.822431 1491 Entering Apply Finish Threshold Function
2026/04/19-18:00:47.822443 1491 Finishing zone: Entering Finish()
2026/04/19-18:00:48.243216 1491 [DEBUG] Allocating zone(new=1) start: 0x1c0000000 wp: 0x1c0000000 lt: 3 file lt: 3
2026/04/19-18:00:48.243235 1491 [Zonestats:time(s),used_cap(MB),reclaimable_cap(MB), avg_reclaimable(%), active(#), active_zones(#), open_zones(#)] 240 2495 4288 63 7 8 3
2026/04/19-18:00:48.243245 1491 [DEBUG] Syncing metadata for: /db_working_home/000472.sst
2026/04/19-18:00:48.531368 1490 Zone Garbage Stats: [71 6 0 3 1 17 7 7 0 5 5 0 ]
2026/04/19-18:00:48.531452 1490 Total Garbage Bytes: 561010261 bytes
2026/04/19-18:00:49.531638 1490 Zone Garbage Stats: [71 6 0 3 1 17 7 7 0 5 5 0 ]
2026/04/19-18:00:49.531656 1490 Total Garbage Bytes: 561010261 bytes
2026/04/19-18:00:49.661243 1491 Entering Apply Finish Threshold Function
2026/04/19-18:00:49.661275 1491 [DEBUG] Allocating zone(new=1) start: 0x1c8000000 wp: 0x1c8000000 lt: 3 file lt: 3
2026/04/19-18:00:49.661292 1491 [Zonestats:time(s),used_cap(MB),reclaimable_cap(MB), avg_reclaimable(%), active(#), active_zones(#), open_zones(#)] 241 2630 4281 61 7 8 3
2026/04/19-18:00:49.661299 1491 [DEBUG] Syncing metadata for: /db_working_home/000472.sst
2026/04/19-18:00:49.672489 1491 [DEBUG] Syncing metadata for: /db_working_home/000472.sst
2026/04/19-18:00:49.673058 1491 [DEBUG] Syncing metadata for: /db_working_home/000472.sst
2026/04/19-18:00:49.673776 1491 [DEBUG] GetFileSize: /db_working_home/000472.sst 
2026/04/19-18:00:49.673811 1491 [DEBUG] New writable file: /db_working_home/000473.sst direct: 1
2026/04/19-18:00:49.684796 1491 Entering Apply Finish Threshold Function
2026/04/19-18:00:49.684825 1491 [DEBUG] Allocating zone(new=1) start: 0x1d0000000 wp: 0x1d0000000 lt: 3 file lt: 3
2026/04/19-18:00:49.684833 1491 [Zonestats:time(s),used_cap(MB),reclaimable_cap(MB), avg_reclaimable(%), active(#), active_zones(#), open_zones(#)] 241 2631 4408 62 8 9 3
2026/04/19-18:00:49.684840 1491 [DEBUG] Syncing metadata for: /db_working_home/000473.sst
2026/04/19-18:00:50.104098 1491 [DEBUG] Syncing metadata for: /db_working_home/000473.sst
2026/04/19-18:00:50.104674 1491 [DEBUG] Syncing metadata for: /db_working_home/000473.sst
2026/04/19-18:00:50.105489 1491 [DEBUG] GetFileSize: /db_working_home/000473.sst 
2026/04/19-18:00:50.106693 1491 [DEBUG] New random access file: /db_working_home/000472.sst direct: 1
2026/04/19-18:00:50.107009 1491 [DEBUG] GetFileSize: /db_working_home/000472.sst 
2026/04/19-18:00:50.107190 1491 [DEBUG] New random access file: /db_working_home/000473.sst direct: 1
2026/04/19-18:00:50.107388 1491 [DEBUG] GetFileSize: /db_working_home/000473.sst 
2026/04/19-18:00:50.108274 1491 [DEBUG] Syncing metadata for: /db_working_home/MANIFEST-000199
2026/04/19-18:00:50.109134 1491 [DEBUG] DeleteFile: ./db_working_home/000394.sst 
2026/04/19-18:00:50.109811 1491 [Zonestats:time(s),used_cap(MB),reclaimable_cap(MB), avg_reclaimable(%), active(#), active_zones(#), open_zones(#)] 242 2628 4411 62 9 9 2
2026/04/19-18:00:50.109856 1491 [DEBUG] DeleteFile: ./db_working_home/000432.sst 
2026/04/19-18:00:50.110687 1491 [Zonestats:time(s),used_cap(MB),reclaimable_cap(MB), avg_reclaimable(%), active(#), active_zones(#), open_zones(#)] 242 2529 4382 63 9 9 2
2026/04/19-18:00:50.110723 1491 [DEBUG] DeleteFile: ./db_working_home/000441.sst 
2026/04/19-18:00:50.111411 1491 [Zonestats:time(s),used_cap(MB),reclaimable_cap(MB), avg_reclaimable(%), active(#), active_zones(#), open_zones(#)] 242 2459 4324 63 9 9 2
2026/04/19-18:00:50.112215 1491 [DEBUG] Syncing metadata for: /db_working_home/MANIFEST-000199
2026/04/19-18:00:50.112954 1491 [DEBUG] DeleteFile: ./db_working_home/000451.sst 
2026/04/19-18:00:50.113622 1491 [Zonestats:time(s),used_cap(MB),reclaimable_cap(MB), avg_reclaimable(%), active(#), active_zones(#), open_zones(#)] 242 2391 4264 64 9 9 2
2026/04/19-18:00:50.113659 1491 [DEBUG] DeleteFile: ./db_working_home/000453.sst 
2026/04/19-18:00:50.114218 1491 [Zonestats:time(s),used_cap(MB),reclaimable_cap(MB), avg_reclaimable(%), active(#), active_zones(#), open_zones(#)] 242 2375 4280 64 9 9 2
2026/04/19-18:00:50.114250 1491 [DEBUG] DeleteFile: ./db_working_home/000456.sst 
2026/04/19-18:00:50.114931 1491 [Zonestats:time(s),used_cap(MB),reclaimable_cap(MB), avg_reclaimable(%), active(#), active_zones(#), open_zones(#)] 242 2360 4167 63 8 8 2
2026/04/19-18:00:50.114963 1491 [DEBUG] DeleteFile: ./db_working_home/000459.sst 
2026/04/19-18:00:50.115602 1491 [Zonestats:time(s),used_cap(MB),reclaimable_cap(MB), avg_reclaimable(%), active(#), active_zones(#), open_zones(#)] 242 2345 4054 63 8 8 2
2026/04/19-18:00:50.115634 1491 [DEBUG] DeleteFile: ./db_working_home/000464.sst 
2026/04/19-18:00:50.115840 1488 [DEBUG] New writable file: /db_working_home/000474.log direct: 0
2026/04/19-18:00:50.116195 1491 [Zonestats:time(s),used_cap(MB),reclaimable_cap(MB), avg_reclaimable(%), active(#), active_zones(#), open_zones(#)] 242 2329 4070 63 8 8 2
2026/04/19-18:00:50.116227 1491 [DEBUG] DeleteFile: ./db_working_home/000467.sst 
2026/04/19-18:00:50.116980 1492 [DEBUG] New writable file: /db_working_home/000475.sst direct: 1
2026/04/19-18:00:50.117438 1491 [Zonestats:time(s),used_cap(MB),reclaimable_cap(MB), avg_reclaimable(%), active(#), active_zones(#), open_zones(#)] 242 2314 3957 63 7 7 2
2026/04/19-18:00:50.117473 1491 [DEBUG] DeleteFile: ./db_working_home/000469.sst 
2026/04/19-18:00:50.118704 1491 [Zonestats:time(s),used_cap(MB),reclaimable_cap(MB), avg_reclaimable(%), active(#), active_zones(#), open_zones(#)] 242 2299 3844 62 6 6 2
2026/04/19-18:00:50.118736 1491 [DEBUG] DeleteFile: ./db_working_home/000471.sst 
2026/04/19-18:00:50.119378 1491 [Zonestats:time(s),used_cap(MB),reclaimable_cap(MB), avg_reclaimable(%), active(#), active_zones(#), open_zones(#)] 242 2283 3732 62 5 5 2
2026/04/19-18:00:50.119994 1492 Entering Apply Finish Threshold Function
2026/04/19-18:00:50.120008 1492 Finishing zone: Entering Finish()
2026/04/19-18:00:50.125744 1491 [DEBUG] New writable file: /db_working_home/000476.sst direct: 1
2026/04/19-18:00:50.129406 1491 Entering Apply Finish Threshold Function
2026/04/19-18:00:50.129432 1491 [DEBUG] Allocating zone(new=1) start: 0xb0000000 wp: 0xb0000000 lt: 5 file lt: 5
2026/04/19-18:00:50.129440 1491 [Zonestats:time(s),used_cap(MB),reclaimable_cap(MB), avg_reclaimable(%), active(#), active_zones(#), open_zones(#)] 242 2283 3732 62 5 6 3
2026/04/19-18:00:50.129446 1491 [DEBUG] Syncing metadata for: /db_working_home/000476.sst
2026/04/19-18:00:50.235747 1488 [DEBUG] Allocating zone(new=0) start: 0x1c8000000 wp: 0x1c802fa00 lt: 3 file lt: 2
2026/04/19-18:00:50.235761 1488 [DEBUG] Syncing metadata for: /db_working_home/000474.log
2026/04/19-18:00:50.531845 1490 Zone Garbage Stats: [77 3 0 2 1 15 7 5 1 4 5 0 ]
2026/04/19-18:00:50.531862 1490 Total Garbage Bytes: 544380395 bytes
2026/04/19-18:00:50.926542 1491 [DEBUG] Syncing metadata for: /db_working_home/000476.sst
2026/04/19-18:00:50.927526 1491 [DEBUG] Syncing metadata for: /db_working_home/000476.sst
2026/04/19-18:00:50.928394 1491 [DEBUG] GetFileSize: /db_working_home/000476.sst 
2026/04/19-18:00:50.928429 1491 [DEBUG] New writable file: /db_working_home/000477.sst direct: 1
2026/04/19-18:00:50.929574 1491 Entering Apply Finish Threshold Function
2026/04/19-18:00:50.929582 1491 Finishing zone: Entering Finish()
2026/04/19-18:00:51.532057 1490 Zone Garbage Stats: [77 3 0 2 1 15 7 5 1 4 5 0 ]
2026/04/19-18:00:51.532075 1490 Total Garbage Bytes: 544380395 bytes
2026/04/19-18:00:51.623824 1488 [DEBUG] New writable file: /db_working_home/000478.log direct: 0
2026/04/19-18:00:51.979472 1491 [DEBUG] Allocating zone(new=1) start: 0x118000000 wp: 0x118000000 lt: 5 file lt: 5
2026/04/19-18:00:51.979486 1491 [Zonestats:time(s),used_cap(MB),reclaimable_cap(MB), avg_reclaimable(%), active(#), active_zones(#), open_zones(#)] 243 2365 3778 61 5 6 4
2026/04/19-18:00:51.979495 1491 [DEBUG] Syncing metadata for: /db_working_home/000477.sst
2026/04/19-18:00:51.983793 1491 [DEBUG] Syncing metadata for: /db_working_home/000477.sst
2026/04/19-18:00:51.984442 1491 [DEBUG] Syncing metadata for: /db_working_home/000477.sst
2026/04/19-18:00:51.985504 1491 [DEBUG] GetFileSize: /db_working_home/000477.sst 
2026/04/19-18:00:51.986965 1491 [DEBUG] New random access file: /db_working_home/000476.sst direct: 1
2026/04/19-18:00:51.987461 1491 [DEBUG] GetFileSize: /db_working_home/000476.sst 
2026/04/19-18:00:51.987670 1491 [DEBUG] New random access file: /db_working_home/000477.sst direct: 1
2026/04/19-18:00:51.988017 1491 [DEBUG] GetFileSize: /db_working_home/000477.sst 
2026/04/19-18:00:51.988905 1491 [DEBUG] Syncing metadata for: /db_working_home/MANIFEST-000199
2026/04/19-18:00:51.996240 1491 [DEBUG] New writable file: /db_working_home/000479.sst direct: 1
2026/04/19-18:00:51.999614 1491 Entering Apply Finish Threshold Function
2026/04/19-18:00:51.999641 1491 [DEBUG] Allocating zone(new=1) start: 0x138000000 wp: 0x138000000 lt: 5 file lt: 5
2026/04/19-18:00:51.999649 1491 [Zonestats:time(s),used_cap(MB),reclaimable_cap(MB), avg_reclaimable(%), active(#), active_zones(#), open_zones(#)] 243 2365 3906 62 6 7 4
2026/04/19-18:00:51.999655 1491 [DEBUG] Syncing metadata for: /db_working_home/000479.sst
2026/04/19-18:00:52.203063 1492 [DEBUG] Allocating zone(new=0) start: 0x118000000 wp: 0x118001000 lt: 5 file lt: 3
2026/04/19-18:00:52.203081 1492 [Zonestats:time(s),used_cap(MB),reclaimable_cap(MB), avg_reclaimable(%), active(#), active_zones(#), open_zones(#)] 244 2365 3906 62 6 6 5
2026/04/19-18:00:52.203101 1492 [DEBUG] Syncing metadata for: /db_working_home/000475.sst
2026/04/19-18:00:52.398084 1492 [DEBUG] Syncing metadata for: /db_working_home/000475.sst
2026/04/19-18:00:52.405665 1492 [DEBUG] Syncing metadata for: /db_working_home/000475.sst
2026/04/19-18:00:52.406330 1492 [DEBUG] New random access file: /db_working_home/000475.sst direct: 1
2026/04/19-18:00:52.406512 1492 [DEBUG] GetFileSize: /db_working_home/000475.sst 
2026/04/19-18:00:52.415132 1492 [DEBUG] Syncing metadata for: /db_working_home/MANIFEST-000199
2026/04/19-18:00:52.415829 1492 [DEBUG] GetFileSize: /db_working_home/000475.sst 
2026/04/19-18:00:52.422939 1492 [DEBUG] Syncing metadata for: /db_working_home/000470.log
2026/04/19-18:00:52.430705 1492 [DEBUG] DeleteFile: ./db_working_home/000380.sst 
2026/04/19-18:00:52.431534 1492 [Zonestats:time(s),used_cap(MB),reclaimable_cap(MB), avg_reclaimable(%), active(#), active_zones(#), open_zones(#)] 244 2330 3813 62 6 6 3
2026/04/19-18:00:52.431579 1492 [DEBUG] DeleteFile: ./db_working_home/000460.sst 
2026/04/19-18:00:52.434204 1492 [Zonestats:time(s),used_cap(MB),reclaimable_cap(MB), avg_reclaimable(%), active(#), active_zones(#), open_zones(#)] 244 2304 3711 61 6 6 3
2026/04/19-18:00:52.434255 1492 [DEBUG] DeleteFile: ./db_working_home/000470.log 
2026/04/19-18:00:52.434939 1492 [Zonestats:time(s),used_cap(MB),reclaimable_cap(MB), avg_reclaimable(%), active(#), active_zones(#), open_zones(#)] 244 2288 3599 61 5 5 3
2026/04/19-18:00:52.435132 1492 [DEBUG] New writable file: /db_working_home/000480.sst direct: 1
2026/04/19-18:00:52.445241 1492 Entering Apply Finish Threshold Function
2026/04/19-18:00:52.445281 1492 [DEBUG] Allocating zone(new=0) start: 0x118000000 wp: 0x118f56000 lt: 5 file lt: 3
2026/04/19-18:00:52.445290 1492 [Zonestats:time(s),used_cap(MB),reclaimable_cap(MB), avg_reclaimable(%), active(#), active_zones(#), open_zones(#)] 244 2288 3599 61 5 5 4
2026/04/19-18:00:52.445296 1492 [DEBUG] Syncing metadata for: /db_working_home/000480.sst
2026/04/19-18:00:52.532275 1490 Zone Garbage Stats: [78 3 0 2 1 16 7 5 0 4 5 0 ]
2026/04/19-18:00:52.532293 1490 Total Garbage Bytes: 528298306 bytes
2026/04/19-18:00:52.652225 1492 [DEBUG] Syncing metadata for: /db_working_home/000480.sst
2026/04/19-18:00:52.654489 1492 [DEBUG] Syncing metadata for: /db_working_home/000480.sst
2026/04/19-18:00:52.655151 1492 [DEBUG] New random access file: /db_working_home/000480.sst direct: 1
2026/04/19-18:00:52.655343 1492 [DEBUG] GetFileSize: /db_working_home/000480.sst 
2026/04/19-18:00:52.663769 1492 [DEBUG] Syncing metadata for: /db_working_home/MANIFEST-000199
2026/04/19-18:00:52.664460 1492 [DEBUG] GetFileSize: /db_working_home/000480.sst 
2026/04/19-18:00:52.676629 1492 [DEBUG] Syncing metadata for: /db_working_home/000474.log
2026/04/19-18:00:52.677331 1492 [DEBUG] DeleteFile: ./db_working_home/000474.log 
2026/04/19-18:00:52.678019 1492 [Zonestats:time(s),used_cap(MB),reclaimable_cap(MB), avg_reclaimable(%), active(#), active_zones(#), open_zones(#)] 244 2289 3598 61 5 5 2
2026/04/19-18:00:52.713669 1488 [DEBUG] Allocating zone(new=0) start: 0x1c8000000 wp: 0x1c8fc7e00 lt: 3 file lt: 2
2026/04/19-18:00:52.713683 1488 [DEBUG] Syncing metadata for: /db_working_home/000478.log
2026/04/19-18:00:53.532479 1490 Zone Garbage Stats: [78 4 0 2 1 16 7 5 0 4 5 0 ]
2026/04/19-18:00:53.532585 1490 Total Garbage Bytes: 528299599 bytes
2026/04/19-18:00:53.620296 1491 Entering Apply Finish Threshold Function
2026/04/19-18:00:53.620328 1491 [DEBUG] Allocating zone(new=1) start: 0x58000000 wp: 0x58000000 lt: 5 file lt: 5
2026/04/19-18:00:53.620336 1491 [Zonestats:time(s),used_cap(MB),reclaimable_cap(MB), avg_reclaimable(%), active(#), active_zones(#), open_zones(#)] 245 2424 3591 59 4 5 3
2026/04/19-18:00:53.620343 1491 [DEBUG] Syncing metadata for: /db_working_home/000479.sst
2026/04/19-18:00:53.626013 1491 [DEBUG] Syncing metadata for: /db_working_home/000479.sst
2026/04/19-18:00:53.626586 1491 [DEBUG] Syncing metadata for: /db_working_home/000479.sst
2026/04/19-18:00:53.627455 1491 [DEBUG] GetFileSize: /db_working_home/000479.sst 
2026/04/19-18:00:53.627489 1491 [DEBUG] New writable file: /db_working_home/000481.sst direct: 1
2026/04/19-18:00:53.630673 1491 Entering Apply Finish Threshold Function
2026/04/19-18:00:53.630700 1491 [DEBUG] Allocating zone(new=1) start: 0x128000000 wp: 0x128000000 lt: 5 file lt: 5
2026/04/19-18:00:53.630707 1491 [Zonestats:time(s),used_cap(MB),reclaimable_cap(MB), avg_reclaimable(%), active(#), active_zones(#), open_zones(#)] 245 2424 3719 60 5 6 3
2026/04/19-18:00:53.630714 1491 [DEBUG] Syncing metadata for: /db_working_home/000481.sst
2026/04/19-18:00:54.532798 1490 Zone Garbage Stats: [76 6 0 2 1 16 7 5 0 4 5 0 ]
2026/04/19-18:00:54.532816 1490 Total Garbage Bytes: 528299830 bytes
2026/04/19-18:00:54.840264 1488 [DEBUG] New writable file: /db_working_home/000482.log direct: 0
2026/04/19-18:00:54.841195 1492 [DEBUG] New writable file: /db_working_home/000483.sst direct: 1
2026/04/19-18:00:54.850994 1492 Entering Apply Finish Threshold Function
2026/04/19-18:00:54.851022 1492 [DEBUG] Allocating zone(new=0) start: 0x118000000 wp: 0x119eaae00 lt: 5 file lt: 3
2026/04/19-18:00:54.851031 1492 [Zonestats:time(s),used_cap(MB),reclaimable_cap(MB), avg_reclaimable(%), active(#), active_zones(#), open_zones(#)] 246 2432 3711 60 6 6 4
2026/04/19-18:00:54.851038 1492 [DEBUG] Syncing metadata for: /db_working_home/000483.sst
2026/04/19-18:00:55.051538 1492 [DEBUG] Syncing metadata for: /db_working_home/000483.sst
2026/04/19-18:00:55.059365 1492 [DEBUG] Syncing metadata for: /db_working_home/000483.sst
2026/04/19-18:00:55.060023 1492 [DEBUG] New random access file: /db_working_home/000483.sst direct: 1
2026/04/19-18:00:55.060204 1492 [DEBUG] GetFileSize: /db_working_home/000483.sst 
2026/04/19-18:00:55.068971 1492 [DEBUG] Syncing metadata for: /db_working_home/MANIFEST-000199
2026/04/19-18:00:55.071325 1492 [DEBUG] GetFileSize: /db_working_home/000483.sst 
2026/04/19-18:00:55.076084 1492 [DEBUG] Syncing metadata for: /db_working_home/000478.log
2026/04/19-18:00:55.084013 1492 [DEBUG] DeleteFile: ./db_working_home/000478.log 
2026/04/19-18:00:55.084598 1492 [Zonestats:time(s),used_cap(MB),reclaimable_cap(MB), avg_reclaimable(%), active(#), active_zones(#), open_zones(#)] 247 2432 3711 60 6 6 2
2026/04/19-18:00:55.104946 1491 [DEBUG] Syncing metadata for: /db_working_home/000481.sst
2026/04/19-18:00:55.105526 1491 [DEBUG] Syncing metadata for: /db_working_home/000481.sst
2026/04/19-18:00:55.106414 1491 [DEBUG] GetFileSize: /db_working_home/000481.sst 
2026/04/19-18:00:55.106450 1491 [DEBUG] New writable file: /db_working_home/000484.sst direct: 1
2026/04/19-18:00:55.106718 1488 [DEBUG] Allocating zone(new=0) start: 0x1c8000000 wp: 0x1c9f60a00 lt: 3 file lt: 2
2026/04/19-18:00:55.106730 1488 [DEBUG] Syncing metadata for: /db_working_home/000482.log
2026/04/19-18:00:55.114485 1491 Entering Apply Finish Threshold Function
2026/04/19-18:00:55.114497 1491 Finishing zone: Entering Finish()
2026/04/19-18:00:55.533007 1490 Zone Garbage Stats: [76 6 0 2 1 16 7 5 0 4 5 0 ]
2026/04/19-18:00:55.533026 1490 Total Garbage Bytes: 528298732 bytes
2026/04/19-18:00:55.971125 1488 [DEBUG] New writable file: /db_working_home/000485.log direct: 0
2026/04/19-18:00:55.972035 1492 [DEBUG] New writable file: /db_working_home/000486.sst direct: 1
2026/04/19-18:00:55.975014 1492 Entering Apply Finish Threshold Function
2026/04/19-18:00:55.975026 1492 Finishing zone: Entering Finish()
2026/04/19-18:00:56.052818 1488 [DEBUG] Allocating zone(new=0) start: 0x58000000 wp: 0x58031c00 lt: 5 file lt: 2
2026/04/19-18:00:56.052830 1488 [DEBUG] Syncing metadata for: /db_working_home/000485.log
2026/04/19-18:00:56.077482 1492 [DEBUG] Allocating zone(new=1) start: 0x140000000 wp: 0x140000000 lt: 3 file lt: 3
2026/04/19-18:00:56.077498 1492 [Zonestats:time(s),used_cap(MB),reclaimable_cap(MB), avg_reclaimable(%), active(#), active_zones(#), open_zones(#)] 248 2571 3700 59 5 6 4
2026/04/19-18:00:56.077507 1492 [DEBUG] Syncing metadata for: /db_working_home/000486.sst
2026/04/19-18:00:56.224260 1492 [DEBUG] Syncing metadata for: /db_working_home/000486.sst
2026/04/19-18:00:56.224838 1492 [DEBUG] Syncing metadata for: /db_working_home/000486.sst
2026/04/19-18:00:56.225832 1492 [DEBUG] New random access file: /db_working_home/000486.sst direct: 1
2026/04/19-18:00:56.229514 1492 [DEBUG] GetFileSize: /db_working_home/000486.sst 
2026/04/19-18:00:56.234100 1492 [DEBUG] Syncing metadata for: /db_working_home/MANIFEST-000199
2026/04/19-18:00:56.234883 1492 [DEBUG] GetFileSize: /db_working_home/000486.sst 
2026/04/19-18:00:56.240657 1492 [DEBUG] Syncing metadata for: /db_working_home/000482.log
2026/04/19-18:00:56.241786 1492 [DEBUG] DeleteFile: ./db_working_home/000482.log 
2026/04/19-18:00:56.242766 1492 [Zonestats:time(s),used_cap(MB),reclaimable_cap(MB), avg_reclaimable(%), active(#), active_zones(#), open_zones(#)] 248 2572 3827 59 6 6 2
2026/04/19-18:00:56.247300 1491 Finishing zone: Entering Finish()
2026/04/19-18:00:56.533222 1490 Zone Garbage Stats: [75 6 0 2 1 16 7 6 0 4 5 0 ]
2026/04/19-18:00:56.533257 1490 Total Garbage Bytes: 528300016 bytes
2026/04/19-18:00:57.127379 1488 [DEBUG] New writable file: /db_working_home/000487.log direct: 0
2026/04/19-18:00:57.128333 1492 [DEBUG] New writable file: /db_working_home/000488.sst direct: 1
2026/04/19-18:00:57.131275 1492 Entering Apply Finish Threshold Function
2026/04/19-18:00:57.131304 1492 [DEBUG] Allocating zone(new=1) start: 0x150000000 wp: 0x150000000 lt: 3 file lt: 3
2026/04/19-18:00:57.131312 1492 [Zonestats:time(s),used_cap(MB),reclaimable_cap(MB), avg_reclaimable(%), active(#), active_zones(#), open_zones(#)] 249 2585 3814 59 5 6 3
2026/04/19-18:00:57.131319 1492 [DEBUG] Syncing metadata for: /db_working_home/000488.sst
2026/04/19-18:00:57.278290 1492 [DEBUG] Syncing metadata for: /db_working_home/000488.sst
2026/04/19-18:00:57.278866 1492 [DEBUG] Syncing metadata for: /db_working_home/000488.sst
2026/04/19-18:00:57.280079 1492 [DEBUG] New random access file: /db_working_home/000488.sst direct: 1
2026/04/19-18:00:57.280720 1492 [DEBUG] GetFileSize: /db_working_home/000488.sst 
2026/04/19-18:00:57.283200 1492 [DEBUG] Syncing metadata for: /db_working_home/MANIFEST-000199
2026/04/19-18:00:57.283990 1492 [DEBUG] GetFileSize: /db_working_home/000488.sst 
2026/04/19-18:00:57.289565 1492 [DEBUG] Syncing metadata for: /db_working_home/000485.log
2026/04/19-18:00:57.290720 1492 [DEBUG] DeleteFile: ./db_working_home/000485.log 
2026/04/19-18:00:57.291697 1492 [Zonestats:time(s),used_cap(MB),reclaimable_cap(MB), avg_reclaimable(%), active(#), active_zones(#), open_zones(#)] 249 2585 3942 60 6 6 1
2026/04/19-18:00:57.314048 1491 [DEBUG] Allocating zone(new=1) start: 0x158000000 wp: 0x158000000 lt: 5 file lt: 5
2026/04/19-18:00:57.314063 1491 [Zonestats:time(s),used_cap(MB),reclaimable_cap(MB), avg_reclaimable(%), active(#), active_zones(#), open_zones(#)] 249 2585 3942 60 5 6 2
2026/04/19-18:00:57.314071 1491 [DEBUG] Syncing metadata for: /db_working_home/000484.sst
2026/04/19-18:00:57.314355 1488 [DEBUG] Allocating zone(new=0) start: 0x150000000 wp: 0x150f53200 lt: 3 file lt: 2
2026/04/19-18:00:57.314366 1488 [DEBUG] Syncing metadata for: /db_working_home/000487.log
2026/04/19-18:00:57.533450 1490 Zone Garbage Stats: [73 6 1 2 1 16 7 6 0 4 6 0 ]
2026/04/19-18:00:57.533467 1490 Total Garbage Bytes: 593714503 bytes
2026/04/19-18:00:57.860599 1491 [DEBUG] Syncing metadata for: /db_working_home/000484.sst
2026/04/19-18:00:57.861185 1491 [DEBUG] Syncing metadata for: /db_working_home/000484.sst
2026/04/19-18:00:57.862048 1491 [DEBUG] GetFileSize: /db_working_home/000484.sst 
2026/04/19-18:00:57.862083 1491 [DEBUG] New writable file: /db_working_home/000489.sst direct: 1
2026/04/19-18:00:57.865393 1491 Entering Apply Finish Threshold Function
2026/04/19-18:00:57.865406 1491 Finishing zone: Entering Finish()
2026/04/19-18:00:58.533656 1490 Zone Garbage Stats: [73 6 1 2 1 16 7 6 0 4 6 0 ]
2026/04/19-18:00:58.533778 1490 Total Garbage Bytes: 593714503 bytes
2026/04/19-18:00:58.661006 1488 [DEBUG] New writable file: /db_working_home/000490.log direct: 0
2026/04/19-18:00:58.662134 1492 [DEBUG] New writable file: /db_working_home/000491.sst direct: 1
2026/04/19-18:00:58.665319 1492 Entering Apply Finish Threshold Function
2026/04/19-18:00:58.665344 1492 [DEBUG] Allocating zone(new=0) start: 0x58000000 wp: 0x58fca000 lt: 5 file lt: 3
2026/04/19-18:00:58.665351 1492 [Zonestats:time(s),used_cap(MB),reclaimable_cap(MB), avg_reclaimable(%), active(#), active_zones(#), open_zones(#)] 250 2650 4005 60 6 6 3
2026/04/19-18:00:58.665358 1492 [DEBUG] Syncing metadata for: /db_working_home/000491.sst
2026/04/19-18:00:58.809511 1492 [DEBUG] Syncing metadata for: /db_working_home/000491.sst
2026/04/19-18:00:58.810140 1492 [DEBUG] Syncing metadata for: /db_working_home/000491.sst
2026/04/19-18:00:58.811139 1492 [DEBUG] New random access file: /db_working_home/000491.sst direct: 1
2026/04/19-18:00:58.811352 1492 [DEBUG] GetFileSize: /db_working_home/000491.sst 
2026/04/19-18:00:58.813997 1492 [DEBUG] Syncing metadata for: /db_working_home/MANIFEST-000199
2026/04/19-18:00:58.814982 1492 [DEBUG] GetFileSize: /db_working_home/000491.sst 
2026/04/19-18:00:58.820856 1492 [DEBUG] Syncing metadata for: /db_working_home/000487.log
2026/04/19-18:00:58.821871 1492 [DEBUG] DeleteFile: ./db_working_home/000487.log 
2026/04/19-18:00:58.822880 1492 [Zonestats:time(s),used_cap(MB),reclaimable_cap(MB), avg_reclaimable(%), active(#), active_zones(#), open_zones(#)] 250 2650 4005 60 6 6 1
2026/04/19-18:00:58.836301 1488 [DEBUG] Allocating zone(new=0) start: 0x150000000 wp: 0x151eebe00 lt: 3 file lt: 2
2026/04/19-18:00:58.836312 1488 [DEBUG] Syncing metadata for: /db_working_home/000490.log
2026/04/19-18:00:58.914214 1491 [DEBUG] Allocating zone(new=1) start: 0x180000000 wp: 0x180000000 lt: 5 file lt: 5
2026/04/19-18:00:58.914247 1491 [Zonestats:time(s),used_cap(MB),reclaimable_cap(MB), avg_reclaimable(%), active(#), active_zones(#), open_zones(#)] 250 2652 4003 60 5 6 3
2026/04/19-18:00:58.914256 1491 [DEBUG] Syncing metadata for: /db_working_home/000489.sst
2026/04/19-18:00:59.534012 1490 Zone Garbage Stats: [72 6 1 2 1 16 7 7 0 4 6 0 ]
2026/04/19-18:00:59.534029 1490 Total Garbage Bytes: 593715014 bytes
2026/04/19-18:00:59.578356 1491 [DEBUG] Syncing metadata for: /db_working_home/000489.sst
2026/04/19-18:00:59.578936 1491 [DEBUG] Syncing metadata for: /db_working_home/000489.sst
2026/04/19-18:00:59.579739 1491 [DEBUG] GetFileSize: /db_working_home/000489.sst 
2026/04/19-18:00:59.579776 1491 [DEBUG] New writable file: /db_working_home/000492.sst direct: 1
2026/04/19-18:00:59.585575 1491 Entering Apply Finish Threshold Function
2026/04/19-18:00:59.585590 1491 Finishing zone: Entering Finish()
2026/04/19-18:01:00.359270 1488 [DEBUG] New writable file: /db_working_home/000493.log direct: 0
2026/04/19-18:01:00.360405 1492 [DEBUG] New writable file: /db_working_home/000494.sst direct: 1
2026/04/19-18:01:00.363719 1492 Entering Apply Finish Threshold Function
2026/04/19-18:01:00.363744 1492 [DEBUG] Allocating zone(new=0) start: 0x58000000 wp: 0x59f20000 lt: 5 file lt: 3
2026/04/19-18:01:00.363752 1492 [Zonestats:time(s),used_cap(MB),reclaimable_cap(MB), avg_reclaimable(%), active(#), active_zones(#), open_zones(#)] 252 2725 4058 59 6 6 3
2026/04/19-18:01:00.363759 1492 [DEBUG] Syncing metadata for: /db_working_home/000494.sst
2026/04/19-18:01:00.428280 1491 [DEBUG] Allocating zone(new=1) start: 0x190000000 wp: 0x190000000 lt: 5 file lt: 5
2026/04/19-18:01:00.428296 1491 [Zonestats:time(s),used_cap(MB),reclaimable_cap(MB), avg_reclaimable(%), active(#), active_zones(#), open_zones(#)] 252 2725 4058 59 5 6 4
2026/04/19-18:01:00.428306 1491 [DEBUG] Syncing metadata for: /db_working_home/000492.sst
2026/04/19-18:01:00.534238 1490 Zone Garbage Stats: [71 6 0 2 1 16 8 7 0 4 6 0 ]
2026/04/19-18:01:00.534255 1490 Total Garbage Bytes: 577362639 bytes
2026/04/19-18:01:00.550599 1492 [DEBUG] Syncing metadata for: /db_working_home/000494.sst
2026/04/19-18:01:00.553400 1492 [DEBUG] Syncing metadata for: /db_working_home/000494.sst
2026/04/19-18:01:00.554251 1492 [DEBUG] New random access file: /db_working_home/000494.sst direct: 1
2026/04/19-18:01:00.561563 1492 [DEBUG] GetFileSize: /db_working_home/000494.sst 
2026/04/19-18:01:00.563910 1492 [DEBUG] Syncing metadata for: /db_working_home/MANIFEST-000199
2026/04/19-18:01:00.571674 1492 [DEBUG] GetFileSize: /db_working_home/000494.sst 
2026/04/19-18:01:00.577903 1492 [DEBUG] Syncing metadata for: /db_working_home/000490.log
2026/04/19-18:01:00.578636 1492 [DEBUG] DeleteFile: ./db_working_home/000490.log 
2026/04/19-18:01:00.586452 1492 [Zonestats:time(s),used_cap(MB),reclaimable_cap(MB), avg_reclaimable(%), active(#), active_zones(#), open_zones(#)] 252 2725 4058 59 6 6 2
2026/04/19-18:01:00.701548 1488 [DEBUG] Allocating zone(new=0) start: 0x150000000 wp: 0x152e85200 lt: 3 file lt: 2
2026/04/19-18:01:00.701561 1488 [DEBUG] Syncing metadata for: /db_working_home/000493.log
2026/04/19-18:01:01.523167 1491 [DEBUG] Syncing metadata for: /db_working_home/000492.sst
2026/04/19-18:01:01.523771 1491 [DEBUG] Syncing metadata for: /db_working_home/000492.sst
2026/04/19-18:01:01.524597 1491 [DEBUG] GetFileSize: /db_working_home/000492.sst 
2026/04/19-18:01:01.526009 1491 [DEBUG] New random access file: /db_working_home/000479.sst direct: 1
2026/04/19-18:01:01.526406 1491 [DEBUG] GetFileSize: /db_working_home/000479.sst 
2026/04/19-18:01:01.526699 1491 [DEBUG] New random access file: /db_working_home/000481.sst direct: 1
2026/04/19-18:01:01.527152 1491 [DEBUG] GetFileSize: /db_working_home/000481.sst 
2026/04/19-18:01:01.527318 1491 [DEBUG] New random access file: /db_working_home/000484.sst direct: 1
2026/04/19-18:01:01.527514 1491 [DEBUG] GetFileSize: /db_working_home/000484.sst 
2026/04/19-18:01:01.527643 1491 [DEBUG] New random access file: /db_working_home/000489.sst direct: 1
2026/04/19-18:01:01.527877 1491 [DEBUG] GetFileSize: /db_working_home/000489.sst 
2026/04/19-18:01:01.528005 1491 [DEBUG] New random access file: /db_working_home/000492.sst direct: 1
2026/04/19-18:01:01.528264 1491 [DEBUG] GetFileSize: /db_working_home/000492.sst 
2026/04/19-18:01:01.529315 1491 [DEBUG] Syncing metadata for: /db_working_home/MANIFEST-000199
2026/04/19-18:01:01.534451 1490 Zone Garbage Stats: [71 7 1 2 1 16 8 7 0 4 6 0 ]
2026/04/19-18:01:01.534464 1490 Total Garbage Bytes: 593716021 bytes
2026/04/19-18:01:01.559217 1491 [DEBUG] New writable file: /db_working_home/000495.sst direct: 1
2026/04/19-18:01:01.563355 1491 Entering Apply Finish Threshold Function
2026/04/19-18:01:01.563366 1491 Finishing zone: Entering Finish()
2026/04/19-18:01:02.392983 1488 [DEBUG] New writable file: /db_working_home/000496.log direct: 0
2026/04/19-18:01:02.394103 1492 [DEBUG] New writable file: /db_working_home/000497.sst direct: 1
2026/04/19-18:01:02.397437 1492 Entering Apply Finish Threshold Function
2026/04/19-18:01:02.397450 1492 Finishing zone: Entering Finish()
2026/04/19-18:01:02.521069 1488 [DEBUG] Allocating zone(new=0) start: 0x140000000 wp: 0x140f54400 lt: 3 file lt: 2
2026/04/19-18:01:02.521082 1488 [DEBUG] Syncing metadata for: /db_working_home/000496.log
2026/04/19-18:01:02.534653 1490 Zone Garbage Stats: [71 5 0 2 1 16 8 7 0 4 6 0 ]
2026/04/19-18:01:02.534666 1490 Total Garbage Bytes: 577362561 bytes
2026/04/19-18:01:02.574678 1491 [DEBUG] Allocating zone(new=1) start: 0x1a8000000 wp: 0x1a8000000 lt: 3 file lt: 3
2026/04/19-18:01:02.574693 1491 [Zonestats:time(s),used_cap(MB),reclaimable_cap(MB), avg_reclaimable(%), active(#), active_zones(#), open_zones(#)] 254 2838 4073 58 5 6 4
2026/04/19-18:01:02.574702 1491 [DEBUG] Syncing metadata for: /db_working_home/000495.sst
2026/04/19-18:01:03.335147 1492 [DEBUG] Allocating zone(new=1) start: 0x1b8000000 wp: 0x1b8000000 lt: 3 file lt: 3
2026/04/19-18:01:03.335163 1492 [Zonestats:time(s),used_cap(MB),reclaimable_cap(MB), avg_reclaimable(%), active(#), active_zones(#), open_zones(#)] 255 2841 4070 58 5 6 5
2026/04/19-18:01:03.335173 1492 [DEBUG] Syncing metadata for: /db_working_home/000497.sst
2026/04/19-18:01:03.520576 1492 [DEBUG] Syncing metadata for: /db_working_home/000497.sst
2026/04/19-18:01:03.521594 1492 [DEBUG] Syncing metadata for: /db_working_home/000497.sst
2026/04/19-18:01:03.522326 1492 [DEBUG] New random access file: /db_working_home/000497.sst direct: 1
2026/04/19-18:01:03.522515 1492 [DEBUG] GetFileSize: /db_working_home/000497.sst 
2026/04/19-18:01:03.530742 1492 [DEBUG] Syncing metadata for: /db_working_home/MANIFEST-000199
2026/04/19-18:01:03.532381 1492 [DEBUG] GetFileSize: /db_working_home/000497.sst 
2026/04/19-18:01:03.534865 1490 Zone Garbage Stats: [69 6 0 3 1 16 8 7 1 4 6 0 ]
2026/04/19-18:01:03.534978 1490 Total Garbage Bytes: 593716203 bytes
2026/04/19-18:01:03.537213 1492 [DEBUG] Syncing metadata for: /db_working_home/000493.log
2026/04/19-18:01:03.544423 1492 [DEBUG] DeleteFile: ./db_working_home/000442.sst 
2026/04/19-18:01:03.545835 1492 [Zonestats:time(s),used_cap(MB),reclaimable_cap(MB), avg_reclaimable(%), active(#), active_zones(#), open_zones(#)] 255 2804 4107 59 6 6 3
2026/04/19-18:01:03.545879 1492 [DEBUG] DeleteFile: ./db_working_home/000445.sst 
2026/04/19-18:01:03.546549 1492 [Zonestats:time(s),used_cap(MB),reclaimable_cap(MB), avg_reclaimable(%), active(#), active_zones(#), open_zones(#)] 255 2751 4032 59 6 6 3
2026/04/19-18:01:03.546585 1492 [DEBUG] DeleteFile: ./db_working_home/000448.sst 
2026/04/19-18:01:03.547237 1492 [Zonestats:time(s),used_cap(MB),reclaimable_cap(MB), avg_reclaimable(%), active(#), active_zones(#), open_zones(#)] 255 2702 3953 59 6 6 3
2026/04/19-18:01:03.547270 1492 [DEBUG] DeleteFile: ./db_working_home/000461.sst 
2026/04/19-18:01:03.547932 1492 [Zonestats:time(s),used_cap(MB),reclaimable_cap(MB), avg_reclaimable(%), active(#), active_zones(#), open_zones(#)] 255 2656 3871 59 6 6 3
2026/04/19-18:01:03.547964 1492 [DEBUG] DeleteFile: ./db_working_home/000462.sst 
2026/04/19-18:01:03.555061 1492 [Zonestats:time(s),used_cap(MB),reclaimable_cap(MB), avg_reclaimable(%), active(#), active_zones(#), open_zones(#)] 255 2587 3812 59 6 6 3
2026/04/19-18:01:03.555114 1492 [DEBUG] DeleteFile: ./db_working_home/000465.sst 
2026/04/19-18:01:03.556668 1492 [Zonestats:time(s),used_cap(MB),reclaimable_cap(MB), avg_reclaimable(%), active(#), active_zones(#), open_zones(#)] 255 2495 3776 60 6 6 3
2026/04/19-18:01:03.556721 1492 [DEBUG] DeleteFile: ./db_working_home/000472.sst 
2026/04/19-18:01:03.557471 1492 [Zonestats:time(s),used_cap(MB),reclaimable_cap(MB), avg_reclaimable(%), active(#), active_zones(#), open_zones(#)] 255 2367 3648 60 6 6 3
2026/04/19-18:01:03.557506 1492 [DEBUG] DeleteFile: ./db_working_home/000493.log 
2026/04/19-18:01:03.558069 1492 [Zonestats:time(s),used_cap(MB),reclaimable_cap(MB), avg_reclaimable(%), active(#), active_zones(#), open_zones(#)] 255 2351 3664 60 6 6 3
2026/04/19-18:01:03.811902 1491 [DEBUG] Syncing metadata for: /db_working_home/000495.sst
2026/04/19-18:01:03.812492 1491 [DEBUG] Syncing metadata for: /db_working_home/000495.sst
2026/04/19-18:01:03.816817 1491 [DEBUG] GetFileSize: /db_working_home/000495.sst 
2026/04/19-18:01:03.816854 1491 [DEBUG] New writable file: /db_working_home/000498.sst direct: 1
2026/04/19-18:01:03.823491 1491 Entering Apply Finish Threshold Function
2026/04/19-18:01:03.823505 1491 Finishing zone: Entering Finish()
2026/04/19-18:01:04.535105 1490 Zone Garbage Stats: [77 6 0 2 1 15 6 5 1 4 5 0 ]
2026/04/19-18:01:04.535134 1490 Total Garbage Bytes: 544652569 bytes
2026/04/19-18:01:04.584941 1491 Finishing zone: Entering Finish()
2026/04/19-18:01:04.586601 1488 [DEBUG] New writable file: /db_working_home/000499.log direct: 0
2026/04/19-18:01:04.587703 1492 [DEBUG] New writable file: /db_working_home/000500.sst direct: 1
2026/04/19-18:01:04.591026 1492 Entering Apply Finish Threshold Function
2026/04/19-18:01:04.591052 1492 [DEBUG] Allocating zone(new=1) start: 0x70000000 wp: 0x70000000 lt: 3 file lt: 3
2026/04/19-18:01:04.591060 1492 [Zonestats:time(s),used_cap(MB),reclaimable_cap(MB), avg_reclaimable(%), active(#), active_zones(#), open_zones(#)] 256 2453 3690 60 5 6 3
2026/04/19-18:01:04.591067 1492 [DEBUG] Syncing metadata for: /db_working_home/000500.sst
2026/04/19-18:01:04.737516 1492 [DEBUG] Syncing metadata for: /db_working_home/000500.sst
2026/04/19-18:01:04.738441 1492 [DEBUG] Syncing metadata for: /db_working_home/000500.sst
2026/04/19-18:01:04.739629 1492 [DEBUG] New random access file: /db_working_home/000500.sst direct: 1
2026/04/19-18:01:04.740292 1492 [DEBUG] GetFileSize: /db_working_home/000500.sst 
2026/04/19-18:01:04.743400 1492 [DEBUG] Syncing metadata for: /db_working_home/MANIFEST-000199
2026/04/19-18:01:04.744130 1492 [DEBUG] GetFileSize: /db_working_home/000500.sst 
2026/04/19-18:01:04.749780 1492 [DEBUG] Syncing metadata for: /db_working_home/000496.log
2026/04/19-18:01:04.750782 1492 [DEBUG] DeleteFile: ./db_working_home/000496.log 
2026/04/19-18:01:04.751786 1492 [Zonestats:time(s),used_cap(MB),reclaimable_cap(MB), avg_reclaimable(%), active(#), active_zones(#), open_zones(#)] 256 2454 3817 60 6 6 1
2026/04/19-18:01:04.779704 1488 [DEBUG] Allocating zone(new=0) start: 0x1b8000000 wp: 0x1b8f54e00 lt: 3 file lt: 2
2026/04/19-18:01:04.779714 1488 [DEBUG] Syncing metadata for: /db_working_home/000499.log
2026/04/19-18:01:05.126307 1491 [DEBUG] Allocating zone(new=1) start: 0x100000000 wp: 0x100000000 lt: 3 file lt: 3
2026/04/19-18:01:05.126377 1491 [Zonestats:time(s),used_cap(MB),reclaimable_cap(MB), avg_reclaimable(%), active(#), active_zones(#), open_zones(#)] 257 2458 3813 60 5 6 3
2026/04/19-18:01:05.126393 1491 [DEBUG] Syncing metadata for: /db_working_home/000498.sst
2026/04/19-18:01:05.535361 1490 Zone Garbage Stats: [75 5 1 3 1 15 6 5 1 5 5 0 ]
2026/04/19-18:01:05.535379 1490 Total Garbage Bytes: 610068882 bytes
2026/04/19-18:01:05.705352 1491 [DEBUG] Syncing metadata for: /db_working_home/000498.sst
2026/04/19-18:01:05.705966 1491 [DEBUG] Syncing metadata for: /db_working_home/000498.sst
2026/04/19-18:01:05.706820 1491 [DEBUG] GetFileSize: /db_working_home/000498.sst 
2026/04/19-18:01:05.708365 1491 [DEBUG] New random access file: /db_working_home/000495.sst direct: 1
2026/04/19-18:01:05.708860 1491 [DEBUG] GetFileSize: /db_working_home/000495.sst 
2026/04/19-18:01:05.709083 1491 [DEBUG] New random access file: /db_working_home/000498.sst direct: 1
2026/04/19-18:01:05.709299 1491 [DEBUG] GetFileSize: /db_working_home/000498.sst 
2026/04/19-18:01:05.710365 1491 [DEBUG] Syncing metadata for: /db_working_home/MANIFEST-000199
2026/04/19-18:01:05.711855 1491 [DEBUG] Syncing metadata for: /db_working_home/MANIFEST-000199
2026/04/19-18:01:05.712620 1491 [DEBUG] DeleteFile: ./db_working_home/000473.sst 
2026/04/19-18:01:05.713342 1491 [Zonestats:time(s),used_cap(MB),reclaimable_cap(MB), avg_reclaimable(%), active(#), active_zones(#), open_zones(#)] 257 2472 3799 60 6 6 2
2026/04/19-18:01:05.713383 1491 [DEBUG] DeleteFile: ./db_working_home/000475.sst 
2026/04/19-18:01:05.713962 1491 [Zonestats:time(s),used_cap(MB),reclaimable_cap(MB), avg_reclaimable(%), active(#), active_zones(#), open_zones(#)] 257 2456 3815 60 6 6 2
2026/04/19-18:01:05.713997 1491 [DEBUG] DeleteFile: ./db_working_home/000480.sst 
2026/04/19-18:01:05.714700 1491 [Zonestats:time(s),used_cap(MB),reclaimable_cap(MB), avg_reclaimable(%), active(#), active_zones(#), open_zones(#)] 257 2441 3830 61 6 6 2
2026/04/19-18:01:05.714725 1491 [DEBUG] DeleteFile: ./db_working_home/000483.sst 
2026/04/19-18:01:05.715295 1491 [Zonestats:time(s),used_cap(MB),reclaimable_cap(MB), avg_reclaimable(%), active(#), active_zones(#), open_zones(#)] 257 2426 3845 61 6 6 2
2026/04/19-18:01:05.715327 1491 [DEBUG] DeleteFile: ./db_working_home/000486.sst 
2026/04/19-18:01:05.716055 1491 [Zonestats:time(s),used_cap(MB),reclaimable_cap(MB), avg_reclaimable(%), active(#), active_zones(#), open_zones(#)] 257 2410 3733 60 5 5 2
2026/04/19-18:01:05.716087 1491 [DEBUG] DeleteFile: ./db_working_home/000488.sst 
2026/04/19-18:01:05.716724 1491 [Zonestats:time(s),used_cap(MB),reclaimable_cap(MB), avg_reclaimable(%), active(#), active_zones(#), open_zones(#)] 257 2395 3620 60 5 5 2
2026/04/19-18:01:05.716756 1491 [DEBUG] DeleteFile: ./db_working_home/000491.sst 
2026/04/19-18:01:05.717309 1491 [Zonestats:time(s),used_cap(MB),reclaimable_cap(MB), avg_reclaimable(%), active(#), active_zones(#), open_zones(#)] 257 2380 3635 60 5 5 2
2026/04/19-18:01:05.717341 1491 [DEBUG] DeleteFile: ./db_working_home/000494.sst 
2026/04/19-18:01:05.717948 1491 [Zonestats:time(s),used_cap(MB),reclaimable_cap(MB), avg_reclaimable(%), active(#), active_zones(#), open_zones(#)] 257 2364 3651 60 5 5 2
2026/04/19-18:01:05.718750 1491 [DEBUG] Syncing metadata for: /db_working_home/MANIFEST-000199
2026/04/19-18:01:05.725027 1491 [DEBUG] New writable file: /db_working_home/000501.sst direct: 1
2026/04/19-18:01:05.728026 1491 Entering Apply Finish Threshold Function
2026/04/19-18:01:05.728038 1491 Finishing zone: Entering Finish()
2026/04/19-18:01:06.096381 1488 [DEBUG] New writable file: /db_working_home/000502.log direct: 0
2026/04/19-18:01:06.097449 1492 [DEBUG] New writable file: /db_working_home/000503.sst direct: 1
2026/04/19-18:01:06.100677 1492 Entering Apply Finish Threshold Function
2026/04/19-18:01:06.100705 1492 [DEBUG] Allocating zone(new=1) start: 0x120000000 wp: 0x120000000 lt: 3 file lt: 3
2026/04/19-18:01:06.100713 1492 [Zonestats:time(s),used_cap(MB),reclaimable_cap(MB), avg_reclaimable(%), active(#), active_zones(#), open_zones(#)] 258 2371 3644 60 5 6 3
2026/04/19-18:01:06.100719 1492 [DEBUG] Syncing metadata for: /db_working_home/000503.sst
2026/04/19-18:01:06.247351 1492 [DEBUG] Syncing metadata for: /db_working_home/000503.sst
2026/04/19-18:01:06.247929 1492 [DEBUG] Syncing metadata for: /db_working_home/000503.sst
2026/04/19-18:01:06.249117 1492 [DEBUG] New random access file: /db_working_home/000503.sst direct: 1
2026/04/19-18:01:06.249354 1492 [DEBUG] GetFileSize: /db_working_home/000503.sst 
2026/04/19-18:01:06.252028 1492 [DEBUG] Syncing metadata for: /db_working_home/MANIFEST-000199
2026/04/19-18:01:06.252923 1492 [DEBUG] GetFileSize: /db_working_home/000503.sst 
2026/04/19-18:01:06.258048 1492 [DEBUG] Syncing metadata for: /db_working_home/000499.log
2026/04/19-18:01:06.259188 1492 [DEBUG] DeleteFile: ./db_working_home/000499.log 
2026/04/19-18:01:06.260212 1492 [Zonestats:time(s),used_cap(MB),reclaimable_cap(MB), avg_reclaimable(%), active(#), active_zones(#), open_zones(#)] 258 2372 3771 61 6 6 1
2026/04/19-18:01:06.270386 1488 [DEBUG] Allocating zone(new=0) start: 0x1b8000000 wp: 0x1b9eeda00 lt: 3 file lt: 2
2026/04/19-18:01:06.270395 1488 [DEBUG] Syncing metadata for: /db_working_home/000502.log
2026/04/19-18:01:06.535573 1490 Zone Garbage Stats: [77 6 0 3 1 15 6 3 0 4 7 0 ]
2026/04/19-18:01:06.535589 1490 Total Garbage Bytes: 625033769 bytes
2026/04/19-18:01:06.794821 1491 [DEBUG] Allocating zone(new=1) start: 0x140000000 wp: 0x140000000 lt: 5 file lt: 5
2026/04/19-18:01:06.794838 1491 [Zonestats:time(s),used_cap(MB),reclaimable_cap(MB), avg_reclaimable(%), active(#), active_zones(#), open_zones(#)] 258 2381 3762 61 5 6 3
2026/04/19-18:01:06.794847 1491 [DEBUG] Syncing metadata for: /db_working_home/000501.sst
2026/04/19-18:01:07.535786 1490 Zone Garbage Stats: [76 6 0 3 1 15 6 4 0 4 7 0 ]
2026/04/19-18:01:07.535804 1490 Total Garbage Bytes: 625033882 bytes
2026/04/19-18:01:07.678912 1491 [DEBUG] Syncing metadata for: /db_working_home/000501.sst
2026/04/19-18:01:07.679488 1491 [DEBUG] Syncing metadata for: /db_working_home/000501.sst
2026/04/19-18:01:07.680292 1491 [DEBUG] GetFileSize: /db_working_home/000501.sst 
2026/04/19-18:01:07.680327 1491 [DEBUG] New writable file: /db_working_home/000504.sst direct: 1
2026/04/19-18:01:07.681335 1488 [DEBUG] New writable file: /db_working_home/000505.log direct: 0
2026/04/19-18:01:07.682304 1492 [DEBUG] New writable file: /db_working_home/000506.sst direct: 1
2026/04/19-18:01:07.683367 1491 Entering Apply Finish Threshold Function
2026/04/19-18:01:07.683379 1491 Finishing zone: Entering Finish()
2026/04/19-18:01:07.685143 1492 Entering Apply Finish Threshold Function
2026/04/19-18:01:07.685177 1492 [DEBUG] Allocating zone(new=1) start: 0x150000000 wp: 0x150000000 lt: 3 file lt: 3
2026/04/19-18:01:07.685185 1492 [Zonestats:time(s),used_cap(MB),reclaimable_cap(MB), avg_reclaimable(%), active(#), active_zones(#), open_zones(#)] 259 2466 3805 60 6 7 3
2026/04/19-18:01:07.685191 1492 [DEBUG] Syncing metadata for: /db_working_home/000506.sst
2026/04/19-18:01:07.838594 1492 [DEBUG] Syncing metadata for: /db_working_home/000506.sst
2026/04/19-18:01:07.839196 1492 [DEBUG] Syncing metadata for: /db_working_home/000506.sst
2026/04/19-18:01:07.839988 1492 [DEBUG] New random access file: /db_working_home/000506.sst direct: 1
2026/04/19-18:01:07.840227 1492 [DEBUG] GetFileSize: /db_working_home/000506.sst 
2026/04/19-18:01:07.842878 1492 [DEBUG] Syncing metadata for: /db_working_home/MANIFEST-000199
2026/04/19-18:01:07.843765 1492 [DEBUG] GetFileSize: /db_working_home/000506.sst 
2026/04/19-18:01:07.848895 1492 [DEBUG] Syncing metadata for: /db_working_home/000502.log
2026/04/19-18:01:07.850037 1492 [DEBUG] DeleteFile: ./db_working_home/000502.log 
2026/04/19-18:01:07.851001 1492 [Zonestats:time(s),used_cap(MB),reclaimable_cap(MB), avg_reclaimable(%), active(#), active_zones(#), open_zones(#)] 259 2467 3932 61 7 7 1
2026/04/19-18:01:07.862383 1488 [DEBUG] Allocating zone(new=0) start: 0x1b8000000 wp: 0x1bae86800 lt: 3 file lt: 2
2026/04/19-18:01:07.862395 1488 [DEBUG] Syncing metadata for: /db_working_home/000505.log
2026/04/19-18:01:08.382438 1491 [DEBUG] Allocating zone(new=1) start: 0x160000000 wp: 0x160000000 lt: 5 file lt: 5
2026/04/19-18:01:08.382456 1491 [Zonestats:time(s),used_cap(MB),reclaimable_cap(MB), avg_reclaimable(%), active(#), active_zones(#), open_zones(#)] 260 2476 3923 61 6 7 3
2026/04/19-18:01:08.382465 1491 [DEBUG] Syncing metadata for: /db_working_home/000504.sst
2026/04/19-18:01:08.536000 1490 Zone Garbage Stats: [74 7 0 3 2 15 6 4 0 4 7 0 ]
2026/04/19-18:01:08.536094 1490 Total Garbage Bytes: 625034239 bytes
2026/04/19-18:01:09.385238 1488 [DEBUG] New writable file: /db_working_home/000507.log direct: 0
2026/04/19-18:01:09.386172 1492 [DEBUG] New writable file: /db_working_home/000508.sst direct: 1
2026/04/19-18:01:09.389079 1492 Entering Apply Finish Threshold Function
2026/04/19-18:01:09.389107 1492 [DEBUG] Allocating zone(new=1) start: 0x178000000 wp: 0x178000000 lt: 3 file lt: 3
2026/04/19-18:01:09.389115 1492 [Zonestats:time(s),used_cap(MB),reclaimable_cap(MB), avg_reclaimable(%), active(#), active_zones(#), open_zones(#)] 261 2482 3917 61 7 8 4
2026/04/19-18:01:09.389121 1492 [DEBUG] Syncing metadata for: /db_working_home/000508.sst
2026/04/19-18:01:09.507608 1491 [DEBUG] Syncing metadata for: /db_working_home/000504.sst
2026/04/19-18:01:09.508211 1491 [DEBUG] Syncing metadata for: /db_working_home/000504.sst
2026/04/19-18:01:09.508954 1491 [DEBUG] GetFileSize: /db_working_home/000504.sst 
2026/04/19-18:01:09.508990 1491 [DEBUG] New writable file: /db_working_home/000509.sst direct: 1
2026/04/19-18:01:09.528580 1491 Entering Apply Finish Threshold Function
2026/04/19-18:01:09.528595 1491 Finishing zone: Entering Finish()
2026/04/19-18:01:09.536288 1490 Zone Garbage Stats: [73 7 0 3 2 15 6 4 0 4 7 0 ]
2026/04/19-18:01:09.536301 1490 Total Garbage Bytes: 625034239 bytes
2026/04/19-18:01:09.558085 1492 [DEBUG] Syncing metadata for: /db_working_home/000508.sst
2026/04/19-18:01:09.558657 1492 [DEBUG] Syncing metadata for: /db_working_home/000508.sst
2026/04/19-18:01:09.559844 1492 [DEBUG] New random access file: /db_working_home/000508.sst direct: 1
2026/04/19-18:01:09.560075 1492 [DEBUG] GetFileSize: /db_working_home/000508.sst 
2026/04/19-18:01:09.562085 1492 [DEBUG] Syncing metadata for: /db_working_home/MANIFEST-000199
2026/04/19-18:01:09.562973 1492 [DEBUG] GetFileSize: /db_working_home/000508.sst 
2026/04/19-18:01:09.568098 1492 [DEBUG] Syncing metadata for: /db_working_home/000505.log
2026/04/19-18:01:09.569207 1492 [DEBUG] DeleteFile: ./db_working_home/000505.log 
2026/04/19-18:01:09.569774 1492 [Zonestats:time(s),used_cap(MB),reclaimable_cap(MB), avg_reclaimable(%), active(#), active_zones(#), open_zones(#)] 261 2572 4083 61 8 8 1
2026/04/19-18:01:09.591539 1488 [DEBUG] Allocating zone(new=0) start: 0x1b8000000 wp: 0x1bbe1fa00 lt: 3 file lt: 2
2026/04/19-18:01:09.591551 1488 [DEBUG] Syncing metadata for: /db_working_home/000507.log
2026/04/19-18:01:10.006726 1491 [DEBUG] Allocating zone(new=1) start: 0x188000000 wp: 0x188000000 lt: 5 file lt: 5
2026/04/19-18:01:10.006744 1491 [Zonestats:time(s),used_cap(MB),reclaimable_cap(MB), avg_reclaimable(%), active(#), active_zones(#), open_zones(#)] 262 2578 4077 61 7 8 3
2026/04/19-18:01:10.006753 1491 [DEBUG] Syncing metadata for: /db_working_home/000509.sst
2026/04/19-18:01:10.536417 1490 Zone Garbage Stats: [72 8 0 4 2 15 6 4 0 4 7 0 ]
2026/04/19-18:01:10.536432 1490 Total Garbage Bytes: 625034806 bytes
2026/04/19-18:01:10.553681 1491 [DEBUG] Syncing metadata for: /db_working_home/000509.sst
2026/04/19-18:01:10.554257 1491 [DEBUG] Syncing metadata for: /db_working_home/000509.sst
2026/04/19-18:01:10.555067 1491 [DEBUG] GetFileSize: /db_working_home/000509.sst 
2026/04/19-18:01:10.555100 1491 [DEBUG] New writable file: /db_working_home/000510.sst direct: 1
2026/04/19-18:01:10.557991 1491 Entering Apply Finish Threshold Function
2026/04/19-18:01:10.558004 1491 Finishing zone: Entering Finish()
2026/04/19-18:01:10.962166 1488 [DEBUG] New writable file: /db_working_home/000511.log direct: 0
2026/04/19-18:01:10.963111 1492 [DEBUG] New writable file: /db_working_home/000512.sst direct: 1
2026/04/19-18:01:10.965985 1492 Entering Apply Finish Threshold Function
2026/04/19-18:01:10.966014 1492 [DEBUG] Allocating zone(new=1) start: 0x1c0000000 wp: 0x1c0000000 lt: 3 file lt: 3
2026/04/19-18:01:10.966022 1492 [Zonestats:time(s),used_cap(MB),reclaimable_cap(MB), avg_reclaimable(%), active(#), active_zones(#), open_zones(#)] 262 2633 4150 61 8 9 3
2026/04/19-18:01:10.966029 1492 [DEBUG] Syncing metadata for: /db_working_home/000512.sst
2026/04/19-18:01:11.112068 1492 [DEBUG] Syncing metadata for: /db_working_home/000512.sst
2026/04/19-18:01:11.112656 1492 [DEBUG] Syncing metadata for: /db_working_home/000512.sst
2026/04/19-18:01:11.113641 1492 [DEBUG] New random access file: /db_working_home/000512.sst direct: 1
2026/04/19-18:01:11.114306 1492 [DEBUG] GetFileSize: /db_working_home/000512.sst 
2026/04/19-18:01:11.116951 1492 [DEBUG] Syncing metadata for: /db_working_home/MANIFEST-000199
2026/04/19-18:01:11.118187 1492 [DEBUG] GetFileSize: /db_working_home/000512.sst 
2026/04/19-18:01:11.123315 1492 [DEBUG] Syncing metadata for: /db_working_home/000507.log
2026/04/19-18:01:11.124442 1492 [DEBUG] DeleteFile: ./db_working_home/000507.log 
2026/04/19-18:01:11.125423 1492 [Zonestats:time(s),used_cap(MB),reclaimable_cap(MB), avg_reclaimable(%), active(#), active_zones(#), open_zones(#)] 263 2633 4278 61 9 9 1
2026/04/19-18:01:11.143433 1488 [DEBUG] Allocating zone(new=0) start: 0x1c0000000 wp: 0x1c0f50400 lt: 3 file lt: 2
2026/04/19-18:01:11.143444 1488 [DEBUG] Syncing metadata for: /db_working_home/000511.log
2026/04/19-18:01:11.536622 1490 Zone Garbage Stats: [71 8 0 4 2 16 6 4 0 4 7 0 ]
2026/04/19-18:01:11.536639 1490 Total Garbage Bytes: 690453306 bytes
2026/04/19-18:01:11.637040 1491 Finishing zone: Entering Finish()
2026/04/19-18:01:12.207320 1488 [DEBUG] New writable file: /db_working_home/000513.log direct: 0
2026/04/19-18:01:12.208453 1492 [DEBUG] New writable file: /db_working_home/000514.sst direct: 1
2026/04/19-18:01:12.211280 1492 Entering Apply Finish Threshold Function
2026/04/19-18:01:12.211309 1492 [DEBUG] Allocating zone(new=1) start: 0x1c8000000 wp: 0x1c8000000 lt: 3 file lt: 3
2026/04/19-18:01:12.211316 1492 [Zonestats:time(s),used_cap(MB),reclaimable_cap(MB), avg_reclaimable(%), active(#), active_zones(#), open_zones(#)] 264 2648 4263 61 8 9 3
2026/04/19-18:01:12.211323 1492 [DEBUG] Syncing metadata for: /db_working_home/000514.sst
2026/04/19-18:01:12.289274 1491 [DEBUG] Allocating zone(new=1) start: 0x1d0000000 wp: 0x1d0000000 lt: 5 file lt: 5
2026/04/19-18:01:12.289291 1491 [Zonestats:time(s),used_cap(MB),reclaimable_cap(MB), avg_reclaimable(%), active(#), active_zones(#), open_zones(#)] 264 2648 4263 61 8 9 4
2026/04/19-18:01:12.289300 1491 [DEBUG] Syncing metadata for: /db_working_home/000510.sst
2026/04/19-18:01:12.391635 1492 [DEBUG] Syncing metadata for: /db_working_home/000514.sst
2026/04/19-18:01:12.399452 1492 [DEBUG] Syncing metadata for: /db_working_home/000514.sst
2026/04/19-18:01:12.400119 1492 [DEBUG] New random access file: /db_working_home/000514.sst direct: 1
2026/04/19-18:01:12.400310 1492 [DEBUG] GetFileSize: /db_working_home/000514.sst 
2026/04/19-18:01:12.408901 1492 [DEBUG] Syncing metadata for: /db_working_home/MANIFEST-000199
2026/04/19-18:01:12.409583 1492 [DEBUG] GetFileSize: /db_working_home/000514.sst 
2026/04/19-18:01:12.414333 1492 [DEBUG] Syncing metadata for: /db_working_home/000511.log
2026/04/19-18:01:12.417341 1492 [DEBUG] DeleteFile: ./db_working_home/000511.log 
2026/04/19-18:01:12.425059 1492 [Zonestats:time(s),used_cap(MB),reclaimable_cap(MB), avg_reclaimable(%), active(#), active_zones(#), open_zones(#)] 264 2648 4391 62 9 9 2
2026/04/19-18:01:12.521056 1488 [DEBUG] Allocating zone(new=0) start: 0x1c8000000 wp: 0x1c8f52800 lt: 3 file lt: 2
2026/04/19-18:01:12.521069 1488 [DEBUG] Syncing metadata for: /db_working_home/000513.log
2026/04/19-18:01:12.536832 1490 Zone Garbage Stats: [69 8 1 4 2 15 6 5 0 5 7 0 ]
2026/04/19-18:01:12.536844 1490 Total Garbage Bytes: 706806759 bytes
2026/04/19-18:01:13.102452 1491 [DEBUG] Syncing metadata for: /db_working_home/000510.sst
2026/04/19-18:01:13.103046 1491 [DEBUG] Syncing metadata for: /db_working_home/000510.sst
2026/04/19-18:01:13.103906 1491 [DEBUG] GetFileSize: /db_working_home/000510.sst 
2026/04/19-18:01:13.105340 1491 [DEBUG] New random access file: /db_working_home/000501.sst direct: 1
2026/04/19-18:01:13.105649 1491 [DEBUG] GetFileSize: /db_working_home/000501.sst 
2026/04/19-18:01:13.105825 1491 [DEBUG] New random access file: /db_working_home/000504.sst direct: 1
2026/04/19-18:01:13.106095 1491 [DEBUG] GetFileSize: /db_working_home/000504.sst 
2026/04/19-18:01:13.106244 1491 [DEBUG] New random access file: /db_working_home/000509.sst direct: 1
2026/04/19-18:01:13.106442 1491 [DEBUG] GetFileSize: /db_working_home/000509.sst 
2026/04/19-18:01:13.106568 1491 [DEBUG] New random access file: /db_working_home/000510.sst direct: 1
2026/04/19-18:01:13.106926 1491 [DEBUG] GetFileSize: /db_working_home/000510.sst 
2026/04/19-18:01:13.107861 1491 [DEBUG] Syncing metadata for: /db_working_home/MANIFEST-000199
2026/04/19-18:01:13.129593 1491 [DEBUG] New writable file: /db_working_home/000515.sst direct: 1
2026/04/19-18:01:13.132821 1491 Entering Apply Finish Threshold Function
2026/04/19-18:01:13.132834 1491 Finishing zone: Entering Finish()
2026/04/19-18:01:13.537038 1490 Zone Garbage Stats: [69 8 1 4 2 15 6 5 0 5 7 0 ]
2026/04/19-18:01:13.537137 1490 Total Garbage Bytes: 706806759 bytes
2026/04/19-18:01:13.802314 1491 [DEBUG] Allocating zone(new=1) start: 0x1d8000000 wp: 0x1d8000000 lt: 3 file lt: 3
2026/04/19-18:01:13.802331 1491 [Zonestats:time(s),used_cap(MB),reclaimable_cap(MB), avg_reclaimable(%), active(#), active_zones(#), open_zones(#)] 265 2731 4436 61 8 9 3
2026/04/19-18:01:13.802340 1491 [DEBUG] Syncing metadata for: /db_working_home/000515.sst
2026/04/19-18:01:14.434951 1488 [DEBUG] New writable file: /db_working_home/000516.log direct: 0
2026/04/19-18:01:14.435872 1492 [DEBUG] New writable file: /db_working_home/000517.sst direct: 1
2026/04/19-18:01:14.438829 1492 Entering Apply Finish Threshold Function
2026/04/19-18:01:14.438859 1492 [DEBUG] Allocating zone(new=1) start: 0x1e0000000 wp: 0x1e0000000 lt: 3 file lt: 3
2026/04/19-18:01:14.438867 1492 [Zonestats:time(s),used_cap(MB),reclaimable_cap(MB), avg_reclaimable(%), active(#), active_zones(#), open_zones(#)] 266 2734 4433 61 9 10 4
2026/04/19-18:01:14.438873 1492 [DEBUG] Syncing metadata for: /db_working_home/000517.sst
2026/04/19-18:01:14.537329 1490 Zone Garbage Stats: [67 8 1 4 2 16 6 5 0 5 7 0 ]
2026/04/19-18:01:14.537346 1490 Total Garbage Bytes: 706806941 bytes
2026/04/19-18:01:14.606376 1492 [DEBUG] Syncing metadata for: /db_working_home/000517.sst
2026/04/19-18:01:14.610607 1492 [DEBUG] Syncing metadata for: /db_working_home/000517.sst
2026/04/19-18:01:14.614990 1492 [DEBUG] New random access file: /db_working_home/000517.sst direct: 1
2026/04/19-18:01:14.615191 1492 [DEBUG] GetFileSize: /db_working_home/000517.sst 
2026/04/19-18:01:14.621240 1492 [DEBUG] Syncing metadata for: /db_working_home/MANIFEST-000199
2026/04/19-18:01:14.625203 1492 [DEBUG] GetFileSize: /db_working_home/000517.sst 
2026/04/19-18:01:14.634013 1492 [DEBUG] Syncing metadata for: /db_working_home/000513.log
2026/04/19-18:01:14.638265 1492 [DEBUG] DeleteFile: ./db_working_home/000484.sst 
2026/04/19-18:01:14.638966 1492 [Zonestats:time(s),used_cap(MB),reclaimable_cap(MB), avg_reclaimable(%), active(#), active_zones(#), open_zones(#)] 266 2701 4466 62 10 10 2
2026/04/19-18:01:14.639011 1492 [DEBUG] DeleteFile: ./db_working_home/000489.sst 
2026/04/19-18:01:14.639658 1492 [Zonestats:time(s),used_cap(MB),reclaimable_cap(MB), avg_reclaimable(%), active(#), active_zones(#), open_zones(#)] 266 2641 4398 62 10 10 2
2026/04/19-18:01:14.639693 1492 [DEBUG] DeleteFile: ./db_working_home/000492.sst 
2026/04/19-18:01:14.640335 1492 [Zonestats:time(s),used_cap(MB),reclaimable_cap(MB), avg_reclaimable(%), active(#), active_zones(#), open_zones(#)] 266 2544 4367 63 10 10 2
2026/04/19-18:01:14.640370 1492 [DEBUG] DeleteFile: ./db_working_home/000495.sst 
2026/04/19-18:01:14.641084 1492 [Zonestats:time(s),used_cap(MB),reclaimable_cap(MB), avg_reclaimable(%), active(#), active_zones(#), open_zones(#)] 266 2453 4330 63 10 10 2
2026/04/19-18:01:14.641152 1492 [DEBUG] DeleteFile: ./db_working_home/000513.log 
2026/04/19-18:01:14.645209 1492 [Zonestats:time(s),used_cap(MB),reclaimable_cap(MB), avg_reclaimable(%), active(#), active_zones(#), open_zones(#)] 266 2437 4346 64 10 10 2
2026/04/19-18:01:14.722473 1488 [DEBUG] Allocating zone(new=0) start: 0x1e0000000 wp: 0x1e0f55400 lt: 3 file lt: 2
2026/04/19-18:01:14.722487 1488 [DEBUG] Syncing metadata for: /db_working_home/000516.log
2026/04/19-18:01:14.846161 1491 [DEBUG] Syncing metadata for: /db_working_home/000515.sst
2026/04/19-18:01:14.846742 1491 [DEBUG] Syncing metadata for: /db_working_home/000515.sst
2026/04/19-18:01:14.847557 1491 [DEBUG] GetFileSize: /db_working_home/000515.sst 
2026/04/19-18:01:14.847593 1491 [DEBUG] New writable file: /db_working_home/000518.sst direct: 1
2026/04/19-18:01:14.850730 1491 Entering Apply Finish Threshold Function
2026/04/19-18:01:14.850744 1491 Finishing zone: Entering Finish()
2026/04/19-18:01:15.427343 1491 [DEBUG] Allocating zone(new=1) start: 0x158000000 wp: 0x158000000 lt: 3 file lt: 3
2026/04/19-18:01:15.427361 1491 [Zonestats:time(s),used_cap(MB),reclaimable_cap(MB), avg_reclaimable(%), active(#), active_zones(#), open_zones(#)] 267 2524 4387 63 9 10 3
2026/04/19-18:01:15.427370 1491 [DEBUG] Syncing metadata for: /db_working_home/000518.sst
2026/04/19-18:01:15.537539 1490 Zone Garbage Stats: [70 8 2 2 3 16 5 4 0 5 7 0 ]
2026/04/19-18:01:15.537556 1490 Total Garbage Bytes: 723162903 bytes
2026/04/19-18:01:15.960343 1491 [DEBUG] Syncing metadata for: /db_working_home/000518.sst
2026/04/19-18:01:15.960982 1491 [DEBUG] Syncing metadata for: /db_working_home/000518.sst
2026/04/19-18:01:15.961680 1491 [DEBUG] GetFileSize: /db_working_home/000518.sst 
2026/04/19-18:01:15.961714 1491 [DEBUG] New writable file: /db_working_home/000519.sst direct: 1
2026/04/19-18:01:15.967460 1491 Entering Apply Finish Threshold Function
2026/04/19-18:01:15.967475 1491 Finishing zone: Entering Finish()
2026/04/19-18:01:16.388191 1488 [DEBUG] New writable file: /db_working_home/000520.log direct: 0
2026/04/19-18:01:16.389155 1492 [DEBUG] New writable file: /db_working_home/000521.sst direct: 1
2026/04/19-18:01:16.392500 1492 Entering Apply Finish Threshold Function
2026/04/19-18:01:16.392528 1492 [DEBUG] Allocating zone(new=1) start: 0x180000000 wp: 0x180000000 lt: 3 file lt: 3
2026/04/19-18:01:16.392535 1492 [Zonestats:time(s),used_cap(MB),reclaimable_cap(MB), avg_reclaimable(%), active(#), active_zones(#), open_zones(#)] 268 2579 4460 63 10 11 3
2026/04/19-18:01:16.392542 1492 [DEBUG] Syncing metadata for: /db_working_home/000521.sst
2026/04/19-18:01:16.537749 1490 Zone Garbage Stats: [69 8 2 2 3 16 5 4 0 5 7 0 ]
2026/04/19-18:01:16.537767 1490 Total Garbage Bytes: 723162903 bytes
2026/04/19-18:01:16.539456 1492 [DEBUG] Syncing metadata for: /db_working_home/000521.sst
2026/04/19-18:01:16.540043 1492 [DEBUG] Syncing metadata for: /db_working_home/000521.sst
2026/04/19-18:01:16.541257 1492 [DEBUG] New random access file: /db_working_home/000521.sst direct: 1
2026/04/19-18:01:16.541947 1492 [DEBUG] GetFileSize: /db_working_home/000521.sst 
2026/04/19-18:01:16.544462 1492 [DEBUG] Syncing metadata for: /db_working_home/MANIFEST-000199
2026/04/19-18:01:16.545306 1492 [DEBUG] GetFileSize: /db_working_home/000521.sst 
2026/04/19-18:01:16.550432 1492 [DEBUG] Syncing metadata for: /db_working_home/000516.log
2026/04/19-18:01:16.551334 1492 [DEBUG] DeleteFile: ./db_working_home/000516.log 
2026/04/19-18:01:16.552339 1492 [Zonestats:time(s),used_cap(MB),reclaimable_cap(MB), avg_reclaimable(%), active(#), active_zones(#), open_zones(#)] 268 2579 4588 64 11 11 1
2026/04/19-18:01:16.601718 1488 [DEBUG] Allocating zone(new=0) start: 0x1e0000000 wp: 0x1e1eed400 lt: 3 file lt: 2
2026/04/19-18:01:16.601730 1488 [DEBUG] Syncing metadata for: /db_working_home/000520.log
2026/04/19-18:01:17.007437 1491 [DEBUG] Allocating zone(new=1) start: 0x190000000 wp: 0x190000000 lt: 3 file lt: 3
2026/04/19-18:01:17.007455 1491 [Zonestats:time(s),used_cap(MB),reclaimable_cap(MB), avg_reclaimable(%), active(#), active_zones(#), open_zones(#)] 269 2584 4583 63 10 11 3
2026/04/19-18:01:17.007464 1491 [DEBUG] Syncing metadata for: /db_working_home/000519.sst
2026/04/19-18:01:17.250553 1491 [DEBUG] Syncing metadata for: /db_working_home/000519.sst
2026/04/19-18:01:17.251138 1491 [DEBUG] Syncing metadata for: /db_working_home/000519.sst
2026/04/19-18:01:17.251995 1491 [DEBUG] GetFileSize: /db_working_home/000519.sst 
2026/04/19-18:01:17.253410 1491 [DEBUG] New random access file: /db_working_home/000515.sst direct: 1
2026/04/19-18:01:17.253722 1491 [DEBUG] GetFileSize: /db_working_home/000515.sst 
2026/04/19-18:01:17.253894 1491 [DEBUG] New random access file: /db_working_home/000518.sst direct: 1
2026/04/19-18:01:17.254137 1491 [DEBUG] GetFileSize: /db_working_home/000518.sst 
2026/04/19-18:01:17.254271 1491 [DEBUG] New random access file: /db_working_home/000519.sst direct: 1
2026/04/19-18:01:17.254440 1491 [DEBUG] GetFileSize: /db_working_home/000519.sst 
2026/04/19-18:01:17.255324 1491 [DEBUG] Syncing metadata for: /db_working_home/MANIFEST-000199
2026/04/19-18:01:17.256746 1491 [DEBUG] Syncing metadata for: /db_working_home/MANIFEST-000199
2026/04/19-18:01:17.257481 1491 [DEBUG] DeleteFile: ./db_working_home/000497.sst 
2026/04/19-18:01:17.258188 1491 [Zonestats:time(s),used_cap(MB),reclaimable_cap(MB), avg_reclaimable(%), active(#), active_zones(#), open_zones(#)] 269 2592 4575 63 11 11 2
2026/04/19-18:01:17.258230 1491 [DEBUG] DeleteFile: ./db_working_home/000498.sst 
2026/04/19-18:01:17.258882 1491 [Zonestats:time(s),used_cap(MB),reclaimable_cap(MB), avg_reclaimable(%), active(#), active_zones(#), open_zones(#)] 269 2543 4496 63 11 11 2
2026/04/19-18:01:17.258917 1491 [DEBUG] DeleteFile: ./db_working_home/000500.sst 
2026/04/19-18:01:17.259586 1491 [Zonestats:time(s),used_cap(MB),reclaimable_cap(MB), avg_reclaimable(%), active(#), active_zones(#), open_zones(#)] 269 2528 4383 63 10 10 2
2026/04/19-18:01:17.259620 1491 [DEBUG] DeleteFile: ./db_working_home/000503.sst 
2026/04/19-18:01:17.260292 1491 [Zonestats:time(s),used_cap(MB),reclaimable_cap(MB), avg_reclaimable(%), active(#), active_zones(#), open_zones(#)] 269 2513 4270 62 9 9 2
2026/04/19-18:01:17.260325 1491 [DEBUG] DeleteFile: ./db_working_home/000506.sst 
2026/04/19-18:01:17.260962 1491 [Zonestats:time(s),used_cap(MB),reclaimable_cap(MB), avg_reclaimable(%), active(#), active_zones(#), open_zones(#)] 269 2497 4158 62 8 8 2
2026/04/19-18:01:17.260993 1491 [DEBUG] DeleteFile: ./db_working_home/000508.sst 
2026/04/19-18:01:17.261631 1491 [Zonestats:time(s),used_cap(MB),reclaimable_cap(MB), avg_reclaimable(%), active(#), active_zones(#), open_zones(#)] 269 2482 4045 61 7 7 2
2026/04/19-18:01:17.261663 1491 [DEBUG] DeleteFile: ./db_working_home/000512.sst 
2026/04/19-18:01:17.262300 1491 [Zonestats:time(s),used_cap(MB),reclaimable_cap(MB), avg_reclaimable(%), active(#), active_zones(#), open_zones(#)] 269 2467 3932 61 6 6 2
2026/04/19-18:01:17.262332 1491 [DEBUG] DeleteFile: ./db_working_home/000514.sst 
2026/04/19-18:01:17.262969 1491 [Zonestats:time(s),used_cap(MB),reclaimable_cap(MB), avg_reclaimable(%), active(#), active_zones(#), open_zones(#)] 269 2452 3819 60 5 5 2
2026/04/19-18:01:17.263630 1491 [DEBUG] New writable file: /db_working_home/000522.sst direct: 1
2026/04/19-18:01:17.264426 1491 Entering Apply Finish Threshold Function
2026/04/19-18:01:17.264449 1491 [DEBUG] Allocating zone(new=1) start: 0x70000000 wp: 0x70000000 lt: 5 file lt: 5
2026/04/19-18:01:17.264456 1491 [Zonestats:time(s),used_cap(MB),reclaimable_cap(MB), avg_reclaimable(%), active(#), active_zones(#), open_zones(#)] 269 2452 3819 60 5 6 3
2026/04/19-18:01:17.264461 1491 [DEBUG] Syncing metadata for: /db_working_home/000522.sst
2026/04/19-18:01:17.268597 1491 [DEBUG] Syncing metadata for: /db_working_home/000522.sst
2026/04/19-18:01:17.269158 1491 [DEBUG] Syncing metadata for: /db_working_home/000522.sst
2026/04/19-18:01:17.269937 1491 [DEBUG] GetFileSize: /db_working_home/000522.sst 
2026/04/19-18:01:17.271306 1491 [DEBUG] New random access file: /db_working_home/000522.sst direct: 1
2026/04/19-18:01:17.275153 1491 [DEBUG] GetFileSize: /db_working_home/000522.sst 
2026/04/19-18:01:17.279250 1491 [DEBUG] Syncing metadata for: /db_working_home/MANIFEST-000199
2026/04/19-18:01:17.285283 1491 [DEBUG] New writable file: /db_working_home/000523.sst direct: 1
2026/04/19-18:01:17.288686 1491 Entering Apply Finish Threshold Function
2026/04/19-18:01:17.288713 1491 [DEBUG] Allocating zone(new=1) start: 0x100000000 wp: 0x100000000 lt: 5 file lt: 5
2026/04/19-18:01:17.288721 1491 [Zonestats:time(s),used_cap(MB),reclaimable_cap(MB), avg_reclaimable(%), active(#), active_zones(#), open_zones(#)] 269 2453 3946 61 6 7 3
2026/04/19-18:01:17.288728 1491 [DEBUG] Syncing metadata for: /db_working_home/000523.sst
2026/04/19-18:01:17.537976 1490 Zone Garbage Stats: [74 7 0 2 3 16 5 4 0 4 7 0 ]
2026/04/19-18:01:17.537994 1490 Total Garbage Bytes: 625035346 bytes
2026/04/19-18:01:17.958829 1491 [DEBUG] Syncing metadata for: /db_working_home/000523.sst
2026/04/19-18:01:17.959419 1491 [DEBUG] Syncing metadata for: /db_working_home/000523.sst
2026/04/19-18:01:17.960173 1491 [DEBUG] GetFileSize: /db_working_home/000523.sst 
2026/04/19-18:01:17.960208 1491 [DEBUG] New writable file: /db_working_home/000524.sst direct: 1
2026/04/19-18:01:17.966087 1491 Entering Apply Finish Threshold Function
2026/04/19-18:01:17.966110 1491 Finishing zone: Entering Finish()
2026/04/19-18:01:18.186981 1488 [DEBUG] New writable file: /db_working_home/000525.log direct: 0
2026/04/19-18:01:18.188127 1492 [DEBUG] New writable file: /db_working_home/000526.sst direct: 1
2026/04/19-18:01:18.191429 1492 Entering Apply Finish Threshold Function
2026/04/19-18:01:18.191455 1492 [DEBUG] Allocating zone(new=0) start: 0x70000000 wp: 0x70001800 lt: 5 file lt: 3
2026/04/19-18:01:18.191462 1492 [Zonestats:time(s),used_cap(MB),reclaimable_cap(MB), avg_reclaimable(%), active(#), active_zones(#), open_zones(#)] 270 2519 4008 61 7 7 3
2026/04/19-18:01:18.191469 1492 [DEBUG] Syncing metadata for: /db_working_home/000526.sst
2026/04/19-18:01:18.335465 1492 [DEBUG] Syncing metadata for: /db_working_home/000526.sst
2026/04/19-18:01:18.336050 1492 [DEBUG] Syncing metadata for: /db_working_home/000526.sst
2026/04/19-18:01:18.337214 1492 [DEBUG] New random access file: /db_working_home/000526.sst direct: 1
2026/04/19-18:01:18.337481 1492 [DEBUG] GetFileSize: /db_working_home/000526.sst 
2026/04/19-18:01:18.340254 1492 [DEBUG] Syncing metadata for: /db_working_home/MANIFEST-000199
2026/04/19-18:01:18.341451 1492 [DEBUG] GetFileSize: /db_working_home/000526.sst 
2026/04/19-18:01:18.347248 1492 [DEBUG] Syncing metadata for: /db_working_home/000520.log
2026/04/19-18:01:18.347973 1492 [DEBUG] DeleteFile: ./db_working_home/000377.sst 
2026/04/19-18:01:18.348854 1492 [Zonestats:time(s),used_cap(MB),reclaimable_cap(MB), avg_reclaimable(%), active(#), active_zones(#), open_zones(#)] 270 2535 3864 60 7 7 1
2026/04/19-18:01:18.348898 1492 [DEBUG] DeleteFile: ./db_working_home/000477.sst 
2026/04/19-18:01:18.349946 1492 [Zonestats:time(s),used_cap(MB),reclaimable_cap(MB), avg_reclaimable(%), active(#), active_zones(#), open_zones(#)] 270 2535 3736 59 7 7 1
2026/04/19-18:01:18.349980 1492 [DEBUG] DeleteFile: ./db_working_home/000520.log 
2026/04/19-18:01:18.350946 1492 [Zonestats:time(s),used_cap(MB),reclaimable_cap(MB), avg_reclaimable(%), active(#), active_zones(#), open_zones(#)] 270 2520 3751 59 7 7 1
2026/04/19-18:01:18.360443 1488 [DEBUG] Allocating zone(new=0) start: 0x1e0000000 wp: 0x1e2e85e00 lt: 3 file lt: 2
2026/04/19-18:01:18.360454 1488 [DEBUG] Syncing metadata for: /db_working_home/000525.log
2026/04/19-18:01:18.538191 1490 Zone Garbage Stats: [76 7 0 2 3 16 5 4 0 4 5 0 ]
2026/04/19-18:01:18.538296 1490 Total Garbage Bytes: 442590282 bytes
2026/04/19-18:01:18.905942 1491 [DEBUG] Allocating zone(new=1) start: 0x118000000 wp: 0x118000000 lt: 5 file lt: 5
2026/04/19-18:01:18.905961 1491 [Zonestats:time(s),used_cap(MB),reclaimable_cap(MB), avg_reclaimable(%), active(#), active_zones(#), open_zones(#)] 270 2529 3742 59 6 7 3
2026/04/19-18:01:18.905970 1491 [DEBUG] Syncing metadata for: /db_working_home/000524.sst
2026/04/19-18:01:19.538495 1490 Zone Garbage Stats: [75 7 0 2 3 16 6 4 0 4 5 0 ]
2026/04/19-18:01:19.538511 1490 Total Garbage Bytes: 442590719 bytes
2026/04/19-18:01:19.752422 1488 [DEBUG] New writable file: /db_working_home/000527.log direct: 0
2026/04/19-18:01:19.755347 1492 [DEBUG] New writable file: /db_working_home/000528.sst direct: 1
2026/04/19-18:01:19.763052 1492 Entering Apply Finish Threshold Function
2026/04/19-18:01:19.763089 1492 [DEBUG] Allocating zone(new=0) start: 0x70000000 wp: 0x70f57a00 lt: 5 file lt: 3
2026/04/19-18:01:19.763098 1492 [Zonestats:time(s),used_cap(MB),reclaimable_cap(MB), avg_reclaimable(%), active(#), active_zones(#), open_zones(#)] 271 2535 3736 59 7 7 4
2026/04/19-18:01:19.763105 1492 [DEBUG] Syncing metadata for: /db_working_home/000528.sst
2026/04/19-18:01:19.932005 1492 [DEBUG] Syncing metadata for: /db_working_home/000528.sst
2026/04/19-18:01:19.936834 1492 [DEBUG] Syncing metadata for: /db_working_home/000528.sst
2026/04/19-18:01:19.937487 1492 [DEBUG] New random access file: /db_working_home/000528.sst direct: 1
2026/04/19-18:01:19.939757 1492 [DEBUG] GetFileSize: /db_working_home/000528.sst 
2026/04/19-18:01:19.943399 1492 [DEBUG] Syncing metadata for: /db_working_home/MANIFEST-000199
2026/04/19-18:01:19.944095 1492 [DEBUG] GetFileSize: /db_working_home/000528.sst 
2026/04/19-18:01:19.948865 1492 [DEBUG] Syncing metadata for: /db_working_home/000525.log
2026/04/19-18:01:19.954481 1492 [DEBUG] DeleteFile: ./db_working_home/000525.log 
2026/04/19-18:01:19.957291 1492 [Zonestats:time(s),used_cap(MB),reclaimable_cap(MB), avg_reclaimable(%), active(#), active_zones(#), open_zones(#)] 271 2535 3736 59 7 7 2
2026/04/19-18:01:20.030664 1488 [DEBUG] Allocating zone(new=0) start: 0x1e0000000 wp: 0x1e3e1e200 lt: 3 file lt: 2
2026/04/19-18:01:20.030677 1488 [DEBUG] Syncing metadata for: /db_working_home/000527.log
2026/04/19-18:01:20.500148 1491 [DEBUG] Syncing metadata for: /db_working_home/000524.sst
2026/04/19-18:01:20.500707 1491 [DEBUG] Syncing metadata for: /db_working_home/000524.sst
2026/04/19-18:01:20.501419 1491 [DEBUG] GetFileSize: /db_working_home/000524.sst 
2026/04/19-18:01:20.501449 1491 [DEBUG] New writable file: /db_working_home/000529.sst direct: 1
2026/04/19-18:01:20.504060 1491 Entering Apply Finish Threshold Function
2026/04/19-18:01:20.504077 1491 Finishing zone: Entering Finish()
2026/04/19-18:01:20.538617 1490 Zone Garbage Stats: [75 7 0 2 3 16 6 4 0 4 5 0 ]
2026/04/19-18:01:20.538629 1490 Total Garbage Bytes: 442591123 bytes
2026/04/19-18:01:20.554122 1491 [DEBUG] Allocating zone(new=1) start: 0x120000000 wp: 0x120000000 lt: 5 file lt: 5
2026/04/19-18:01:20.554138 1491 [Zonestats:time(s),used_cap(MB),reclaimable_cap(MB), avg_reclaimable(%), active(#), active_zones(#), open_zones(#)] 272 2663 3736 58 6 7 3
2026/04/19-18:01:20.554147 1491 [DEBUG] Syncing metadata for: /db_working_home/000529.sst
2026/04/19-18:01:20.752350 1491 [DEBUG] Syncing metadata for: /db_working_home/000529.sst
2026/04/19-18:01:20.752930 1491 [DEBUG] Syncing metadata for: /db_working_home/000529.sst
2026/04/19-18:01:20.753721 1491 [DEBUG] GetFileSize: /db_working_home/000529.sst 
2026/04/19-18:01:20.755044 1491 [DEBUG] New random access file: /db_working_home/000523.sst direct: 1
2026/04/19-18:01:20.755428 1491 [DEBUG] GetFileSize: /db_working_home/000523.sst 
2026/04/19-18:01:20.755602 1491 [DEBUG] New random access file: /db_working_home/000524.sst direct: 1
2026/04/19-18:01:20.755941 1491 [DEBUG] GetFileSize: /db_working_home/000524.sst 
2026/04/19-18:01:20.756110 1491 [DEBUG] New random access file: /db_working_home/000529.sst direct: 1
2026/04/19-18:01:20.756278 1491 [DEBUG] GetFileSize: /db_working_home/000529.sst 
2026/04/19-18:01:20.757322 1491 [DEBUG] Syncing metadata for: /db_working_home/MANIFEST-000199
2026/04/19-18:01:20.763584 1491 [DEBUG] New writable file: /db_working_home/000530.sst direct: 1
2026/04/19-18:01:20.766801 1491 Entering Apply Finish Threshold Function
2026/04/19-18:01:20.766828 1491 [DEBUG] Allocating zone(new=1) start: 0x130000000 wp: 0x130000000 lt: 5 file lt: 5
2026/04/19-18:01:20.766836 1491 [Zonestats:time(s),used_cap(MB),reclaimable_cap(MB), avg_reclaimable(%), active(#), active_zones(#), open_zones(#)] 272 2682 3845 58 7 8 3
2026/04/19-18:01:20.766843 1491 [DEBUG] Syncing metadata for: /db_working_home/000530.sst
2026/04/19-18:01:21.014837 1491 [DEBUG] Syncing metadata for: /db_working_home/000530.sst
2026/04/19-18:01:21.015417 1491 [DEBUG] Syncing metadata for: /db_working_home/000530.sst
2026/04/19-18:01:21.016139 1491 [DEBUG] GetFileSize: /db_working_home/000530.sst 
2026/04/19-18:01:21.017367 1491 [DEBUG] New random access file: /db_working_home/000530.sst direct: 1
2026/04/19-18:01:21.017546 1491 [DEBUG] GetFileSize: /db_working_home/000530.sst 
2026/04/19-18:01:21.018459 1491 [DEBUG] Syncing metadata for: /db_working_home/MANIFEST-000199
2026/04/19-18:01:21.019195 1491 [DEBUG] DeleteFile: ./db_working_home/000318.sst 
2026/04/19-18:01:21.019871 1491 [Zonestats:time(s),used_cap(MB),reclaimable_cap(MB), avg_reclaimable(%), active(#), active_zones(#), open_zones(#)] 273 2615 3912 59 8 8 2
2026/04/19-18:01:21.019911 1491 [DEBUG] DeleteFile: ./db_working_home/000476.sst 
2026/04/19-18:01:21.020564 1491 [Zonestats:time(s),used_cap(MB),reclaimable_cap(MB), avg_reclaimable(%), active(#), active_zones(#), open_zones(#)] 273 2548 3851 60 8 8 2
2026/04/19-18:01:21.020598 1491 [DEBUG] DeleteFile: ./db_working_home/000510.sst 
2026/04/19-18:01:21.021240 1491 [Zonestats:time(s),used_cap(MB),reclaimable_cap(MB), avg_reclaimable(%), active(#), active_zones(#), open_zones(#)] 273 2477 3794 60 8 8 2
2026/04/19-18:01:21.026605 1491 [DEBUG] New writable file: /db_working_home/000531.sst direct: 1
2026/04/19-18:01:21.029856 1491 Entering Apply Finish Threshold Function
2026/04/19-18:01:21.029884 1491 [DEBUG] Allocating zone(new=1) start: 0xb0000000 wp: 0xb0000000 lt: 5 file lt: 5
2026/04/19-18:01:21.029892 1491 [Zonestats:time(s),used_cap(MB),reclaimable_cap(MB), avg_reclaimable(%), active(#), active_zones(#), open_zones(#)] 273 2477 3794 60 8 9 3
2026/04/19-18:01:21.029899 1491 [DEBUG] Syncing metadata for: /db_working_home/000531.sst
2026/04/19-18:01:21.538811 1490 Zone Garbage Stats: [75 10 0 1 3 14 6 4 0 4 5 0 ]
2026/04/19-18:01:21.538829 1490 Total Garbage Bytes: 442591513 bytes
2026/04/19-18:01:22.416639 1488 [DEBUG] New writable file: /db_working_home/000532.log direct: 0
2026/04/19-18:01:22.424530 1492 [DEBUG] New writable file: /db_working_home/000533.sst direct: 1
2026/04/19-18:01:22.429267 1492 Entering Apply Finish Threshold Function
2026/04/19-18:01:22.429296 1492 [DEBUG] Allocating zone(new=0) start: 0x130000000 wp: 0x131535c00 lt: 5 file lt: 3
2026/04/19-18:01:22.429304 1492 [Zonestats:time(s),used_cap(MB),reclaimable_cap(MB), avg_reclaimable(%), active(#), active_zones(#), open_zones(#)] 274 2485 3786 60 9 9 4
2026/04/19-18:01:22.429311 1492 [DEBUG] Syncing metadata for: /db_working_home/000533.sst
2026/04/19-18:01:22.539014 1490 Zone Garbage Stats: [75 9 0 1 3 14 6 4 0 4 5 0 ]
2026/04/19-18:01:22.539030 1490 Total Garbage Bytes: 442591503 bytes
2026/04/19-18:01:22.552354 1491 Entering Apply Finish Threshold Function
2026/04/19-18:01:22.552382 1491 [DEBUG] Allocating zone(new=1) start: 0x110000000 wp: 0x110000000 lt: 5 file lt: 5
2026/04/19-18:01:22.552390 1491 [Zonestats:time(s),used_cap(MB),reclaimable_cap(MB), avg_reclaimable(%), active(#), active_zones(#), open_zones(#)] 274 2613 3786 59 8 9 4
2026/04/19-18:01:22.552397 1491 [DEBUG] Syncing metadata for: /db_working_home/000531.sst
2026/04/19-18:01:22.561724 1491 [DEBUG] Syncing metadata for: /db_working_home/000531.sst
2026/04/19-18:01:22.569135 1491 [DEBUG] Syncing metadata for: /db_working_home/000531.sst
2026/04/19-18:01:22.569865 1491 [DEBUG] GetFileSize: /db_working_home/000531.sst 
2026/04/19-18:01:22.569903 1491 [DEBUG] New writable file: /db_working_home/000534.sst direct: 1
2026/04/19-18:01:22.573262 1491 Entering Apply Finish Threshold Function
2026/04/19-18:01:22.573289 1491 [DEBUG] Allocating zone(new=1) start: 0x150000000 wp: 0x150000000 lt: 5 file lt: 5
2026/04/19-18:01:22.573297 1491 [Zonestats:time(s),used_cap(MB),reclaimable_cap(MB), avg_reclaimable(%), active(#), active_zones(#), open_zones(#)] 274 2613 3914 59 9 10 4
2026/04/19-18:01:22.573304 1491 [DEBUG] Syncing metadata for: /db_working_home/000534.sst
2026/04/19-18:01:22.631642 1492 [DEBUG] Syncing metadata for: /db_working_home/000533.sst
2026/04/19-18:01:22.639614 1492 [DEBUG] Syncing metadata for: /db_working_home/000533.sst
2026/04/19-18:01:22.642412 1492 [DEBUG] New random access file: /db_working_home/000533.sst direct: 1
2026/04/19-18:01:22.642602 1492 [DEBUG] GetFileSize: /db_working_home/000533.sst 
2026/04/19-18:01:22.651781 1492 [DEBUG] Syncing metadata for: /db_working_home/MANIFEST-000199
2026/04/19-18:01:22.653907 1492 [DEBUG] GetFileSize: /db_working_home/000533.sst 
2026/04/19-18:01:22.666771 1492 [DEBUG] Syncing metadata for: /db_working_home/000527.log
2026/04/19-18:01:22.667625 1492 [DEBUG] DeleteFile: ./db_working_home/000522.sst 
2026/04/19-18:01:22.670240 1492 [Zonestats:time(s),used_cap(MB),reclaimable_cap(MB), avg_reclaimable(%), active(#), active_zones(#), open_zones(#)] 274 2629 3898 59 10 10 2
2026/04/19-18:01:22.670293 1492 [DEBUG] DeleteFile: ./db_working_home/000527.log 
2026/04/19-18:01:22.670877 1492 [Zonestats:time(s),used_cap(MB),reclaimable_cap(MB), avg_reclaimable(%), active(#), active_zones(#), open_zones(#)] 274 2614 3913 59 10 10 2
2026/04/19-18:01:22.670902 1492 [DEBUG] DeleteFile: ./db_working_home/000529.sst 
2026/04/19-18:01:22.678928 1492 [Zonestats:time(s),used_cap(MB),reclaimable_cap(MB), avg_reclaimable(%), active(#), active_zones(#), open_zones(#)] 274 2596 3803 59 9 9 2
2026/04/19-18:01:22.726922 1488 [DEBUG] Allocating zone(new=0) start: 0x1e0000000 wp: 0x1e4db6a00 lt: 3 file lt: 2
2026/04/19-18:01:22.726937 1488 [DEBUG] Syncing metadata for: /db_working_home/000532.log
2026/04/19-18:01:22.854551 1491 [DEBUG] Syncing metadata for: /db_working_home/000534.sst
2026/04/19-18:01:22.855133 1491 [DEBUG] Syncing metadata for: /db_working_home/000534.sst
2026/04/19-18:01:22.855920 1491 [DEBUG] GetFileSize: /db_working_home/000534.sst 
2026/04/19-18:01:22.857163 1491 [DEBUG] New random access file: /db_working_home/000531.sst direct: 1
2026/04/19-18:01:22.857510 1491 [DEBUG] GetFileSize: /db_working_home/000531.sst 
2026/04/19-18:01:22.857690 1491 [DEBUG] New random access file: /db_working_home/000534.sst direct: 1
2026/04/19-18:01:22.857851 1491 [DEBUG] GetFileSize: /db_working_home/000534.sst 
2026/04/19-18:01:22.858878 1491 [DEBUG] Syncing metadata for: /db_working_home/MANIFEST-000199
2026/04/19-18:01:22.875326 1491 [DEBUG] New writable file: /db_working_home/000535.sst direct: 1
2026/04/19-18:01:22.878458 1491 Entering Apply Finish Threshold Function
2026/04/19-18:01:22.878483 1491 [DEBUG] Allocating zone(new=0) start: 0x150000000 wp: 0x151678800 lt: 5 file lt: 3
2026/04/19-18:01:22.878491 1491 [Zonestats:time(s),used_cap(MB),reclaimable_cap(MB), avg_reclaimable(%), active(#), active_zones(#), open_zones(#)] 274 2619 3908 59 9 9 3
2026/04/19-18:01:22.878498 1491 [DEBUG] Syncing metadata for: /db_working_home/000535.sst
2026/04/19-18:01:23.503465 1491 [DEBUG] Syncing metadata for: /db_working_home/000535.sst
2026/04/19-18:01:23.504041 1491 [DEBUG] Syncing metadata for: /db_working_home/000535.sst
2026/04/19-18:01:23.504759 1491 [DEBUG] GetFileSize: /db_working_home/000535.sst 
2026/04/19-18:01:23.504794 1491 [DEBUG] New writable file: /db_working_home/000536.sst direct: 1
2026/04/19-18:01:23.507876 1491 Entering Apply Finish Threshold Function
2026/04/19-18:01:23.507888 1491 Finishing zone: Entering Finish()
2026/04/19-18:01:23.539220 1490 Zone Garbage Stats: [74 11 0 1 3 14 6 4 0 4 5 0 ]
2026/04/19-18:01:23.539320 1490 Total Garbage Bytes: 442596906 bytes
2026/04/19-18:01:24.082467 1491 [DEBUG] Allocating zone(new=0) start: 0x130000000 wp: 0x13248d000 lt: 5 file lt: 3
2026/04/19-18:01:24.082485 1491 [Zonestats:time(s),used_cap(MB),reclaimable_cap(MB), avg_reclaimable(%), active(#), active_zones(#), open_zones(#)] 276 2688 3839 58 8 8 3
2026/04/19-18:01:24.082495 1491 [DEBUG] Syncing metadata for: /db_working_home/000536.sst
2026/04/19-18:01:24.451957 1488 [DEBUG] New writable file: /db_working_home/000537.log direct: 0
2026/04/19-18:01:24.452917 1492 [DEBUG] New writable file: /db_working_home/000538.sst direct: 1
2026/04/19-18:01:24.455752 1492 Entering Apply Finish Threshold Function
2026/04/19-18:01:24.455779 1492 [DEBUG] Allocating zone(new=0) start: 0x110000000 wp: 0x110033800 lt: 5 file lt: 3
2026/04/19-18:01:24.455786 1492 [Zonestats:time(s),used_cap(MB),reclaimable_cap(MB), avg_reclaimable(%), active(#), active_zones(#), open_zones(#)] 276 2690 3837 58 8 8 4
2026/04/19-18:01:24.455793 1492 [DEBUG] Syncing metadata for: /db_working_home/000538.sst
2026/04/19-18:01:24.539515 1490 Zone Garbage Stats: [74 9 0 1 4 14 6 4 0 4 5 0 ]
2026/04/19-18:01:24.539531 1490 Total Garbage Bytes: 442597146 bytes
2026/04/19-18:01:24.666395 1492 [DEBUG] Syncing metadata for: /db_working_home/000538.sst
2026/04/19-18:01:24.669065 1492 [DEBUG] Syncing metadata for: /db_working_home/000538.sst
2026/04/19-18:01:24.677057 1492 [DEBUG] New random access file: /db_working_home/000538.sst direct: 1
2026/04/19-18:01:24.677246 1492 [DEBUG] GetFileSize: /db_working_home/000538.sst 
2026/04/19-18:01:24.686440 1492 [DEBUG] Syncing metadata for: /db_working_home/MANIFEST-000199
2026/04/19-18:01:24.687141 1492 [DEBUG] GetFileSize: /db_working_home/000538.sst 
2026/04/19-18:01:24.691911 1492 [DEBUG] Syncing metadata for: /db_working_home/000532.log
2026/04/19-18:01:24.699903 1492 [DEBUG] DeleteFile: ./db_working_home/000524.sst 
2026/04/19-18:01:24.700797 1492 [Zonestats:time(s),used_cap(MB),reclaimable_cap(MB), avg_reclaimable(%), active(#), active_zones(#), open_zones(#)] 276 2582 3817 59 8 8 2
2026/04/19-18:01:24.700842 1492 [DEBUG] DeleteFile: ./db_working_home/000532.log 
2026/04/19-18:01:24.703359 1492 [Zonestats:time(s),used_cap(MB),reclaimable_cap(MB), avg_reclaimable(%), active(#), active_zones(#), open_zones(#)] 276 2566 3833 59 8 8 2
2026/04/19-18:01:24.808180 1491 [DEBUG] Syncing metadata for: /db_working_home/000536.sst
2026/04/19-18:01:24.808824 1491 [DEBUG] Syncing metadata for: /db_working_home/000536.sst
2026/04/19-18:01:24.809096 1488 [DEBUG] Allocating zone(new=0) start: 0x1e0000000 wp: 0x1e5d4f000 lt: 3 file lt: 2
2026/04/19-18:01:24.809109 1488 [DEBUG] Syncing metadata for: /db_working_home/000537.log
2026/04/19-18:01:24.809637 1491 [DEBUG] GetFileSize: /db_working_home/000536.sst 
2026/04/19-18:01:24.810089 1491 [DEBUG] New writable file: /db_working_home/000539.sst direct: 1
2026/04/19-18:01:24.820340 1491 Entering Apply Finish Threshold Function
2026/04/19-18:01:24.820353 1491 Finishing zone: Entering Finish()
2026/04/19-18:01:25.203672 1491 [DEBUG] Allocating zone(new=0) start: 0x110000000 wp: 0x110f83000 lt: 5 file lt: 3
2026/04/19-18:01:25.203690 1491 [Zonestats:time(s),used_cap(MB),reclaimable_cap(MB), avg_reclaimable(%), active(#), active_zones(#), open_zones(#)] 277 2629 3770 58 7 7 3
2026/04/19-18:01:25.203700 1491 [DEBUG] Syncing metadata for: /db_working_home/000539.sst
2026/04/19-18:01:25.517139 1491 [DEBUG] Syncing metadata for: /db_working_home/000539.sst
2026/04/19-18:01:25.517752 1491 [DEBUG] Syncing metadata for: /db_working_home/000539.sst
2026/04/19-18:01:25.518447 1491 [DEBUG] GetFileSize: /db_working_home/000539.sst 
2026/04/19-18:01:25.519653 1491 [DEBUG] New random access file: /db_working_home/000535.sst direct: 1
2026/04/19-18:01:25.520027 1491 [DEBUG] GetFileSize: /db_working_home/000535.sst 
2026/04/19-18:01:25.520205 1491 [DEBUG] New random access file: /db_working_home/000536.sst direct: 1
2026/04/19-18:01:25.520442 1491 [DEBUG] GetFileSize: /db_working_home/000536.sst 
2026/04/19-18:01:25.520577 1491 [DEBUG] New random access file: /db_working_home/000539.sst direct: 1
2026/04/19-18:01:25.520765 1491 [DEBUG] GetFileSize: /db_working_home/000539.sst 
2026/04/19-18:01:25.521790 1491 [DEBUG] Syncing metadata for: /db_working_home/MANIFEST-000199
2026/04/19-18:01:25.523309 1491 [DEBUG] Syncing metadata for: /db_working_home/MANIFEST-000199
2026/04/19-18:01:25.524118 1491 [DEBUG] DeleteFile: ./db_working_home/000517.sst 
2026/04/19-18:01:25.524690 1491 [Zonestats:time(s),used_cap(MB),reclaimable_cap(MB), avg_reclaimable(%), active(#), active_zones(#), open_zones(#)] 277 2643 3756 58 7 7 2
2026/04/19-18:01:25.524729 1491 [DEBUG] DeleteFile: ./db_working_home/000518.sst 
2026/04/19-18:01:25.525422 1491 [Zonestats:time(s),used_cap(MB),reclaimable_cap(MB), avg_reclaimable(%), active(#), active_zones(#), open_zones(#)] 277 2595 3676 58 7 7 2
2026/04/19-18:01:25.525457 1491 [DEBUG] DeleteFile: ./db_working_home/000519.sst 
2026/04/19-18:01:25.526109 1491 [Zonestats:time(s),used_cap(MB),reclaimable_cap(MB), avg_reclaimable(%), active(#), active_zones(#), open_zones(#)] 277 2572 3571 58 6 6 2
2026/04/19-18:01:25.526143 1491 [DEBUG] DeleteFile: ./db_working_home/000521.sst 
2026/04/19-18:01:25.533893 1491 [Zonestats:time(s),used_cap(MB),reclaimable_cap(MB), avg_reclaimable(%), active(#), active_zones(#), open_zones(#)] 277 2558 3457 57 5 5 2
2026/04/19-18:01:25.533969 1491 [DEBUG] DeleteFile: ./db_working_home/000526.sst 
2026/04/19-18:01:25.534724 1491 [Zonestats:time(s),used_cap(MB),reclaimable_cap(MB), avg_reclaimable(%), active(#), active_zones(#), open_zones(#)] 277 2543 3472 57 5 5 2
2026/04/19-18:01:25.534760 1491 [DEBUG] DeleteFile: ./db_working_home/000528.sst 
2026/04/19-18:01:25.535589 1491 [Zonestats:time(s),used_cap(MB),reclaimable_cap(MB), avg_reclaimable(%), active(#), active_zones(#), open_zones(#)] 277 2527 3360 57 4 4 2
2026/04/19-18:01:25.535622 1491 [DEBUG] DeleteFile: ./db_working_home/000533.sst 
2026/04/19-18:01:25.536178 1491 [Zonestats:time(s),used_cap(MB),reclaimable_cap(MB), avg_reclaimable(%), active(#), active_zones(#), open_zones(#)] 277 2512 3375 57 4 4 2
2026/04/19-18:01:25.539724 1490 Zone Garbage Stats: [79 6 0 1 5 14 6 3 0 4 5 0 ]
2026/04/19-18:01:25.539737 1490 Total Garbage Bytes: 458676417 bytes
2026/04/19-18:01:25.541766 1491 [DEBUG] New writable file: /db_working_home/000540.sst direct: 1
2026/04/19-18:01:25.544873 1491 Entering Apply Finish Threshold Function
2026/04/19-18:01:25.544884 1491 Finishing zone: Entering Finish()
2026/04/19-18:01:25.926831 1488 [DEBUG] New writable file: /db_working_home/000541.log direct: 0
2026/04/19-18:01:25.927947 1492 [DEBUG] New writable file: /db_working_home/000542.sst direct: 1
2026/04/19-18:01:25.931307 1492 Entering Apply Finish Threshold Function
2026/04/19-18:01:25.931334 1492 [DEBUG] Allocating zone(new=1) start: 0x70000000 wp: 0x70000000 lt: 3 file lt: 3
2026/04/19-18:01:25.931342 1492 [Zonestats:time(s),used_cap(MB),reclaimable_cap(MB), avg_reclaimable(%), active(#), active_zones(#), open_zones(#)] 277 2519 3368 57 4 5 3
2026/04/19-18:01:25.931349 1492 [DEBUG] Syncing metadata for: /db_working_home/000542.sst
2026/04/19-18:01:26.078479 1492 [DEBUG] Syncing metadata for: /db_working_home/000542.sst
2026/04/19-18:01:26.079442 1492 [DEBUG] Syncing metadata for: /db_working_home/000542.sst
2026/04/19-18:01:26.080606 1492 [DEBUG] New random access file: /db_working_home/000542.sst direct: 1
2026/04/19-18:01:26.081179 1492 [DEBUG] GetFileSize: /db_working_home/000542.sst 
2026/04/19-18:01:26.083916 1492 [DEBUG] Syncing metadata for: /db_working_home/MANIFEST-000199
2026/04/19-18:01:26.084716 1492 [DEBUG] GetFileSize: /db_working_home/000542.sst 
2026/04/19-18:01:26.089834 1492 [DEBUG] Syncing metadata for: /db_working_home/000537.log
2026/04/19-18:01:26.090938 1492 [DEBUG] DeleteFile: ./db_working_home/000537.log 
2026/04/19-18:01:26.092066 1492 [Zonestats:time(s),used_cap(MB),reclaimable_cap(MB), avg_reclaimable(%), active(#), active_zones(#), open_zones(#)] 278 2519 3368 57 4 4 1
2026/04/19-18:01:26.100415 1488 [DEBUG] Allocating zone(new=0) start: 0x70000000 wp: 0x70f54e00 lt: 3 file lt: 2
2026/04/19-18:01:26.100427 1488 [DEBUG] Syncing metadata for: /db_working_home/000541.log
2026/04/19-18:01:26.539930 1490 Zone Garbage Stats: [79 5 0 1 5 14 6 3 0 4 5 0 ]
2026/04/19-18:01:26.539948 1490 Total Garbage Bytes: 458675412 bytes
2026/04/19-18:01:26.689750 1491 [DEBUG] Allocating zone(new=1) start: 0x118000000 wp: 0x118000000 lt: 4 file lt: 4
2026/04/19-18:01:26.689767 1491 [Zonestats:time(s),used_cap(MB),reclaimable_cap(MB), avg_reclaimable(%), active(#), active_zones(#), open_zones(#)] 278 2530 3357 57 3 4 3
2026/04/19-18:01:26.689776 1491 [DEBUG] Syncing metadata for: /db_working_home/000540.sst
2026/04/19-18:01:27.168890 1491 [DEBUG] Syncing metadata for: /db_working_home/000540.sst
2026/04/19-18:01:27.169473 1491 [DEBUG] Syncing metadata for: /db_working_home/000540.sst
2026/04/19-18:01:27.170291 1491 [DEBUG] GetFileSize: /db_working_home/000540.sst 
2026/04/19-18:01:27.170327 1491 [DEBUG] New writable file: /db_working_home/000543.sst direct: 1
2026/04/19-18:01:27.175959 1491 Entering Apply Finish Threshold Function
2026/04/19-18:01:27.175972 1491 Finishing zone: Entering Finish()
2026/04/19-18:01:27.230110 1488 [DEBUG] New writable file: /db_working_home/000544.log direct: 0
2026/04/19-18:01:27.231148 1492 [DEBUG] New writable file: /db_working_home/000545.sst direct: 1
2026/04/19-18:01:27.234074 1492 Entering Apply Finish Threshold Function
2026/04/19-18:01:27.234102 1492 [DEBUG] Allocating zone(new=1) start: 0x120000000 wp: 0x120000000 lt: 3 file lt: 3
2026/04/19-18:01:27.234110 1492 [Zonestats:time(s),used_cap(MB),reclaimable_cap(MB), avg_reclaimable(%), active(#), active_zones(#), open_zones(#)] 279 2577 3438 57 4 5 3
2026/04/19-18:01:27.234117 1492 [DEBUG] Syncing metadata for: /db_working_home/000545.sst
2026/04/19-18:01:27.381144 1492 [DEBUG] Syncing metadata for: /db_working_home/000545.sst
2026/04/19-18:01:27.382148 1492 [DEBUG] Syncing metadata for: /db_working_home/000545.sst
2026/04/19-18:01:27.383290 1492 [DEBUG] New random access file: /db_working_home/000545.sst direct: 1
2026/04/19-18:01:27.383465 1492 [DEBUG] GetFileSize: /db_working_home/000545.sst 
2026/04/19-18:01:27.386152 1492 [DEBUG] Syncing metadata for: /db_working_home/MANIFEST-000199
2026/04/19-18:01:27.386914 1492 [DEBUG] GetFileSize: /db_working_home/000545.sst 
2026/04/19-18:01:27.391837 1492 [DEBUG] Syncing metadata for: /db_working_home/000541.log
2026/04/19-18:01:27.392783 1492 [DEBUG] DeleteFile: ./db_working_home/000541.log 
2026/04/19-18:01:27.393790 1492 [Zonestats:time(s),used_cap(MB),reclaimable_cap(MB), avg_reclaimable(%), active(#), active_zones(#), open_zones(#)] 279 2577 3566 58 5 5 1
2026/04/19-18:01:27.405336 1488 [DEBUG] Allocating zone(new=0) start: 0x120000000 wp: 0x120f4ce00 lt: 3 file lt: 2
2026/04/19-18:01:27.405348 1488 [DEBUG] Syncing metadata for: /db_working_home/000544.log
2026/04/19-18:01:27.540136 1490 Zone Garbage Stats: [77 5 1 1 5 14 6 4 0 4 5 0 ]
2026/04/19-18:01:27.540152 1490 Total Garbage Bytes: 475029275 bytes
2026/04/19-18:01:28.313281 1491 [DEBUG] Allocating zone(new=1) start: 0x158000000 wp: 0x158000000 lt: 4 file lt: 4
2026/04/19-18:01:28.313299 1491 [Zonestats:time(s),used_cap(MB),reclaimable_cap(MB), avg_reclaimable(%), active(#), active_zones(#), open_zones(#)] 280 2592 3551 57 4 5 3
2026/04/19-18:01:28.313309 1491 [DEBUG] Syncing metadata for: /db_working_home/000543.sst
2026/04/19-18:01:28.359369 1488 [DEBUG] New writable file: /db_working_home/000546.log direct: 0
2026/04/19-18:01:28.360424 1492 [DEBUG] New writable file: /db_working_home/000547.sst direct: 1
2026/04/19-18:01:28.370064 1492 Entering Apply Finish Threshold Function
2026/04/19-18:01:28.370094 1492 [DEBUG] Allocating zone(new=1) start: 0x178000000 wp: 0x178000000 lt: 3 file lt: 3
2026/04/19-18:01:28.370103 1492 [Zonestats:time(s),used_cap(MB),reclaimable_cap(MB), avg_reclaimable(%), active(#), active_zones(#), open_zones(#)] 280 2592 3551 57 5 6 4
2026/04/19-18:01:28.370109 1492 [DEBUG] Syncing metadata for: /db_working_home/000547.sst
2026/04/19-18:01:28.540278 1490 Zone Garbage Stats: [75 5 1 1 5 14 6 5 0 4 5 0 ]
2026/04/19-18:01:28.540361 1490 Total Garbage Bytes: 475029442 bytes
2026/04/19-18:01:28.573524 1492 [DEBUG] Syncing metadata for: /db_working_home/000547.sst
2026/04/19-18:01:28.581059 1492 [DEBUG] Syncing metadata for: /db_working_home/000547.sst
2026/04/19-18:01:28.581718 1492 [DEBUG] New random access file: /db_working_home/000547.sst direct: 1
2026/04/19-18:01:28.581899 1492 [DEBUG] GetFileSize: /db_working_home/000547.sst 
2026/04/19-18:01:28.590800 1492 [DEBUG] Syncing metadata for: /db_working_home/MANIFEST-000199
2026/04/19-18:01:28.591521 1492 [DEBUG] GetFileSize: /db_working_home/000547.sst 
2026/04/19-18:01:28.598411 1492 [DEBUG] Syncing metadata for: /db_working_home/000544.log
2026/04/19-18:01:28.605984 1492 [DEBUG] DeleteFile: ./db_working_home/000544.log 
2026/04/19-18:01:28.606580 1492 [Zonestats:time(s),used_cap(MB),reclaimable_cap(MB), avg_reclaimable(%), active(#), active_zones(#), open_zones(#)] 280 2592 3679 58 6 6 2
2026/04/19-18:01:28.662797 1488 [DEBUG] Allocating zone(new=0) start: 0x178000000 wp: 0x178f53800 lt: 3 file lt: 2
2026/04/19-18:01:28.662811 1488 [DEBUG] Syncing metadata for: /db_working_home/000546.log
2026/04/19-18:01:28.969252 1491 [DEBUG] Syncing metadata for: /db_working_home/000543.sst
2026/04/19-18:01:28.969832 1491 [DEBUG] Syncing metadata for: /db_working_home/000543.sst
2026/04/19-18:01:28.970620 1491 [DEBUG] GetFileSize: /db_working_home/000543.sst 
2026/04/19-18:01:28.972094 1491 [DEBUG] New random access file: /db_working_home/000540.sst direct: 1
2026/04/19-18:01:28.972334 1491 [DEBUG] GetFileSize: /db_working_home/000540.sst 
2026/04/19-18:01:28.972498 1491 [DEBUG] New random access file: /db_working_home/000543.sst direct: 1
2026/04/19-18:01:28.972699 1491 [DEBUG] GetFileSize: /db_working_home/000543.sst 
2026/04/19-18:01:28.973597 1491 [DEBUG] Syncing metadata for: /db_working_home/MANIFEST-000199
2026/04/19-18:01:28.975012 1491 [DEBUG] Syncing metadata for: /db_working_home/MANIFEST-000199
2026/04/19-18:01:28.975738 1491 [DEBUG] DeleteFile: ./db_working_home/000454.sst 
2026/04/19-18:01:28.976476 1491 [Zonestats:time(s),used_cap(MB),reclaimable_cap(MB), avg_reclaimable(%), active(#), active_zones(#), open_zones(#)] 280 2599 3672 58 6 6 2
2026/04/19-18:01:28.976516 1491 [DEBUG] DeleteFile: ./db_working_home/000536.sst 
2026/04/19-18:01:28.977083 1491 [Zonestats:time(s),used_cap(MB),reclaimable_cap(MB), avg_reclaimable(%), active(#), active_zones(#), open_zones(#)] 280 2541 3730 59 6 6 2
2026/04/19-18:01:28.977841 1491 [DEBUG] Syncing metadata for: /db_working_home/MANIFEST-000199
2026/04/19-18:01:28.983868 1491 [DEBUG] New writable file: /db_working_home/000548.sst direct: 1
2026/04/19-18:01:28.986983 1491 Entering Apply Finish Threshold Function
2026/04/19-18:01:28.986994 1491 Finishing zone: Entering Finish()
2026/04/19-18:01:29.540578 1490 Zone Garbage Stats: [76 5 2 1 4 14 6 4 0 5 5 0 ]
2026/04/19-18:01:29.540596 1490 Total Garbage Bytes: 552253120 bytes
2026/04/19-18:01:29.820494 1488 [DEBUG] New writable file: /db_working_home/000549.log direct: 0
2026/04/19-18:01:29.821432 1492 [DEBUG] New writable file: /db_working_home/000550.sst direct: 1
2026/04/19-18:01:29.824301 1492 Entering Apply Finish Threshold Function
2026/04/19-18:01:29.824329 1492 [DEBUG] Allocating zone(new=1) start: 0x180000000 wp: 0x180000000 lt: 3 file lt: 3
2026/04/19-18:01:29.824337 1492 [Zonestats:time(s),used_cap(MB),reclaimable_cap(MB), avg_reclaimable(%), active(#), active_zones(#), open_zones(#)] 281 2554 3717 59 6 7 3
2026/04/19-18:01:29.824343 1492 [DEBUG] Syncing metadata for: /db_working_home/000550.sst
2026/04/19-18:01:29.972061 1492 [DEBUG] Syncing metadata for: /db_working_home/000550.sst
2026/04/19-18:01:29.973037 1492 [DEBUG] Syncing metadata for: /db_working_home/000550.sst
2026/04/19-18:01:29.974038 1492 [DEBUG] New random access file: /db_working_home/000550.sst direct: 1
2026/04/19-18:01:29.974675 1492 [DEBUG] GetFileSize: /db_working_home/000550.sst 
2026/04/19-18:01:29.977243 1492 [DEBUG] Syncing metadata for: /db_working_home/MANIFEST-000199
2026/04/19-18:01:29.978032 1492 [DEBUG] GetFileSize: /db_working_home/000550.sst 
2026/04/19-18:01:29.982951 1492 [DEBUG] Syncing metadata for: /db_working_home/000546.log
2026/04/19-18:01:29.983901 1492 [DEBUG] DeleteFile: ./db_working_home/000546.log 
2026/04/19-18:01:29.984879 1492 [Zonestats:time(s),used_cap(MB),reclaimable_cap(MB), avg_reclaimable(%), active(#), active_zones(#), open_zones(#)] 281 2554 3845 60 7 7 1
2026/04/19-18:01:29.993239 1488 [DEBUG] Allocating zone(new=0) start: 0x180000000 wp: 0x180f55000 lt: 3 file lt: 2
2026/04/19-18:01:29.993251 1488 [DEBUG] Syncing metadata for: /db_working_home/000549.log
2026/04/19-18:01:30.024707 1491 [DEBUG] Allocating zone(new=1) start: 0x190000000 wp: 0x190000000 lt: 5 file lt: 5
2026/04/19-18:01:30.024723 1491 [Zonestats:time(s),used_cap(MB),reclaimable_cap(MB), avg_reclaimable(%), active(#), active_zones(#), open_zones(#)] 282 2555 3844 60 6 7 3
2026/04/19-18:01:30.024732 1491 [DEBUG] Syncing metadata for: /db_working_home/000548.sst
2026/04/19-18:01:30.540787 1490 Zone Garbage Stats: [74 5 3 1 4 14 6 5 0 5 5 0 ]
2026/04/19-18:01:30.540804 1490 Total Garbage Bytes: 568608516 bytes
2026/04/19-18:01:30.856347 1491 [DEBUG] Syncing metadata for: /db_working_home/000548.sst
2026/04/19-18:01:30.856923 1491 [DEBUG] Syncing metadata for: /db_working_home/000548.sst
2026/04/19-18:01:30.857712 1491 [DEBUG] GetFileSize: /db_working_home/000548.sst 
2026/04/19-18:01:30.857749 1491 [DEBUG] New writable file: /db_working_home/000551.sst direct: 1
2026/04/19-18:01:30.860908 1491 Entering Apply Finish Threshold Function
2026/04/19-18:01:30.860922 1491 Finishing zone: Entering Finish()
2026/04/19-18:01:31.483029 1491 [DEBUG] Allocating zone(new=1) start: 0x198000000 wp: 0x198000000 lt: 5 file lt: 5
2026/04/19-18:01:31.483047 1491 [Zonestats:time(s),used_cap(MB),reclaimable_cap(MB), avg_reclaimable(%), active(#), active_zones(#), open_zones(#)] 283 2642 3885 59 6 7 3
2026/04/19-18:01:31.483056 1491 [DEBUG] Syncing metadata for: /db_working_home/000551.sst
2026/04/19-18:01:31.540994 1490 Zone Garbage Stats: [73 5 3 1 4 15 6 5 0 5 5 0 ]
2026/04/19-18:01:31.541023 1490 Total Garbage Bytes: 568608953 bytes
2026/04/19-18:01:31.932558 1488 [DEBUG] New writable file: /db_working_home/000552.log direct: 0
2026/04/19-18:01:31.933469 1492 [DEBUG] New writable file: /db_working_home/000553.sst direct: 1
2026/04/19-18:01:31.936186 1492 Entering Apply Finish Threshold Function
2026/04/19-18:01:31.936214 1492 [DEBUG] Allocating zone(new=1) start: 0x1a8000000 wp: 0x1a8000000 lt: 3 file lt: 3
2026/04/19-18:01:31.936222 1492 [Zonestats:time(s),used_cap(MB),reclaimable_cap(MB), avg_reclaimable(%), active(#), active_zones(#), open_zones(#)] 283 2644 3883 59 7 8 4
2026/04/19-18:01:31.936229 1492 [DEBUG] Syncing metadata for: /db_working_home/000553.sst
2026/04/19-18:01:32.144520 1492 [DEBUG] Syncing metadata for: /db_working_home/000553.sst
2026/04/19-18:01:32.147229 1492 [DEBUG] Syncing metadata for: /db_working_home/000553.sst
2026/04/19-18:01:32.147888 1492 [DEBUG] New random access file: /db_working_home/000553.sst direct: 1
2026/04/19-18:01:32.148065 1492 [DEBUG] GetFileSize: /db_working_home/000553.sst 
2026/04/19-18:01:32.156912 1492 [DEBUG] Syncing metadata for: /db_working_home/MANIFEST-000199
2026/04/19-18:01:32.157594 1492 [DEBUG] GetFileSize: /db_working_home/000553.sst 
2026/04/19-18:01:32.169794 1492 [DEBUG] Syncing metadata for: /db_working_home/000549.log
2026/04/19-18:01:32.171730 1492 [DEBUG] DeleteFile: ./db_working_home/000549.log 
2026/04/19-18:01:32.172716 1492 [Zonestats:time(s),used_cap(MB),reclaimable_cap(MB), avg_reclaimable(%), active(#), active_zones(#), open_zones(#)] 284 2644 4011 60 8 8 2
2026/04/19-18:01:32.290629 1488 [DEBUG] Allocating zone(new=0) start: 0x1a8000000 wp: 0x1a8f4f400 lt: 3 file lt: 2
2026/04/19-18:01:32.290642 1488 [DEBUG] Syncing metadata for: /db_working_home/000552.log
2026/04/19-18:01:32.464548 1491 [DEBUG] Syncing metadata for: /db_working_home/000551.sst
2026/04/19-18:01:32.472167 1491 [DEBUG] Syncing metadata for: /db_working_home/000551.sst
2026/04/19-18:01:32.472901 1491 [DEBUG] GetFileSize: /db_working_home/000551.sst 
2026/04/19-18:01:32.472938 1491 [DEBUG] New writable file: /db_working_home/000554.sst direct: 1
2026/04/19-18:01:32.476127 1491 Entering Apply Finish Threshold Function
2026/04/19-18:01:32.476139 1491 Finishing zone: Entering Finish()
2026/04/19-18:01:32.541214 1490 Zone Garbage Stats: [72 5 4 1 4 15 6 5 0 5 5 0 ]
2026/04/19-18:01:32.541230 1490 Total Garbage Bytes: 584965337 bytes
2026/04/19-18:01:33.045903 1491 [DEBUG] Allocating zone(new=1) start: 0x1b8000000 wp: 0x1b8000000 lt: 5 file lt: 5
2026/04/19-18:01:33.045949 1491 [Zonestats:time(s),used_cap(MB),reclaimable_cap(MB), avg_reclaimable(%), active(#), active_zones(#), open_zones(#)] 285 2733 4050 59 7 8 3
2026/04/19-18:01:33.045959 1491 [DEBUG] Syncing metadata for: /db_working_home/000554.sst
2026/04/19-18:01:33.541416 1490 Zone Garbage Stats: [71 5 4 1 5 15 6 5 0 5 5 0 ]
2026/04/19-18:01:33.541525 1490 Total Garbage Bytes: 584965518 bytes
2026/04/19-18:01:33.936275 1491 [DEBUG] Syncing metadata for: /db_working_home/000554.sst
2026/04/19-18:01:33.936853 1491 [DEBUG] Syncing metadata for: /db_working_home/000554.sst
2026/04/19-18:01:33.937668 1491 [DEBUG] GetFileSize: /db_working_home/000554.sst 
2026/04/19-18:01:33.937704 1491 [DEBUG] New writable file: /db_working_home/000555.sst direct: 1
2026/04/19-18:01:33.943324 1491 Entering Apply Finish Threshold Function
2026/04/19-18:01:33.943337 1491 Finishing zone: Entering Finish()
2026/04/19-18:01:34.107063 1488 [DEBUG] New writable file: /db_working_home/000556.log direct: 0
2026/04/19-18:01:34.108309 1492 [DEBUG] New writable file: /db_working_home/000557.sst direct: 1
2026/04/19-18:01:34.111209 1492 Entering Apply Finish Threshold Function
2026/04/19-18:01:34.111238 1492 [DEBUG] Allocating zone(new=1) start: 0x1c0000000 wp: 0x1c0000000 lt: 3 file lt: 3
2026/04/19-18:01:34.111246 1492 [Zonestats:time(s),used_cap(MB),reclaimable_cap(MB), avg_reclaimable(%), active(#), active_zones(#), open_zones(#)] 286 2818 4093 59 8 9 3
2026/04/19-18:01:34.111252 1492 [DEBUG] Syncing metadata for: /db_working_home/000557.sst
2026/04/19-18:01:34.258671 1492 [DEBUG] Syncing metadata for: /db_working_home/000557.sst
2026/04/19-18:01:34.259246 1492 [DEBUG] Syncing metadata for: /db_working_home/000557.sst
2026/04/19-18:01:34.260228 1492 [DEBUG] New random access file: /db_working_home/000557.sst direct: 1
2026/04/19-18:01:34.260917 1492 [DEBUG] GetFileSize: /db_working_home/000557.sst 
2026/04/19-18:01:34.263359 1492 [DEBUG] Syncing metadata for: /db_working_home/MANIFEST-000199
2026/04/19-18:01:34.264196 1492 [DEBUG] GetFileSize: /db_working_home/000557.sst 
2026/04/19-18:01:34.269120 1492 [DEBUG] Syncing metadata for: /db_working_home/000552.log
2026/04/19-18:01:34.270221 1492 [DEBUG] DeleteFile: ./db_working_home/000552.log 
2026/04/19-18:01:34.270788 1492 [Zonestats:time(s),used_cap(MB),reclaimable_cap(MB), avg_reclaimable(%), active(#), active_zones(#), open_zones(#)] 286 2818 4221 59 9 9 1
2026/04/19-18:01:34.301230 1488 [DEBUG] Allocating zone(new=0) start: 0x1c0000000 wp: 0x1c0f52000 lt: 3 file lt: 2
2026/04/19-18:01:34.301242 1488 [DEBUG] Syncing metadata for: /db_working_home/000556.log
2026/04/19-18:01:34.541714 1490 Zone Garbage Stats: [70 5 5 1 5 15 6 5 0 5 5 0 ]
2026/04/19-18:01:34.541731 1490 Total Garbage Bytes: 601319257 bytes
2026/04/19-18:01:34.629761 1491 [DEBUG] Allocating zone(new=1) start: 0x1c8000000 wp: 0x1c8000000 lt: 5 file lt: 5
2026/04/19-18:01:34.629778 1491 [Zonestats:time(s),used_cap(MB),reclaimable_cap(MB), avg_reclaimable(%), active(#), active_zones(#), open_zones(#)] 286 2823 4216 59 8 9 3
2026/04/19-18:01:34.629787 1491 [DEBUG] Syncing metadata for: /db_working_home/000555.sst
2026/04/19-18:01:35.528040 1491 [DEBUG] Syncing metadata for: /db_working_home/000555.sst
2026/04/19-18:01:35.528621 1491 [DEBUG] Syncing metadata for: /db_working_home/000555.sst
2026/04/19-18:01:35.529447 1491 [DEBUG] GetFileSize: /db_working_home/000555.sst 
2026/04/19-18:01:35.530836 1491 [DEBUG] New random access file: /db_working_home/000548.sst direct: 1
2026/04/19-18:01:35.531144 1491 [DEBUG] GetFileSize: /db_working_home/000548.sst 
2026/04/19-18:01:35.531323 1491 [DEBUG] New random access file: /db_working_home/000551.sst direct: 1
2026/04/19-18:01:35.531591 1491 [DEBUG] GetFileSize: /db_working_home/000551.sst 
2026/04/19-18:01:35.531731 1491 [DEBUG] New random access file: /db_working_home/000554.sst direct: 1
2026/04/19-18:01:35.532001 1491 [DEBUG] GetFileSize: /db_working_home/000554.sst 
2026/04/19-18:01:35.532136 1491 [DEBUG] New random access file: /db_working_home/000555.sst direct: 1
2026/04/19-18:01:35.532398 1491 [DEBUG] GetFileSize: /db_working_home/000555.sst 
2026/04/19-18:01:35.533356 1491 [DEBUG] Syncing metadata for: /db_working_home/MANIFEST-000199
2026/04/19-18:01:35.541970 1490 Zone Garbage Stats: [69 6 5 1 6 15 6 5 0 5 5 0 ]
2026/04/19-18:01:35.541996 1490 Total Garbage Bytes: 601319876 bytes
2026/04/19-18:01:35.555070 1491 [DEBUG] New writable file: /db_working_home/000558.sst direct: 1
2026/04/19-18:01:35.558274 1491 Entering Apply Finish Threshold Function
2026/04/19-18:01:35.558286 1491 Finishing zone: Entering Finish()
2026/04/19-18:01:36.068488 1488 [DEBUG] New writable file: /db_working_home/000559.log direct: 0
2026/04/19-18:01:36.069464 1492 [DEBUG] New writable file: /db_working_home/000560.sst direct: 1
2026/04/19-18:01:36.072196 1492 Entering Apply Finish Threshold Function
2026/04/19-18:01:36.072225 1492 [DEBUG] Allocating zone(new=1) start: 0x1d0000000 wp: 0x1d0000000 lt: 3 file lt: 3
2026/04/19-18:01:36.072233 1492 [Zonestats:time(s),used_cap(MB),reclaimable_cap(MB), avg_reclaimable(%), active(#), active_zones(#), open_zones(#)] 288 2914 4253 59 9 10 3
2026/04/19-18:01:36.072240 1492 [DEBUG] Syncing metadata for: /db_working_home/000560.sst
2026/04/19-18:01:36.218286 1492 [DEBUG] Syncing metadata for: /db_working_home/000560.sst
2026/04/19-18:01:36.219299 1492 [DEBUG] Syncing metadata for: /db_working_home/000560.sst
2026/04/19-18:01:36.219854 1491 [DEBUG] Allocating zone(new=1) start: 0x1e0000000 wp: 0x1e0000000 lt: 3 file lt: 3
2026/04/19-18:01:36.219871 1491 [Zonestats:time(s),used_cap(MB),reclaimable_cap(MB), avg_reclaimable(%), active(#), active_zones(#), open_zones(#)] 288 2929 4366 59 9 10 4
2026/04/19-18:01:36.219880 1491 [DEBUG] Syncing metadata for: /db_working_home/000558.sst
2026/04/19-18:01:36.221092 1492 [DEBUG] New random access file: /db_working_home/000560.sst direct: 1
2026/04/19-18:01:36.227963 1492 [DEBUG] GetFileSize: /db_working_home/000560.sst 
2026/04/19-18:01:36.232371 1492 [DEBUG] Syncing metadata for: /db_working_home/MANIFEST-000199
2026/04/19-18:01:36.233067 1492 [DEBUG] GetFileSize: /db_working_home/000560.sst 
2026/04/19-18:01:36.237838 1492 [DEBUG] Syncing metadata for: /db_working_home/000556.log
2026/04/19-18:01:36.242272 1492 [DEBUG] DeleteFile: ./db_working_home/000366.sst 
2026/04/19-18:01:36.246467 1492 [Zonestats:time(s),used_cap(MB),reclaimable_cap(MB), avg_reclaimable(%), active(#), active_zones(#), open_zones(#)] 288 2911 4256 59 10 10 2
2026/04/19-18:01:36.246521 1492 [DEBUG] DeleteFile: ./db_working_home/000410.sst 
2026/04/19-18:01:36.247296 1492 [Zonestats:time(s),used_cap(MB),reclaimable_cap(MB), avg_reclaimable(%), active(#), active_zones(#), open_zones(#)] 288 2783 4128 59 10 10 2
2026/04/19-18:01:36.247333 1492 [DEBUG] DeleteFile: ./db_working_home/000413.sst 
2026/04/19-18:01:36.247995 1492 [Zonestats:time(s),used_cap(MB),reclaimable_cap(MB), avg_reclaimable(%), active(#), active_zones(#), open_zones(#)] 288 2702 4081 60 10 10 2
2026/04/19-18:01:36.248029 1492 [DEBUG] DeleteFile: ./db_working_home/000523.sst 
2026/04/19-18:01:36.248670 1492 [Zonestats:time(s),used_cap(MB),reclaimable_cap(MB), avg_reclaimable(%), active(#), active_zones(#), open_zones(#)] 288 2643 4012 60 10 10 2
2026/04/19-18:01:36.248702 1492 [DEBUG] DeleteFile: ./db_working_home/000556.log 
2026/04/19-18:01:36.249260 1492 [Zonestats:time(s),used_cap(MB),reclaimable_cap(MB), avg_reclaimable(%), active(#), active_zones(#), open_zones(#)] 288 2627 4028 60 10 10 2
2026/04/19-18:01:36.336140 1488 [DEBUG] Allocating zone(new=0) start: 0x1d0000000 wp: 0x1d0f4f000 lt: 3 file lt: 2
2026/04/19-18:01:36.336155 1488 [DEBUG] Syncing metadata for: /db_working_home/000559.log
2026/04/19-18:01:36.542186 1490 Zone Garbage Stats: [72 4 6 1 6 15 5 5 0 4 4 0 ]
2026/04/19-18:01:36.542202 1490 Total Garbage Bytes: 511918124 bytes
2026/04/19-18:01:37.542392 1490 Zone Garbage Stats: [72 4 6 1 6 15 5 5 0 4 4 0 ]
2026/04/19-18:01:37.542409 1490 Total Garbage Bytes: 511918124 bytes
2026/04/19-18:01:37.768042 1491 Entering Apply Finish Threshold Function
2026/04/19-18:01:37.768074 1491 [DEBUG] Allocating zone(new=1) start: 0x80000000 wp: 0x80000000 lt: 3 file lt: 3
2026/04/19-18:01:37.768083 1491 [Zonestats:time(s),used_cap(MB),reclaimable_cap(MB), avg_reclaimable(%), active(#), active_zones(#), open_zones(#)] 289 2763 4020 59 9 10 3
2026/04/19-18:01:37.768090 1491 [DEBUG] Syncing metadata for: /db_working_home/000558.sst
2026/04/19-18:01:37.773729 1491 [DEBUG] Syncing metadata for: /db_working_home/000558.sst
2026/04/19-18:01:37.774298 1491 [DEBUG] Syncing metadata for: /db_working_home/000558.sst
2026/04/19-18:01:37.775016 1491 [DEBUG] GetFileSize: /db_working_home/000558.sst 
2026/04/19-18:01:37.775052 1491 [DEBUG] New writable file: /db_working_home/000561.sst direct: 1
2026/04/19-18:01:37.778380 1491 Entering Apply Finish Threshold Function
2026/04/19-18:01:37.778406 1491 [DEBUG] Allocating zone(new=1) start: 0x100000000 wp: 0x100000000 lt: 3 file lt: 3
2026/04/19-18:01:37.778414 1491 [Zonestats:time(s),used_cap(MB),reclaimable_cap(MB), avg_reclaimable(%), active(#), active_zones(#), open_zones(#)] 289 2764 4147 60 10 11 3
2026/04/19-18:01:37.778419 1491 [DEBUG] Syncing metadata for: /db_working_home/000561.sst
2026/04/19-18:01:38.078419 1491 [DEBUG] Syncing metadata for: /db_working_home/000561.sst
2026/04/19-18:01:38.079000 1491 [DEBUG] Syncing metadata for: /db_working_home/000561.sst
2026/04/19-18:01:38.079812 1491 [DEBUG] GetFileSize: /db_working_home/000561.sst 
2026/04/19-18:01:38.081088 1491 [DEBUG] New random access file: /db_working_home/000558.sst direct: 1
2026/04/19-18:01:38.081465 1491 [DEBUG] GetFileSize: /db_working_home/000558.sst 
2026/04/19-18:01:38.081647 1491 [DEBUG] New random access file: /db_working_home/000561.sst direct: 1
2026/04/19-18:01:38.081843 1491 [DEBUG] GetFileSize: /db_working_home/000561.sst 
2026/04/19-18:01:38.082922 1491 [DEBUG] Syncing metadata for: /db_working_home/MANIFEST-000199
2026/04/19-18:01:38.088897 1491 [DEBUG] New writable file: /db_working_home/000562.sst direct: 1
2026/04/19-18:01:38.091990 1491 Entering Apply Finish Threshold Function
2026/04/19-18:01:38.092017 1491 [DEBUG] Allocating zone(new=1) start: 0x108000000 wp: 0x108000000 lt: 4 file lt: 4
2026/04/19-18:01:38.092025 1491 [Zonestats:time(s),used_cap(MB),reclaimable_cap(MB), avg_reclaimable(%), active(#), active_zones(#), open_zones(#)] 290 2793 4246 60 11 12 3
2026/04/19-18:01:38.092031 1491 [DEBUG] Syncing metadata for: /db_working_home/000562.sst
2026/04/19-18:01:38.542600 1490 Zone Garbage Stats: [69 7 6 1 6 15 5 5 0 4 4 0 ]
2026/04/19-18:01:38.542684 1490 Total Garbage Bytes: 511918352 bytes
2026/04/19-18:01:38.799633 1488 [DEBUG] New writable file: /db_working_home/000563.log direct: 0
2026/04/19-18:01:38.807456 1492 [DEBUG] New writable file: /db_working_home/000564.sst direct: 1
2026/04/19-18:01:38.810367 1492 Entering Apply Finish Threshold Function
2026/04/19-18:01:38.810394 1492 [DEBUG] Allocator: avoided a finish by relaxing lifetime diff requirement
2026/04/19-18:01:38.810398 1492 [DEBUG] Allocating zone(new=0) start: 0x1c0000000 wp: 0x1c1eeae00 lt: 3 file lt: 3
2026/04/19-18:01:38.810406 1492 [Zonestats:time(s),used_cap(MB),reclaimable_cap(MB), avg_reclaimable(%), active(#), active_zones(#), open_zones(#)] 290 2798 4241 60 12 12 4
2026/04/19-18:01:38.810412 1492 [DEBUG] Syncing metadata for: /db_working_home/000564.sst
2026/04/19-18:01:39.017847 1492 [DEBUG] Syncing metadata for: /db_working_home/000564.sst
2026/04/19-18:01:39.020438 1492 [DEBUG] Syncing metadata for: /db_working_home/000564.sst
2026/04/19-18:01:39.021094 1492 [DEBUG] New random access file: /db_working_home/000564.sst direct: 1
2026/04/19-18:01:39.021273 1492 [DEBUG] GetFileSize: /db_working_home/000564.sst 
2026/04/19-18:01:39.029973 1492 [DEBUG] Syncing metadata for: /db_working_home/MANIFEST-000199
2026/04/19-18:01:39.030803 1492 [DEBUG] GetFileSize: /db_working_home/000564.sst 
2026/04/19-18:01:39.035579 1492 [DEBUG] Syncing metadata for: /db_working_home/000559.log
2026/04/19-18:01:39.043627 1492 [DEBUG] DeleteFile: ./db_working_home/000535.sst 
2026/04/19-18:01:39.044365 1492 [Zonestats:time(s),used_cap(MB),reclaimable_cap(MB), avg_reclaimable(%), active(#), active_zones(#), open_zones(#)] 291 2757 4282 60 12 12 2
2026/04/19-18:01:39.044408 1492 [DEBUG] DeleteFile: ./db_working_home/000538.sst 
2026/04/19-18:01:39.047205 1492 [Zonestats:time(s),used_cap(MB),reclaimable_cap(MB), avg_reclaimable(%), active(#), active_zones(#), open_zones(#)] 291 2742 4297 61 12 12 2
2026/04/19-18:01:39.047257 1492 [DEBUG] DeleteFile: ./db_working_home/000542.sst 
2026/04/19-18:01:39.048122 1492 [Zonestats:time(s),used_cap(MB),reclaimable_cap(MB), avg_reclaimable(%), active(#), active_zones(#), open_zones(#)] 291 2727 4184 60 11 11 2
2026/04/19-18:01:39.048227 1492 [DEBUG] DeleteFile: ./db_working_home/000545.sst 
2026/04/19-18:01:39.055942 1492 [Zonestats:time(s),used_cap(MB),reclaimable_cap(MB), avg_reclaimable(%), active(#), active_zones(#), open_zones(#)] 291 2711 4072 60 10 10 2
2026/04/19-18:01:39.056009 1492 [DEBUG] DeleteFile: ./db_working_home/000547.sst 
2026/04/19-18:01:39.056678 1492 [Zonestats:time(s),used_cap(MB),reclaimable_cap(MB), avg_reclaimable(%), active(#), active_zones(#), open_zones(#)] 291 2696 3959 59 9 9 2
2026/04/19-18:01:39.056713 1492 [DEBUG] DeleteFile: ./db_working_home/000550.sst 
2026/04/19-18:01:39.057391 1492 [Zonestats:time(s),used_cap(MB),reclaimable_cap(MB), avg_reclaimable(%), active(#), active_zones(#), open_zones(#)] 291 2681 3846 58 8 8 2
2026/04/19-18:01:39.057425 1492 [DEBUG] DeleteFile: ./db_working_home/000553.sst 
2026/04/19-18:01:39.065350 1492 [Zonestats:time(s),used_cap(MB),reclaimable_cap(MB), avg_reclaimable(%), active(#), active_zones(#), open_zones(#)] 291 2665 3734 58 7 7 2
2026/04/19-18:01:39.065404 1492 [DEBUG] DeleteFile: ./db_working_home/000557.sst 
2026/04/19-18:01:39.065991 1492 [Zonestats:time(s),used_cap(MB),reclaimable_cap(MB), avg_reclaimable(%), active(#), active_zones(#), open_zones(#)] 291 2650 3749 58 7 7 2
2026/04/19-18:01:39.066024 1492 [DEBUG] DeleteFile: ./db_working_home/000559.log 
2026/04/19-18:01:39.066609 1492 [Zonestats:time(s),used_cap(MB),reclaimable_cap(MB), avg_reclaimable(%), active(#), active_zones(#), open_zones(#)] 291 2635 3764 58 7 7 2
2026/04/19-18:01:39.099811 1488 [DEBUG] Allocating zone(new=0) start: 0x1d0000000 wp: 0x1d1ee7800 lt: 3 file lt: 2
2026/04/19-18:01:39.099824 1488 [DEBUG] Syncing metadata for: /db_working_home/000563.log
2026/04/19-18:01:39.536596 1491 [DEBUG] Syncing metadata for: /db_working_home/000562.sst
2026/04/19-18:01:39.537215 1491 [DEBUG] Syncing metadata for: /db_working_home/000562.sst
2026/04/19-18:01:39.538061 1491 [DEBUG] GetFileSize: /db_working_home/000562.sst 
2026/04/19-18:01:39.538098 1491 [DEBUG] New writable file: /db_working_home/000565.sst direct: 1
2026/04/19-18:01:39.541081 1491 Entering Apply Finish Threshold Function
2026/04/19-18:01:39.541093 1491 Finishing zone: Entering Finish()
2026/04/19-18:01:39.542876 1490 Zone Garbage Stats: [74 7 0 2 5 15 5 4 1 5 4 0 ]
2026/04/19-18:01:39.542889 1490 Total Garbage Bytes: 521614015 bytes
2026/04/19-18:01:39.629588 1491 Finishing zone: Entering Finish()
2026/04/19-18:01:40.239480 1488 [DEBUG] New writable file: /db_working_home/000566.log direct: 0
2026/04/19-18:01:40.240585 1492 [DEBUG] New writable file: /db_working_home/000567.sst direct: 1
2026/04/19-18:01:40.243517 1492 Entering Apply Finish Threshold Function
2026/04/19-18:01:40.243543 1492 [DEBUG] Allocating zone(new=1) start: 0x70000000 wp: 0x70000000 lt: 3 file lt: 3
2026/04/19-18:01:40.243551 1492 [Zonestats:time(s),used_cap(MB),reclaimable_cap(MB), avg_reclaimable(%), active(#), active_zones(#), open_zones(#)] 292 2771 3756 57 6 7 3
2026/04/19-18:01:40.243557 1492 [DEBUG] Syncing metadata for: /db_working_home/000567.sst
2026/04/19-18:01:40.391388 1492 [DEBUG] Syncing metadata for: /db_working_home/000567.sst
2026/04/19-18:01:40.391982 1492 [DEBUG] Syncing metadata for: /db_working_home/000567.sst
2026/04/19-18:01:40.392967 1492 [DEBUG] New random access file: /db_working_home/000567.sst direct: 1
2026/04/19-18:01:40.393619 1492 [DEBUG] GetFileSize: /db_working_home/000567.sst 
2026/04/19-18:01:40.396134 1492 [DEBUG] Syncing metadata for: /db_working_home/MANIFEST-000199
2026/04/19-18:01:40.397309 1492 [DEBUG] GetFileSize: /db_working_home/000567.sst 
2026/04/19-18:01:40.402450 1492 [DEBUG] Syncing metadata for: /db_working_home/000563.log
2026/04/19-18:01:40.403553 1492 [DEBUG] DeleteFile: ./db_working_home/000563.log 
2026/04/19-18:01:40.404556 1492 [Zonestats:time(s),used_cap(MB),reclaimable_cap(MB), avg_reclaimable(%), active(#), active_zones(#), open_zones(#)] 292 2771 3884 58 7 7 1
2026/04/19-18:01:40.417974 1488 [DEBUG] Allocating zone(new=0) start: 0x1d0000000 wp: 0x1d2e7fc00 lt: 3 file lt: 2
2026/04/19-18:01:40.417983 1488 [DEBUG] Syncing metadata for: /db_working_home/000566.log
2026/04/19-18:01:40.543075 1490 Zone Garbage Stats: [73 9 0 1 5 15 5 4 1 5 4 0 ]
2026/04/19-18:01:40.543091 1490 Total Garbage Bytes: 489194879 bytes
2026/04/19-18:01:40.723283 1491 [DEBUG] Allocating zone(new=1) start: 0x120000000 wp: 0x120000000 lt: 4 file lt: 4
2026/04/19-18:01:40.723301 1491 [Zonestats:time(s),used_cap(MB),reclaimable_cap(MB), avg_reclaimable(%), active(#), active_zones(#), open_zones(#)] 292 2776 3879 58 6 7 3
2026/04/19-18:01:40.723310 1491 [DEBUG] Syncing metadata for: /db_working_home/000565.sst
2026/04/19-18:01:41.287568 1491 [DEBUG] Syncing metadata for: /db_working_home/000565.sst
2026/04/19-18:01:41.288167 1491 [DEBUG] Syncing metadata for: /db_working_home/000565.sst
2026/04/19-18:01:41.288879 1491 [DEBUG] GetFileSize: /db_working_home/000565.sst 
2026/04/19-18:01:41.288914 1491 [DEBUG] New writable file: /db_working_home/000568.sst direct: 1
2026/04/19-18:01:41.296951 1491 Entering Apply Finish Threshold Function
2026/04/19-18:01:41.296966 1491 Finishing zone: Entering Finish()
2026/04/19-18:01:41.543287 1490 Zone Garbage Stats: [72 9 0 1 5 15 5 4 1 6 4 0 ]
2026/04/19-18:01:41.543305 1490 Total Garbage Bytes: 521614560 bytes
2026/04/19-18:01:41.685675 1488 [DEBUG] New writable file: /db_working_home/000569.log direct: 0
2026/04/19-18:01:41.686626 1492 [DEBUG] New writable file: /db_working_home/000570.sst direct: 1
2026/04/19-18:01:41.689536 1492 Entering Apply Finish Threshold Function
2026/04/19-18:01:41.689564 1492 [DEBUG] Allocating zone(new=1) start: 0x148000000 wp: 0x148000000 lt: 3 file lt: 3
2026/04/19-18:01:41.689572 1492 [Zonestats:time(s),used_cap(MB),reclaimable_cap(MB), avg_reclaimable(%), active(#), active_zones(#), open_zones(#)] 293 2836 3947 58 7 8 3
2026/04/19-18:01:41.689579 1492 [DEBUG] Syncing metadata for: /db_working_home/000570.sst
2026/04/19-18:01:41.834343 1492 [DEBUG] Syncing metadata for: /db_working_home/000570.sst
2026/04/19-18:01:41.835295 1492 [DEBUG] Syncing metadata for: /db_working_home/000570.sst
2026/04/19-18:01:41.836457 1492 [DEBUG] New random access file: /db_working_home/000570.sst direct: 1
2026/04/19-18:01:41.837045 1492 [DEBUG] GetFileSize: /db_working_home/000570.sst 
2026/04/19-18:01:41.839800 1492 [DEBUG] Syncing metadata for: /db_working_home/MANIFEST-000199
2026/04/19-18:01:41.840612 1492 [DEBUG] GetFileSize: /db_working_home/000570.sst 
2026/04/19-18:01:41.845786 1492 [DEBUG] Syncing metadata for: /db_working_home/000566.log
2026/04/19-18:01:41.846842 1492 [DEBUG] DeleteFile: ./db_working_home/000566.log 
2026/04/19-18:01:41.847845 1492 [Zonestats:time(s),used_cap(MB),reclaimable_cap(MB), avg_reclaimable(%), active(#), active_zones(#), open_zones(#)] 293 2836 4075 58 8 8 1
2026/04/19-18:01:41.865847 1488 [DEBUG] Allocating zone(new=0) start: 0x1d0000000 wp: 0x1d3e18600 lt: 3 file lt: 2
2026/04/19-18:01:41.865857 1488 [DEBUG] Syncing metadata for: /db_working_home/000569.log
2026/04/19-18:01:42.338882 1491 [DEBUG] Allocating zone(new=1) start: 0x168000000 wp: 0x168000000 lt: 4 file lt: 4
2026/04/19-18:01:42.338900 1491 [Zonestats:time(s),used_cap(MB),reclaimable_cap(MB), avg_reclaimable(%), active(#), active_zones(#), open_zones(#)] 294 2844 4067 58 7 8 3
2026/04/19-18:01:42.338910 1491 [DEBUG] Syncing metadata for: /db_working_home/000568.sst
2026/04/19-18:01:42.543496 1490 Zone Garbage Stats: [70 10 0 1 5 15 5 5 1 6 4 0 ]
2026/04/19-18:01:42.543514 1490 Total Garbage Bytes: 521615238 bytes
2026/04/19-18:01:42.913178 1491 [DEBUG] Syncing metadata for: /db_working_home/000568.sst
2026/04/19-18:01:42.913758 1491 [DEBUG] Syncing metadata for: /db_working_home/000568.sst
2026/04/19-18:01:42.914467 1491 [DEBUG] GetFileSize: /db_working_home/000568.sst 
2026/04/19-18:01:42.915854 1491 [DEBUG] New random access file: /db_working_home/000562.sst direct: 1
2026/04/19-18:01:42.916218 1491 [DEBUG] GetFileSize: /db_working_home/000562.sst 
2026/04/19-18:01:42.916400 1491 [DEBUG] New random access file: /db_working_home/000565.sst direct: 1
2026/04/19-18:01:42.916603 1491 [DEBUG] GetFileSize: /db_working_home/000565.sst 
2026/04/19-18:01:42.916736 1491 [DEBUG] New random access file: /db_working_home/000568.sst direct: 1
2026/04/19-18:01:42.916971 1491 [DEBUG] GetFileSize: /db_working_home/000568.sst 
2026/04/19-18:01:42.917906 1491 [DEBUG] Syncing metadata for: /db_working_home/MANIFEST-000199
2026/04/19-18:01:42.924018 1491 [DEBUG] New writable file: /db_working_home/000571.sst direct: 1
2026/04/19-18:01:42.927011 1491 Entering Apply Finish Threshold Function
2026/04/19-18:01:42.927024 1491 Finishing zone: Entering Finish()
2026/04/19-18:01:43.166448 1488 [DEBUG] New writable file: /db_working_home/000572.log direct: 0
2026/04/19-18:01:43.167429 1492 [DEBUG] New writable file: /db_working_home/000573.sst direct: 1
2026/04/19-18:01:43.170358 1492 Entering Apply Finish Threshold Function
2026/04/19-18:01:43.170386 1492 [DEBUG] Allocating zone(new=1) start: 0x178000000 wp: 0x178000000 lt: 3 file lt: 3
2026/04/19-18:01:43.170395 1492 [Zonestats:time(s),used_cap(MB),reclaimable_cap(MB), avg_reclaimable(%), active(#), active_zones(#), open_zones(#)] 295 2904 4135 58 8 9 3
2026/04/19-18:01:43.170401 1492 [DEBUG] Syncing metadata for: /db_working_home/000573.sst
2026/04/19-18:01:43.316529 1492 [DEBUG] Syncing metadata for: /db_working_home/000573.sst
2026/04/19-18:01:43.317507 1492 [DEBUG] Syncing metadata for: /db_working_home/000573.sst
2026/04/19-18:01:43.318686 1492 [DEBUG] New random access file: /db_working_home/000573.sst direct: 1
2026/04/19-18:01:43.319273 1492 [DEBUG] GetFileSize: /db_working_home/000573.sst 
2026/04/19-18:01:43.322223 1492 [DEBUG] Syncing metadata for: /db_working_home/MANIFEST-000199
2026/04/19-18:01:43.322918 1492 [DEBUG] GetFileSize: /db_working_home/000573.sst 
2026/04/19-18:01:43.328136 1492 [DEBUG] Syncing metadata for: /db_working_home/000569.log
2026/04/19-18:01:43.329242 1492 [DEBUG] DeleteFile: ./db_working_home/000515.sst 
2026/04/19-18:01:43.330273 1492 [Zonestats:time(s),used_cap(MB),reclaimable_cap(MB), avg_reclaimable(%), active(#), active_zones(#), open_zones(#)] 295 2842 4197 59 9 9 1
2026/04/19-18:01:43.330315 1492 [DEBUG] DeleteFile: ./db_working_home/000558.sst 
2026/04/19-18:01:43.331440 1492 [Zonestats:time(s),used_cap(MB),reclaimable_cap(MB), avg_reclaimable(%), active(#), active_zones(#), open_zones(#)] 295 2713 4070 59 8 8 1
2026/04/19-18:01:43.331474 1492 [DEBUG] DeleteFile: ./db_working_home/000561.sst 
2026/04/19-18:01:43.332458 1492 [Zonestats:time(s),used_cap(MB),reclaimable_cap(MB), avg_reclaimable(%), active(#), active_zones(#), open_zones(#)] 295 2686 3969 59 7 7 1
2026/04/19-18:01:43.332491 1492 [DEBUG] DeleteFile: ./db_working_home/000569.log 
2026/04/19-18:01:43.333046 1492 [Zonestats:time(s),used_cap(MB),reclaimable_cap(MB), avg_reclaimable(%), active(#), active_zones(#), open_zones(#)] 295 2670 3985 59 7 7 1
2026/04/19-18:01:43.338853 1488 [DEBUG] Allocating zone(new=0) start: 0x1d0000000 wp: 0x1d4db1200 lt: 3 file lt: 2
2026/04/19-18:01:43.338865 1488 [DEBUG] Syncing metadata for: /db_working_home/000572.log
2026/04/19-18:01:43.543682 1490 Zone Garbage Stats: [73 8 0 1 4 15 5 5 1 6 4 0 ]
2026/04/19-18:01:43.543757 1490 Total Garbage Bytes: 521614822 bytes
2026/04/19-18:01:43.937913 1491 [DEBUG] Allocating zone(new=1) start: 0x80000000 wp: 0x80000000 lt: 5 file lt: 5
2026/04/19-18:01:43.937977 1491 [Zonestats:time(s),used_cap(MB),reclaimable_cap(MB), avg_reclaimable(%), active(#), active_zones(#), open_zones(#)] 295 2679 3976 59 6 7 3
2026/04/19-18:01:43.937987 1491 [DEBUG] Syncing metadata for: /db_working_home/000571.sst
2026/04/19-18:01:44.543962 1490 Zone Garbage Stats: [72 8 0 1 4 15 6 5 1 6 4 0 ]
2026/04/19-18:01:44.543980 1490 Total Garbage Bytes: 521615020 bytes
2026/04/19-18:01:44.648993 1491 [DEBUG] Syncing metadata for: /db_working_home/000571.sst
2026/04/19-18:01:44.649633 1491 [DEBUG] Syncing metadata for: /db_working_home/000571.sst
2026/04/19-18:01:44.650416 1491 [DEBUG] GetFileSize: /db_working_home/000571.sst 
2026/04/19-18:01:44.650452 1491 [DEBUG] New writable file: /db_working_home/000574.sst direct: 1
2026/04/19-18:01:44.655882 1491 Entering Apply Finish Threshold Function
2026/04/19-18:01:44.655895 1491 Finishing zone: Entering Finish()
2026/04/19-18:01:44.795264 1488 [DEBUG] New writable file: /db_working_home/000575.log direct: 0
2026/04/19-18:01:44.796314 1492 [DEBUG] New writable file: /db_working_home/000576.sst direct: 1
2026/04/19-18:01:44.799399 1492 Entering Apply Finish Threshold Function
2026/04/19-18:01:44.799427 1492 [DEBUG] Allocating zone(new=1) start: 0x100000000 wp: 0x100000000 lt: 3 file lt: 3
2026/04/19-18:01:44.799434 1492 [Zonestats:time(s),used_cap(MB),reclaimable_cap(MB), avg_reclaimable(%), active(#), active_zones(#), open_zones(#)] 296 2749 4034 59 7 8 3
2026/04/19-18:01:44.799441 1492 [DEBUG] Syncing metadata for: /db_working_home/000576.sst
2026/04/19-18:01:44.946567 1492 [DEBUG] Syncing metadata for: /db_working_home/000576.sst
2026/04/19-18:01:44.947581 1492 [DEBUG] Syncing metadata for: /db_working_home/000576.sst
2026/04/19-18:01:44.948767 1492 [DEBUG] New random access file: /db_working_home/000576.sst direct: 1
2026/04/19-18:01:44.949432 1492 [DEBUG] GetFileSize: /db_working_home/000576.sst 
2026/04/19-18:01:44.951924 1492 [DEBUG] Syncing metadata for: /db_working_home/MANIFEST-000199
2026/04/19-18:01:44.952650 1492 [DEBUG] GetFileSize: /db_working_home/000576.sst 
2026/04/19-18:01:44.957791 1492 [DEBUG] Syncing metadata for: /db_working_home/000572.log
2026/04/19-18:01:44.958951 1492 [DEBUG] DeleteFile: ./db_working_home/000572.log 
2026/04/19-18:01:44.959970 1492 [Zonestats:time(s),used_cap(MB),reclaimable_cap(MB), avg_reclaimable(%), active(#), active_zones(#), open_zones(#)] 296 2750 4161 60 8 8 1
2026/04/19-18:01:44.978776 1488 [DEBUG] Allocating zone(new=0) start: 0x1d0000000 wp: 0x1d5d4a800 lt: 3 file lt: 2
2026/04/19-18:01:44.978787 1488 [DEBUG] Syncing metadata for: /db_working_home/000575.log
2026/04/19-18:01:45.524544 1491 [DEBUG] Allocating zone(new=1) start: 0x180000000 wp: 0x180000000 lt: 5 file lt: 5
2026/04/19-18:01:45.524561 1491 [Zonestats:time(s),used_cap(MB),reclaimable_cap(MB), avg_reclaimable(%), active(#), active_zones(#), open_zones(#)] 297 2758 4153 60 7 8 3
2026/04/19-18:01:45.524570 1491 [DEBUG] Syncing metadata for: /db_working_home/000574.sst
2026/04/19-18:01:45.544171 1490 Zone Garbage Stats: [70 9 0 1 4 16 6 5 1 6 4 0 ]
2026/04/19-18:01:45.544185 1490 Total Garbage Bytes: 521615320 bytes
2026/04/19-18:01:46.326998 1491 [DEBUG] Syncing metadata for: /db_working_home/000574.sst
2026/04/19-18:01:46.327576 1491 [DEBUG] Syncing metadata for: /db_working_home/000574.sst
2026/04/19-18:01:46.328414 1491 [DEBUG] GetFileSize: /db_working_home/000574.sst 
2026/04/19-18:01:46.328448 1491 [DEBUG] New writable file: /db_working_home/000577.sst direct: 1
2026/04/19-18:01:46.334480 1491 Entering Apply Finish Threshold Function
2026/04/19-18:01:46.334496 1491 Finishing zone: Entering Finish()
2026/04/19-18:01:46.528880 1488 [DEBUG] New writable file: /db_working_home/000578.log direct: 0
2026/04/19-18:01:46.529867 1492 [DEBUG] New writable file: /db_working_home/000579.sst direct: 1
2026/04/19-18:01:46.533368 1492 Entering Apply Finish Threshold Function
2026/04/19-18:01:46.533397 1492 [DEBUG] Allocating zone(new=1) start: 0x1a8000000 wp: 0x1a8000000 lt: 3 file lt: 3
2026/04/19-18:01:46.533404 1492 [Zonestats:time(s),used_cap(MB),reclaimable_cap(MB), avg_reclaimable(%), active(#), active_zones(#), open_zones(#)] 298 2837 4202 59 8 9 3
2026/04/19-18:01:46.533411 1492 [DEBUG] Syncing metadata for: /db_working_home/000579.sst
2026/04/19-18:01:46.544379 1490 Zone Garbage Stats: [69 9 0 1 4 16 6 5 1 6 4 0 ]
2026/04/19-18:01:46.544392 1490 Total Garbage Bytes: 521615320 bytes
2026/04/19-18:01:46.679157 1492 [DEBUG] Syncing metadata for: /db_working_home/000579.sst
2026/04/19-18:01:46.680152 1492 [DEBUG] Syncing metadata for: /db_working_home/000579.sst
2026/04/19-18:01:46.681313 1492 [DEBUG] New random access file: /db_working_home/000579.sst direct: 1
2026/04/19-18:01:46.681887 1492 [DEBUG] GetFileSize: /db_working_home/000579.sst 
2026/04/19-18:01:46.684674 1492 [DEBUG] Syncing metadata for: /db_working_home/MANIFEST-000199
2026/04/19-18:01:46.685650 1492 [DEBUG] GetFileSize: /db_working_home/000579.sst 
2026/04/19-18:01:46.690792 1492 [DEBUG] Syncing metadata for: /db_working_home/000575.log
2026/04/19-18:01:46.691930 1492 [DEBUG] DeleteFile: ./db_working_home/000575.log 
2026/04/19-18:01:46.692907 1492 [Zonestats:time(s),used_cap(MB),reclaimable_cap(MB), avg_reclaimable(%), active(#), active_zones(#), open_zones(#)] 298 2838 4329 60 9 9 1
2026/04/19-18:01:46.730109 1488 [DEBUG] Allocating zone(new=0) start: 0x1d0000000 wp: 0x1d6ce3600 lt: 3 file lt: 2
2026/04/19-18:01:46.730119 1488 [DEBUG] Syncing metadata for: /db_working_home/000578.log
2026/04/19-18:01:47.099148 1491 [DEBUG] Allocating zone(new=1) start: 0x1d8000000 wp: 0x1d8000000 lt: 5 file lt: 5
2026/04/19-18:01:47.099164 1491 [Zonestats:time(s),used_cap(MB),reclaimable_cap(MB), avg_reclaimable(%), active(#), active_zones(#), open_zones(#)] 299 2843 4324 60 8 9 3
2026/04/19-18:01:47.099175 1491 [DEBUG] Syncing metadata for: /db_working_home/000577.sst
2026/04/19-18:01:47.544581 1490 Zone Garbage Stats: [68 10 0 1 4 17 6 5 1 6 4 0 ]
2026/04/19-18:01:47.544598 1490 Total Garbage Bytes: 521616203 bytes
2026/04/19-18:01:47.650717 1491 [DEBUG] Syncing metadata for: /db_working_home/000577.sst
2026/04/19-18:01:47.651333 1491 [DEBUG] Syncing metadata for: /db_working_home/000577.sst
2026/04/19-18:01:47.652117 1491 [DEBUG] GetFileSize: /db_working_home/000577.sst 
2026/04/19-18:01:47.653497 1491 [DEBUG] New random access file: /db_working_home/000571.sst direct: 1
2026/04/19-18:01:47.653776 1491 [DEBUG] GetFileSize: /db_working_home/000571.sst 
2026/04/19-18:01:47.653987 1491 [DEBUG] New random access file: /db_working_home/000574.sst direct: 1
2026/04/19-18:01:47.654229 1491 [DEBUG] GetFileSize: /db_working_home/000574.sst 
2026/04/19-18:01:47.654359 1491 [DEBUG] New random access file: /db_working_home/000577.sst direct: 1
2026/04/19-18:01:47.654582 1491 [DEBUG] GetFileSize: /db_working_home/000577.sst 
2026/04/19-18:01:47.655488 1491 [DEBUG] Syncing metadata for: /db_working_home/MANIFEST-000199
2026/04/19-18:01:47.656248 1491 [DEBUG] DeleteFile: ./db_working_home/000501.sst 
2026/04/19-18:01:47.657080 1491 [Zonestats:time(s),used_cap(MB),reclaimable_cap(MB), avg_reclaimable(%), active(#), active_zones(#), open_zones(#)] 299 2815 4352 60 9 9 2
2026/04/19-18:01:47.657123 1491 [DEBUG] DeleteFile: ./db_working_home/000562.sst 
2026/04/19-18:01:47.657771 1491 [Zonestats:time(s),used_cap(MB),reclaimable_cap(MB), avg_reclaimable(%), active(#), active_zones(#), open_zones(#)] 299 2694 4345 61 9 9 2
2026/04/19-18:01:47.674025 1491 [DEBUG] New writable file: /db_working_home/000580.sst direct: 1
2026/04/19-18:01:47.680158 1491 Entering Apply Finish Threshold Function
2026/04/19-18:01:47.680172 1491 Finishing zone: Entering Finish()
2026/04/19-18:01:48.229591 1488 [DEBUG] New writable file: /db_working_home/000581.log direct: 0
2026/04/19-18:01:48.230843 1492 [DEBUG] New writable file: /db_working_home/000582.sst direct: 1
2026/04/19-18:01:48.234429 1492 Entering Apply Finish Threshold Function
2026/04/19-18:01:48.234457 1492 [DEBUG] Allocating zone(new=1) start: 0x108000000 wp: 0x108000000 lt: 3 file lt: 3
2026/04/19-18:01:48.234465 1492 [Zonestats:time(s),used_cap(MB),reclaimable_cap(MB), avg_reclaimable(%), active(#), active_zones(#), open_zones(#)] 300 2701 4338 61 9 10 3
2026/04/19-18:01:48.234472 1492 [DEBUG] Syncing metadata for: /db_working_home/000582.sst
2026/04/19-18:01:48.382310 1492 [DEBUG] Syncing metadata for: /db_working_home/000582.sst
2026/04/19-18:01:48.383325 1492 [DEBUG] Syncing metadata for: /db_working_home/000582.sst
2026/04/19-18:01:48.384491 1492 [DEBUG] New random access file: /db_working_home/000582.sst direct: 1
2026/04/19-18:01:48.385034 1492 [DEBUG] GetFileSize: /db_working_home/000582.sst 
2026/04/19-18:01:48.387211 1492 [DEBUG] Syncing metadata for: /db_working_home/MANIFEST-000199
2026/04/19-18:01:48.388010 1492 [DEBUG] GetFileSize: /db_working_home/000582.sst 
2026/04/19-18:01:48.393170 1492 [DEBUG] Syncing metadata for: /db_working_home/000578.log
2026/04/19-18:01:48.394302 1492 [DEBUG] DeleteFile: ./db_working_home/000578.log 
2026/04/19-18:01:48.395328 1492 [Zonestats:time(s),used_cap(MB),reclaimable_cap(MB), avg_reclaimable(%), active(#), active_zones(#), open_zones(#)] 300 2701 4466 62 10 10 1
2026/04/19-18:01:48.420259 1488 [DEBUG] Allocating zone(new=0) start: 0x1d0000000 wp: 0x1d7c7c600 lt: 3 file lt: 2
2026/04/19-18:01:48.420271 1488 [DEBUG] Syncing metadata for: /db_working_home/000581.log
2026/04/19-18:01:48.544783 1490 Zone Garbage Stats: [69 10 0 1 3 17 6 5 1 6 4 0 ]
2026/04/19-18:01:48.544855 1490 Total Garbage Bytes: 521616262 bytes
2026/04/19-18:01:48.686778 1488 [DEBUG] Allocating zone(new=0) start: 0x1a8000000 wp: 0x1a8f4e600 lt: 3 file lt: 2
2026/04/19-18:01:48.686793 1488 [DEBUG] Syncing metadata for: /db_working_home/000581.log
2026/04/19-18:01:48.711273 1491 [DEBUG] Allocating zone(new=1) start: 0x140000000 wp: 0x140000000 lt: 3 file lt: 3
2026/04/19-18:01:48.711287 1491 [Zonestats:time(s),used_cap(MB),reclaimable_cap(MB), avg_reclaimable(%), active(#), active_zones(#), open_zones(#)] 300 2705 4462 62 8 9 3
2026/04/19-18:01:48.711296 1491 [DEBUG] Syncing metadata for: /db_working_home/000580.sst
2026/04/19-18:01:49.241281 1491 [DEBUG] Syncing metadata for: /db_working_home/000580.sst
2026/04/19-18:01:49.241865 1491 [DEBUG] Syncing metadata for: /db_working_home/000580.sst
2026/04/19-18:01:49.242679 1491 [DEBUG] GetFileSize: /db_working_home/000580.sst 
2026/04/19-18:01:49.242717 1491 [DEBUG] New writable file: /db_working_home/000583.sst direct: 1
2026/04/19-18:01:49.246091 1491 Entering Apply Finish Threshold Function
2026/04/19-18:01:49.246103 1491 Finishing zone: Entering Finish()
2026/04/19-18:01:49.545046 1490 Zone Garbage Stats: [68 9 0 1 3 17 6 6 1 7 4 0 ]
2026/04/19-18:01:49.545061 1490 Total Garbage Bytes: 636097251 bytes
2026/04/19-18:01:50.034448 1488 [DEBUG] New writable file: /db_working_home/000584.log direct: 0
2026/04/19-18:01:50.035490 1492 [DEBUG] New writable file: /db_working_home/000585.sst direct: 1
2026/04/19-18:01:50.039095 1492 Entering Apply Finish Threshold Function
2026/04/19-18:01:50.039123 1492 [DEBUG] Allocating zone(new=1) start: 0x1e0000000 wp: 0x1e0000000 lt: 3 file lt: 3
2026/04/19-18:01:50.039131 1492 [Zonestats:time(s),used_cap(MB),reclaimable_cap(MB), avg_reclaimable(%), active(#), active_zones(#), open_zones(#)] 302 2764 4531 62 9 10 3
2026/04/19-18:01:50.039138 1492 [DEBUG] Syncing metadata for: /db_working_home/000585.sst
2026/04/19-18:01:50.189981 1492 [DEBUG] Syncing metadata for: /db_working_home/000585.sst
2026/04/19-18:01:50.190557 1492 [DEBUG] Syncing metadata for: /db_working_home/000585.sst
2026/04/19-18:01:50.191546 1492 [DEBUG] New random access file: /db_working_home/000585.sst direct: 1
2026/04/19-18:01:50.192207 1492 [DEBUG] GetFileSize: /db_working_home/000585.sst 
2026/04/19-18:01:50.194832 1492 [DEBUG] Syncing metadata for: /db_working_home/MANIFEST-000199
2026/04/19-18:01:50.196031 1492 [DEBUG] GetFileSize: /db_working_home/000585.sst 
2026/04/19-18:01:50.201180 1492 [DEBUG] Syncing metadata for: /db_working_home/000581.log
2026/04/19-18:01:50.202283 1492 [DEBUG] DeleteFile: ./db_working_home/000581.log 
2026/04/19-18:01:50.202856 1492 [Zonestats:time(s),used_cap(MB),reclaimable_cap(MB), avg_reclaimable(%), active(#), active_zones(#), open_zones(#)] 302 2764 4659 62 10 10 1
2026/04/19-18:01:50.243165 1488 [DEBUG] Allocating zone(new=0) start: 0x1e0000000 wp: 0x1e0f53600 lt: 3 file lt: 2
2026/04/19-18:01:50.243178 1488 [DEBUG] Syncing metadata for: /db_working_home/000584.log
2026/04/19-18:01:50.281254 1491 [DEBUG] Allocating zone(new=1) start: 0x1e8000000 wp: 0x1e8000000 lt: 3 file lt: 3
2026/04/19-18:01:50.281269 1491 [Zonestats:time(s),used_cap(MB),reclaimable_cap(MB), avg_reclaimable(%), active(#), active_zones(#), open_zones(#)] 302 2765 4658 62 9 10 3
2026/04/19-18:01:50.281278 1491 [DEBUG] Syncing metadata for: /db_working_home/000583.sst
2026/04/19-18:01:50.545259 1490 Zone Garbage Stats: [66 10 0 1 3 17 6 7 1 7 4 0 ]
2026/04/19-18:01:50.545276 1490 Total Garbage Bytes: 652454676 bytes
2026/04/19-18:01:50.926560 1491 [DEBUG] Syncing metadata for: /db_working_home/000583.sst
2026/04/19-18:01:50.927146 1491 [DEBUG] Syncing metadata for: /db_working_home/000583.sst
2026/04/19-18:01:50.927972 1491 [DEBUG] GetFileSize: /db_working_home/000583.sst 
2026/04/19-18:01:50.928008 1491 [DEBUG] New writable file: /db_working_home/000586.sst direct: 1
2026/04/19-18:01:50.928788 1491 Entering Apply Finish Threshold Function
2026/04/19-18:01:50.928798 1491 Finishing zone: Entering Finish()
2026/04/19-18:01:51.545473 1490 Zone Garbage Stats: [66 10 0 1 3 17 6 7 1 7 4 0 ]
2026/04/19-18:01:51.545492 1490 Total Garbage Bytes: 652454676 bytes
2026/04/19-18:01:51.762928 1491 [DEBUG] Allocating zone(new=1) start: 0x1f0000000 wp: 0x1f0000000 lt: 3 file lt: 3
2026/04/19-18:01:51.762945 1491 [Zonestats:time(s),used_cap(MB),reclaimable_cap(MB), avg_reclaimable(%), active(#), active_zones(#), open_zones(#)] 303 2833 4718 62 9 10 3
2026/04/19-18:01:51.762955 1491 [DEBUG] Syncing metadata for: /db_working_home/000586.sst
2026/04/19-18:01:51.767045 1491 [DEBUG] Syncing metadata for: /db_working_home/000586.sst
2026/04/19-18:01:51.767589 1491 [DEBUG] Syncing metadata for: /db_working_home/000586.sst
2026/04/19-18:01:51.768457 1491 [DEBUG] GetFileSize: /db_working_home/000586.sst 
2026/04/19-18:01:51.769997 1491 [DEBUG] New random access file: /db_working_home/000580.sst direct: 1
2026/04/19-18:01:51.770243 1491 [DEBUG] GetFileSize: /db_working_home/000580.sst 
2026/04/19-18:01:51.770467 1491 [DEBUG] New random access file: /db_working_home/000583.sst direct: 1
2026/04/19-18:01:51.770712 1491 [DEBUG] GetFileSize: /db_working_home/000583.sst 
2026/04/19-18:01:51.770853 1491 [DEBUG] New random access file: /db_working_home/000586.sst direct: 1
2026/04/19-18:01:51.771047 1491 [DEBUG] GetFileSize: /db_working_home/000586.sst 
2026/04/19-18:01:51.771982 1491 [DEBUG] Syncing metadata for: /db_working_home/MANIFEST-000199
2026/04/19-18:01:51.773431 1491 [DEBUG] Syncing metadata for: /db_working_home/MANIFEST-000199
2026/04/19-18:01:51.774166 1491 [DEBUG] DeleteFile: ./db_working_home/000560.sst 
2026/04/19-18:01:51.774840 1491 [Zonestats:time(s),used_cap(MB),reclaimable_cap(MB), avg_reclaimable(%), active(#), active_zones(#), open_zones(#)] 303 2817 4734 62 10 10 2
2026/04/19-18:01:51.774894 1491 [DEBUG] DeleteFile: ./db_working_home/000564.sst 
2026/04/19-18:01:51.775547 1491 [Zonestats:time(s),used_cap(MB),reclaimable_cap(MB), avg_reclaimable(%), active(#), active_zones(#), open_zones(#)] 303 2802 4621 62 10 10 2
2026/04/19-18:01:51.775583 1491 [DEBUG] DeleteFile: ./db_working_home/000567.sst 
2026/04/19-18:01:51.776223 1491 [Zonestats:time(s),used_cap(MB),reclaimable_cap(MB), avg_reclaimable(%), active(#), active_zones(#), open_zones(#)] 303 2787 4508 61 9 9 2
2026/04/19-18:01:51.776257 1491 [DEBUG] DeleteFile: ./db_working_home/000570.sst 
2026/04/19-18:01:51.776904 1491 [Zonestats:time(s),used_cap(MB),reclaimable_cap(MB), avg_reclaimable(%), active(#), active_zones(#), open_zones(#)] 303 2772 4395 61 8 8 2
2026/04/19-18:01:51.776938 1491 [DEBUG] DeleteFile: ./db_working_home/000573.sst 
2026/04/19-18:01:51.777579 1491 [Zonestats:time(s),used_cap(MB),reclaimable_cap(MB), avg_reclaimable(%), active(#), active_zones(#), open_zones(#)] 303 2756 4283 60 7 7 2
2026/04/19-18:01:51.777611 1491 [DEBUG] DeleteFile: ./db_working_home/000576.sst 
2026/04/19-18:01:51.778250 1491 [Zonestats:time(s),used_cap(MB),reclaimable_cap(MB), avg_reclaimable(%), active(#), active_zones(#), open_zones(#)] 303 2741 4170 60 6 6 2
2026/04/19-18:01:51.778283 1491 [DEBUG] DeleteFile: ./db_working_home/000579.sst 
2026/04/19-18:01:51.778925 1491 [Zonestats:time(s),used_cap(MB),reclaimable_cap(MB), avg_reclaimable(%), active(#), active_zones(#), open_zones(#)] 303 2726 4057 59 5 5 2
2026/04/19-18:01:51.784294 1491 [DEBUG] New writable file: /db_working_home/000587.sst direct: 1
2026/04/19-18:01:51.787801 1491 Entering Apply Finish Threshold Function
2026/04/19-18:01:51.787826 1491 [DEBUG] Allocating zone(new=1) start: 0x70000000 wp: 0x70000000 lt: 5 file lt: 5
2026/04/19-18:01:51.787834 1491 [Zonestats:time(s),used_cap(MB),reclaimable_cap(MB), avg_reclaimable(%), active(#), active_zones(#), open_zones(#)] 303 2726 4057 59 5 6 3
2026/04/19-18:01:51.787841 1491 [DEBUG] Syncing metadata for: /db_working_home/000587.sst
2026/04/19-18:01:52.012628 1488 [DEBUG] New writable file: /db_working_home/000588.log direct: 0
2026/04/19-18:01:52.020524 1492 [DEBUG] New writable file: /db_working_home/000589.sst direct: 1
2026/04/19-18:01:52.023448 1492 Entering Apply Finish Threshold Function
2026/04/19-18:01:52.023475 1492 [DEBUG] Allocating zone(new=1) start: 0x100000000 wp: 0x100000000 lt: 3 file lt: 3
2026/04/19-18:01:52.023483 1492 [Zonestats:time(s),used_cap(MB),reclaimable_cap(MB), avg_reclaimable(%), active(#), active_zones(#), open_zones(#)] 304 2728 4055 59 6 7 4
2026/04/19-18:01:52.023490 1492 [DEBUG] Syncing metadata for: /db_working_home/000589.sst
2026/04/19-18:01:52.233913 1492 [DEBUG] Syncing metadata for: /db_working_home/000589.sst
2026/04/19-18:01:52.241599 1492 [DEBUG] Syncing metadata for: /db_working_home/000589.sst
2026/04/19-18:01:52.242247 1492 [DEBUG] New random access file: /db_working_home/000589.sst direct: 1
2026/04/19-18:01:52.242426 1492 [DEBUG] GetFileSize: /db_working_home/000589.sst 
2026/04/19-18:01:52.245962 1492 [DEBUG] Syncing metadata for: /db_working_home/MANIFEST-000199
2026/04/19-18:01:52.254000 1492 [DEBUG] GetFileSize: /db_working_home/000589.sst 
2026/04/19-18:01:52.258768 1492 [DEBUG] Syncing metadata for: /db_working_home/000584.log
2026/04/19-18:01:52.266654 1492 [DEBUG] DeleteFile: ./db_working_home/000584.log 
2026/04/19-18:01:52.267233 1492 [Zonestats:time(s),used_cap(MB),reclaimable_cap(MB), avg_reclaimable(%), active(#), active_zones(#), open_zones(#)] 304 2728 4183 60 7 7 2
2026/04/19-18:01:52.343146 1488 [DEBUG] Allocating zone(new=0) start: 0x1f0000000 wp: 0x1f0001000 lt: 3 file lt: 2
2026/04/19-18:01:52.343159 1488 [DEBUG] Syncing metadata for: /db_working_home/000588.log
2026/04/19-18:01:52.545691 1490 Zone Garbage Stats: [70 6 1 1 3 17 7 7 1 5 4 0 ]
2026/04/19-18:01:52.545709 1490 Total Garbage Bytes: 505548312 bytes
2026/04/19-18:01:53.143670 1491 [DEBUG] Syncing metadata for: /db_working_home/000587.sst
2026/04/19-18:01:53.144253 1491 [DEBUG] Syncing metadata for: /db_working_home/000587.sst
2026/04/19-18:01:53.145078 1491 [DEBUG] GetFileSize: /db_working_home/000587.sst 
2026/04/19-18:01:53.145114 1491 [DEBUG] New writable file: /db_working_home/000590.sst direct: 1
2026/04/19-18:01:53.150671 1491 Entering Apply Finish Threshold Function
2026/04/19-18:01:53.150683 1491 Finishing zone: Entering Finish()
2026/04/19-18:01:53.344232 1491 [DEBUG] Allocating zone(new=1) start: 0x148000000 wp: 0x148000000 lt: 5 file lt: 5
2026/04/19-18:01:53.344251 1491 [Zonestats:time(s),used_cap(MB),reclaimable_cap(MB), avg_reclaimable(%), active(#), active_zones(#), open_zones(#)] 305 2849 4190 59 6 7 3
2026/04/19-18:01:53.344260 1491 [DEBUG] Syncing metadata for: /db_working_home/000590.sst
2026/04/19-18:01:53.532298 1491 [DEBUG] Syncing metadata for: /db_working_home/000590.sst
2026/04/19-18:01:53.532891 1491 [DEBUG] Syncing metadata for: /db_working_home/000590.sst
2026/04/19-18:01:53.533731 1491 [DEBUG] GetFileSize: /db_working_home/000590.sst 
2026/04/19-18:01:53.535279 1491 [DEBUG] New random access file: /db_working_home/000587.sst direct: 1
2026/04/19-18:01:53.535627 1491 [DEBUG] GetFileSize: /db_working_home/000587.sst 
2026/04/19-18:01:53.535808 1491 [DEBUG] New random access file: /db_working_home/000590.sst direct: 1
2026/04/19-18:01:53.536105 1491 [DEBUG] GetFileSize: /db_working_home/000590.sst 
2026/04/19-18:01:53.536998 1491 [DEBUG] Syncing metadata for: /db_working_home/MANIFEST-000199
2026/04/19-18:01:53.538587 1491 [DEBUG] Syncing metadata for: /db_working_home/MANIFEST-000199
2026/04/19-18:01:53.539268 1491 [DEBUG] DeleteFile: ./db_working_home/000509.sst 
2026/04/19-18:01:53.539975 1491 [Zonestats:time(s),used_cap(MB),reclaimable_cap(MB), avg_reclaimable(%), active(#), active_zones(#), open_zones(#)] 305 2821 4218 59 7 7 2
2026/04/19-18:01:53.540016 1491 [DEBUG] DeleteFile: ./db_working_home/000540.sst 
2026/04/19-18:01:53.540673 1491 [Zonestats:time(s),used_cap(MB),reclaimable_cap(MB), avg_reclaimable(%), active(#), active_zones(#), open_zones(#)] 305 2779 4132 59 7 7 2
2026/04/19-18:01:53.540709 1491 [DEBUG] DeleteFile: ./db_working_home/000568.sst 
2026/04/19-18:01:53.541360 1491 [Zonestats:time(s),used_cap(MB),reclaimable_cap(MB), avg_reclaimable(%), active(#), active_zones(#), open_zones(#)] 305 2726 4057 59 7 7 2
2026/04/19-18:01:53.545913 1490 Zone Garbage Stats: [72 7 2 1 3 17 6 5 1 5 4 0 ]
2026/04/19-18:01:53.546047 1490 Total Garbage Bytes: 505547842 bytes
2026/04/19-18:01:53.546915 1491 [DEBUG] New writable file: /db_working_home/000591.sst direct: 1
2026/04/19-18:01:53.550369 1491 Entering Apply Finish Threshold Function
2026/04/19-18:01:53.550394 1491 [DEBUG] Allocating zone(new=1) start: 0x118000000 wp: 0x118000000 lt: 5 file lt: 5
2026/04/19-18:01:53.550401 1491 [Zonestats:time(s),used_cap(MB),reclaimable_cap(MB), avg_reclaimable(%), active(#), active_zones(#), open_zones(#)] 305 2726 4057 59 7 8 3
2026/04/19-18:01:53.550407 1491 [DEBUG] Syncing metadata for: /db_working_home/000591.sst
2026/04/19-18:01:54.358382 1488 [DEBUG] New writable file: /db_working_home/000592.log direct: 0
2026/04/19-18:01:54.359395 1492 [DEBUG] New writable file: /db_working_home/000593.sst direct: 1
2026/04/19-18:01:54.369061 1492 Entering Apply Finish Threshold Function
2026/04/19-18:01:54.369090 1492 [DEBUG] Allocating zone(new=0) start: 0x148000000 wp: 0x149172400 lt: 5 file lt: 3
2026/04/19-18:01:54.369098 1492 [Zonestats:time(s),used_cap(MB),reclaimable_cap(MB), avg_reclaimable(%), active(#), active_zones(#), open_zones(#)] 306 2731 4052 59 8 8 4
2026/04/19-18:01:54.369105 1492 [DEBUG] Syncing metadata for: /db_working_home/000593.sst
2026/04/19-18:01:54.546269 1490 Zone Garbage Stats: [71 6 2 1 3 17 6 5 1 5 4 0 ]
2026/04/19-18:01:54.546285 1490 Total Garbage Bytes: 505547698 bytes
2026/04/19-18:01:54.571421 1492 [DEBUG] Syncing metadata for: /db_working_home/000593.sst
2026/04/19-18:01:54.579242 1492 [DEBUG] Syncing metadata for: /db_working_home/000593.sst
2026/04/19-18:01:54.580037 1492 [DEBUG] New random access file: /db_working_home/000593.sst direct: 1
2026/04/19-18:01:54.580218 1492 [DEBUG] GetFileSize: /db_working_home/000593.sst 
2026/04/19-18:01:54.583223 1492 [DEBUG] Syncing metadata for: /db_working_home/MANIFEST-000199
2026/04/19-18:01:54.583968 1492 [DEBUG] GetFileSize: /db_working_home/000593.sst 
2026/04/19-18:01:54.595741 1492 [DEBUG] Syncing metadata for: /db_working_home/000588.log
2026/04/19-18:01:54.603575 1492 [DEBUG] DeleteFile: ./db_working_home/000588.log 
2026/04/19-18:01:54.604156 1492 [Zonestats:time(s),used_cap(MB),reclaimable_cap(MB), avg_reclaimable(%), active(#), active_zones(#), open_zones(#)] 306 2731 4052 59 8 8 2
2026/04/19-18:01:54.659937 1488 [DEBUG] Allocating zone(new=0) start: 0x1f0000000 wp: 0x1f0f99800 lt: 3 file lt: 2
2026/04/19-18:01:54.659950 1488 [DEBUG] Syncing metadata for: /db_working_home/000592.log
2026/04/19-18:01:54.734336 1491 [DEBUG] Syncing metadata for: /db_working_home/000591.sst
2026/04/19-18:01:54.734909 1491 [DEBUG] Syncing metadata for: /db_working_home/000591.sst
2026/04/19-18:01:54.735712 1491 [DEBUG] GetFileSize: /db_working_home/000591.sst 
2026/04/19-18:01:54.735744 1491 [DEBUG] New writable file: /db_working_home/000594.sst direct: 1
2026/04/19-18:01:54.739040 1491 Entering Apply Finish Threshold Function
2026/04/19-18:01:54.739053 1491 Finishing zone: Entering Finish()
2026/04/19-18:01:55.140785 1491 [DEBUG] Allocating zone(new=1) start: 0x168000000 wp: 0x168000000 lt: 5 file lt: 5
2026/04/19-18:01:55.140803 1491 [Zonestats:time(s),used_cap(MB),reclaimable_cap(MB), avg_reclaimable(%), active(#), active_zones(#), open_zones(#)] 307 2832 4079 59 7 8 3
2026/04/19-18:01:55.140812 1491 [DEBUG] Syncing metadata for: /db_working_home/000594.sst
2026/04/19-18:01:55.546478 1490 Zone Garbage Stats: [70 7 2 2 3 17 6 5 1 5 4 0 ]
2026/04/19-18:01:55.546496 1490 Total Garbage Bytes: 505548582 bytes
2026/04/19-18:01:56.298356 1491 [DEBUG] Syncing metadata for: /db_working_home/000594.sst
2026/04/19-18:01:56.298933 1491 [DEBUG] Syncing metadata for: /db_working_home/000594.sst
2026/04/19-18:01:56.299694 1491 [DEBUG] GetFileSize: /db_working_home/000594.sst 
2026/04/19-18:01:56.299743 1491 [DEBUG] New writable file: /db_working_home/000595.sst direct: 1
2026/04/19-18:01:56.302875 1491 Entering Apply Finish Threshold Function
2026/04/19-18:01:56.302886 1491 Finishing zone: Entering Finish()
2026/04/19-18:01:56.386154 1488 [DEBUG] New writable file: /db_working_home/000596.log direct: 0
2026/04/19-18:01:56.387178 1492 [DEBUG] New writable file: /db_working_home/000597.sst direct: 1
2026/04/19-18:01:56.390692 1492 Entering Apply Finish Threshold Function
2026/04/19-18:01:56.390717 1492 [DEBUG] Allocating zone(new=0) start: 0x148000000 wp: 0x14a0c5c00 lt: 5 file lt: 3
2026/04/19-18:01:56.390725 1492 [Zonestats:time(s),used_cap(MB),reclaimable_cap(MB), avg_reclaimable(%), active(#), active_zones(#), open_zones(#)] 308 2935 4104 58 8 8 3
2026/04/19-18:01:56.390732 1492 [DEBUG] Syncing metadata for: /db_working_home/000597.sst
2026/04/19-18:01:56.537205 1492 [DEBUG] Syncing metadata for: /db_working_home/000597.sst
2026/04/19-18:01:56.538201 1492 [DEBUG] Syncing metadata for: /db_working_home/000597.sst
2026/04/19-18:01:56.539388 1492 [DEBUG] New random access file: /db_working_home/000597.sst direct: 1
2026/04/19-18:01:56.539648 1492 [DEBUG] GetFileSize: /db_working_home/000597.sst 
2026/04/19-18:01:56.542454 1492 [DEBUG] Syncing metadata for: /db_working_home/MANIFEST-000199
2026/04/19-18:01:56.543204 1492 [DEBUG] GetFileSize: /db_working_home/000597.sst 
2026/04/19-18:01:56.546682 1490 Zone Garbage Stats: [70 7 2 2 3 17 6 5 1 5 4 0 ]
2026/04/19-18:01:56.546694 1490 Total Garbage Bytes: 505548723 bytes
2026/04/19-18:01:56.548136 1492 [DEBUG] Syncing metadata for: /db_working_home/000592.log
2026/04/19-18:01:56.549236 1492 [DEBUG] DeleteFile: ./db_working_home/000592.log 
2026/04/19-18:01:56.550252 1492 [Zonestats:time(s),used_cap(MB),reclaimable_cap(MB), avg_reclaimable(%), active(#), active_zones(#), open_zones(#)] 308 2935 4104 58 8 8 1
2026/04/19-18:01:56.577895 1488 [DEBUG] Allocating zone(new=0) start: 0x1f0000000 wp: 0x1f1f32000 lt: 3 file lt: 2
2026/04/19-18:01:56.577907 1488 [DEBUG] Syncing metadata for: /db_working_home/000596.log
2026/04/19-18:01:56.794741 1491 [DEBUG] Allocating zone(new=1) start: 0x178000000 wp: 0x178000000 lt: 5 file lt: 5
2026/04/19-18:01:56.794756 1491 [Zonestats:time(s),used_cap(MB),reclaimable_cap(MB), avg_reclaimable(%), active(#), active_zones(#), open_zones(#)] 308 2938 4101 58 7 8 3
2026/04/19-18:01:56.794766 1491 [DEBUG] Syncing metadata for: /db_working_home/000595.sst
2026/04/19-18:01:57.126000 1491 [DEBUG] Syncing metadata for: /db_working_home/000595.sst
2026/04/19-18:01:57.126597 1491 [DEBUG] Syncing metadata for: /db_working_home/000595.sst
2026/04/19-18:01:57.127510 1491 [DEBUG] GetFileSize: /db_working_home/000595.sst 
2026/04/19-18:01:57.128822 1491 [DEBUG] New random access file: /db_working_home/000591.sst direct: 1
2026/04/19-18:01:57.129189 1491 [DEBUG] GetFileSize: /db_working_home/000591.sst 
2026/04/19-18:01:57.129467 1491 [DEBUG] New random access file: /db_working_home/000594.sst direct: 1
2026/04/19-18:01:57.129734 1491 [DEBUG] GetFileSize: /db_working_home/000594.sst 
2026/04/19-18:01:57.129891 1491 [DEBUG] New random access file: /db_working_home/000595.sst direct: 1
2026/04/19-18:01:57.130153 1491 [DEBUG] GetFileSize: /db_working_home/000595.sst 
2026/04/19-18:01:57.131202 1491 [DEBUG] Syncing metadata for: /db_working_home/MANIFEST-000199
2026/04/19-18:01:57.147562 1491 [DEBUG] New writable file: /db_working_home/000598.sst direct: 1
2026/04/19-18:01:57.150991 1491 Entering Apply Finish Threshold Function
2026/04/19-18:01:57.151003 1491 Finishing zone: Entering Finish()
2026/04/19-18:01:57.546900 1490 Zone Garbage Stats: [69 7 2 3 3 17 6 5 1 5 4 0 ]
2026/04/19-18:01:57.546916 1490 Total Garbage Bytes: 505549064 bytes
2026/04/19-18:01:57.873048 1488 [DEBUG] New writable file: /db_working_home/000599.log direct: 0
2026/04/19-18:01:57.874467 1492 [DEBUG] New writable file: /db_working_home/000600.sst direct: 1
2026/04/19-18:01:57.878065 1492 Entering Apply Finish Threshold Function
2026/04/19-18:01:57.878090 1492 [DEBUG] Allocating zone(new=0) start: 0x178000000 wp: 0x179b3b400 lt: 5 file lt: 3
2026/04/19-18:01:57.878099 1492 [Zonestats:time(s),used_cap(MB),reclaimable_cap(MB), avg_reclaimable(%), active(#), active_zones(#), open_zones(#)] 309 2977 4190 58 8 8 3
2026/04/19-18:01:57.878106 1492 [DEBUG] Syncing metadata for: /db_working_home/000600.sst
2026/04/19-18:01:58.026348 1492 [DEBUG] Syncing metadata for: /db_working_home/000600.sst
2026/04/19-18:01:58.026944 1492 [DEBUG] Syncing metadata for: /db_working_home/000600.sst
2026/04/19-18:01:58.028192 1492 [DEBUG] New random access file: /db_working_home/000600.sst direct: 1
2026/04/19-18:01:58.028371 1492 [DEBUG] GetFileSize: /db_working_home/000600.sst 
2026/04/19-18:01:58.031195 1492 [DEBUG] Syncing metadata for: /db_working_home/MANIFEST-000199
2026/04/19-18:01:58.032372 1492 [DEBUG] GetFileSize: /db_working_home/000600.sst 
2026/04/19-18:01:58.038223 1492 [DEBUG] Syncing metadata for: /db_working_home/000596.log
2026/04/19-18:01:58.039386 1492 [DEBUG] DeleteFile: ./db_working_home/000420.sst 
2026/04/19-18:01:58.040440 1492 [Zonestats:time(s),used_cap(MB),reclaimable_cap(MB), avg_reclaimable(%), active(#), active_zones(#), open_zones(#)] 310 2938 4101 58 8 8 1
2026/04/19-18:01:58.040484 1492 [DEBUG] DeleteFile: ./db_working_home/000425.sst 
2026/04/19-18:01:58.041132 1492 [Zonestats:time(s),used_cap(MB),reclaimable_cap(MB), avg_reclaimable(%), active(#), active_zones(#), open_zones(#)] 310 2869 4042 58 8 8 1
2026/04/19-18:01:58.041168 1492 [DEBUG] DeleteFile: ./db_working_home/000428.sst 
2026/04/19-18:01:58.042031 1492 [Zonestats:time(s),used_cap(MB),reclaimable_cap(MB), avg_reclaimable(%), active(#), active_zones(#), open_zones(#)] 310 2849 3934 57 8 8 1
2026/04/19-18:01:58.042066 1492 [DEBUG] DeleteFile: ./db_working_home/000481.sst 
2026/04/19-18:01:58.043167 1492 [Zonestats:time(s),used_cap(MB),reclaimable_cap(MB), avg_reclaimable(%), active(#), active_zones(#), open_zones(#)] 310 2726 3929 59 8 8 1
2026/04/19-18:01:58.043199 1492 [DEBUG] DeleteFile: ./db_working_home/000596.log 
2026/04/19-18:01:58.044161 1492 [Zonestats:time(s),used_cap(MB),reclaimable_cap(MB), avg_reclaimable(%), active(#), active_zones(#), open_zones(#)] 310 2711 3944 59 8 8 1
2026/04/19-18:01:58.071525 1488 [DEBUG] Allocating zone(new=0) start: 0x1f0000000 wp: 0x1f2ecb200 lt: 3 file lt: 2
2026/04/19-18:01:58.071537 1488 [DEBUG] Syncing metadata for: /db_working_home/000599.log
2026/04/19-18:01:58.180922 1491 Finishing zone: Entering Finish()
2026/04/19-18:01:58.547104 1490 Zone Garbage Stats: [73 5 2 3 3 16 5 6 1 4 4 0 ]
2026/04/19-18:01:58.547202 1490 Total Garbage Bytes: 448626510 bytes
2026/04/19-18:01:59.157066 1491 [DEBUG] Allocating zone(new=1) start: 0x128000000 wp: 0x128000000 lt: 3 file lt: 3
2026/04/19-18:01:59.157082 1491 [Zonestats:time(s),used_cap(MB),reclaimable_cap(MB), avg_reclaimable(%), active(#), active_zones(#), open_zones(#)] 311 2725 3930 59 6 7 3
2026/04/19-18:01:59.157091 1491 [DEBUG] Syncing metadata for: /db_working_home/000598.sst
2026/04/19-18:01:59.322051 1488 [DEBUG] New writable file: /db_working_home/000601.log direct: 0
2026/04/19-18:01:59.323111 1492 [DEBUG] New writable file: /db_working_home/000602.sst direct: 1
2026/04/19-18:01:59.326233 1492 Entering Apply Finish Threshold Function
2026/04/19-18:01:59.326260 1492 [DEBUG] Allocating zone(new=1) start: 0x170000000 wp: 0x170000000 lt: 3 file lt: 3
2026/04/19-18:01:59.326268 1492 [Zonestats:time(s),used_cap(MB),reclaimable_cap(MB), avg_reclaimable(%), active(#), active_zones(#), open_zones(#)] 311 2726 3929 59 7 8 4
2026/04/19-18:01:59.326275 1492 [DEBUG] Syncing metadata for: /db_working_home/000602.sst
2026/04/19-18:01:59.533643 1492 [DEBUG] Syncing metadata for: /db_working_home/000602.sst
2026/04/19-18:01:59.541421 1492 [DEBUG] Syncing metadata for: /db_working_home/000602.sst
2026/04/19-18:01:59.542098 1492 [DEBUG] New random access file: /db_working_home/000602.sst direct: 1
2026/04/19-18:01:59.542282 1492 [DEBUG] GetFileSize: /db_working_home/000602.sst 
2026/04/19-18:01:59.547339 1490 Zone Garbage Stats: [71 6 2 3 3 16 5 7 1 4 4 0 ]
2026/04/19-18:01:59.547352 1490 Total Garbage Bytes: 448627269 bytes
2026/04/19-18:01:59.551241 1492 [DEBUG] Syncing metadata for: /db_working_home/MANIFEST-000199
2026/04/19-18:01:59.551935 1492 [DEBUG] GetFileSize: /db_working_home/000602.sst 
2026/04/19-18:01:59.556699 1492 [DEBUG] Syncing metadata for: /db_working_home/000599.log
2026/04/19-18:01:59.564659 1492 [DEBUG] DeleteFile: ./db_working_home/000599.log 
2026/04/19-18:01:59.565241 1492 [Zonestats:time(s),used_cap(MB),reclaimable_cap(MB), avg_reclaimable(%), active(#), active_zones(#), open_zones(#)] 311 2726 4057 59 8 8 2
2026/04/19-18:01:59.657879 1488 [DEBUG] Allocating zone(new=0) start: 0x1f0000000 wp: 0x1f3e64200 lt: 3 file lt: 2
2026/04/19-18:01:59.657893 1488 [DEBUG] Syncing metadata for: /db_working_home/000601.log
2026/04/19-18:01:59.986357 1491 [DEBUG] Syncing metadata for: /db_working_home/000598.sst
2026/04/19-18:01:59.986971 1491 [DEBUG] Syncing metadata for: /db_working_home/000598.sst
2026/04/19-18:01:59.987665 1491 [DEBUG] GetFileSize: /db_working_home/000598.sst 
2026/04/19-18:01:59.987698 1491 [DEBUG] New writable file: /db_working_home/000603.sst direct: 1
2026/04/19-18:01:59.991003 1491 Entering Apply Finish Threshold Function
2026/04/19-18:01:59.991015 1491 Finishing zone: Entering Finish()
2026/04/19-18:02:00.547602 1490 Zone Garbage Stats: [71 6 2 3 3 16 5 7 1 4 4 0 ]
2026/04/19-18:02:00.547632 1490 Total Garbage Bytes: 448627269 bytes
2026/04/19-18:02:00.701946 1491 [DEBUG] Allocating zone(new=1) start: 0x188000000 wp: 0x188000000 lt: 3 file lt: 3
2026/04/19-18:02:00.701964 1491 [Zonestats:time(s),used_cap(MB),reclaimable_cap(MB), avg_reclaimable(%), active(#), active_zones(#), open_zones(#)] 312 2804 4107 59 7 8 3
2026/04/19-18:02:00.701973 1491 [DEBUG] Syncing metadata for: /db_working_home/000603.sst
2026/04/19-18:02:01.360477 1491 [DEBUG] Syncing metadata for: /db_working_home/000603.sst
2026/04/19-18:02:01.361119 1491 [DEBUG] Syncing metadata for: /db_working_home/000603.sst
2026/04/19-18:02:01.362009 1491 [DEBUG] GetFileSize: /db_working_home/000603.sst 
2026/04/19-18:02:01.363551 1491 [DEBUG] New random access file: /db_working_home/000598.sst direct: 1
2026/04/19-18:02:01.363860 1491 [DEBUG] GetFileSize: /db_working_home/000598.sst 
2026/04/19-18:02:01.364089 1491 [DEBUG] New random access file: /db_working_home/000603.sst direct: 1
2026/04/19-18:02:01.364331 1491 [DEBUG] GetFileSize: /db_working_home/000603.sst 
2026/04/19-18:02:01.365336 1491 [DEBUG] Syncing metadata for: /db_working_home/MANIFEST-000199
2026/04/19-18:02:01.366841 1491 [DEBUG] Syncing metadata for: /db_working_home/MANIFEST-000199
2026/04/19-18:02:01.367586 1491 [DEBUG] DeleteFile: ./db_working_home/000582.sst 
2026/04/19-18:02:01.368320 1491 [Zonestats:time(s),used_cap(MB),reclaimable_cap(MB), avg_reclaimable(%), active(#), active_zones(#), open_zones(#)] 313 2852 4059 58 7 7 2
2026/04/19-18:02:01.368361 1491 [DEBUG] DeleteFile: ./db_working_home/000583.sst 
2026/04/19-18:02:01.369015 1491 [Zonestats:time(s),used_cap(MB),reclaimable_cap(MB), avg_reclaimable(%), active(#), active_zones(#), open_zones(#)] 313 2796 3987 58 7 7 2
2026/04/19-18:02:01.369049 1491 [DEBUG] DeleteFile: ./db_working_home/000585.sst 
2026/04/19-18:02:01.369690 1491 [Zonestats:time(s),used_cap(MB),reclaimable_cap(MB), avg_reclaimable(%), active(#), active_zones(#), open_zones(#)] 313 2781 3874 58 6 6 2
2026/04/19-18:02:01.369723 1491 [DEBUG] DeleteFile: ./db_working_home/000589.sst 
2026/04/19-18:02:01.370384 1491 [Zonestats:time(s),used_cap(MB),reclaimable_cap(MB), avg_reclaimable(%), active(#), active_zones(#), open_zones(#)] 313 2765 3762 57 5 5 2
2026/04/19-18:02:01.370417 1491 [DEBUG] DeleteFile: ./db_working_home/000593.sst 
2026/04/19-18:02:01.370977 1491 [Zonestats:time(s),used_cap(MB),reclaimable_cap(MB), avg_reclaimable(%), active(#), active_zones(#), open_zones(#)] 313 2750 3777 57 5 5 2
2026/04/19-18:02:01.371010 1491 [DEBUG] DeleteFile: ./db_working_home/000597.sst 
2026/04/19-18:02:01.371634 1491 [Zonestats:time(s),used_cap(MB),reclaimable_cap(MB), avg_reclaimable(%), active(#), active_zones(#), open_zones(#)] 313 2735 3792 58 5 5 2
2026/04/19-18:02:01.372435 1491 [DEBUG] Syncing metadata for: /db_working_home/MANIFEST-000199
2026/04/19-18:02:01.373875 1491 [DEBUG] Syncing metadata for: /db_working_home/MANIFEST-000199
2026/04/19-18:02:01.379936 1491 [DEBUG] New writable file: /db_working_home/000604.sst direct: 1
2026/04/19-18:02:01.383042 1491 Entering Apply Finish Threshold Function
2026/04/19-18:02:01.383054 1491 Finishing zone: Entering Finish()
2026/04/19-18:02:01.412903 1488 [DEBUG] DeleteFile: ./db_working_home/000173.sst 
2026/04/19-18:02:01.413606 1488 [Zonestats:time(s),used_cap(MB),reclaimable_cap(MB), avg_reclaimable(%), active(#), active_zones(#), open_zones(#)] 313 2720 3807 58 5 5 2
2026/04/19-18:02:01.413643 1488 [DEBUG] DeleteFile: ./db_working_home/000176.sst 
2026/04/19-18:02:01.414607 1488 [Zonestats:time(s),used_cap(MB),reclaimable_cap(MB), avg_reclaimable(%), active(#), active_zones(#), open_zones(#)] 313 2667 3732 58 5 5 2
2026/04/19-18:02:01.414636 1488 [DEBUG] DeleteFile: ./db_working_home/000177.sst 
2026/04/19-18:02:01.415467 1488 [Zonestats:time(s),used_cap(MB),reclaimable_cap(MB), avg_reclaimable(%), active(#), active_zones(#), open_zones(#)] 313 2612 3659 58 5 5 2
2026/04/19-18:02:01.415495 1488 [DEBUG] DeleteFile: ./db_working_home/000179.sst 
2026/04/19-18:02:01.416364 1488 [Zonestats:time(s),used_cap(MB),reclaimable_cap(MB), avg_reclaimable(%), active(#), active_zones(#), open_zones(#)] 313 2612 3531 57 5 5 2
2026/04/19-18:02:01.416390 1488 [DEBUG] DeleteFile: ./db_working_home/000180.sst 
2026/04/19-18:02:01.417272 1488 [Zonestats:time(s),used_cap(MB),reclaimable_cap(MB), avg_reclaimable(%), active(#), active_zones(#), open_zones(#)] 313 2545 3470 57 5 5 2
2026/04/19-18:02:01.417298 1488 [DEBUG] DeleteFile: ./db_working_home/000181.sst 
2026/04/19-18:02:01.418162 1488 [Zonestats:time(s),used_cap(MB),reclaimable_cap(MB), avg_reclaimable(%), active(#), active_zones(#), open_zones(#)] 313 2529 3358 57 5 5 2
2026/04/19-18:02:01.418187 1488 [DEBUG] DeleteFile: ./db_working_home/000193.sst 
2026/04/19-18:02:01.419060 1488 [Zonestats:time(s),used_cap(MB),reclaimable_cap(MB), avg_reclaimable(%), active(#), active_zones(#), open_zones(#)] 313 2470 3289 57 5 5 2
2026/04/19-18:02:01.419085 1488 [DEBUG] DeleteFile: ./db_working_home/000194.sst 
2026/04/19-18:02:01.419959 1488 [Zonestats:time(s),used_cap(MB),reclaimable_cap(MB), avg_reclaimable(%), active(#), active_zones(#), open_zones(#)] 313 2406 3225 57 5 5 2
2026/04/19-18:02:01.419984 1488 [DEBUG] DeleteFile: ./db_working_home/000195.sst 
2026/04/19-18:02:01.420581 1488 [Zonestats:time(s),used_cap(MB),reclaimable_cap(MB), avg_reclaimable(%), active(#), active_zones(#), open_zones(#)] 313 2397 3106 56 5 5 2
2026/04/19-18:02:01.420693 1488 [DEBUG] New writable file: /db_working_home/000605.log direct: 0
2026/04/19-18:02:01.421761 1492 [DEBUG] New writable file: /db_working_home/000606.sst direct: 1
2026/04/19-18:02:01.425101 1492 Entering Apply Finish Threshold Function
2026/04/19-18:02:01.425126 1492 [DEBUG] Allocating zone(new=1) start: 0x28000000 wp: 0x28000000 lt: 3 file lt: 3
2026/04/19-18:02:01.425134 1492 [Zonestats:time(s),used_cap(MB),reclaimable_cap(MB), avg_reclaimable(%), active(#), active_zones(#), open_zones(#)] 313 2397 3106 56 5 6 3
2026/04/19-18:02:01.425141 1492 [DEBUG] Syncing metadata for: /db_working_home/000606.sst
2026/04/19-18:02:01.547861 1490 Zone Garbage Stats: [81 4 1 3 3 14 2 6 1 4 2 0 ]
2026/04/19-18:02:01.547878 1490 Total Garbage Bytes: 306899360 bytes
2026/04/19-18:02:01.562782 1492 [DEBUG] Syncing metadata for: /db_working_home/000606.sst
2026/04/19-18:02:01.563587 1492 [DEBUG] Syncing metadata for: /db_working_home/000606.sst
2026/04/19-18:02:01.564569 1492 [DEBUG] New random access file: /db_working_home/000606.sst direct: 1
2026/04/19-18:02:01.564746 1492 [DEBUG] GetFileSize: /db_working_home/000606.sst 
2026/04/19-18:02:01.567371 1492 [DEBUG] Syncing metadata for: /db_working_home/MANIFEST-000199
2026/04/19-18:02:01.568011 1492 [DEBUG] GetFileSize: /db_working_home/000606.sst 
2026/04/19-18:02:01.568755 1492 [DEBUG] Syncing metadata for: /db_working_home/000601.log
2026/04/19-18:02:01.569405 1492 [DEBUG] DeleteFile: ./db_working_home/000601.log 
2026/04/19-18:02:01.570145 1492 [Zonestats:time(s),used_cap(MB),reclaimable_cap(MB), avg_reclaimable(%), active(#), active_zones(#), open_zones(#)] 313 2397 3234 57 6 6 1
2026/04/19-18:02:02.056785 1491 Finishing zone: Entering Finish()
2026/04/19-18:02:02.462298 1491 [DEBUG] Allocating zone(new=1) start: 0x30000000 wp: 0x30000000 lt: 5 file lt: 5
2026/04/19-18:02:02.462313 1491 [Zonestats:time(s),used_cap(MB),reclaimable_cap(MB), avg_reclaimable(%), active(#), active_zones(#), open_zones(#)] 314 2397 3234 57 4 5 2
2026/04/19-18:02:02.462322 1491 [DEBUG] Syncing metadata for: /db_working_home/000604.sst
2026/04/19-18:02:02.548064 1490 Zone Garbage Stats: [80 5 1 3 3 14 3 6 1 4 3 0 ]
2026/04/19-18:02:02.548078 1490 Total Garbage Bytes: 388054709 bytes
2026/04/19-18:02:03.548262 1490 Zone Garbage Stats: [80 5 1 3 3 14 3 6 1 4 3 0 ]
2026/04/19-18:02:03.549015 1490 Total Garbage Bytes: 388054709 bytes
2026/04/19-18:02:03.610389 1491 [DEBUG] Syncing metadata for: /db_working_home/000604.sst
2026/04/19-18:02:03.610969 1491 [DEBUG] Syncing metadata for: /db_working_home/000604.sst
2026/04/19-18:02:03.611689 1491 [DEBUG] GetFileSize: /db_working_home/000604.sst 
2026/04/19-18:02:03.611727 1491 [DEBUG] New writable file: /db_working_home/000607.sst direct: 1
2026/04/19-18:02:03.614938 1491 Entering Apply Finish Threshold Function
2026/04/19-18:02:03.614948 1491 Finishing zone: Entering Finish()
2026/04/19-18:02:03.818173 1491 [DEBUG] Allocating zone(new=1) start: 0x38000000 wp: 0x38000000 lt: 5 file lt: 5
2026/04/19-18:02:03.818189 1491 [Zonestats:time(s),used_cap(MB),reclaimable_cap(MB), avg_reclaimable(%), active(#), active_zones(#), open_zones(#)] 315 2500 3259 56 4 5 2
2026/04/19-18:02:03.818198 1491 [DEBUG] Syncing metadata for: /db_working_home/000607.sst
2026/04/19-18:02:04.549203 1490 Zone Garbage Stats: [79 5 2 3 3 14 3 6 1 4 3 0 ]
2026/04/19-18:02:04.549216 1490 Total Garbage Bytes: 388054812 bytes
2026/04/19-18:02:04.998745 1491 [DEBUG] Syncing metadata for: /db_working_home/000607.sst
2026/04/19-18:02:04.999338 1491 [DEBUG] Syncing metadata for: /db_working_home/000607.sst
2026/04/19-18:02:05.000046 1491 [DEBUG] GetFileSize: /db_working_home/000607.sst 
2026/04/19-18:02:05.001861 1491 [DEBUG] New random access file: /db_working_home/000604.sst direct: 1
2026/04/19-18:02:05.002244 1491 [DEBUG] GetFileSize: /db_working_home/000604.sst 
2026/04/19-18:02:05.002428 1491 [DEBUG] New random access file: /db_working_home/000607.sst direct: 1
2026/04/19-18:02:05.002736 1491 [DEBUG] GetFileSize: /db_working_home/000607.sst 
2026/04/19-18:02:05.003706 1491 [DEBUG] Syncing metadata for: /db_working_home/MANIFEST-000199
2026/04/19-18:02:05.004471 1491 [DEBUG] DeleteFile: ./db_working_home/000554.sst 
2026/04/19-18:02:05.005147 1491 [Zonestats:time(s),used_cap(MB),reclaimable_cap(MB), avg_reclaimable(%), active(#), active_zones(#), open_zones(#)] 317 2526 3233 56 5 5 1
2026/04/19-18:02:05.005189 1491 [DEBUG] DeleteFile: ./db_working_home/000555.sst 
2026/04/19-18:02:05.005846 1491 [Zonestats:time(s),used_cap(MB),reclaimable_cap(MB), avg_reclaimable(%), active(#), active_zones(#), open_zones(#)] 317 2446 3185 56 5 5 1
2026/04/19-18:02:05.005881 1491 [DEBUG] DeleteFile: ./db_working_home/000587.sst 
2026/04/19-18:02:05.006532 1491 [Zonestats:time(s),used_cap(MB),reclaimable_cap(MB), avg_reclaimable(%), active(#), active_zones(#), open_zones(#)] 317 2334 3169 57 5 5 1
2026/04/19-18:02:05.011844 1491 [DEBUG] New writable file: /db_working_home/000608.sst direct: 1
2026/04/19-18:02:05.014997 1491 Entering Apply Finish Threshold Function
2026/04/19-18:02:05.015006 1491 Finishing zone: Entering Finish()
2026/04/19-18:02:05.195188 1491 [DEBUG] Allocating zone(new=1) start: 0x40000000 wp: 0x40000000 lt: 5 file lt: 5
2026/04/19-18:02:05.195203 1491 [Zonestats:time(s),used_cap(MB),reclaimable_cap(MB), avg_reclaimable(%), active(#), active_zones(#), open_zones(#)] 317 2334 3169 57 4 5 2
2026/04/19-18:02:05.195211 1491 [DEBUG] Syncing metadata for: /db_working_home/000608.sst
2026/04/19-18:02:05.549397 1490 Zone Garbage Stats: [81 5 2 3 1 14 3 6 1 4 3 0 ]
2026/04/19-18:02:05.549409 1490 Total Garbage Bytes: 388054127 bytes
2026/04/19-18:02:05.915614 1491 [DEBUG] Syncing metadata for: /db_working_home/000608.sst
2026/04/19-18:02:05.916177 1491 [DEBUG] Syncing metadata for: /db_working_home/000608.sst
2026/04/19-18:02:05.916887 1491 [DEBUG] GetFileSize: /db_working_home/000608.sst 
2026/04/19-18:02:05.916920 1491 [DEBUG] New writable file: /db_working_home/000609.sst direct: 1
2026/04/19-18:02:05.922746 1491 Entering Apply Finish Threshold Function
2026/04/19-18:02:05.922759 1491 Finishing zone: Entering Finish()
2026/04/19-18:02:06.434513 1491 [DEBUG] Allocating zone(new=1) start: 0x48000000 wp: 0x48000000 lt: 5 file lt: 5
2026/04/19-18:02:06.434529 1491 [Zonestats:time(s),used_cap(MB),reclaimable_cap(MB), avg_reclaimable(%), active(#), active_zones(#), open_zones(#)] 318 2398 3233 57 4 5 2
2026/04/19-18:02:06.434538 1491 [DEBUG] Syncing metadata for: /db_working_home/000609.sst
2026/04/19-18:02:06.549602 1490 Zone Garbage Stats: [80 5 2 3 1 15 3 6 1 4 3 0 ]
2026/04/19-18:02:06.549614 1490 Total Garbage Bytes: 388054441 bytes
2026/04/19-18:02:07.047257 1491 [DEBUG] Syncing metadata for: /db_working_home/000609.sst
2026/04/19-18:02:07.047820 1491 [DEBUG] Syncing metadata for: /db_working_home/000609.sst
2026/04/19-18:02:07.048516 1491 [DEBUG] GetFileSize: /db_working_home/000609.sst 
2026/04/19-18:02:07.049984 1491 [DEBUG] New random access file: /db_working_home/000608.sst direct: 1
2026/04/19-18:02:07.050266 1491 [DEBUG] GetFileSize: /db_working_home/000608.sst 
2026/04/19-18:02:07.050455 1491 [DEBUG] New random access file: /db_working_home/000609.sst direct: 1
2026/04/19-18:02:07.050659 1491 [DEBUG] GetFileSize: /db_working_home/000609.sst 
2026/04/19-18:02:07.051585 1491 [DEBUG] Syncing metadata for: /db_working_home/MANIFEST-000199
2026/04/19-18:02:07.052326 1491 [DEBUG] DeleteFile: ./db_working_home/000190.sst 
2026/04/19-18:02:07.053026 1491 [Zonestats:time(s),used_cap(MB),reclaimable_cap(MB), avg_reclaimable(%), active(#), active_zones(#), open_zones(#)] 319 2386 3245 57 5 5 1
2026/04/19-18:02:07.053068 1491 [DEBUG] DeleteFile: ./db_working_home/000607.sst 
2026/04/19-18:02:07.053717 1491 [Zonestats:time(s),used_cap(MB),reclaimable_cap(MB), avg_reclaimable(%), active(#), active_zones(#), open_zones(#)] 319 2280 3223 58 5 5 1
2026/04/19-18:02:07.064162 1491 [DEBUG] New writable file: /db_working_home/000610.sst direct: 1
2026/04/19-18:02:07.067357 1491 Entering Apply Finish Threshold Function
2026/04/19-18:02:07.067367 1491 Finishing zone: Entering Finish()
2026/04/19-18:02:07.549826 1490 Zone Garbage Stats: [82 5 1 3 1 14 3 6 1 4 3 0 ]
2026/04/19-18:02:07.549838 1490 Total Garbage Bytes: 388053889 bytes
2026/04/19-18:02:07.675656 1491 [DEBUG] Allocating zone(new=1) start: 0x38000000 wp: 0x38000000 lt: 3 file lt: 3
2026/04/19-18:02:07.675672 1491 [Zonestats:time(s),used_cap(MB),reclaimable_cap(MB), avg_reclaimable(%), active(#), active_zones(#), open_zones(#)] 319 2280 3223 58 4 5 2
2026/04/19-18:02:07.675681 1491 [DEBUG] Syncing metadata for: /db_working_home/000610.sst
2026/04/19-18:02:08.280060 1491 [DEBUG] Syncing metadata for: /db_working_home/000610.sst
2026/04/19-18:02:08.280643 1491 [DEBUG] Syncing metadata for: /db_working_home/000610.sst
2026/04/19-18:02:08.281351 1491 [DEBUG] GetFileSize: /db_working_home/000610.sst 
2026/04/19-18:02:08.281386 1491 [DEBUG] New writable file: /db_working_home/000611.sst direct: 1
2026/04/19-18:02:08.284434 1491 Entering Apply Finish Threshold Function
2026/04/19-18:02:08.284444 1491 Finishing zone: Entering Finish()
2026/04/19-18:02:08.550019 1490 Zone Garbage Stats: [81 5 1 3 1 14 4 6 1 4 3 0 ]
2026/04/19-18:02:08.550110 1490 Total Garbage Bytes: 388054318 bytes
2026/04/19-18:02:08.877684 1491 [DEBUG] Allocating zone(new=1) start: 0x70000000 wp: 0x70000000 lt: 3 file lt: 3
2026/04/19-18:02:08.877700 1491 [Zonestats:time(s),used_cap(MB),reclaimable_cap(MB), avg_reclaimable(%), active(#), active_zones(#), open_zones(#)] 320 2334 3297 58 4 5 2
2026/04/19-18:02:08.877709 1491 [DEBUG] Syncing metadata for: /db_working_home/000611.sst
2026/04/19-18:02:09.300441 1491 [DEBUG] Syncing metadata for: /db_working_home/000611.sst
2026/04/19-18:02:09.301023 1491 [DEBUG] Syncing metadata for: /db_working_home/000611.sst
2026/04/19-18:02:09.301732 1491 [DEBUG] GetFileSize: /db_working_home/000611.sst 
2026/04/19-18:02:09.301781 1491 [DEBUG] New writable file: /db_working_home/000612.sst direct: 1
2026/04/19-18:02:09.304739 1491 Entering Apply Finish Threshold Function
2026/04/19-18:02:09.304749 1491 Finishing zone: Entering Finish()
2026/04/19-18:02:09.550295 1490 Zone Garbage Stats: [80 5 1 3 1 14 5 6 1 4 3 0 ]
2026/04/19-18:02:09.550308 1490 Total Garbage Bytes: 388054599 bytes
2026/04/19-18:02:10.011005 1491 [DEBUG] Allocating zone(new=1) start: 0xa8000000 wp: 0xa8000000 lt: 3 file lt: 3
2026/04/19-18:02:10.011021 1491 [Zonestats:time(s),used_cap(MB),reclaimable_cap(MB), avg_reclaimable(%), active(#), active_zones(#), open_zones(#)] 322 2374 3385 58 4 5 2
2026/04/19-18:02:10.011029 1491 [DEBUG] Syncing metadata for: /db_working_home/000612.sst
2026/04/19-18:02:10.184096 1491 [DEBUG] Syncing metadata for: /db_working_home/000612.sst
2026/04/19-18:02:10.184677 1491 [DEBUG] Syncing metadata for: /db_working_home/000612.sst
2026/04/19-18:02:10.185383 1491 [DEBUG] GetFileSize: /db_working_home/000612.sst 
2026/04/19-18:02:10.186887 1491 [DEBUG] New random access file: /db_working_home/000610.sst direct: 1
2026/04/19-18:02:10.187167 1491 [DEBUG] GetFileSize: /db_working_home/000610.sst 
2026/04/19-18:02:10.187344 1491 [DEBUG] New random access file: /db_working_home/000611.sst direct: 1
2026/04/19-18:02:10.187547 1491 [DEBUG] GetFileSize: /db_working_home/000611.sst 
2026/04/19-18:02:10.187678 1491 [DEBUG] New random access file: /db_working_home/000612.sst direct: 1
2026/04/19-18:02:10.187859 1491 [DEBUG] GetFileSize: /db_working_home/000612.sst 
2026/04/19-18:02:10.188759 1491 [DEBUG] Syncing metadata for: /db_working_home/MANIFEST-000199
2026/04/19-18:02:10.189518 1491 [DEBUG] DeleteFile: ./db_working_home/000598.sst 
2026/04/19-18:02:10.190197 1491 [Zonestats:time(s),used_cap(MB),reclaimable_cap(MB), avg_reclaimable(%), active(#), active_zones(#), open_zones(#)] 322 2323 3436 59 5 5 1
2026/04/19-18:02:10.190239 1491 [DEBUG] DeleteFile: ./db_working_home/000600.sst 
2026/04/19-18:02:10.190798 1491 [Zonestats:time(s),used_cap(MB),reclaimable_cap(MB), avg_reclaimable(%), active(#), active_zones(#), open_zones(#)] 322 2307 3452 59 5 5 1
2026/04/19-18:02:10.190831 1491 [DEBUG] DeleteFile: ./db_working_home/000602.sst 
2026/04/19-18:02:10.191474 1491 [Zonestats:time(s),used_cap(MB),reclaimable_cap(MB), avg_reclaimable(%), active(#), active_zones(#), open_zones(#)] 322 2292 3339 59 4 4 1
2026/04/19-18:02:10.191508 1491 [DEBUG] DeleteFile: ./db_working_home/000606.sst 
2026/04/19-18:02:10.192149 1491 [Zonestats:time(s),used_cap(MB),reclaimable_cap(MB), avg_reclaimable(%), active(#), active_zones(#), open_zones(#)] 322 2277 3226 58 3 3 1
2026/04/19-18:02:10.192950 1491 [DEBUG] Syncing metadata for: /db_working_home/MANIFEST-000199
2026/04/19-18:02:10.198861 1491 [DEBUG] New writable file: /db_working_home/000613.sst direct: 1
2026/04/19-18:02:10.201865 1491 Entering Apply Finish Threshold Function
2026/04/19-18:02:10.201890 1491 [DEBUG] Allocating zone(new=1) start: 0x28000000 wp: 0x28000000 lt: 4 file lt: 4
2026/04/19-18:02:10.201897 1491 [Zonestats:time(s),used_cap(MB),reclaimable_cap(MB), avg_reclaimable(%), active(#), active_zones(#), open_zones(#)] 322 2277 3226 58 3 4 2
2026/04/19-18:02:10.201905 1491 [DEBUG] Syncing metadata for: /db_working_home/000613.sst
2026/04/19-18:02:10.550496 1490 Zone Garbage Stats: [81 4 1 3 1 13 5 6 2 4 3 0 ]
2026/04/19-18:02:10.550510 1490 Total Garbage Bytes: 404115287 bytes
2026/04/19-18:02:10.613800 1491 [DEBUG] Syncing metadata for: /db_working_home/000613.sst
2026/04/19-18:02:10.614382 1491 [DEBUG] Syncing metadata for: /db_working_home/000613.sst
2026/04/19-18:02:10.615092 1491 [DEBUG] GetFileSize: /db_working_home/000613.sst 
2026/04/19-18:02:10.615127 1491 [DEBUG] New writable file: /db_working_home/000614.sst direct: 1
2026/04/19-18:02:10.620616 1491 Entering Apply Finish Threshold Function
2026/04/19-18:02:10.620627 1491 Finishing zone: Entering Finish()
2026/04/19-18:02:11.334395 1491 [DEBUG] Allocating zone(new=1) start: 0xd8000000 wp: 0xd8000000 lt: 4 file lt: 4
2026/04/19-18:02:11.334410 1491 [Zonestats:time(s),used_cap(MB),reclaimable_cap(MB), avg_reclaimable(%), active(#), active_zones(#), open_zones(#)] 323 2316 3315 58 3 4 2
2026/04/19-18:02:11.334419 1491 [DEBUG] Syncing metadata for: /db_working_home/000614.sst
2026/04/19-18:02:11.550692 1490 Zone Garbage Stats: [80 4 1 3 1 13 5 7 2 4 3 0 ]
2026/04/19-18:02:11.550704 1490 Total Garbage Bytes: 404115310 bytes
2026/04/19-18:02:11.805262 1491 [DEBUG] Syncing metadata for: /db_working_home/000614.sst
2026/04/19-18:02:11.805839 1491 [DEBUG] Syncing metadata for: /db_working_home/000614.sst
2026/04/19-18:02:11.806551 1491 [DEBUG] GetFileSize: /db_working_home/000614.sst 
2026/04/19-18:02:11.806587 1491 [DEBUG] New writable file: /db_working_home/000615.sst direct: 1
2026/04/19-18:02:11.812263 1491 Entering Apply Finish Threshold Function
2026/04/19-18:02:11.812277 1491 Finishing zone: Entering Finish()
2026/04/19-18:02:12.483042 1491 [DEBUG] Allocating zone(new=1) start: 0xe0000000 wp: 0xe0000000 lt: 4 file lt: 4
2026/04/19-18:02:12.483058 1491 [Zonestats:time(s),used_cap(MB),reclaimable_cap(MB), avg_reclaimable(%), active(#), active_zones(#), open_zones(#)] 324 2360 3399 59 3 4 2
2026/04/19-18:02:12.483067 1491 [DEBUG] Syncing metadata for: /db_working_home/000615.sst
2026/04/19-18:02:12.550887 1490 Zone Garbage Stats: [79 4 1 3 1 13 5 8 2 4 3 0 ]
2026/04/19-18:02:12.550900 1490 Total Garbage Bytes: 404115677 bytes
2026/04/19-18:02:12.628878 1491 [DEBUG] Syncing metadata for: /db_working_home/000615.sst
2026/04/19-18:02:12.629459 1491 [DEBUG] Syncing metadata for: /db_working_home/000615.sst
2026/04/19-18:02:12.630169 1491 [DEBUG] GetFileSize: /db_working_home/000615.sst 
2026/04/19-18:02:12.631720 1491 [DEBUG] New random access file: /db_working_home/000613.sst direct: 1
2026/04/19-18:02:12.631975 1491 [DEBUG] GetFileSize: /db_working_home/000613.sst 
2026/04/19-18:02:12.632147 1491 [DEBUG] New random access file: /db_working_home/000614.sst direct: 1
2026/04/19-18:02:12.632345 1491 [DEBUG] GetFileSize: /db_working_home/000614.sst 
2026/04/19-18:02:12.632472 1491 [DEBUG] New random access file: /db_working_home/000615.sst direct: 1
2026/04/19-18:02:12.632637 1491 [DEBUG] GetFileSize: /db_working_home/000615.sst 
2026/04/19-18:02:12.633580 1491 [DEBUG] Syncing metadata for: /db_working_home/MANIFEST-000199
2026/04/19-18:02:12.634317 1491 [DEBUG] DeleteFile: ./db_working_home/000580.sst 
2026/04/19-18:02:12.635013 1491 [Zonestats:time(s),used_cap(MB),reclaimable_cap(MB), avg_reclaimable(%), active(#), active_zones(#), open_zones(#)] 324 2327 3432 59 4 4 1
2026/04/19-18:02:12.635055 1491 [DEBUG] DeleteFile: ./db_working_home/000610.sst 
2026/04/19-18:02:12.635701 1491 [Zonestats:time(s),used_cap(MB),reclaimable_cap(MB), avg_reclaimable(%), active(#), active_zones(#), open_zones(#)] 324 2273 3358 59 4 4 1
2026/04/19-18:02:12.636492 1491 [DEBUG] Syncing metadata for: /db_working_home/MANIFEST-000199
2026/04/19-18:02:12.637843 1491 [DEBUG] Syncing metadata for: /db_working_home/MANIFEST-000199
2026/04/19-18:02:12.643656 1491 [DEBUG] New writable file: /db_working_home/000616.sst direct: 1
2026/04/19-18:02:12.646628 1491 Entering Apply Finish Threshold Function
2026/04/19-18:02:12.646653 1491 [DEBUG] Allocating zone(new=1) start: 0x38000000 wp: 0x38000000 lt: 5 file lt: 5
2026/04/19-18:02:12.646660 1491 [Zonestats:time(s),used_cap(MB),reclaimable_cap(MB), avg_reclaimable(%), active(#), active_zones(#), open_zones(#)] 324 2273 3358 59 4 5 2
2026/04/19-18:02:12.646666 1491 [DEBUG] Syncing metadata for: /db_working_home/000616.sst
2026/04/19-18:02:13.217534 1491 [DEBUG] Syncing metadata for: /db_working_home/000616.sst
2026/04/19-18:02:13.218113 1491 [DEBUG] Syncing metadata for: /db_working_home/000616.sst
2026/04/19-18:02:13.218836 1491 [DEBUG] GetFileSize: /db_working_home/000616.sst 
2026/04/19-18:02:13.218871 1491 [DEBUG] New writable file: /db_working_home/000617.sst direct: 1
2026/04/19-18:02:13.224396 1491 Entering Apply Finish Threshold Function
2026/04/19-18:02:13.224408 1491 Finishing zone: Entering Finish()
2026/04/19-18:02:13.551083 1490 Zone Garbage Stats: [80 5 1 3 1 13 4 7 2 4 3 0 ]
2026/04/19-18:02:13.551163 1490 Total Garbage Bytes: 404115493 bytes
2026/04/19-18:02:13.814652 1491 [DEBUG] Allocating zone(new=1) start: 0xe8000000 wp: 0xe8000000 lt: 5 file lt: 5
2026/04/19-18:02:13.814667 1491 [Zonestats:time(s),used_cap(MB),reclaimable_cap(MB), avg_reclaimable(%), active(#), active_zones(#), open_zones(#)] 325 2327 3432 59 4 5 2
2026/04/19-18:02:13.814677 1491 [DEBUG] Syncing metadata for: /db_working_home/000617.sst
2026/04/19-18:02:14.040879 1491 [DEBUG] Syncing metadata for: /db_working_home/000617.sst
2026/04/19-18:02:14.041459 1491 [DEBUG] Syncing metadata for: /db_working_home/000617.sst
2026/04/19-18:02:14.042171 1491 [DEBUG] GetFileSize: /db_working_home/000617.sst 
2026/04/19-18:02:14.043690 1491 [DEBUG] New random access file: /db_working_home/000616.sst direct: 1
2026/04/19-18:02:14.043988 1491 [DEBUG] GetFileSize: /db_working_home/000616.sst 
2026/04/19-18:02:14.044164 1491 [DEBUG] New random access file: /db_working_home/000617.sst direct: 1
2026/04/19-18:02:14.044338 1491 [DEBUG] GetFileSize: /db_working_home/000617.sst 
2026/04/19-18:02:14.045224 1491 [DEBUG] Syncing metadata for: /db_working_home/MANIFEST-000199
2026/04/19-18:02:14.045983 1491 [DEBUG] DeleteFile: ./db_working_home/000590.sst 
2026/04/19-18:02:14.046673 1491 [Zonestats:time(s),used_cap(MB),reclaimable_cap(MB), avg_reclaimable(%), active(#), active_zones(#), open_zones(#)] 326 2330 3429 59 5 5 1
2026/04/19-18:02:14.046716 1491 [DEBUG] DeleteFile: ./db_working_home/000603.sst 
2026/04/19-18:02:14.047374 1491 [Zonestats:time(s),used_cap(MB),reclaimable_cap(MB), avg_reclaimable(%), active(#), active_zones(#), open_zones(#)] 326 2270 3361 59 5 5 1
2026/04/19-18:02:14.052707 1491 [DEBUG] New writable file: /db_working_home/000618.sst direct: 1
2026/04/19-18:02:14.055892 1491 Entering Apply Finish Threshold Function
2026/04/19-18:02:14.055919 1491 [DEBUG] Allocating zone(new=1) start: 0x100000000 wp: 0x100000000 lt: 5 file lt: 5
2026/04/19-18:02:14.055927 1491 [Zonestats:time(s),used_cap(MB),reclaimable_cap(MB), avg_reclaimable(%), active(#), active_zones(#), open_zones(#)] 326 2270 3361 59 5 6 2
2026/04/19-18:02:14.055934 1491 [DEBUG] Syncing metadata for: /db_working_home/000618.sst
2026/04/19-18:02:14.551353 1490 Zone Garbage Stats: [80 6 1 3 1 13 4 7 2 3 3 0 ]
2026/04/19-18:02:14.551365 1490 Total Garbage Bytes: 371988826 bytes
2026/04/19-18:02:14.680463 1491 [DEBUG] Syncing metadata for: /db_working_home/000618.sst
2026/04/19-18:02:14.681041 1491 [DEBUG] Syncing metadata for: /db_working_home/000618.sst
2026/04/19-18:02:14.681764 1491 [DEBUG] GetFileSize: /db_working_home/000618.sst 
2026/04/19-18:02:14.681798 1491 [DEBUG] New writable file: /db_working_home/000619.sst direct: 1
2026/04/19-18:02:14.685002 1491 Entering Apply Finish Threshold Function
2026/04/19-18:02:14.685014 1491 Finishing zone: Entering Finish()
2026/04/19-18:02:15.245761 1491 [DEBUG] Allocating zone(new=1) start: 0x108000000 wp: 0x108000000 lt: 5 file lt: 5
2026/04/19-18:02:15.245776 1491 [Zonestats:time(s),used_cap(MB),reclaimable_cap(MB), avg_reclaimable(%), active(#), active_zones(#), open_zones(#)] 327 2328 3431 59 5 6 2
2026/04/19-18:02:15.245785 1491 [DEBUG] Syncing metadata for: /db_working_home/000619.sst
2026/04/19-18:02:15.255391 1491 [DEBUG] Syncing metadata for: /db_working_home/000619.sst
2026/04/19-18:02:15.255958 1491 [DEBUG] Syncing metadata for: /db_working_home/000619.sst
2026/04/19-18:02:15.256664 1491 [DEBUG] GetFileSize: /db_working_home/000619.sst 
2026/04/19-18:02:15.258227 1491 [DEBUG] New random access file: /db_working_home/000618.sst direct: 1
2026/04/19-18:02:15.258508 1491 [DEBUG] GetFileSize: /db_working_home/000618.sst 
2026/04/19-18:02:15.258684 1491 [DEBUG] New random access file: /db_working_home/000619.sst direct: 1
2026/04/19-18:02:15.258868 1491 [DEBUG] GetFileSize: /db_working_home/000619.sst 
2026/04/19-18:02:15.259762 1491 [DEBUG] Syncing metadata for: /db_working_home/MANIFEST-000199
2026/04/19-18:02:15.260495 1491 [DEBUG] DeleteFile: ./db_working_home/000386.sst 
2026/04/19-18:02:15.261183 1491 [Zonestats:time(s),used_cap(MB),reclaimable_cap(MB), avg_reclaimable(%), active(#), active_zones(#), open_zones(#)] 327 2311 3448 59 6 6 1
2026/04/19-18:02:15.261224 1491 [DEBUG] DeleteFile: ./db_working_home/000577.sst 
2026/04/19-18:02:15.261871 1491 [Zonestats:time(s),used_cap(MB),reclaimable_cap(MB), avg_reclaimable(%), active(#), active_zones(#), open_zones(#)] 327 2262 3369 59 6 6 1
2026/04/19-18:02:15.262667 1491 [DEBUG] Syncing metadata for: /db_working_home/MANIFEST-000199
2026/04/19-18:02:15.268566 1491 [DEBUG] New writable file: /db_working_home/000620.sst direct: 1
2026/04/19-18:02:15.271530 1491 Entering Apply Finish Threshold Function
2026/04/19-18:02:15.271555 1491 [DEBUG] Allocating zone(new=1) start: 0x78000000 wp: 0x78000000 lt: 5 file lt: 5
2026/04/19-18:02:15.271563 1491 [Zonestats:time(s),used_cap(MB),reclaimable_cap(MB), avg_reclaimable(%), active(#), active_zones(#), open_zones(#)] 327 2262 3369 59 6 7 2
2026/04/19-18:02:15.271569 1491 [DEBUG] Syncing metadata for: /db_working_home/000620.sst
2026/04/19-18:02:15.551552 1490 Zone Garbage Stats: [80 7 1 3 1 13 5 6 2 2 3 0 ]
2026/04/19-18:02:15.551565 1490 Total Garbage Bytes: 330724732 bytes
2026/04/19-18:02:16.284567 1491 [DEBUG] Syncing metadata for: /db_working_home/000620.sst
2026/04/19-18:02:16.285142 1491 [DEBUG] Syncing metadata for: /db_working_home/000620.sst
2026/04/19-18:02:16.285843 1491 [DEBUG] GetFileSize: /db_working_home/000620.sst 
2026/04/19-18:02:16.287400 1491 [DEBUG] New random access file: /db_working_home/000620.sst direct: 1
2026/04/19-18:02:16.287702 1491 [DEBUG] GetFileSize: /db_working_home/000620.sst 
2026/04/19-18:02:16.288618 1491 [DEBUG] Syncing metadata for: /db_working_home/MANIFEST-000199
2026/04/19-18:02:16.289333 1491 [DEBUG] DeleteFile: ./db_working_home/000543.sst 
2026/04/19-18:02:16.290028 1491 [Zonestats:time(s),used_cap(MB),reclaimable_cap(MB), avg_reclaimable(%), active(#), active_zones(#), open_zones(#)] 328 2306 3325 59 7 7 1
2026/04/19-18:02:16.290068 1491 [DEBUG] DeleteFile: ./db_working_home/000616.sst 
2026/04/19-18:02:16.290703 1491 [Zonestats:time(s),used_cap(MB),reclaimable_cap(MB), avg_reclaimable(%), active(#), active_zones(#), open_zones(#)] 328 2252 3251 59 7 7 1
2026/04/19-18:02:16.296061 1491 [DEBUG] New writable file: /db_working_home/000621.sst direct: 1
2026/04/19-18:02:16.299072 1491 Entering Apply Finish Threshold Function
2026/04/19-18:02:16.299082 1491 Finishing zone: Entering Finish()
2026/04/19-18:02:16.551765 1490 Zone Garbage Stats: [82 7 1 3 1 13 4 5 2 2 3 0 ]
2026/04/19-18:02:16.551777 1490 Total Garbage Bytes: 330724239 bytes
2026/04/19-18:02:16.564282 1491 [DEBUG] Allocating zone(new=1) start: 0x38000000 wp: 0x38000000 lt: 5 file lt: 5
2026/04/19-18:02:16.564298 1491 [Zonestats:time(s),used_cap(MB),reclaimable_cap(MB), avg_reclaimable(%), active(#), active_zones(#), open_zones(#)] 328 2252 3251 59 6 7 2
2026/04/19-18:02:16.564306 1491 [DEBUG] Syncing metadata for: /db_working_home/000621.sst
2026/04/19-18:02:17.435610 1491 [DEBUG] Syncing metadata for: /db_working_home/000621.sst
2026/04/19-18:02:17.436193 1491 [DEBUG] Syncing metadata for: /db_working_home/000621.sst
2026/04/19-18:02:17.436904 1491 [DEBUG] GetFileSize: /db_working_home/000621.sst 
2026/04/19-18:02:17.438334 1491 [DEBUG] New random access file: /db_working_home/000621.sst direct: 1
2026/04/19-18:02:17.438644 1491 [DEBUG] GetFileSize: /db_working_home/000621.sst 
2026/04/19-18:02:17.439582 1491 [DEBUG] Syncing metadata for: /db_working_home/MANIFEST-000199
2026/04/19-18:02:17.440311 1491 [DEBUG] DeleteFile: ./db_working_home/000565.sst 
2026/04/19-18:02:17.441006 1491 [Zonestats:time(s),used_cap(MB),reclaimable_cap(MB), avg_reclaimable(%), active(#), active_zones(#), open_zones(#)] 329 2283 3220 58 7 7 1
2026/04/19-18:02:17.441049 1491 [DEBUG] DeleteFile: ./db_working_home/000611.sst 
2026/04/19-18:02:17.441697 1491 [Zonestats:time(s),used_cap(MB),reclaimable_cap(MB), avg_reclaimable(%), active(#), active_zones(#), open_zones(#)] 329 2243 3132 58 7 7 1
2026/04/19-18:02:17.445583 1491 [DEBUG] New writable file: /db_working_home/000622.sst direct: 1
2026/04/19-18:02:17.451132 1491 Entering Apply Finish Threshold Function
2026/04/19-18:02:17.451142 1491 Finishing zone: Entering Finish()
2026/04/19-18:02:17.551958 1490 Zone Garbage Stats: [83 7 1 4 1 13 4 3 2 2 3 0 ]
2026/04/19-18:02:17.551971 1490 Total Garbage Bytes: 330724268 bytes
2026/04/19-18:02:17.822903 1491 [DEBUG] Allocating zone(new=1) start: 0x70000000 wp: 0x70000000 lt: 5 file lt: 5
2026/04/19-18:02:17.822918 1491 [Zonestats:time(s),used_cap(MB),reclaimable_cap(MB), avg_reclaimable(%), active(#), active_zones(#), open_zones(#)] 329 2243 3132 58 6 7 2
2026/04/19-18:02:17.822927 1491 [DEBUG] Syncing metadata for: /db_working_home/000622.sst
2026/04/19-18:02:18.552154 1490 Zone Garbage Stats: [82 7 1 4 2 13 4 3 2 2 3 0 ]
2026/04/19-18:02:18.552232 1490 Total Garbage Bytes: 330724686 bytes
2026/04/19-18:02:18.598503 1491 [DEBUG] Syncing metadata for: /db_working_home/000622.sst
2026/04/19-18:02:18.599085 1491 [DEBUG] Syncing metadata for: /db_working_home/000622.sst
2026/04/19-18:02:18.599808 1491 [DEBUG] GetFileSize: /db_working_home/000622.sst 
2026/04/19-18:02:18.599843 1491 [DEBUG] New writable file: /db_working_home/000623.sst direct: 1
2026/04/19-18:02:18.605390 1491 Entering Apply Finish Threshold Function
2026/04/19-18:02:18.605402 1491 Finishing zone: Entering Finish()
2026/04/19-18:02:19.060131 1491 [DEBUG] Allocating zone(new=1) start: 0x120000000 wp: 0x120000000 lt: 5 file lt: 5
2026/04/19-18:02:19.060147 1491 [Zonestats:time(s),used_cap(MB),reclaimable_cap(MB), avg_reclaimable(%), active(#), active_zones(#), open_zones(#)] 331 2315 3188 57 6 7 2
2026/04/19-18:02:19.060156 1491 [DEBUG] Syncing metadata for: /db_working_home/000623.sst
2026/04/19-18:02:19.552412 1490 Zone Garbage Stats: [81 7 1 4 2 14 4 3 2 2 3 0 ]
2026/04/19-18:02:19.552425 1490 Total Garbage Bytes: 330725194 bytes
2026/04/19-18:02:19.790758 1491 [DEBUG] Syncing metadata for: /db_working_home/000623.sst
2026/04/19-18:02:19.791320 1491 [DEBUG] Syncing metadata for: /db_working_home/000623.sst
2026/04/19-18:02:19.792017 1491 [DEBUG] GetFileSize: /db_working_home/000623.sst 
2026/04/19-18:02:19.792051 1491 [DEBUG] New writable file: /db_working_home/000624.sst direct: 1
2026/04/19-18:02:19.797583 1491 Entering Apply Finish Threshold Function
2026/04/19-18:02:19.797595 1491 Finishing zone: Entering Finish()
2026/04/19-18:02:20.285307 1491 [DEBUG] Allocating zone(new=1) start: 0x128000000 wp: 0x128000000 lt: 5 file lt: 5
2026/04/19-18:02:20.285322 1491 [Zonestats:time(s),used_cap(MB),reclaimable_cap(MB), avg_reclaimable(%), active(#), active_zones(#), open_zones(#)] 332 2382 3249 57 6 7 2
2026/04/19-18:02:20.285331 1491 [DEBUG] Syncing metadata for: /db_working_home/000624.sst
2026/04/19-18:02:20.335719 1491 [DEBUG] Syncing metadata for: /db_working_home/000624.sst
2026/04/19-18:02:20.336299 1491 [DEBUG] Syncing metadata for: /db_working_home/000624.sst
2026/04/19-18:02:20.337010 1491 [DEBUG] GetFileSize: /db_working_home/000624.sst 
2026/04/19-18:02:20.338502 1491 [DEBUG] New random access file: /db_working_home/000622.sst direct: 1
2026/04/19-18:02:20.338785 1491 [DEBUG] GetFileSize: /db_working_home/000622.sst 
2026/04/19-18:02:20.338963 1491 [DEBUG] New random access file: /db_working_home/000623.sst direct: 1
2026/04/19-18:02:20.339204 1491 [DEBUG] GetFileSize: /db_working_home/000623.sst 
2026/04/19-18:02:20.339337 1491 [DEBUG] New random access file: /db_working_home/000624.sst direct: 1
2026/04/19-18:02:20.339503 1491 [DEBUG] GetFileSize: /db_working_home/000624.sst 
2026/04/19-18:02:20.340402 1491 [DEBUG] Syncing metadata for: /db_working_home/MANIFEST-000199
2026/04/19-18:02:20.341162 1491 [DEBUG] DeleteFile: ./db_working_home/000504.sst 
2026/04/19-18:02:20.341841 1491 [Zonestats:time(s),used_cap(MB),reclaimable_cap(MB), avg_reclaimable(%), active(#), active_zones(#), open_zones(#)] 332 2297 3334 59 7 7 1
2026/04/19-18:02:20.341882 1491 [DEBUG] DeleteFile: ./db_working_home/000619.sst 
2026/04/19-18:02:20.342550 1491 [Zonestats:time(s),used_cap(MB),reclaimable_cap(MB), avg_reclaimable(%), active(#), active_zones(#), open_zones(#)] 332 2296 3207 58 6 6 1
2026/04/19-18:02:20.342585 1491 [DEBUG] DeleteFile: ./db_working_home/000621.sst 
2026/04/19-18:02:20.343225 1491 [Zonestats:time(s),used_cap(MB),reclaimable_cap(MB), avg_reclaimable(%), active(#), active_zones(#), open_zones(#)] 332 2214 3161 58 6 6 1
2026/04/19-18:02:20.348619 1491 [DEBUG] New writable file: /db_working_home/000625.sst direct: 1
2026/04/19-18:02:20.351885 1491 Entering Apply Finish Threshold Function
2026/04/19-18:02:20.351910 1491 [DEBUG] Allocating zone(new=1) start: 0x38000000 wp: 0x38000000 lt: 5 file lt: 5
2026/04/19-18:02:20.351918 1491 [Zonestats:time(s),used_cap(MB),reclaimable_cap(MB), avg_reclaimable(%), active(#), active_zones(#), open_zones(#)] 332 2214 3161 58 6 7 2
2026/04/19-18:02:20.351925 1491 [DEBUG] Syncing metadata for: /db_working_home/000625.sst
2026/04/19-18:02:20.552606 1490 Zone Garbage Stats: [82 7 1 3 1 15 4 3 2 2 3 0 ]
2026/04/19-18:02:20.552619 1490 Total Garbage Bytes: 330724185 bytes
2026/04/19-18:02:21.185512 1491 [DEBUG] Syncing metadata for: /db_working_home/000625.sst
2026/04/19-18:02:21.186094 1491 [DEBUG] Syncing metadata for: /db_working_home/000625.sst
2026/04/19-18:02:21.186815 1491 [DEBUG] GetFileSize: /db_working_home/000625.sst 
2026/04/19-18:02:21.188342 1491 [DEBUG] New random access file: /db_working_home/000625.sst direct: 1
2026/04/19-18:02:21.188652 1491 [DEBUG] GetFileSize: /db_working_home/000625.sst 
2026/04/19-18:02:21.189608 1491 [DEBUG] Syncing metadata for: /db_working_home/MANIFEST-000199
2026/04/19-18:02:21.190346 1491 [DEBUG] DeleteFile: ./db_working_home/000365.sst 
2026/04/19-18:02:21.191030 1491 [Zonestats:time(s),used_cap(MB),reclaimable_cap(MB), avg_reclaimable(%), active(#), active_zones(#), open_zones(#)] 333 2250 3125 58 7 7 1
2026/04/19-18:02:21.191071 1491 [DEBUG] DeleteFile: ./db_working_home/000618.sst 
2026/04/19-18:02:21.191727 1491 [Zonestats:time(s),used_cap(MB),reclaimable_cap(MB), avg_reclaimable(%), active(#), active_zones(#), open_zones(#)] 333 2192 3055 58 7 7 1
2026/04/19-18:02:21.197051 1491 [DEBUG] New writable file: /db_working_home/000626.sst direct: 1
2026/04/19-18:02:21.200338 1491 Entering Apply Finish Threshold Function
2026/04/19-18:02:21.200348 1491 Finishing zone: Entering Finish()
2026/04/19-18:02:21.552802 1490 Zone Garbage Stats: [84 7 1 3 1 15 3 2 2 2 3 0 ]
2026/04/19-18:02:21.552815 1490 Total Garbage Bytes: 330723657 bytes
2026/04/19-18:02:21.625561 1491 [DEBUG] Allocating zone(new=1) start: 0x50000000 wp: 0x50000000 lt: 5 file lt: 5
2026/04/19-18:02:21.625577 1491 [Zonestats:time(s),used_cap(MB),reclaimable_cap(MB), avg_reclaimable(%), active(#), active_zones(#), open_zones(#)] 333 2192 3055 58 6 7 2
2026/04/19-18:02:21.625586 1491 [DEBUG] Syncing metadata for: /db_working_home/000626.sst
2026/04/19-18:02:22.552998 1490 Zone Garbage Stats: [83 7 1 3 1 16 3 2 2 2 3 0 ]
2026/04/19-18:02:22.553011 1490 Total Garbage Bytes: 330723913 bytes
2026/04/19-18:02:22.836386 1491 [DEBUG] Syncing metadata for: /db_working_home/000626.sst
2026/04/19-18:02:22.836969 1491 [DEBUG] Syncing metadata for: /db_working_home/000626.sst
2026/04/19-18:02:22.837693 1491 [DEBUG] GetFileSize: /db_working_home/000626.sst 
2026/04/19-18:02:22.839142 1491 [DEBUG] New random access file: /db_working_home/000626.sst direct: 1
2026/04/19-18:02:22.839495 1491 [DEBUG] GetFileSize: /db_working_home/000626.sst 
2026/04/19-18:02:22.840464 1491 [DEBUG] Syncing metadata for: /db_working_home/MANIFEST-000199
2026/04/19-18:02:22.841204 1491 [DEBUG] DeleteFile: ./db_working_home/000548.sst 
2026/04/19-18:02:22.841882 1491 [Zonestats:time(s),used_cap(MB),reclaimable_cap(MB), avg_reclaimable(%), active(#), active_zones(#), open_zones(#)] 334 2225 3022 57 7 7 1
2026/04/19-18:02:22.841940 1491 [DEBUG] DeleteFile: ./db_working_home/000622.sst 
2026/04/19-18:02:22.842577 1491 [Zonestats:time(s),used_cap(MB),reclaimable_cap(MB), avg_reclaimable(%), active(#), active_zones(#), open_zones(#)] 334 2154 2965 57 7 7 1
2026/04/19-18:02:22.847810 1491 [DEBUG] New writable file: /db_working_home/000627.sst direct: 1
2026/04/19-18:02:22.850990 1491 Entering Apply Finish Threshold Function
2026/04/19-18:02:22.850999 1491 Finishing zone: Entering Finish()
2026/04/19-18:02:23.016214 1491 [DEBUG] Allocating zone(new=1) start: 0x70000000 wp: 0x70000000 lt: 5 file lt: 5
2026/04/19-18:02:23.016230 1491 [Zonestats:time(s),used_cap(MB),reclaimable_cap(MB), avg_reclaimable(%), active(#), active_zones(#), open_zones(#)] 335 2154 2965 57 6 7 2
2026/04/19-18:02:23.016238 1491 [DEBUG] Syncing metadata for: /db_working_home/000627.sst
2026/04/19-18:02:23.553196 1490 Zone Garbage Stats: [84 7 2 3 1 14 3 2 2 2 3 0 ]
2026/04/19-18:02:23.553285 1490 Total Garbage Bytes: 330723111 bytes
2026/04/19-18:02:24.220258 1491 [DEBUG] Syncing metadata for: /db_working_home/000627.sst
2026/04/19-18:02:24.220827 1491 [DEBUG] Syncing metadata for: /db_working_home/000627.sst
2026/04/19-18:02:24.221509 1491 [DEBUG] GetFileSize: /db_working_home/000627.sst 
2026/04/19-18:02:24.222945 1491 [DEBUG] New random access file: /db_working_home/000627.sst direct: 1
2026/04/19-18:02:24.223280 1491 [DEBUG] GetFileSize: /db_working_home/000627.sst 
2026/04/19-18:02:24.224237 1491 [DEBUG] Syncing metadata for: /db_working_home/MANIFEST-000199
2026/04/19-18:02:24.224957 1491 [DEBUG] DeleteFile: ./db_working_home/000551.sst 
2026/04/19-18:02:24.225649 1491 [Zonestats:time(s),used_cap(MB),reclaimable_cap(MB), avg_reclaimable(%), active(#), active_zones(#), open_zones(#)] 336 2181 2938 57 7 7 1
2026/04/19-18:02:24.225704 1491 [DEBUG] DeleteFile: ./db_working_home/000623.sst 
2026/04/19-18:02:24.226359 1491 [Zonestats:time(s),used_cap(MB),reclaimable_cap(MB), avg_reclaimable(%), active(#), active_zones(#), open_zones(#)] 336 2114 2877 57 7 7 1
2026/04/19-18:02:24.231716 1491 [DEBUG] New writable file: /db_working_home/000628.sst direct: 1
2026/04/19-18:02:24.234896 1491 Entering Apply Finish Threshold Function
2026/04/19-18:02:24.234906 1491 Finishing zone: Entering Finish()
2026/04/19-18:02:24.404123 1491 [DEBUG] Allocating zone(new=1) start: 0x100000000 wp: 0x100000000 lt: 5 file lt: 5
2026/04/19-18:02:24.404138 1491 [Zonestats:time(s),used_cap(MB),reclaimable_cap(MB), avg_reclaimable(%), active(#), active_zones(#), open_zones(#)] 336 2114 2877 57 6 7 2
2026/04/19-18:02:24.404147 1491 [DEBUG] Syncing metadata for: /db_working_home/000628.sst
2026/04/19-18:02:24.553469 1490 Zone Garbage Stats: [85 7 3 3 0 13 3 2 2 2 3 0 ]
2026/04/19-18:02:24.553481 1490 Total Garbage Bytes: 330723043 bytes
2026/04/19-18:02:25.126185 1491 [DEBUG] Syncing metadata for: /db_working_home/000628.sst
2026/04/19-18:02:25.126746 1491 [DEBUG] Syncing metadata for: /db_working_home/000628.sst
2026/04/19-18:02:25.127439 1491 [DEBUG] GetFileSize: /db_working_home/000628.sst 
2026/04/19-18:02:25.127473 1491 [DEBUG] New writable file: /db_working_home/000629.sst direct: 1
2026/04/19-18:02:25.133144 1491 Entering Apply Finish Threshold Function
2026/04/19-18:02:25.133156 1491 Finishing zone: Entering Finish()
2026/04/19-18:02:25.553685 1490 Zone Garbage Stats: [85 7 3 3 0 13 3 2 2 2 3 0 ]
2026/04/19-18:02:25.553698 1490 Total Garbage Bytes: 330723043 bytes
2026/04/19-18:02:25.644876 1491 [DEBUG] Allocating zone(new=1) start: 0x108000000 wp: 0x108000000 lt: 5 file lt: 5
2026/04/19-18:02:25.644891 1491 [Zonestats:time(s),used_cap(MB),reclaimable_cap(MB), avg_reclaimable(%), active(#), active_zones(#), open_zones(#)] 337 2178 2941 57 6 7 2
2026/04/19-18:02:25.644900 1491 [DEBUG] Syncing metadata for: /db_working_home/000629.sst
2026/04/19-18:02:26.209033 1491 [DEBUG] Syncing metadata for: /db_working_home/000629.sst
2026/04/19-18:02:26.209616 1491 [DEBUG] Syncing metadata for: /db_working_home/000629.sst
2026/04/19-18:02:26.210337 1491 [DEBUG] GetFileSize: /db_working_home/000629.sst 
2026/04/19-18:02:26.211736 1491 [DEBUG] New random access file: /db_working_home/000628.sst direct: 1
2026/04/19-18:02:26.212015 1491 [DEBUG] GetFileSize: /db_working_home/000628.sst 
2026/04/19-18:02:26.212203 1491 [DEBUG] New random access file: /db_working_home/000629.sst direct: 1
2026/04/19-18:02:26.212404 1491 [DEBUG] GetFileSize: /db_working_home/000629.sst 
2026/04/19-18:02:26.213305 1491 [DEBUG] Syncing metadata for: /db_working_home/MANIFEST-000199
2026/04/19-18:02:26.214067 1491 [DEBUG] DeleteFile: ./db_working_home/000189.sst 
2026/04/19-18:02:26.214766 1491 [Zonestats:time(s),used_cap(MB),reclaimable_cap(MB), avg_reclaimable(%), active(#), active_zones(#), open_zones(#)] 338 2164 2955 57 7 7 1
2026/04/19-18:02:26.214808 1491 [DEBUG] DeleteFile: ./db_working_home/000604.sst 
2026/04/19-18:02:26.215455 1491 [Zonestats:time(s),used_cap(MB),reclaimable_cap(MB), avg_reclaimable(%), active(#), active_zones(#), open_zones(#)] 338 2062 2929 58 7 7 1
2026/04/19-18:02:26.216280 1491 [DEBUG] Syncing metadata for: /db_working_home/MANIFEST-000199
2026/04/19-18:02:26.217609 1491 [DEBUG] Syncing metadata for: /db_working_home/MANIFEST-000199
2026/04/19-18:02:26.223500 1491 [DEBUG] New writable file: /db_working_home/000630.sst direct: 1
2026/04/19-18:02:26.226393 1491 Entering Apply Finish Threshold Function
2026/04/19-18:02:26.226404 1491 Finishing zone: Entering Finish()
2026/04/19-18:02:26.553879 1490 Zone Garbage Stats: [86 7 2 3 0 13 3 2 2 2 3 0 ]
2026/04/19-18:02:26.553892 1490 Total Garbage Bytes: 330722573 bytes
2026/04/19-18:02:26.849156 1491 [DEBUG] Allocating zone(new=1) start: 0x30000000 wp: 0x30000000 lt: 5 file lt: 5
2026/04/19-18:02:26.849172 1491 [Zonestats:time(s),used_cap(MB),reclaimable_cap(MB), avg_reclaimable(%), active(#), active_zones(#), open_zones(#)] 338 2062 2929 58 6 7 2
2026/04/19-18:02:26.849180 1491 [DEBUG] Syncing metadata for: /db_working_home/000630.sst
2026/04/19-18:02:27.554080 1490 Zone Garbage Stats: [85 7 2 3 0 13 3 3 2 2 3 0 ]
2026/04/19-18:02:27.554097 1490 Total Garbage Bytes: 330722575 bytes
2026/04/19-18:02:28.271446 1491 Entering Apply Finish Threshold Function
2026/04/19-18:02:28.271479 1491 [DEBUG] Allocating zone(new=1) start: 0xc8000000 wp: 0xc8000000 lt: 5 file lt: 5
2026/04/19-18:02:28.271488 1491 [Zonestats:time(s),used_cap(MB),reclaimable_cap(MB), avg_reclaimable(%), active(#), active_zones(#), open_zones(#)] 340 2190 2929 57 6 7 2
2026/04/19-18:02:28.271495 1491 [DEBUG] Syncing metadata for: /db_working_home/000630.sst
2026/04/19-18:02:28.277479 1491 [DEBUG] Syncing metadata for: /db_working_home/000630.sst
2026/04/19-18:02:28.278046 1491 [DEBUG] Syncing metadata for: /db_working_home/000630.sst
2026/04/19-18:02:28.278769 1491 [DEBUG] GetFileSize: /db_working_home/000630.sst 
2026/04/19-18:02:28.278806 1491 [DEBUG] New writable file: /db_working_home/000631.sst direct: 1
2026/04/19-18:02:28.284620 1491 Entering Apply Finish Threshold Function
2026/04/19-18:02:28.284660 1491 [DEBUG] Allocating zone(new=1) start: 0x120000000 wp: 0x120000000 lt: 5 file lt: 5
2026/04/19-18:02:28.284668 1491 [Zonestats:time(s),used_cap(MB),reclaimable_cap(MB), avg_reclaimable(%), active(#), active_zones(#), open_zones(#)] 340 2190 3057 58 7 8 2
2026/04/19-18:02:28.284674 1491 [DEBUG] Syncing metadata for: /db_working_home/000631.sst
2026/04/19-18:02:28.554305 1490 Zone Garbage Stats: [83 9 2 3 0 13 3 3 2 2 3 0 ]
2026/04/19-18:02:28.554410 1490 Total Garbage Bytes: 330722667 bytes
2026/04/19-18:02:28.833291 1491 [DEBUG] Syncing metadata for: /db_working_home/000631.sst
2026/04/19-18:02:28.833874 1491 [DEBUG] Syncing metadata for: /db_working_home/000631.sst
2026/04/19-18:02:28.834586 1491 [DEBUG] GetFileSize: /db_working_home/000631.sst 
2026/04/19-18:02:28.836000 1491 [DEBUG] New random access file: /db_working_home/000630.sst direct: 1
2026/04/19-18:02:28.836377 1491 [DEBUG] GetFileSize: /db_working_home/000630.sst 
2026/04/19-18:02:28.836570 1491 [DEBUG] New random access file: /db_working_home/000631.sst direct: 1
2026/04/19-18:02:28.836815 1491 [DEBUG] GetFileSize: /db_working_home/000631.sst 
2026/04/19-18:02:28.837745 1491 [DEBUG] Syncing metadata for: /db_working_home/MANIFEST-000199
2026/04/19-18:02:28.838479 1491 [DEBUG] DeleteFile: ./db_working_home/000531.sst 
2026/04/19-18:02:28.839158 1491 [Zonestats:time(s),used_cap(MB),reclaimable_cap(MB), avg_reclaimable(%), active(#), active_zones(#), open_zones(#)] 340 2113 3134 59 8 8 1
2026/04/19-18:02:28.839200 1491 [DEBUG] DeleteFile: ./db_working_home/000620.sst 
2026/04/19-18:02:28.839846 1491 [Zonestats:time(s),used_cap(MB),reclaimable_cap(MB), avg_reclaimable(%), active(#), active_zones(#), open_zones(#)] 340 2018 3101 60 8 8 1
2026/04/19-18:02:28.845158 1491 [DEBUG] New writable file: /db_working_home/000632.sst direct: 1
2026/04/19-18:02:28.848320 1491 Entering Apply Finish Threshold Function
2026/04/19-18:02:28.848332 1491 Finishing zone: Entering Finish()
2026/04/19-18:02:29.460566 1491 [DEBUG] Allocating zone(new=1) start: 0x78000000 wp: 0x78000000 lt: 5 file lt: 5
2026/04/19-18:02:29.460581 1491 [Zonestats:time(s),used_cap(MB),reclaimable_cap(MB), avg_reclaimable(%), active(#), active_zones(#), open_zones(#)] 341 2018 3101 60 7 8 2
2026/04/19-18:02:29.460590 1491 [DEBUG] Syncing metadata for: /db_working_home/000632.sst
2026/04/19-18:02:29.554614 1490 Zone Garbage Stats: [84 8 2 2 0 13 4 3 2 2 3 0 ]
2026/04/19-18:02:29.554650 1490 Total Garbage Bytes: 330933394 bytes
2026/04/19-18:02:30.179586 1491 [DEBUG] Syncing metadata for: /db_working_home/000632.sst
2026/04/19-18:02:30.180153 1491 [DEBUG] Syncing metadata for: /db_working_home/000632.sst
2026/04/19-18:02:30.180845 1491 [DEBUG] GetFileSize: /db_working_home/000632.sst 
2026/04/19-18:02:30.180881 1491 [DEBUG] New writable file: /db_working_home/000633.sst direct: 1
2026/04/19-18:02:30.186701 1491 Entering Apply Finish Threshold Function
2026/04/19-18:02:30.186714 1491 Finishing zone: Entering Finish()
2026/04/19-18:02:30.554833 1490 Zone Garbage Stats: [84 8 2 2 0 13 4 3 2 2 3 0 ]
2026/04/19-18:02:30.554846 1490 Total Garbage Bytes: 330933394 bytes
2026/04/19-18:02:30.698438 1491 [DEBUG] Allocating zone(new=1) start: 0xb0000000 wp: 0xb0000000 lt: 5 file lt: 5
2026/04/19-18:02:30.698454 1491 [Zonestats:time(s),used_cap(MB),reclaimable_cap(MB), avg_reclaimable(%), active(#), active_zones(#), open_zones(#)] 342 2083 3164 60 7 8 2
2026/04/19-18:02:30.698463 1491 [DEBUG] Syncing metadata for: /db_working_home/000633.sst
2026/04/19-18:02:31.222249 1491 [DEBUG] Syncing metadata for: /db_working_home/000633.sst
2026/04/19-18:02:31.222832 1491 [DEBUG] Syncing metadata for: /db_working_home/000633.sst
2026/04/19-18:02:31.223541 1491 [DEBUG] GetFileSize: /db_working_home/000633.sst 
2026/04/19-18:02:31.225022 1491 [DEBUG] New random access file: /db_working_home/000632.sst direct: 1
2026/04/19-18:02:31.225302 1491 [DEBUG] GetFileSize: /db_working_home/000632.sst 
2026/04/19-18:02:31.225491 1491 [DEBUG] New random access file: /db_working_home/000633.sst direct: 1
2026/04/19-18:02:31.225692 1491 [DEBUG] GetFileSize: /db_working_home/000633.sst 
2026/04/19-18:02:31.226590 1491 [DEBUG] Syncing metadata for: /db_working_home/MANIFEST-000199
2026/04/19-18:02:31.227345 1491 [DEBUG] DeleteFile: ./db_working_home/000185.sst 
2026/04/19-18:02:31.228017 1491 [Zonestats:time(s),used_cap(MB),reclaimable_cap(MB), avg_reclaimable(%), active(#), active_zones(#), open_zones(#)] 343 2065 3182 60 8 8 1
2026/04/19-18:02:31.228059 1491 [DEBUG] DeleteFile: ./db_working_home/000594.sst 
2026/04/19-18:02:31.228707 1491 [Zonestats:time(s),used_cap(MB),reclaimable_cap(MB), avg_reclaimable(%), active(#), active_zones(#), open_zones(#)] 343 1971 3148 61 8 8 1
2026/04/19-18:02:31.234024 1491 [DEBUG] New writable file: /db_working_home/000634.sst direct: 1
2026/04/19-18:02:31.237085 1491 Entering Apply Finish Threshold Function
2026/04/19-18:02:31.237095 1491 Finishing zone: Entering Finish()
2026/04/19-18:02:31.555030 1490 Zone Garbage Stats: [85 8 2 1 0 13 4 3 2 2 3 0 ]
2026/04/19-18:02:31.555042 1490 Total Garbage Bytes: 330933155 bytes
2026/04/19-18:02:31.887876 1491 [DEBUG] Allocating zone(new=1) start: 0x98000000 wp: 0x98000000 lt: 5 file lt: 5
2026/04/19-18:02:31.887892 1491 [Zonestats:time(s),used_cap(MB),reclaimable_cap(MB), avg_reclaimable(%), active(#), active_zones(#), open_zones(#)] 343 1971 3148 61 7 8 2
2026/04/19-18:02:31.887901 1491 [DEBUG] Syncing metadata for: /db_working_home/000634.sst
2026/04/19-18:02:32.555147 1490 Zone Garbage Stats: [84 8 2 1 0 13 4 4 2 2 3 0 ]
2026/04/19-18:02:32.555160 1490 Total Garbage Bytes: 330933628 bytes
2026/04/19-18:02:32.607385 1491 [DEBUG] Syncing metadata for: /db_working_home/000634.sst
2026/04/19-18:02:32.607948 1491 [DEBUG] Syncing metadata for: /db_working_home/000634.sst
2026/04/19-18:02:32.608654 1491 [DEBUG] GetFileSize: /db_working_home/000634.sst 
2026/04/19-18:02:32.608688 1491 [DEBUG] New writable file: /db_working_home/000635.sst direct: 1
2026/04/19-18:02:32.614432 1491 Entering Apply Finish Threshold Function
2026/04/19-18:02:32.614445 1491 Finishing zone: Entering Finish()
2026/04/19-18:02:33.126164 1491 [DEBUG] Allocating zone(new=1) start: 0x140000000 wp: 0x140000000 lt: 5 file lt: 5
2026/04/19-18:02:33.126180 1491 [Zonestats:time(s),used_cap(MB),reclaimable_cap(MB), avg_reclaimable(%), active(#), active_zones(#), open_zones(#)] 345 2035 3212 61 7 8 2
2026/04/19-18:02:33.126189 1491 [DEBUG] Syncing metadata for: /db_working_home/000635.sst
2026/04/19-18:02:33.555337 1490 Zone Garbage Stats: [83 8 2 1 0 14 4 4 2 2 3 0 ]
2026/04/19-18:02:33.555407 1490 Total Garbage Bytes: 330933894 bytes
2026/04/19-18:02:33.639951 1491 [DEBUG] Syncing metadata for: /db_working_home/000635.sst
2026/04/19-18:02:33.640533 1491 [DEBUG] Syncing metadata for: /db_working_home/000635.sst
2026/04/19-18:02:33.641243 1491 [DEBUG] GetFileSize: /db_working_home/000635.sst 
2026/04/19-18:02:33.642684 1491 [DEBUG] New random access file: /db_working_home/000634.sst direct: 1
2026/04/19-18:02:33.642964 1491 [DEBUG] GetFileSize: /db_working_home/000634.sst 
2026/04/19-18:02:33.643154 1491 [DEBUG] New random access file: /db_working_home/000635.sst direct: 1
2026/04/19-18:02:33.643355 1491 [DEBUG] GetFileSize: /db_working_home/000635.sst 
2026/04/19-18:02:33.644274 1491 [DEBUG] Syncing metadata for: /db_working_home/MANIFEST-000199
2026/04/19-18:02:33.645013 1491 [DEBUG] DeleteFile: ./db_working_home/000184.sst 
2026/04/19-18:02:33.645701 1491 [Zonestats:time(s),used_cap(MB),reclaimable_cap(MB), avg_reclaimable(%), active(#), active_zones(#), open_zones(#)] 345 2016 3231 61 8 8 1
2026/04/19-18:02:33.645745 1491 [DEBUG] DeleteFile: ./db_working_home/000591.sst 
2026/04/19-18:02:33.646394 1491 [Zonestats:time(s),used_cap(MB),reclaimable_cap(MB), avg_reclaimable(%), active(#), active_zones(#), open_zones(#)] 345 1923 3196 62 8 8 1
2026/04/19-18:02:33.651723 1491 [DEBUG] New writable file: /db_working_home/000636.sst direct: 1
2026/04/19-18:02:33.654425 1491 Entering Apply Finish Threshold Function
2026/04/19-18:02:33.654436 1491 Finishing zone: Entering Finish()
2026/04/19-18:02:34.311695 1491 [DEBUG] Allocating zone(new=1) start: 0x90000000 wp: 0x90000000 lt: 5 file lt: 5
2026/04/19-18:02:34.311711 1491 [Zonestats:time(s),used_cap(MB),reclaimable_cap(MB), avg_reclaimable(%), active(#), active_zones(#), open_zones(#)] 346 1923 3196 62 7 8 2
2026/04/19-18:02:34.311720 1491 [DEBUG] Syncing metadata for: /db_working_home/000636.sst
2026/04/19-18:02:34.555589 1490 Zone Garbage Stats: [84 8 2 0 0 13 4 5 2 2 3 0 ]
2026/04/19-18:02:34.555621 1490 Total Garbage Bytes: 330933607 bytes
2026/04/19-18:02:35.016251 1491 [DEBUG] Syncing metadata for: /db_working_home/000636.sst
2026/04/19-18:02:35.016814 1491 [DEBUG] Syncing metadata for: /db_working_home/000636.sst
2026/04/19-18:02:35.017509 1491 [DEBUG] GetFileSize: /db_working_home/000636.sst 
2026/04/19-18:02:35.017544 1491 [DEBUG] New writable file: /db_working_home/000637.sst direct: 1
2026/04/19-18:02:35.023200 1491 Entering Apply Finish Threshold Function
2026/04/19-18:02:35.023214 1491 Finishing zone: Entering Finish()
2026/04/19-18:02:35.534949 1491 [DEBUG] Allocating zone(new=1) start: 0x118000000 wp: 0x118000000 lt: 5 file lt: 5
2026/04/19-18:02:35.534964 1491 [Zonestats:time(s),used_cap(MB),reclaimable_cap(MB), avg_reclaimable(%), active(#), active_zones(#), open_zones(#)] 347 1987 3260 62 7 8 2
2026/04/19-18:02:35.534973 1491 [DEBUG] Syncing metadata for: /db_working_home/000637.sst
2026/04/19-18:02:35.555803 1490 Zone Garbage Stats: [83 8 2 0 0 14 4 5 2 2 3 0 ]
2026/04/19-18:02:35.555816 1490 Total Garbage Bytes: 330933773 bytes
2026/04/19-18:02:35.946413 1491 [DEBUG] Syncing metadata for: /db_working_home/000637.sst
2026/04/19-18:02:35.946995 1491 [DEBUG] Syncing metadata for: /db_working_home/000637.sst
2026/04/19-18:02:35.947717 1491 [DEBUG] GetFileSize: /db_working_home/000637.sst 
2026/04/19-18:02:35.949205 1491 [DEBUG] New random access file: /db_working_home/000636.sst direct: 1
2026/04/19-18:02:35.949487 1491 [DEBUG] GetFileSize: /db_working_home/000636.sst 
2026/04/19-18:02:35.949683 1491 [DEBUG] New random access file: /db_working_home/000637.sst direct: 1
2026/04/19-18:02:35.949885 1491 [DEBUG] GetFileSize: /db_working_home/000637.sst 
2026/04/19-18:02:35.950790 1491 [DEBUG] Syncing metadata for: /db_working_home/MANIFEST-000199
2026/04/19-18:02:35.951528 1491 [DEBUG] DeleteFile: ./db_working_home/000186.sst 
2026/04/19-18:02:35.952206 1491 [Zonestats:time(s),used_cap(MB),reclaimable_cap(MB), avg_reclaimable(%), active(#), active_zones(#), open_zones(#)] 347 1959 3288 62 8 8 1
2026/04/19-18:02:35.952248 1491 [DEBUG] DeleteFile: ./db_working_home/000625.sst 
2026/04/19-18:02:35.952896 1491 [Zonestats:time(s),used_cap(MB),reclaimable_cap(MB), avg_reclaimable(%), active(#), active_zones(#), open_zones(#)] 347 1884 3235 63 8 8 1
2026/04/19-18:02:35.958222 1491 [DEBUG] New writable file: /db_working_home/000638.sst direct: 1
2026/04/19-18:02:35.960888 1491 Entering Apply Finish Threshold Function
2026/04/19-18:02:35.960913 1491 [DEBUG] Allocating zone(new=1) start: 0x38000000 wp: 0x38000000 lt: 5 file lt: 5
2026/04/19-18:02:35.960920 1491 [Zonestats:time(s),used_cap(MB),reclaimable_cap(MB), avg_reclaimable(%), active(#), active_zones(#), open_zones(#)] 347 1884 3235 63 8 9 2
2026/04/19-18:02:35.960927 1491 [DEBUG] Syncing metadata for: /db_working_home/000638.sst
2026/04/19-18:02:36.555998 1490 Zone Garbage Stats: [84 9 2 0 0 12 4 5 2 2 3 0 ]
2026/04/19-18:02:36.556011 1490 Total Garbage Bytes: 330933340 bytes
2026/04/19-18:02:36.651508 1491 [DEBUG] Syncing metadata for: /db_working_home/000638.sst
2026/04/19-18:02:36.652070 1491 [DEBUG] Syncing metadata for: /db_working_home/000638.sst
2026/04/19-18:02:36.652771 1491 [DEBUG] GetFileSize: /db_working_home/000638.sst 
2026/04/19-18:02:36.652804 1491 [DEBUG] New writable file: /db_working_home/000639.sst direct: 1
2026/04/19-18:02:36.655996 1491 Entering Apply Finish Threshold Function
2026/04/19-18:02:36.656006 1491 Finishing zone: Entering Finish()
2026/04/19-18:02:37.167744 1491 [DEBUG] Allocating zone(new=1) start: 0xa0000000 wp: 0xa0000000 lt: 5 file lt: 5
2026/04/19-18:02:37.167760 1491 [Zonestats:time(s),used_cap(MB),reclaimable_cap(MB), avg_reclaimable(%), active(#), active_zones(#), open_zones(#)] 349 1948 3299 62 8 9 2
2026/04/19-18:02:37.167769 1491 [DEBUG] Syncing metadata for: /db_working_home/000639.sst
2026/04/19-18:02:37.556192 1490 Zone Garbage Stats: [83 9 2 0 0 13 4 5 2 2 3 0 ]
2026/04/19-18:02:37.556204 1490 Total Garbage Bytes: 330933469 bytes
2026/04/19-18:02:37.895067 1491 [DEBUG] Syncing metadata for: /db_working_home/000639.sst
2026/04/19-18:02:37.895640 1491 [DEBUG] Syncing metadata for: /db_working_home/000639.sst
2026/04/19-18:02:37.896337 1491 [DEBUG] GetFileSize: /db_working_home/000639.sst 
2026/04/19-18:02:37.896371 1491 [DEBUG] New writable file: /db_working_home/000640.sst direct: 1
2026/04/19-18:02:37.899555 1491 Entering Apply Finish Threshold Function
2026/04/19-18:02:37.899566 1491 Finishing zone: Entering Finish()
2026/04/19-18:02:38.411312 1491 [DEBUG] Allocating zone(new=1) start: 0x148000000 wp: 0x148000000 lt: 5 file lt: 5
2026/04/19-18:02:38.411328 1491 [Zonestats:time(s),used_cap(MB),reclaimable_cap(MB), avg_reclaimable(%), active(#), active_zones(#), open_zones(#)] 350 2013 3362 62 8 9 2
2026/04/19-18:02:38.411337 1491 [DEBUG] Syncing metadata for: /db_working_home/000640.sst
2026/04/19-18:02:38.556386 1490 Zone Garbage Stats: [82 9 2 0 0 14 4 5 2 2 3 0 ]
2026/04/19-18:02:38.556450 1490 Total Garbage Bytes: 330933684 bytes
2026/04/19-18:02:38.681630 1491 [DEBUG] Syncing metadata for: /db_working_home/000640.sst
2026/04/19-18:02:38.682210 1491 [DEBUG] Syncing metadata for: /db_working_home/000640.sst
2026/04/19-18:02:38.682923 1491 [DEBUG] GetFileSize: /db_working_home/000640.sst 
2026/04/19-18:02:38.684364 1491 [DEBUG] New random access file: /db_working_home/000638.sst direct: 1
2026/04/19-18:02:38.684647 1491 [DEBUG] GetFileSize: /db_working_home/000638.sst 
2026/04/19-18:02:38.684839 1491 [DEBUG] New random access file: /db_working_home/000639.sst direct: 1
2026/04/19-18:02:38.685078 1491 [DEBUG] GetFileSize: /db_working_home/000639.sst 
2026/04/19-18:02:38.685227 1491 [DEBUG] New random access file: /db_working_home/000640.sst direct: 1
2026/04/19-18:02:38.685396 1491 [DEBUG] GetFileSize: /db_working_home/000640.sst 
2026/04/19-18:02:38.686320 1491 [DEBUG] Syncing metadata for: /db_working_home/MANIFEST-000199
2026/04/19-18:02:38.687076 1491 [DEBUG] DeleteFile: ./db_working_home/000187.sst 
2026/04/19-18:02:38.687758 1491 [Zonestats:time(s),used_cap(MB),reclaimable_cap(MB), avg_reclaimable(%), active(#), active_zones(#), open_zones(#)] 350 1973 3402 63 9 9 1
2026/04/19-18:02:38.687799 1491 [DEBUG] DeleteFile: ./db_working_home/000626.sst 
2026/04/19-18:02:38.688444 1491 [Zonestats:time(s),used_cap(MB),reclaimable_cap(MB), avg_reclaimable(%), active(#), active_zones(#), open_zones(#)] 350 1865 3382 64 9 9 1
2026/04/19-18:02:38.688479 1491 [DEBUG] DeleteFile: ./db_working_home/000637.sst 
2026/04/19-18:02:38.689120 1491 [Zonestats:time(s),used_cap(MB),reclaimable_cap(MB), avg_reclaimable(%), active(#), active_zones(#), open_zones(#)] 350 1829 3290 64 8 8 1
2026/04/19-18:02:38.694493 1491 [DEBUG] New writable file: /db_working_home/000641.sst direct: 1
2026/04/19-18:02:38.697514 1491 Entering Apply Finish Threshold Function
2026/04/19-18:02:38.697539 1491 [DEBUG] Allocating zone(new=1) start: 0x50000000 wp: 0x50000000 lt: 5 file lt: 5
2026/04/19-18:02:38.697547 1491 [Zonestats:time(s),used_cap(MB),reclaimable_cap(MB), avg_reclaimable(%), active(#), active_zones(#), open_zones(#)] 350 1829 3290 64 8 9 2
2026/04/19-18:02:38.697554 1491 [DEBUG] Syncing metadata for: /db_working_home/000641.sst
2026/04/19-18:02:39.147389 1491 [DEBUG] Syncing metadata for: /db_working_home/000641.sst
2026/04/19-18:02:39.147953 1491 [DEBUG] Syncing metadata for: /db_working_home/000641.sst
2026/04/19-18:02:39.148666 1491 [DEBUG] GetFileSize: /db_working_home/000641.sst 
2026/04/19-18:02:39.150073 1491 [DEBUG] New random access file: /db_working_home/000641.sst direct: 1
2026/04/19-18:02:39.150311 1491 [DEBUG] GetFileSize: /db_working_home/000641.sst 
2026/04/19-18:02:39.151246 1491 [DEBUG] Syncing metadata for: /db_working_home/MANIFEST-000199
2026/04/19-18:02:39.151988 1491 [DEBUG] DeleteFile: ./db_working_home/000539.sst 
2026/04/19-18:02:39.152691 1491 [Zonestats:time(s),used_cap(MB),reclaimable_cap(MB), avg_reclaimable(%), active(#), active_zones(#), open_zones(#)] 351 1843 3276 63 9 9 1
2026/04/19-18:02:39.152733 1491 [DEBUG] DeleteFile: ./db_working_home/000586.sst 
2026/04/19-18:02:39.153380 1491 [Zonestats:time(s),used_cap(MB),reclaimable_cap(MB), avg_reclaimable(%), active(#), active_zones(#), open_zones(#)] 351 1843 3148 63 9 9 1
2026/04/19-18:02:39.153414 1491 [DEBUG] DeleteFile: ./db_working_home/000617.sst 
2026/04/19-18:02:39.154057 1491 [Zonestats:time(s),used_cap(MB),reclaimable_cap(MB), avg_reclaimable(%), active(#), active_zones(#), open_zones(#)] 351 1823 3040 62 8 8 1
2026/04/19-18:02:39.154807 1491 [DEBUG] Syncing metadata for: /db_working_home/MANIFEST-000199
2026/04/19-18:02:39.160720 1491 [DEBUG] New writable file: /db_working_home/000642.sst direct: 1
2026/04/19-18:02:39.163667 1491 Entering Apply Finish Threshold Function
2026/04/19-18:02:39.163676 1491 Finishing zone: Entering Finish()
2026/04/19-18:02:39.556646 1490 Zone Garbage Stats: [87 8 1 0 0 13 4 5 1 2 2 0 ]
2026/04/19-18:02:39.556658 1490 Total Garbage Bytes: 233512661 bytes
2026/04/19-18:02:39.851955 1491 [DEBUG] Allocating zone(new=1) start: 0xb8000000 wp: 0xb8000000 lt: 5 file lt: 5
2026/04/19-18:02:39.851970 1491 [Zonestats:time(s),used_cap(MB),reclaimable_cap(MB), avg_reclaimable(%), active(#), active_zones(#), open_zones(#)] 351 1823 3040 62 7 8 2
2026/04/19-18:02:39.851978 1491 [DEBUG] Syncing metadata for: /db_working_home/000642.sst
2026/04/19-18:02:40.515039 1491 [DEBUG] Syncing metadata for: /db_working_home/000642.sst
2026/04/19-18:02:40.515623 1491 [DEBUG] Syncing metadata for: /db_working_home/000642.sst
2026/04/19-18:02:40.516331 1491 [DEBUG] GetFileSize: /db_working_home/000642.sst 
2026/04/19-18:02:40.516365 1491 [DEBUG] New writable file: /db_working_home/000643.sst direct: 1
2026/04/19-18:02:40.522124 1491 Entering Apply Finish Threshold Function
2026/04/19-18:02:40.522136 1491 Finishing zone: Entering Finish()
2026/04/19-18:02:40.556846 1490 Zone Garbage Stats: [86 8 1 0 0 13 4 6 1 2 2 0 ]
2026/04/19-18:02:40.556858 1490 Total Garbage Bytes: 233513072 bytes
2026/04/19-18:02:41.038882 1491 [DEBUG] Allocating zone(new=1) start: 0xe8000000 wp: 0xe8000000 lt: 5 file lt: 5
2026/04/19-18:02:41.038898 1491 [Zonestats:time(s),used_cap(MB),reclaimable_cap(MB), avg_reclaimable(%), active(#), active_zones(#), open_zones(#)] 353 1887 3104 62 7 8 2
2026/04/19-18:02:41.038907 1491 [DEBUG] Syncing metadata for: /db_working_home/000643.sst
2026/04/19-18:02:41.364525 1491 [DEBUG] Syncing metadata for: /db_working_home/000643.sst
2026/04/19-18:02:41.365121 1491 [DEBUG] Syncing metadata for: /db_working_home/000643.sst
2026/04/19-18:02:41.365831 1491 [DEBUG] GetFileSize: /db_working_home/000643.sst 
2026/04/19-18:02:41.367356 1491 [DEBUG] New random access file: /db_working_home/000642.sst direct: 1
2026/04/19-18:02:41.367638 1491 [DEBUG] GetFileSize: /db_working_home/000642.sst 
2026/04/19-18:02:41.367810 1491 [DEBUG] New random access file: /db_working_home/000643.sst direct: 1
2026/04/19-18:02:41.368009 1491 [DEBUG] GetFileSize: /db_working_home/000643.sst 
2026/04/19-18:02:41.368923 1491 [DEBUG] Syncing metadata for: /db_working_home/MANIFEST-000199
2026/04/19-18:02:41.369673 1491 [DEBUG] DeleteFile: ./db_working_home/000574.sst 
2026/04/19-18:02:41.370354 1491 [Zonestats:time(s),used_cap(MB),reclaimable_cap(MB), avg_reclaimable(%), active(#), active_zones(#), open_zones(#)] 353 1844 3147 63 8 8 1
2026/04/19-18:02:41.370394 1491 [DEBUG] DeleteFile: ./db_working_home/000595.sst 
2026/04/19-18:02:41.371039 1491 [Zonestats:time(s),used_cap(MB),reclaimable_cap(MB), avg_reclaimable(%), active(#), active_zones(#), open_zones(#)] 353 1817 3046 62 8 8 1
2026/04/19-18:02:41.376392 1491 [DEBUG] New writable file: /db_working_home/000644.sst direct: 1
2026/04/19-18:02:41.379087 1491 Entering Apply Finish Threshold Function
2026/04/19-18:02:41.379113 1491 [DEBUG] Allocating zone(new=1) start: 0x110000000 wp: 0x110000000 lt: 5 file lt: 5
2026/04/19-18:02:41.379121 1491 [Zonestats:time(s),used_cap(MB),reclaimable_cap(MB), avg_reclaimable(%), active(#), active_zones(#), open_zones(#)] 353 1817 3046 62 8 9 2
2026/04/19-18:02:41.379127 1491 [DEBUG] Syncing metadata for: /db_working_home/000644.sst
2026/04/19-18:02:41.557037 1490 Zone Garbage Stats: [86 9 1 0 0 12 5 6 0 2 2 0 ]
2026/04/19-18:02:41.557050 1490 Total Garbage Bytes: 217451303 bytes
2026/04/19-18:02:42.080870 1491 [DEBUG] Syncing metadata for: /db_working_home/000644.sst
2026/04/19-18:02:42.081433 1491 [DEBUG] Syncing metadata for: /db_working_home/000644.sst
2026/04/19-18:02:42.082130 1491 [DEBUG] GetFileSize: /db_working_home/000644.sst 
2026/04/19-18:02:42.082163 1491 [DEBUG] New writable file: /db_working_home/000645.sst direct: 1
2026/04/19-18:02:42.085312 1491 Entering Apply Finish Threshold Function
2026/04/19-18:02:42.085325 1491 Finishing zone: Entering Finish()
2026/04/19-18:02:42.557232 1490 Zone Garbage Stats: [86 9 1 0 0 12 5 6 0 2 2 0 ]
2026/04/19-18:02:42.557244 1490 Total Garbage Bytes: 217451303 bytes
2026/04/19-18:02:42.597044 1491 [DEBUG] Allocating zone(new=1) start: 0x118000000 wp: 0x118000000 lt: 5 file lt: 5
2026/04/19-18:02:42.597060 1491 [Zonestats:time(s),used_cap(MB),reclaimable_cap(MB), avg_reclaimable(%), active(#), active_zones(#), open_zones(#)] 354 1881 3110 62 8 9 2
2026/04/19-18:02:42.597069 1491 [DEBUG] Syncing metadata for: /db_working_home/000645.sst
2026/04/19-18:02:43.324883 1491 [DEBUG] Syncing metadata for: /db_working_home/000645.sst
2026/04/19-18:02:43.325445 1491 [DEBUG] Syncing metadata for: /db_working_home/000645.sst
2026/04/19-18:02:43.326143 1491 [DEBUG] GetFileSize: /db_working_home/000645.sst 
2026/04/19-18:02:43.326177 1491 [DEBUG] New writable file: /db_working_home/000646.sst direct: 1
2026/04/19-18:02:43.331834 1491 Entering Apply Finish Threshold Function
2026/04/19-18:02:43.331848 1491 Finishing zone: Entering Finish()
2026/04/19-18:02:43.557430 1490 Zone Garbage Stats: [85 9 1 0 0 13 5 6 0 2 2 0 ]
2026/04/19-18:02:43.557533 1490 Total Garbage Bytes: 217451589 bytes
2026/04/19-18:02:43.843591 1491 [DEBUG] Allocating zone(new=1) start: 0x158000000 wp: 0x158000000 lt: 5 file lt: 5
2026/04/19-18:02:43.843606 1491 [Zonestats:time(s),used_cap(MB),reclaimable_cap(MB), avg_reclaimable(%), active(#), active_zones(#), open_zones(#)] 355 1945 3174 62 8 9 2
2026/04/19-18:02:43.843615 1491 [DEBUG] Syncing metadata for: /db_working_home/000646.sst
2026/04/19-18:02:43.966418 1491 [DEBUG] Syncing metadata for: /db_working_home/000646.sst
2026/04/19-18:02:43.966980 1491 [DEBUG] Syncing metadata for: /db_working_home/000646.sst
2026/04/19-18:02:43.967700 1491 [DEBUG] GetFileSize: /db_working_home/000646.sst 
2026/04/19-18:02:43.968867 1491 [DEBUG] New random access file: /db_working_home/000644.sst direct: 1
2026/04/19-18:02:43.969114 1491 [DEBUG] GetFileSize: /db_working_home/000644.sst 
2026/04/19-18:02:43.969300 1491 [DEBUG] New random access file: /db_working_home/000645.sst direct: 1
2026/04/19-18:02:43.969547 1491 [DEBUG] GetFileSize: /db_working_home/000645.sst 
2026/04/19-18:02:43.969690 1491 [DEBUG] New random access file: /db_working_home/000646.sst direct: 1
2026/04/19-18:02:43.969862 1491 [DEBUG] GetFileSize: /db_working_home/000646.sst 
2026/04/19-18:02:43.970782 1491 [DEBUG] Syncing metadata for: /db_working_home/MANIFEST-000199
2026/04/19-18:02:43.971526 1491 [DEBUG] DeleteFile: ./db_working_home/000188.sst 
2026/04/19-18:02:43.972228 1491 [Zonestats:time(s),used_cap(MB),reclaimable_cap(MB), avg_reclaimable(%), active(#), active_zones(#), open_zones(#)] 355 1892 3227 63 9 9 1
2026/04/19-18:02:43.972271 1491 [DEBUG] DeleteFile: ./db_working_home/000627.sst 
2026/04/19-18:02:43.972916 1491 [Zonestats:time(s),used_cap(MB),reclaimable_cap(MB), avg_reclaimable(%), active(#), active_zones(#), open_zones(#)] 355 1785 3206 64 9 9 1
2026/04/19-18:02:43.972952 1491 [DEBUG] DeleteFile: ./db_working_home/000640.sst 
2026/04/19-18:02:43.973607 1491 [Zonestats:time(s),used_cap(MB),reclaimable_cap(MB), avg_reclaimable(%), active(#), active_zones(#), open_zones(#)] 355 1761 3102 63 8 8 1
2026/04/19-18:02:44.073957 1488 [DEBUG] GetChildrenNoLock: /db_working_home 
2026/04/19-18:02:44.074393 1488 [DEBUG] Syncing metadata for: /db_working_home/000605.log
2026/04/19-18:02:44.075014 1488 [DEBUG] Syncing metadata for: /db_working_home/MANIFEST-000199
2026/04/19-18:02:44.075560 1488 [DEBUG] Syncing metadata for: /db_working_home/MANIFEST-000199
2026/04/19-18:02:44.076162 1488 [DEBUG] GetFileSize: /db_working_home/MANIFEST-000199 
2026/04/19-18:02:44.077458 1488 [DEBUG] CreatDirIfMissing: ./db_working_home to aux: /home/femu/rocksdbTest/zenfs_aux/./db_working_home
2026/04/19-18:02:44.077489 1488 [DEBUG] FileExists: /db_working_home/LOG 
2026/04/19-18:02:44.077556 1488 [DEBUG] Rename file: /db_working_home/LOG to : /db_working_home/LOG.old.1776621764077544
2026/04/19-18:02:44.079026 1488 [DEBUG] GetChildrenNoLock: /db_working_home 
2026/04/19-18:02:44.079184 1488 [DEBUG] GetFileSize: /db_working_home/000605.log 
2026/04/19-18:02:44.079206 1488 [DEBUG] GetFileSize: /db_working_home/MANIFEST-000199 
2026/04/19-18:02:44.079891 1488 [DEBUG] CreatDirIfMissing: ./db_working_home to aux: /home/femu/rocksdbTest/zenfs_aux/./db_working_home
2026/04/19-18:02:44.079905 1488 [DEBUG] CreatDirIfMissing: ./db_working_home to aux: /home/femu/rocksdbTest/zenfs_aux/./db_working_home
2026/04/19-18:02:44.079919 1488 [DEBUG] CreatDirIfMissing: ./db_working_home to aux: /home/femu/rocksdbTest/zenfs_aux/./db_working_home
2026/04/19-18:02:44.079928 1488 [DEBUG] NewDirectory: ./db_working_home to aux: /home/femu/rocksdbTest/zenfs_aux/./db_working_home
2026/04/19-18:02:44.079964 1488 [DEBUG] FileExists: /db_working_home/CURRENT 
2026/04/19-18:02:44.079978 1488 [DEBUG] New random access file: /db_working_home/CURRENT direct: 1
2026/04/19-18:02:44.079993 1488 [DEBUG] New sequential file: /db_working_home/CURRENT direct: 0
2026/04/19-18:02:44.080179 1488 [DEBUG] New sequential file: /db_working_home/MANIFEST-000199 direct: 0
2026/04/19-18:02:44.084509 1527 [DEBUG] New random access file: /db_working_home/000612.sst direct: 1
2026/04/19-18:02:44.084620 1528 [DEBUG] New random access file: /db_working_home/000613.sst direct: 1
2026/04/19-18:02:44.084628 1529 [DEBUG] New random access file: /db_working_home/000614.sst direct: 1
2026/04/19-18:02:44.084727 1527 [DEBUG] GetFileSize: /db_working_home/000612.sst 
2026/04/19-18:02:44.084828 1531 [DEBUG] New random access file: /db_working_home/000641.sst direct: 1
2026/04/19-18:02:44.084872 1529 [DEBUG] GetFileSize: /db_working_home/000614.sst 
2026/04/19-18:02:44.084945 1527 [DEBUG] New random access file: /db_working_home/000642.sst direct: 1
2026/04/19-18:02:44.085034 1530 [DEBUG] New random access file: /db_working_home/000571.sst direct: 1
2026/04/19-18:02:44.085084 1529 [DEBUG] New random access file: /db_working_home/000631.sst direct: 1
2026/04/19-18:02:44.085139 1533 [DEBUG] New random access file: /db_working_home/000479.sst direct: 1
2026/04/19-18:02:44.085186 1532 [DEBUG] New random access file: /db_working_home/000615.sst direct: 1
2026/04/19-18:02:44.085198 1527 [DEBUG] GetFileSize: /db_working_home/000642.sst 
2026/04/19-18:02:44.085210 1528 [DEBUG] GetFileSize: /db_working_home/000613.sst 
2026/04/19-18:02:44.085264 1531 [DEBUG] GetFileSize: /db_working_home/000641.sst 
2026/04/19-18:02:44.085320 1530 [DEBUG] GetFileSize: /db_working_home/000571.sst 
2026/04/19-18:02:44.085460 1531 [DEBUG] New random access file: /db_working_home/000624.sst direct: 1
2026/04/19-18:02:44.085496 1530 [DEBUG] New random access file: /db_working_home/000643.sst direct: 1
2026/04/19-18:02:44.085543 1527 [DEBUG] New random access file: /db_working_home/000630.sst direct: 1
2026/04/19-18:02:44.085629 1531 [DEBUG] GetFileSize: /db_working_home/000624.sst 
2026/04/19-18:02:44.085671 1530 [DEBUG] GetFileSize: /db_working_home/000643.sst 
2026/04/19-18:02:44.085742 1531 [DEBUG] New random access file: /db_working_home/000530.sst direct: 1
2026/04/19-18:02:44.085744 1530 [DEBUG] New random access file: /db_working_home/000534.sst direct: 1
2026/04/19-18:02:44.085871 1530 [DEBUG] GetFileSize: /db_working_home/000534.sst 
2026/04/19-18:02:44.085990 1532 [DEBUG] GetFileSize: /db_working_home/000615.sst 
2026/04/19-18:02:44.086063 1530 [DEBUG] New random access file: /db_working_home/000417.sst direct: 1
2026/04/19-18:02:44.086122 1528 [DEBUG] New random access file: /db_working_home/000414.sst direct: 1
2026/04/19-18:02:44.086165 1532 [DEBUG] New random access file: /db_working_home/000644.sst direct: 1
2026/04/19-18:02:44.086245 1527 [DEBUG] GetFileSize: /db_working_home/000630.sst 
2026/04/19-18:02:44.086298 1531 [DEBUG] GetFileSize: /db_working_home/000530.sst 
2026/04/19-18:02:44.086395 1529 [DEBUG] GetFileSize: /db_working_home/000631.sst 
2026/04/19-18:02:44.086446 1532 [DEBUG] GetFileSize: /db_working_home/000644.sst 
2026/04/19-18:02:44.086569 1531 [DEBUG] New random access file: /db_working_home/000639.sst direct: 1
2026/04/19-18:02:44.086583 1528 [DEBUG] GetFileSize: /db_working_home/000414.sst 
2026/04/19-18:02:44.086587 1534 [DEBUG] New random access file: /db_working_home/000645.sst direct: 1
2026/04/19-18:02:44.086675 1530 [DEBUG] GetFileSize: /db_working_home/000417.sst 
2026/04/19-18:02:44.086698 1535 [DEBUG] New random access file: /db_working_home/000636.sst direct: 1
2026/04/19-18:02:44.086898 1536 [DEBUG] New random access file: /db_working_home/000635.sst direct: 1
2026/04/19-18:02:44.086896 1529 [DEBUG] New random access file: /db_working_home/000634.sst direct: 1
2026/04/19-18:02:44.086993 1532 [DEBUG] New random access file: /db_working_home/000633.sst direct: 1
2026/04/19-18:02:44.087009 1533 [DEBUG] GetFileSize: /db_working_home/000479.sst 
2026/04/19-18:02:44.087133 1531 [DEBUG] GetFileSize: /db_working_home/000639.sst 
2026/04/19-18:02:44.087273 1535 [DEBUG] GetFileSize: /db_working_home/000636.sst 
2026/04/19-18:02:44.087328 1534 [DEBUG] GetFileSize: /db_working_home/000645.sst 
2026/04/19-18:02:44.087387 1532 [DEBUG] GetFileSize: /db_working_home/000633.sst 
2026/04/19-18:02:44.087627 1536 [DEBUG] GetFileSize: /db_working_home/000635.sst 
2026/04/19-18:02:44.087792 1534 [DEBUG] New random access file: /db_working_home/000182.sst direct: 1
2026/04/19-18:02:44.087879 1529 [DEBUG] GetFileSize: /db_working_home/000634.sst 
2026/04/19-18:02:44.088039 1534 [DEBUG] GetFileSize: /db_working_home/000182.sst 
2026/04/19-18:02:44.088240 1528 [DEBUG] New random access file: /db_working_home/000628.sst direct: 1
2026/04/19-18:02:44.088247 1535 [DEBUG] New random access file: /db_working_home/000629.sst direct: 1
2026/04/19-18:02:44.088299 1527 [DEBUG] New random access file: /db_working_home/000191.sst direct: 1
2026/04/19-18:02:44.088474 1528 [DEBUG] GetFileSize: /db_working_home/000628.sst 
2026/04/19-18:02:44.088512 1536 [DEBUG] New random access file: /db_working_home/000608.sst direct: 1
2026/04/19-18:02:44.088578 1534 [DEBUG] New random access file: /db_working_home/000638.sst direct: 1
2026/04/19-18:02:44.088579 1535 [DEBUG] GetFileSize: /db_working_home/000629.sst 
2026/04/19-18:02:44.088599 1538 [DEBUG] New random access file: /db_working_home/000192.sst direct: 1
2026/04/19-18:02:44.088630 1527 [DEBUG] GetFileSize: /db_working_home/000191.sst 
2026/04/19-18:02:44.088759 1527 [DEBUG] New random access file: /db_working_home/000609.sst direct: 1
2026/04/19-18:02:44.088768 1537 [DEBUG] New random access file: /db_working_home/000646.sst direct: 1
2026/04/19-18:02:44.088831 1538 [DEBUG] GetFileSize: /db_working_home/000192.sst 
2026/04/19-18:02:44.088843 1534 [DEBUG] GetFileSize: /db_working_home/000638.sst 
2026/04/19-18:02:44.088995 1537 [DEBUG] GetFileSize: /db_working_home/000646.sst 
2026/04/19-18:02:44.089006 1527 [DEBUG] GetFileSize: /db_working_home/000609.sst 
2026/04/19-18:02:44.089008 1539 [DEBUG] New random access file: /db_working_home/000632.sst direct: 1
2026/04/19-18:02:44.089402 1536 [DEBUG] GetFileSize: /db_working_home/000608.sst 
2026/04/19-18:02:44.089733 1529 [DEBUG] New random access file: /db_working_home/000183.sst direct: 1
2026/04/19-18:02:44.089993 1529 [DEBUG] GetFileSize: /db_working_home/000183.sst 
2026/04/19-18:02:44.089994 1539 [DEBUG] GetFileSize: /db_working_home/000632.sst 
2026/04/19-18:02:44.091132 1488 [DEBUG] FileExists: /db_working_home/IDENTITY 
2026/04/19-18:02:44.091153 1488 [DEBUG] New sequential file: /db_working_home/IDENTITY direct: 0
2026/04/19-18:02:44.091244 1488 [DEBUG] GetChildrenNoLock: /db_working_home 
2026/04/19-18:02:44.091441 1488 [DEBUG] CreatDirIfMissing: ./db_working_home to aux: /home/femu/rocksdbTest/zenfs_aux/./db_working_home
2026/04/19-18:02:44.091456 1488 [DEBUG] NewDirectory: ./db_working_home to aux: /home/femu/rocksdbTest/zenfs_aux/./db_working_home
2026/04/19-18:02:44.091477 1488 [DEBUG] GetChildrenNoLock: /db_working_home 
2026/04/19-18:02:44.091651 1488 [DEBUG] New sequential file: /db_working_home/000605.log direct: 0
2026/04/19-18:02:44.091671 1488 [DEBUG] GetFileSize: /db_working_home/000605.log 
2026/04/19-18:02:44.091686 1488 [DEBUG] GetFileSize: /db_working_home/000605.log 
2026/04/19-18:02:44.091695 1488 [DEBUG] Reopen writable file: /db_working_home/000605.log 
2026/04/19-18:02:44.091711 1488 [DEBUG] Syncing metadata for: /db_working_home/000605.log
2026/04/19-18:02:44.092301 1488 [DEBUG] New writable file: /db_working_home/000649.log direct: 0
2026/04/19-18:02:44.092906 1488 [DEBUG] New writable file: /db_working_home/MANIFEST-000650 direct: 0
2026/04/19-18:02:44.093700 1488 Entering Apply Finish Threshold Function
2026/04/19-18:02:44.093723 1488 [DEBUG] Allocating zone(new=0) start: 0x20000000 wp: 0x2002ee00 lt: 0 file lt: 0
2026/04/19-18:02:44.093730 1488 [Zonestats:time(s),used_cap(MB),reclaimable_cap(MB), avg_reclaimable(%), active(#), active_zones(#), open_zones(#)] 356 1761 3102 63 8 8 1
2026/04/19-18:02:44.093736 1488 [DEBUG] Syncing metadata for: /db_working_home/MANIFEST-000650
2026/04/19-18:02:44.094805 1488 [DEBUG] Syncing metadata for: /db_working_home/MANIFEST-000650
2026/04/19-18:02:44.095352 1488 [DEBUG] New writable file: /db_working_home/000650.dbtmp direct: 0
2026/04/19-18:02:44.095894 1488 Entering Apply Finish Threshold Function
2026/04/19-18:02:44.095914 1488 [DEBUG] Allocating zone(new=0) start: 0x18000000 wp: 0x18013200 lt: 0 file lt: 0
2026/04/19-18:02:44.095920 1488 [Zonestats:time(s),used_cap(MB),reclaimable_cap(MB), avg_reclaimable(%), active(#), active_zones(#), open_zones(#)] 356 1761 3102 63 8 8 2
2026/04/19-18:02:44.095926 1488 [DEBUG] Syncing metadata for: /db_working_home/000650.dbtmp
2026/04/19-18:02:44.096970 1488 [DEBUG] Syncing metadata for: /db_working_home/000650.dbtmp
2026/04/19-18:02:44.097500 1488 [DEBUG] Syncing metadata for: /db_working_home/000650.dbtmp
2026/04/19-18:02:44.098028 1488 [DEBUG] Syncing metadata for: /db_working_home/000650.dbtmp
2026/04/19-18:02:44.098623 1488 [DEBUG] Rename file: /db_working_home/000650.dbtmp to : /db_working_home/CURRENT
2026/04/19-18:02:44.101022 1488 [DEBUG] New writable file: /db_working_home/OPTIONS-000651.dbtmp direct: 0
2026/04/19-18:02:44.101845 1488 Entering Apply Finish Threshold Function
2026/04/19-18:02:44.101861 1488 [DEBUG] Allocating zone(new=0) start: 0x18000000 wp: 0x18013400 lt: 0 file lt: 0
2026/04/19-18:02:44.101866 1488 [Zonestats:time(s),used_cap(MB),reclaimable_cap(MB), avg_reclaimable(%), active(#), active_zones(#), open_zones(#)] 356 1761 3102 63 8 8 2
2026/04/19-18:02:44.101871 1488 [DEBUG] Syncing metadata for: /db_working_home/OPTIONS-000651.dbtmp
2026/04/19-18:02:44.102909 1488 [DEBUG] Syncing metadata for: /db_working_home/OPTIONS-000651.dbtmp
2026/04/19-18:02:44.103429 1488 [DEBUG] Syncing metadata for: /db_working_home/OPTIONS-000651.dbtmp
2026/04/19-18:02:44.103946 1488 [DEBUG] Syncing metadata for: /db_working_home/OPTIONS-000651.dbtmp
2026/04/19-18:02:44.104522 1488 [DEBUG] New sequential file: /db_working_home/OPTIONS-000651.dbtmp direct: 0
2026/04/19-18:02:44.105884 1488 [DEBUG] GetFileSize: /db_working_home/OPTIONS-000651.dbtmp 
2026/04/19-18:02:44.105896 1488 [DEBUG] Rename file: /db_working_home/OPTIONS-000651.dbtmp to : /db_working_home/OPTIONS-000652
2026/04/19-18:02:44.106470 1488 [DEBUG] NewDirectory: ./db_working_home to aux: /home/femu/rocksdbTest/zenfs_aux/./db_working_home
2026/04/19-18:02:44.107629 1488 [DEBUG] GetChildrenNoLock: /db_working_home 
2026/04/19-18:02:44.107751 1488 [DEBUG] DeleteFile: ./db_working_home/OPTIONS-000007 
2026/04/19-18:02:44.108289 1488 [Zonestats:time(s),used_cap(MB),reclaimable_cap(MB), avg_reclaimable(%), active(#), active_zones(#), open_zones(#)] 356 1761 3102 63 8 8 1
2026/04/19-18:02:44.108502 1488 [DEBUG] GetChildrenNoLock: /db_working_home 
2026/04/19-18:02:44.108635 1488 [DEBUG] GetChildrenNoLock: /db_working_home 
2026/04/19-18:02:44.108790 1488 [DEBUG] DeleteFile: ./db_working_home/000605.log 
2026/04/19-18:02:44.109333 1488 [Zonestats:time(s),used_cap(MB),reclaimable_cap(MB), avg_reclaimable(%), active(#), active_zones(#), open_zones(#)] 356 1761 3102 63 8 8 1
2026/04/19-18:02:44.109358 1488 [DEBUG] DeleteFile: ./db_working_home/MANIFEST-000199 
2026/04/19-18:02:44.109995 1488 [Zonestats:time(s),used_cap(MB),reclaimable_cap(MB), avg_reclaimable(%), active(#), active_zones(#), open_zones(#)] 356 1761 3102 63 8 8 1
2026/04/19-18:02:44.411809 1488 [DEBUG] GetChildrenNoLock: /db_working_home 
2026/04/19-18:02:44.412085 1488 [DEBUG] Syncing metadata for: /db_working_home/000649.log
2026/04/19-18:02:44.412668 1488 [DEBUG] Syncing metadata for: /db_working_home/MANIFEST-000650
2026/04/19-18:02:44.413201 1488 [DEBUG] Syncing metadata for: /db_working_home/MANIFEST-000650
2026/04/19-18:02:44.413795 1488 [DEBUG] GetFileSize: /db_working_home/MANIFEST-000650 
2026/04/19-18:02:44.557737 1490 Zone Garbage Stats: [87 10 0 0 0 13 5 6 0 2 2 0 ]
2026/04/19-18:02:44.557747 1490 Total Garbage Bytes: 217644666 bytes
2026/04/19-18:02:44.731230 1488 ZenFS shutting down
2026/04/19-18:02:44.731245 1488 [DEBUG] Zone 0x18000000 used capacity: 17048 bytes (0 MB)
2026/04/19-18:02:44.731250 1488 [DEBUG] Zone 0x20000000 used capacity: 11404 bytes (0 MB)
2026/04/19-18:02:44.731254 1488 [DEBUG] Zone 0x28000000 used capacity: 40713705 bytes (38 MB)
2026/04/19-18:02:44.731258 1488 [DEBUG] Zone 0x30000000 used capacity: 134217728 bytes (128 MB)
2026/04/19-18:02:44.731262 1488 [DEBUG] Zone 0x38000000 used capacity: 67213695 bytes (64 MB)
2026/04/19-18:02:44.731266 1488 [DEBUG] Zone 0x40000000 used capacity: 67213510 bytes (64 MB)
2026/04/19-18:02:44.731269 1488 [DEBUG] Zone 0x48000000 used capacity: 54537811 bytes (52 MB)
2026/04/19-18:02:44.731272 1488 [DEBUG] Zone 0x50000000 used capacity: 44046437 bytes (42 MB)
2026/04/19-18:02:44.731276 1488 [DEBUG] Zone 0x58000000 used capacity: 203545 bytes (0 MB)
2026/04/19-18:02:44.731279 1488 [DEBUG] Zone 0x60000000 used capacity: 67222815 bytes (64 MB)
2026/04/19-18:02:44.731282 1488 [DEBUG] Zone 0x68000000 used capacity: 67222931 bytes (64 MB)
2026/04/19-18:02:44.731285 1488 [DEBUG] Zone 0x78000000 used capacity: 67214125 bytes (64 MB)
2026/04/19-18:02:44.731288 1488 [DEBUG] Zone 0x80000000 used capacity: 67214726 bytes (64 MB)
2026/04/19-18:02:44.731291 1488 [DEBUG] Zone 0x88000000 used capacity: 57126068 bytes (54 MB)
2026/04/19-18:02:44.731294 1488 [DEBUG] Zone 0x90000000 used capacity: 67216218 bytes (64 MB)
2026/04/19-18:02:44.731297 1488 [DEBUG] Zone 0x98000000 used capacity: 67214070 bytes (64 MB)
2026/04/19-18:02:44.731300 1488 [DEBUG] Zone 0xA0000000 used capacity: 67213609 bytes (64 MB)
2026/04/19-18:02:44.731303 1488 [DEBUG] Zone 0xA8000000 used capacity: 16486222 bytes (15 MB)
2026/04/19-18:02:44.731306 1488 [DEBUG] Zone 0xB0000000 used capacity: 49006119 bytes (46 MB)
2026/04/19-18:02:44.731309 1488 [DEBUG] Zone 0xB8000000 used capacity: 66543200 bytes (63 MB)
2026/04/19-18:02:44.731312 1488 [DEBUG] Zone 0xC8000000 used capacity: 298404 bytes (0 MB)
2026/04/19-18:02:44.731315 1488 [DEBUG] Zone 0xD0000000 used capacity: 56674067 bytes (54 MB)
2026/04/19-18:02:44.731318 1488 [DEBUG] Zone 0xD8000000 used capacity: 46360721 bytes (44 MB)
2026/04/19-18:02:44.731321 1488 [DEBUG] Zone 0xE0000000 used capacity: 14670660 bytes (13 MB)
2026/04/19-18:02:44.731324 1488 [DEBUG] Zone 0xE8000000 used capacity: 31244681 bytes (29 MB)
2026/04/19-18:02:44.731327 1488 [DEBUG] Zone 0xF0000000 used capacity: 67231910 bytes (64 MB)
2026/04/19-18:02:44.731330 1488 [DEBUG] Zone 0xF8000000 used capacity: 8999683 bytes (8 MB)
2026/04/19-18:02:44.731333 1488 [DEBUG] Zone 0x100000000 used capacity: 67213716 bytes (64 MB)
2026/04/19-18:02:44.731336 1488 [DEBUG] Zone 0x108000000 used capacity: 52641278 bytes (50 MB)
2026/04/19-18:02:44.731339 1488 [DEBUG] Zone 0x110000000 used capacity: 67213538 bytes (64 MB)
2026/04/19-18:02:44.731342 1488 [DEBUG] Zone 0x118000000 used capacity: 67213478 bytes (64 MB)
2026/04/19-18:02:44.731345 1488 [DEBUG] Zone 0x120000000 used capacity: 54039915 bytes (51 MB)
2026/04/19-18:02:44.731348 1488 [DEBUG] Zone 0x128000000 used capacity: 5097904 bytes (4 MB)
2026/04/19-18:02:44.731351 1488 [DEBUG] Zone 0x130000000 used capacity: 22240246 bytes (21 MB)
2026/04/19-18:02:44.731354 1488 [DEBUG] Zone 0x138000000 used capacity: 134217728 bytes (128 MB)
2026/04/19-18:02:44.731357 1488 [DEBUG] Zone 0x140000000 used capacity: 48159006 bytes (45 MB)
2026/04/19-18:02:44.731360 1488 [DEBUG] Zone 0x150000000 used capacity: 23561985 bytes (22 MB)
2026/04/19-18:02:44.731363 1488 [DEBUG] Zone 0x158000000 used capacity: 11652852 bytes (11 MB)
2026/04/19-18:02:44.731385 1488 Zone Garbage Stats: [87 10 0 0 0 13 5 6 0 2 2 0 ]
2026/04/19-18:02:44.731388 1488 Total Garbage Bytes: 217644666 bytes
2026/04/19-18:02:44.731392 1488   Files:
2026/04/19-18:02:44.731395 1488     /db_working_home/000182.sst                   sz: 67222815 lh: 5 sparse: 0
2026/04/19-18:02:44.731399 1488           Extent 0 {start=0x60000000, zone=12, len=67222815} 
2026/04/19-18:02:44.731404 1488     /db_working_home/000183.sst                   sz: 67222931 lh: 5 sparse: 0
2026/04/19-18:02:44.731408 1488           Extent 0 {start=0x68000000, zone=13, len=67222931} 
2026/04/19-18:02:44.731411 1488     /db_working_home/000191.sst                   sz: 67231910 lh: 5 sparse: 0
2026/04/19-18:02:44.731415 1488           Extent 0 {start=0xf0000000, zone=30, len=67231910} 
2026/04/19-18:02:44.731418 1488     /db_working_home/000192.sst                   sz: 8999683 lh: 5 sparse: 0
2026/04/19-18:02:44.731431 1488           Extent 0 {start=0xf8000000, zone=31, len=8999683} 
2026/04/19-18:02:44.731435 1488     /db_working_home/000414.sst                   sz: 57126068 lh: 5 sparse: 0
2026/04/19-18:02:44.731438 1488           Extent 0 {start=0x88000000, zone=17, len=57126068} 
2026/04/19-18:02:44.731442 1488     /db_working_home/000417.sst                   sz: 56674067 lh: 5 sparse: 0
2026/04/19-18:02:44.731446 1488           Extent 0 {start=0xd0000000, zone=26, len=56674067} 
2026/04/19-18:02:44.731449 1488     /db_working_home/000479.sst                   sz: 134421273 lh: 5 sparse: 0
2026/04/19-18:02:44.731453 1488           Extent 0 {start=0x138000000, zone=39, len=134217728} 
2026/04/19-18:02:44.731456 1488           Extent 1 {start=0x58000000, zone=11, len=203545} 
2026/04/19-18:02:44.731460 1488     /db_working_home/000530.sst                   sz: 22240246 lh: 5 sparse: 0
2026/04/19-18:02:44.731463 1488           Extent 0 {start=0x130000000, zone=38, len=22240246} 
2026/04/19-18:02:44.731467 1488     /db_working_home/000534.sst                   sz: 23561985 lh: 5 sparse: 0
2026/04/19-18:02:44.731470 1488           Extent 0 {start=0x150000000, zone=42, len=23561985} 
2026/04/19-18:02:44.731473 1488     /db_working_home/000571.sst                   sz: 67214726 lh: 5 sparse: 0
2026/04/19-18:02:44.731476 1488           Extent 0 {start=0x80000000, zone=16, len=67214726} 
2026/04/19-18:02:44.731480 1488     /db_working_home/000608.sst                   sz: 67213510 lh: 5 sparse: 0
2026/04/19-18:02:44.731483 1488           Extent 0 {start=0x40000000, zone=8, len=67213510} 
2026/04/19-18:02:44.731487 1488     /db_working_home/000609.sst                   sz: 54537811 lh: 5 sparse: 0
2026/04/19-18:02:44.731490 1488           Extent 0 {start=0x48000000, zone=9, len=54537811} 
2026/04/19-18:02:44.731494 1488     /db_working_home/000612.sst                   sz: 16486222 lh: 3 sparse: 0
2026/04/19-18:02:44.731497 1488           Extent 0 {start=0xa8000000, zone=21, len=16486222} 
2026/04/19-18:02:44.731500 1488     /db_working_home/000613.sst                   sz: 40713705 lh: 4 sparse: 0
2026/04/19-18:02:44.731503 1488           Extent 0 {start=0x28000000, zone=5, len=40713705} 
2026/04/19-18:02:44.731507 1488     /db_working_home/000614.sst                   sz: 46360721 lh: 4 sparse: 0
2026/04/19-18:02:44.731511 1488           Extent 0 {start=0xd8000000, zone=27, len=46360721} 
2026/04/19-18:02:44.731514 1488     /db_working_home/000615.sst                   sz: 14670660 lh: 4 sparse: 0
2026/04/19-18:02:44.731517 1488           Extent 0 {start=0xe0000000, zone=28, len=14670660} 
2026/04/19-18:02:44.731521 1488     /db_working_home/000624.sst                   sz: 5097904 lh: 5 sparse: 0
2026/04/19-18:02:44.731524 1488           Extent 0 {start=0x128000000, zone=37, len=5097904} 
2026/04/19-18:02:44.731535 1488     /db_working_home/000628.sst                   sz: 67213716 lh: 5 sparse: 0
2026/04/19-18:02:44.731538 1488           Extent 0 {start=0x100000000, zone=32, len=67213716} 
2026/04/19-18:02:44.731542 1488     /db_working_home/000629.sst                   sz: 52641278 lh: 5 sparse: 0
2026/04/19-18:02:44.731545 1488           Extent 0 {start=0x108000000, zone=33, len=52641278} 
2026/04/19-18:02:44.731549 1488     /db_working_home/000630.sst                   sz: 134516132 lh: 5 sparse: 0
2026/04/19-18:02:44.731552 1488           Extent 0 {start=0x30000000, zone=6, len=134217728} 
2026/04/19-18:02:44.731556 1488           Extent 1 {start=0xc8000000, zone=25, len=298404} 
2026/04/19-18:02:44.731559 1488     /db_working_home/000631.sst                   sz: 54039915 lh: 5 sparse: 0
2026/04/19-18:02:44.731562 1488           Extent 0 {start=0x120000000, zone=36, len=54039915} 
2026/04/19-18:02:44.731565 1488     /db_working_home/000632.sst                   sz: 67214125 lh: 5 sparse: 0
2026/04/19-18:02:44.731568 1488           Extent 0 {start=0x78000000, zone=15, len=67214125} 
2026/04/19-18:02:44.731572 1488     /db_working_home/000633.sst                   sz: 49006119 lh: 5 sparse: 0
2026/04/19-18:02:44.731575 1488           Extent 0 {start=0xb0000000, zone=22, len=49006119} 
2026/04/19-18:02:44.731579 1488     /db_working_home/000634.sst                   sz: 67214070 lh: 5 sparse: 0
2026/04/19-18:02:44.731583 1488           Extent 0 {start=0x98000000, zone=19, len=67214070} 
2026/04/19-18:02:44.731586 1488     /db_working_home/000635.sst                   sz: 48159006 lh: 5 sparse: 0
2026/04/19-18:02:44.731589 1488           Extent 0 {start=0x140000000, zone=40, len=48159006} 
2026/04/19-18:02:44.731593 1488     /db_working_home/000636.sst                   sz: 67216218 lh: 5 sparse: 0
2026/04/19-18:02:44.731596 1488           Extent 0 {start=0x90000000, zone=18, len=67216218} 
2026/04/19-18:02:44.731599 1488     /db_working_home/000638.sst                   sz: 67213695 lh: 5 sparse: 0
2026/04/19-18:02:44.731602 1488           Extent 0 {start=0x38000000, zone=7, len=67213695} 
2026/04/19-18:02:44.731606 1488     /db_working_home/000639.sst                   sz: 67213609 lh: 5 sparse: 0
2026/04/19-18:02:44.731609 1488           Extent 0 {start=0xa0000000, zone=20, len=67213609} 
2026/04/19-18:02:44.731613 1488     /db_working_home/000641.sst                   sz: 44046437 lh: 5 sparse: 0
2026/04/19-18:02:44.731616 1488           Extent 0 {start=0x50000000, zone=10, len=44046437} 
2026/04/19-18:02:44.731619 1488     /db_working_home/000642.sst                   sz: 66543200 lh: 5 sparse: 0
2026/04/19-18:02:44.731622 1488           Extent 0 {start=0xb8000000, zone=23, len=66543200} 
2026/04/19-18:02:44.731626 1488     /db_working_home/000643.sst                   sz: 31244681 lh: 5 sparse: 0
2026/04/19-18:02:44.731629 1488           Extent 0 {start=0xe8000000, zone=29, len=31244681} 
2026/04/19-18:02:44.731633 1488     /db_working_home/000644.sst                   sz: 67213538 lh: 5 sparse: 0
2026/04/19-18:02:44.731636 1488           Extent 0 {start=0x110000000, zone=34, len=67213538} 
2026/04/19-18:02:44.731639 1488     /db_working_home/000645.sst                   sz: 67213478 lh: 5 sparse: 0
2026/04/19-18:02:44.731642 1488           Extent 0 {start=0x118000000, zone=35, len=67213478} 
2026/04/19-18:02:44.731645 1488     /db_working_home/000646.sst                   sz: 11652852 lh: 5 sparse: 0
2026/04/19-18:02:44.731648 1488           Extent 0 {start=0x158000000, zone=43, len=11652852} 
2026/04/19-18:02:44.731652 1488     /db_working_home/000649.log                   sz: 0 lh: 2 sparse: 1
2026/04/19-18:02:44.731656 1488     /db_working_home/CURRENT                      sz: 16 lh: 0 sparse: 0
2026/04/19-18:02:44.731659 1488           Extent 0 {start=0x18013200, zone=3, len=16} 
2026/04/19-18:02:44.731662 1488     /db_working_home/IDENTITY                     sz: 36 lh: 0 sparse: 0
2026/04/19-18:02:44.731666 1488           Extent 0 {start=0x18000000, zone=3, len=36} 
2026/04/19-18:02:44.731669 1488     /db_working_home/MANIFEST-000650              sz: 11404 lh: 0 sparse: 0
2026/04/19-18:02:44.731672 1488           Extent 0 {start=0x2002ee00, zone=4, len=11404} 
2026/04/19-18:02:44.731676 1488     /db_working_home/OPTIONS-000201               sz: 8498 lh: 0 sparse: 0
2026/04/19-18:02:44.731679 1488           Extent 0 {start=0x18011000, zone=3, len=8498} 
2026/04/19-18:02:44.731682 1488     /db_working_home/OPTIONS-000652               sz: 8498 lh: 0 sparse: 0
2026/04/19-18:02:44.731686 1488           Extent 0 {start=0x18013400, zone=3, len=8498} 
2026/04/19-18:02:44.731689 1488 Sum of all files: 1761 MB of data 
2026/04/19-18:02:45.557958 1490 Zone Garbage Stats: [87 10 0 0 0 13 5 6 0 2 2 0 ]
2026/04/19-18:02:45.557971 1490 Total Garbage Bytes: 217644666 bytes
