2026/04/15-19:55:49.165208 7211 New Zoned Block Device: /dev/nvme0n1
2026/04/15-19:55:49.165396 7211 Zone block device nr zones: 32 max active: 14 max open: 14 
2026/04/15-19:55:49.165744 7211 ZenFS initializing
2026/04/15-19:55:49.165747 7211 ZenFS parameters: block device: /dev/nvme0n1, aux filesystem: PosixFileSystem
2026/04/15-19:55:49.165749 7211 ZenFS initializing
2026/04/15-19:55:49.165772 7211 Found OK superblock in zone 0 seq: 1
2026/04/15-19:55:49.165777 7211 Recovered from zone: 0
2026/04/15-19:55:49.165785 7211 Rolling to metazone 1
2026/04/15-19:55:50.196912 7211 Superblock sequence 2
2026/04/15-19:55:50.196934 7211 Finish threshold 10
2026/04/15-19:55:50.196937 7211 Filesystem mount OK
2026/04/15-19:55:50.196939 7211 Resetting unused IO Zones..
2026/04/15-19:55:50.196944 7211   Done
2026/04/15-19:55:50.196947 7211 GC is disabled
2026/04/15-19:55:50.197411 7211   Files:
2026/04/15-19:55:50.197418 7211 Sum of all files: 0 MB of data 
2026/04/15-19:55:50.197463 7211 [DEBUG] GetTestDirectory: rocksdbtest aux: /home/femu/rocksdbTest/zenfs_aux/rocksdbtest
2026/04/15-19:55:50.197994 7211 [DEBUG] GetChildrenNoLock: /rocksdbtest/dbbench 
2026/04/15-19:55:50.198142 7211 [DEBUG] CreatDirIfMissing: rocksdbtest/dbbench to aux: /home/femu/rocksdbTest/zenfs_aux/rocksdbtest/dbbench
2026/04/15-19:55:50.198216 7211 [DEBUG] FileExists: /rocksdbtest/dbbench/LOG 
2026/04/15-19:55:50.198815 7211 [DEBUG] GetChildrenNoLock: /rocksdbtest/dbbench 
2026/04/15-19:55:50.198957 7211 [DEBUG] DeleteFile: rocksdbtest/dbbench/LOG 
2026/04/15-19:55:50.199000 7211 [Zonestats:time(s),used_cap(MB),reclaimable_cap(MB), avg_reclaimable(%), active(#), active_zones(#), open_zones(#)] 1 0 0 0 0 0 0
2026/04/15-19:55:50.199024 7211 [DEBUG] GetChildrenNoLock: /rocksdbtest/dbbench/archive 
2026/04/15-19:55:50.199051 7211 [DEBUG] DeleteFile: rocksdbtest/dbbench/LOCK 
2026/04/15-19:55:50.199111 7211 [Zonestats:time(s),used_cap(MB),reclaimable_cap(MB), avg_reclaimable(%), active(#), active_zones(#), open_zones(#)] 1 0 0 0 0 0 0
2026/04/15-19:55:50.199169 7211 [DEBUG] DeleteDir: rocksdbtest/dbbench aux: /home/femu/rocksdbTest/zenfs_aux/rocksdbtest/dbbench
2026/04/15-19:55:50.199177 7211 [DEBUG] GetChildrenNoLock: /rocksdbtest/dbbench 
2026/04/15-19:55:50.199261 7211 [DEBUG] DeleteDir: rocksdbtest/dbbench/archive aux: /home/femu/rocksdbTest/zenfs_aux/rocksdbtest/dbbench/archive
2026/04/15-19:55:50.199269 7211 [DEBUG] GetChildrenNoLock: /rocksdbtest/dbbench/archive 
2026/04/15-19:55:50.204628 7211 [DEBUG] CreatDirIfMissing: rocksdbtest/dbbench to aux: /home/femu/rocksdbTest/zenfs_aux/rocksdbtest/dbbench
2026/04/15-19:55:50.204724 7211 [DEBUG] FileExists: /rocksdbtest/dbbench/LOG 
2026/04/15-19:55:50.205239 7211 [DEBUG] GetChildrenNoLock: /rocksdbtest/dbbench 
2026/04/15-19:55:50.205912 7211 [DEBUG] CreatDirIfMissing: rocksdbtest/dbbench to aux: /home/femu/rocksdbTest/zenfs_aux/rocksdbtest/dbbench
2026/04/15-19:55:50.205938 7211 [DEBUG] CreatDirIfMissing: rocksdbtest/dbbench to aux: /home/femu/rocksdbTest/zenfs_aux/rocksdbtest/dbbench
2026/04/15-19:55:50.205951 7211 [DEBUG] CreatDirIfMissing: rocksdbtest/dbbench to aux: /home/femu/rocksdbTest/zenfs_aux/rocksdbtest/dbbench
2026/04/15-19:55:50.205961 7211 [DEBUG] NewDirectory: rocksdbtest/dbbench to aux: /home/femu/rocksdbTest/zenfs_aux/rocksdbtest/dbbench
2026/04/15-19:55:50.206023 7211 [DEBUG] FileExists: /rocksdbtest/dbbench/CURRENT 
2026/04/15-19:55:50.206084 7211 [DEBUG] New writable file: /rocksdbtest/dbbench/000000.dbtmp direct: 0
2026/04/15-19:55:50.206671 7211 Entering Apply Finish Threshold Function
2026/04/15-19:55:50.206678 7211 [DEBUG] Allocating zone(new=1) start: 0x18000000 wp: 0x18000000 lt: 0 file lt: 0
2026/04/15-19:55:50.206681 7211 [Zonestats:time(s),used_cap(MB),reclaimable_cap(MB), avg_reclaimable(%), active(#), active_zones(#), open_zones(#)] 1 0 0 0 0 1 1
2026/04/15-19:55:50.206684 7211 [DEBUG] Syncing metadata for: /rocksdbtest/dbbench/000000.dbtmp
2026/04/15-19:55:50.207709 7211 [DEBUG] Syncing metadata for: /rocksdbtest/dbbench/000000.dbtmp
2026/04/15-19:55:50.208226 7211 [DEBUG] Syncing metadata for: /rocksdbtest/dbbench/000000.dbtmp
2026/04/15-19:55:50.208738 7211 [DEBUG] Syncing metadata for: /rocksdbtest/dbbench/000000.dbtmp
2026/04/15-19:55:50.209295 7211 [DEBUG] Rename file: /rocksdbtest/dbbench/000000.dbtmp to : /rocksdbtest/dbbench/IDENTITY
2026/04/15-19:55:50.209820 7211 [DEBUG] NewDirectory: rocksdbtest/dbbench to aux: /home/femu/rocksdbTest/zenfs_aux/rocksdbtest/dbbench
2026/04/15-19:55:50.211096 7211 [DEBUG] FileExists: /rocksdbtest/dbbench/MANIFEST-000001 
2026/04/15-19:55:50.211121 7211 [DEBUG] New writable file: /rocksdbtest/dbbench/MANIFEST-000001 direct: 0
2026/04/15-19:55:50.211689 7211 Entering Apply Finish Threshold Function
2026/04/15-19:55:50.211695 7211 [DEBUG] Allocating zone(new=0) start: 0x18000000 wp: 0x18000200 lt: 0 file lt: 0
2026/04/15-19:55:50.211698 7211 [Zonestats:time(s),used_cap(MB),reclaimable_cap(MB), avg_reclaimable(%), active(#), active_zones(#), open_zones(#)] 1 0 127 99 1 1 1
2026/04/15-19:55:50.211701 7211 [DEBUG] Syncing metadata for: /rocksdbtest/dbbench/MANIFEST-000001
2026/04/15-19:55:50.212734 7211 [DEBUG] Syncing metadata for: /rocksdbtest/dbbench/MANIFEST-000001
2026/04/15-19:55:50.213251 7211 [DEBUG] Syncing metadata for: /rocksdbtest/dbbench/MANIFEST-000001
2026/04/15-19:55:50.213766 7211 [DEBUG] Syncing metadata for: /rocksdbtest/dbbench/MANIFEST-000001
2026/04/15-19:55:50.214330 7211 [DEBUG] New writable file: /rocksdbtest/dbbench/000001.dbtmp direct: 0
2026/04/15-19:55:50.214848 7211 Entering Apply Finish Threshold Function
2026/04/15-19:55:50.214854 7211 [DEBUG] Allocating zone(new=0) start: 0x18000000 wp: 0x18000400 lt: 0 file lt: 0
2026/04/15-19:55:50.214857 7211 [Zonestats:time(s),used_cap(MB),reclaimable_cap(MB), avg_reclaimable(%), active(#), active_zones(#), open_zones(#)] 1 0 127 99 1 1 1
2026/04/15-19:55:50.214859 7211 [DEBUG] Syncing metadata for: /rocksdbtest/dbbench/000001.dbtmp
2026/04/15-19:55:50.215874 7211 [DEBUG] Syncing metadata for: /rocksdbtest/dbbench/000001.dbtmp
2026/04/15-19:55:50.216394 7211 [DEBUG] Syncing metadata for: /rocksdbtest/dbbench/000001.dbtmp
2026/04/15-19:55:50.216922 7211 [DEBUG] Syncing metadata for: /rocksdbtest/dbbench/000001.dbtmp
2026/04/15-19:55:50.217504 7211 [DEBUG] Rename file: /rocksdbtest/dbbench/000001.dbtmp to : /rocksdbtest/dbbench/CURRENT
2026/04/15-19:55:50.218049 7211 [DEBUG] New random access file: /rocksdbtest/dbbench/CURRENT direct: 1
2026/04/15-19:55:50.218061 7211 [DEBUG] New sequential file: /rocksdbtest/dbbench/CURRENT direct: 0
2026/04/15-19:55:50.218216 7211 [DEBUG] New sequential file: /rocksdbtest/dbbench/MANIFEST-000001 direct: 0
2026/04/15-19:55:50.220521 7211 [DEBUG] GetChildrenNoLock: /rocksdbtest/dbbench 
2026/04/15-19:55:50.220609 7211 [DEBUG] CreatDirIfMissing: rocksdbtest/dbbench to aux: /home/femu/rocksdbTest/zenfs_aux/rocksdbtest/dbbench
2026/04/15-19:55:50.220621 7211 [DEBUG] NewDirectory: rocksdbtest/dbbench to aux: /home/femu/rocksdbTest/zenfs_aux/rocksdbtest/dbbench
2026/04/15-19:55:50.220638 7211 [DEBUG] GetChildrenNoLock: /rocksdbtest/dbbench 
2026/04/15-19:55:50.220685 7211 [DEBUG] New writable file: /rocksdbtest/dbbench/000004.log direct: 0
2026/04/15-19:55:50.221291 7211 [DEBUG] New writable file: /rocksdbtest/dbbench/MANIFEST-000005 direct: 0
2026/04/15-19:55:50.221875 7211 Entering Apply Finish Threshold Function
2026/04/15-19:55:50.221882 7211 [DEBUG] Allocating zone(new=0) start: 0x18000000 wp: 0x18000600 lt: 0 file lt: 0
2026/04/15-19:55:50.221886 7211 [Zonestats:time(s),used_cap(MB),reclaimable_cap(MB), avg_reclaimable(%), active(#), active_zones(#), open_zones(#)] 1 0 127 99 1 1 1
2026/04/15-19:55:50.221890 7211 [DEBUG] Syncing metadata for: /rocksdbtest/dbbench/MANIFEST-000005
2026/04/15-19:55:50.222928 7211 [DEBUG] Syncing metadata for: /rocksdbtest/dbbench/MANIFEST-000005
2026/04/15-19:55:50.223457 7211 [DEBUG] New writable file: /rocksdbtest/dbbench/000005.dbtmp direct: 0
2026/04/15-19:55:50.224002 7211 Entering Apply Finish Threshold Function
2026/04/15-19:55:50.224010 7211 [DEBUG] Allocating zone(new=1) start: 0x20000000 wp: 0x20000000 lt: 0 file lt: 0
2026/04/15-19:55:50.224013 7211 [Zonestats:time(s),used_cap(MB),reclaimable_cap(MB), avg_reclaimable(%), active(#), active_zones(#), open_zones(#)] 1 0 127 99 1 2 2
2026/04/15-19:55:50.224020 7211 [DEBUG] Syncing metadata for: /rocksdbtest/dbbench/000005.dbtmp
2026/04/15-19:55:50.225044 7211 [DEBUG] Syncing metadata for: /rocksdbtest/dbbench/000005.dbtmp
2026/04/15-19:55:50.225565 7211 [DEBUG] Syncing metadata for: /rocksdbtest/dbbench/000005.dbtmp
2026/04/15-19:55:50.226091 7211 [DEBUG] Syncing metadata for: /rocksdbtest/dbbench/000005.dbtmp
2026/04/15-19:55:50.226664 7211 [DEBUG] Rename file: /rocksdbtest/dbbench/000005.dbtmp to : /rocksdbtest/dbbench/CURRENT
2026/04/15-19:55:50.228740 7211 [DEBUG] New writable file: /rocksdbtest/dbbench/OPTIONS-000006.dbtmp direct: 0
2026/04/15-19:55:50.229500 7211 Entering Apply Finish Threshold Function
2026/04/15-19:55:50.229507 7211 [DEBUG] Allocating zone(new=0) start: 0x20000000 wp: 0x20000200 lt: 0 file lt: 0
2026/04/15-19:55:50.229511 7211 [Zonestats:time(s),used_cap(MB),reclaimable_cap(MB), avg_reclaimable(%), active(#), active_zones(#), open_zones(#)] 1 0 255 99 2 2 2
2026/04/15-19:55:50.229515 7211 [DEBUG] Syncing metadata for: /rocksdbtest/dbbench/OPTIONS-000006.dbtmp
2026/04/15-19:55:50.230566 7211 [DEBUG] Syncing metadata for: /rocksdbtest/dbbench/OPTIONS-000006.dbtmp
2026/04/15-19:55:50.231094 7211 [DEBUG] Syncing metadata for: /rocksdbtest/dbbench/OPTIONS-000006.dbtmp
2026/04/15-19:55:50.231614 7211 [DEBUG] Syncing metadata for: /rocksdbtest/dbbench/OPTIONS-000006.dbtmp
2026/04/15-19:55:50.232188 7211 [DEBUG] New sequential file: /rocksdbtest/dbbench/OPTIONS-000006.dbtmp direct: 0
2026/04/15-19:55:50.233500 7211 [DEBUG] GetFileSize: /rocksdbtest/dbbench/OPTIONS-000006.dbtmp 
2026/04/15-19:55:50.233511 7211 [DEBUG] Rename file: /rocksdbtest/dbbench/OPTIONS-000006.dbtmp to : /rocksdbtest/dbbench/OPTIONS-000007
2026/04/15-19:55:50.234070 7211 [DEBUG] NewDirectory: rocksdbtest/dbbench to aux: /home/femu/rocksdbTest/zenfs_aux/rocksdbtest/dbbench
2026/04/15-19:55:50.234966 7211 [DEBUG] GetChildrenNoLock: /rocksdbtest/dbbench 
2026/04/15-19:55:50.235060 7211 [DEBUG] GetChildrenNoLock: /rocksdbtest/dbbench 
2026/04/15-19:55:50.235105 7211 [DEBUG] GetChildrenNoLock: /rocksdbtest/dbbench 
2026/04/15-19:55:50.235161 7211 [DEBUG] DeleteFile: rocksdbtest/dbbench/MANIFEST-000001 
2026/04/15-19:55:50.235697 7211 [Zonestats:time(s),used_cap(MB),reclaimable_cap(MB), avg_reclaimable(%), active(#), active_zones(#), open_zones(#)] 1 0 255 99 2 2 1
2026/04/15-19:55:50.255922 7211 [DEBUG] GetChildrenNoLock: /rocksdbtest/dbbench 
2026/04/15-19:55:50.256184 7211 [DEBUG] Syncing metadata for: /rocksdbtest/dbbench/000004.log
2026/04/15-19:55:50.256779 7211 [DEBUG] Syncing metadata for: /rocksdbtest/dbbench/MANIFEST-000005
2026/04/15-19:55:50.257321 7211 [DEBUG] Syncing metadata for: /rocksdbtest/dbbench/MANIFEST-000005
2026/04/15-19:55:50.257946 7211 [DEBUG] GetFileSize: /rocksdbtest/dbbench/MANIFEST-000005 
2026/04/15-19:55:50.258169 7211 [DEBUG] CreatDirIfMissing: rocksdbtest/dbbench to aux: /home/femu/rocksdbTest/zenfs_aux/rocksdbtest/dbbench
2026/04/15-19:55:50.258197 7211 [DEBUG] FileExists: /rocksdbtest/dbbench/LOG 
2026/04/15-19:55:50.258224 7211 [DEBUG] Rename file: /rocksdbtest/dbbench/LOG to : /rocksdbtest/dbbench/LOG.old.1776282950258215
2026/04/15-19:55:50.258363 7211 [DEBUG] GetChildrenNoLock: /rocksdbtest/dbbench 
2026/04/15-19:55:50.258451 7211 [DEBUG] DeleteFile: rocksdbtest/dbbench/LOG.old.1776282950258215 
2026/04/15-19:55:50.258539 7211 [Zonestats:time(s),used_cap(MB),reclaimable_cap(MB), avg_reclaimable(%), active(#), active_zones(#), open_zones(#)] 1 0 255 99 2 2 0
2026/04/15-19:55:50.258547 7211 [DEBUG] DeleteFile: rocksdbtest/dbbench/LOG 
2026/04/15-19:55:50.258574 7211 [Zonestats:time(s),used_cap(MB),reclaimable_cap(MB), avg_reclaimable(%), active(#), active_zones(#), open_zones(#)] 1 0 255 99 2 2 0
2026/04/15-19:55:50.258585 7211 [DEBUG] NumFileLinks: /rocksdbtest/dbbench/000004.log
2026/04/15-19:55:50.258592 7211 [DEBUG] DeleteFile: rocksdbtest/dbbench/000004.log 
2026/04/15-19:55:50.259171 7211 [Zonestats:time(s),used_cap(MB),reclaimable_cap(MB), avg_reclaimable(%), active(#), active_zones(#), open_zones(#)] 1 0 255 99 2 2 0
2026/04/15-19:55:50.259225 7211 [DEBUG] DeleteFile: rocksdbtest/dbbench/CURRENT 
2026/04/15-19:55:50.259785 7211 [Zonestats:time(s),used_cap(MB),reclaimable_cap(MB), avg_reclaimable(%), active(#), active_zones(#), open_zones(#)] 1 0 255 99 2 2 0
2026/04/15-19:55:50.259795 7211 [DEBUG] DeleteFile: rocksdbtest/dbbench/IDENTITY 
2026/04/15-19:55:50.260342 7211 [Zonestats:time(s),used_cap(MB),reclaimable_cap(MB), avg_reclaimable(%), active(#), active_zones(#), open_zones(#)] 1 0 255 99 2 2 0
2026/04/15-19:55:50.260353 7211 [DEBUG] DeleteFile: rocksdbtest/dbbench/MANIFEST-000005 
2026/04/15-19:55:50.264106 7211 [Zonestats:time(s),used_cap(MB),reclaimable_cap(MB), avg_reclaimable(%), active(#), active_zones(#), open_zones(#)] 1 0 127 99 1 1 0
2026/04/15-19:55:50.264125 7211 [DEBUG] DeleteFile: rocksdbtest/dbbench/OPTIONS-000007 
2026/04/15-19:55:50.267943 7211 [Zonestats:time(s),used_cap(MB),reclaimable_cap(MB), avg_reclaimable(%), active(#), active_zones(#), open_zones(#)] 1 0 0 0 0 0 0
2026/04/15-19:55:50.267971 7211 [DEBUG] GetChildrenNoLock: /rocksdbtest/dbbench/archive 
2026/04/15-19:55:50.268017 7211 [DEBUG] DeleteFile: rocksdbtest/dbbench/LOCK 
2026/04/15-19:55:50.268071 7211 [Zonestats:time(s),used_cap(MB),reclaimable_cap(MB), avg_reclaimable(%), active(#), active_zones(#), open_zones(#)] 1 0 0 0 0 0 0
2026/04/15-19:55:50.268121 7211 [DEBUG] DeleteDir: rocksdbtest/dbbench aux: /home/femu/rocksdbTest/zenfs_aux/rocksdbtest/dbbench
2026/04/15-19:55:50.268129 7211 [DEBUG] GetChildrenNoLock: /rocksdbtest/dbbench 
2026/04/15-19:55:50.268222 7211 [DEBUG] DeleteDir: rocksdbtest/dbbench/archive aux: /home/femu/rocksdbTest/zenfs_aux/rocksdbtest/dbbench/archive
2026/04/15-19:55:50.268230 7211 [DEBUG] GetChildrenNoLock: /rocksdbtest/dbbench/archive 
2026/04/15-19:55:50.269775 7211 [DEBUG] CreatDirIfMissing: rocksdbtest/dbbench to aux: /home/femu/rocksdbTest/zenfs_aux/rocksdbtest/dbbench
2026/04/15-19:55:50.269848 7211 [DEBUG] FileExists: /rocksdbtest/dbbench/LOG 
2026/04/15-19:55:50.270048 7211 [DEBUG] GetChildrenNoLock: /rocksdbtest/dbbench 
2026/04/15-19:55:50.270672 7211 [DEBUG] CreatDirIfMissing: rocksdbtest/dbbench to aux: /home/femu/rocksdbTest/zenfs_aux/rocksdbtest/dbbench
2026/04/15-19:55:50.270685 7211 [DEBUG] CreatDirIfMissing: rocksdbtest/dbbench to aux: /home/femu/rocksdbTest/zenfs_aux/rocksdbtest/dbbench
2026/04/15-19:55:50.270696 7211 [DEBUG] CreatDirIfMissing: rocksdbtest/dbbench to aux: /home/femu/rocksdbTest/zenfs_aux/rocksdbtest/dbbench
2026/04/15-19:55:50.270706 7211 [DEBUG] NewDirectory: rocksdbtest/dbbench to aux: /home/femu/rocksdbTest/zenfs_aux/rocksdbtest/dbbench
2026/04/15-19:55:50.270776 7211 [DEBUG] FileExists: /rocksdbtest/dbbench/CURRENT 
2026/04/15-19:55:50.270841 7211 [DEBUG] New writable file: /rocksdbtest/dbbench/000000.dbtmp direct: 0
2026/04/15-19:55:50.271423 7211 Entering Apply Finish Threshold Function
2026/04/15-19:55:50.271435 7211 [DEBUG] Allocating zone(new=1) start: 0x18000000 wp: 0x18000000 lt: 0 file lt: 0
2026/04/15-19:55:50.271440 7211 [Zonestats:time(s),used_cap(MB),reclaimable_cap(MB), avg_reclaimable(%), active(#), active_zones(#), open_zones(#)] 1 0 0 0 0 1 1
2026/04/15-19:55:50.271446 7211 [DEBUG] Syncing metadata for: /rocksdbtest/dbbench/000000.dbtmp
2026/04/15-19:55:50.272510 7211 [DEBUG] Syncing metadata for: /rocksdbtest/dbbench/000000.dbtmp
2026/04/15-19:55:50.273050 7211 [DEBUG] Syncing metadata for: /rocksdbtest/dbbench/000000.dbtmp
2026/04/15-19:55:50.273587 7211 [DEBUG] Syncing metadata for: /rocksdbtest/dbbench/000000.dbtmp
2026/04/15-19:55:50.274197 7211 [DEBUG] Rename file: /rocksdbtest/dbbench/000000.dbtmp to : /rocksdbtest/dbbench/IDENTITY
2026/04/15-19:55:50.274753 7211 [DEBUG] NewDirectory: rocksdbtest/dbbench to aux: /home/femu/rocksdbTest/zenfs_aux/rocksdbtest/dbbench
2026/04/15-19:55:50.275711 7211 [DEBUG] FileExists: /rocksdbtest/dbbench/MANIFEST-000001 
2026/04/15-19:55:50.275748 7211 [DEBUG] New writable file: /rocksdbtest/dbbench/MANIFEST-000001 direct: 0
2026/04/15-19:55:50.276324 7211 Entering Apply Finish Threshold Function
2026/04/15-19:55:50.276339 7211 [DEBUG] Allocating zone(new=0) start: 0x18000000 wp: 0x18000200 lt: 0 file lt: 0
2026/04/15-19:55:50.276344 7211 [Zonestats:time(s),used_cap(MB),reclaimable_cap(MB), avg_reclaimable(%), active(#), active_zones(#), open_zones(#)] 1 0 127 99 1 1 1
2026/04/15-19:55:50.276350 7211 [DEBUG] Syncing metadata for: /rocksdbtest/dbbench/MANIFEST-000001
2026/04/15-19:55:50.277399 7211 [DEBUG] Syncing metadata for: /rocksdbtest/dbbench/MANIFEST-000001
2026/04/15-19:55:50.277937 7211 [DEBUG] Syncing metadata for: /rocksdbtest/dbbench/MANIFEST-000001
2026/04/15-19:55:50.278469 7211 [DEBUG] Syncing metadata for: /rocksdbtest/dbbench/MANIFEST-000001
2026/04/15-19:55:50.279068 7211 [DEBUG] New writable file: /rocksdbtest/dbbench/000001.dbtmp direct: 0
2026/04/15-19:55:50.279612 7211 Entering Apply Finish Threshold Function
2026/04/15-19:55:50.279622 7211 [DEBUG] Allocating zone(new=0) start: 0x18000000 wp: 0x18000400 lt: 0 file lt: 0
2026/04/15-19:55:50.279626 7211 [Zonestats:time(s),used_cap(MB),reclaimable_cap(MB), avg_reclaimable(%), active(#), active_zones(#), open_zones(#)] 1 0 127 99 1 1 1
2026/04/15-19:55:50.279631 7211 [DEBUG] Syncing metadata for: /rocksdbtest/dbbench/000001.dbtmp
2026/04/15-19:55:50.280685 7211 [DEBUG] Syncing metadata for: /rocksdbtest/dbbench/000001.dbtmp
2026/04/15-19:55:50.281217 7211 [DEBUG] Syncing metadata for: /rocksdbtest/dbbench/000001.dbtmp
2026/04/15-19:55:50.281750 7211 [DEBUG] Syncing metadata for: /rocksdbtest/dbbench/000001.dbtmp
2026/04/15-19:55:50.282339 7211 [DEBUG] Rename file: /rocksdbtest/dbbench/000001.dbtmp to : /rocksdbtest/dbbench/CURRENT
2026/04/15-19:55:50.282899 7211 [DEBUG] New random access file: /rocksdbtest/dbbench/CURRENT direct: 1
2026/04/15-19:55:50.282913 7211 [DEBUG] New sequential file: /rocksdbtest/dbbench/CURRENT direct: 0
2026/04/15-19:55:50.283080 7211 [DEBUG] New sequential file: /rocksdbtest/dbbench/MANIFEST-000001 direct: 0
2026/04/15-19:55:50.285003 7211 [DEBUG] GetChildrenNoLock: /rocksdbtest/dbbench 
2026/04/15-19:55:50.285097 7211 [DEBUG] CreatDirIfMissing: rocksdbtest/dbbench to aux: /home/femu/rocksdbTest/zenfs_aux/rocksdbtest/dbbench
2026/04/15-19:55:50.285112 7211 [DEBUG] NewDirectory: rocksdbtest/dbbench to aux: /home/femu/rocksdbTest/zenfs_aux/rocksdbtest/dbbench
2026/04/15-19:55:50.285131 7211 [DEBUG] GetChildrenNoLock: /rocksdbtest/dbbench 
2026/04/15-19:55:50.285210 7211 [DEBUG] New writable file: /rocksdbtest/dbbench/000004.log direct: 0
2026/04/15-19:55:50.285813 7211 [DEBUG] New writable file: /rocksdbtest/dbbench/MANIFEST-000005 direct: 0
2026/04/15-19:55:50.286441 7211 Entering Apply Finish Threshold Function
2026/04/15-19:55:50.286452 7211 [DEBUG] Allocating zone(new=0) start: 0x18000000 wp: 0x18000600 lt: 0 file lt: 0
2026/04/15-19:55:50.286458 7211 [Zonestats:time(s),used_cap(MB),reclaimable_cap(MB), avg_reclaimable(%), active(#), active_zones(#), open_zones(#)] 1 0 127 99 1 1 1
2026/04/15-19:55:50.286463 7211 [DEBUG] Syncing metadata for: /rocksdbtest/dbbench/MANIFEST-000005
2026/04/15-19:55:50.287527 7211 [DEBUG] Syncing metadata for: /rocksdbtest/dbbench/MANIFEST-000005
2026/04/15-19:55:50.288073 7211 [DEBUG] New writable file: /rocksdbtest/dbbench/000005.dbtmp direct: 0
2026/04/15-19:55:50.288636 7211 Entering Apply Finish Threshold Function
2026/04/15-19:55:50.288646 7211 [DEBUG] Allocating zone(new=1) start: 0x20000000 wp: 0x20000000 lt: 0 file lt: 0
2026/04/15-19:55:50.288651 7211 [Zonestats:time(s),used_cap(MB),reclaimable_cap(MB), avg_reclaimable(%), active(#), active_zones(#), open_zones(#)] 1 0 127 99 1 2 2
2026/04/15-19:55:50.288655 7211 [DEBUG] Syncing metadata for: /rocksdbtest/dbbench/000005.dbtmp
2026/04/15-19:55:50.289744 7211 [DEBUG] Syncing metadata for: /rocksdbtest/dbbench/000005.dbtmp
2026/04/15-19:55:50.290275 7211 [DEBUG] Syncing metadata for: /rocksdbtest/dbbench/000005.dbtmp
2026/04/15-19:55:50.290804 7211 [DEBUG] Syncing metadata for: /rocksdbtest/dbbench/000005.dbtmp
2026/04/15-19:55:50.291391 7211 [DEBUG] Rename file: /rocksdbtest/dbbench/000005.dbtmp to : /rocksdbtest/dbbench/CURRENT
2026/04/15-19:55:50.293484 7211 [DEBUG] New writable file: /rocksdbtest/dbbench/OPTIONS-000006.dbtmp direct: 0
2026/04/15-19:55:50.294247 7211 Entering Apply Finish Threshold Function
2026/04/15-19:55:50.294256 7211 [DEBUG] Allocating zone(new=0) start: 0x20000000 wp: 0x20000200 lt: 0 file lt: 0
2026/04/15-19:55:50.294260 7211 [Zonestats:time(s),used_cap(MB),reclaimable_cap(MB), avg_reclaimable(%), active(#), active_zones(#), open_zones(#)] 1 0 255 99 2 2 2
2026/04/15-19:55:50.294265 7211 [DEBUG] Syncing metadata for: /rocksdbtest/dbbench/OPTIONS-000006.dbtmp
2026/04/15-19:55:50.295317 7211 [DEBUG] Syncing metadata for: /rocksdbtest/dbbench/OPTIONS-000006.dbtmp
2026/04/15-19:55:50.295849 7211 [DEBUG] Syncing metadata for: /rocksdbtest/dbbench/OPTIONS-000006.dbtmp
2026/04/15-19:55:50.296376 7211 [DEBUG] Syncing metadata for: /rocksdbtest/dbbench/OPTIONS-000006.dbtmp
2026/04/15-19:55:50.296991 7211 [DEBUG] New sequential file: /rocksdbtest/dbbench/OPTIONS-000006.dbtmp direct: 0
2026/04/15-19:55:50.298476 7211 [DEBUG] GetFileSize: /rocksdbtest/dbbench/OPTIONS-000006.dbtmp 
2026/04/15-19:55:50.298492 7211 [DEBUG] Rename file: /rocksdbtest/dbbench/OPTIONS-000006.dbtmp to : /rocksdbtest/dbbench/OPTIONS-000007
2026/04/15-19:55:50.299077 7211 [DEBUG] NewDirectory: rocksdbtest/dbbench to aux: /home/femu/rocksdbTest/zenfs_aux/rocksdbtest/dbbench
2026/04/15-19:55:50.300053 7211 [DEBUG] GetChildrenNoLock: /rocksdbtest/dbbench 
2026/04/15-19:55:50.300147 7211 [DEBUG] GetChildrenNoLock: /rocksdbtest/dbbench 
2026/04/15-19:55:50.300206 7211 [DEBUG] GetChildrenNoLock: /rocksdbtest/dbbench 
2026/04/15-19:55:50.300274 7211 [DEBUG] DeleteFile: rocksdbtest/dbbench/MANIFEST-000001 
2026/04/15-19:55:50.300831 7211 [Zonestats:time(s),used_cap(MB),reclaimable_cap(MB), avg_reclaimable(%), active(#), active_zones(#), open_zones(#)] 1 0 255 99 2 2 1
2026/04/15-19:55:50.321025 7248 [DEBUG] Allocating zone(new=1) start: 0x28000000 wp: 0x28000000 lt: 2 file lt: 2
2026/04/15-19:55:50.321030 7248 [DEBUG] Syncing metadata for: /rocksdbtest/dbbench/000004.log
2026/04/15-19:55:50.714089 7248 [DEBUG] New writable file: /rocksdbtest/dbbench/000008.log direct: 0
2026/04/15-19:55:50.715142 7215 [DEBUG] New writable file: /rocksdbtest/dbbench/000009.sst direct: 1
2026/04/15-19:55:50.720847 7248 [DEBUG] Allocating zone(new=1) start: 0x30000000 wp: 0x30000000 lt: 2 file lt: 2
2026/04/15-19:55:50.720854 7248 [DEBUG] Syncing metadata for: /rocksdbtest/dbbench/000008.log
2026/04/15-19:55:50.727450 7215 Entering Apply Finish Threshold Function
2026/04/15-19:55:50.727470 7215 [DEBUG] Allocating zone(new=1) start: 0x38000000 wp: 0x38000000 lt: 3 file lt: 3
2026/04/15-19:55:50.727476 7215 [Zonestats:time(s),used_cap(MB),reclaimable_cap(MB), avg_reclaimable(%), active(#), active_zones(#), open_zones(#)] 1 31 352 91 3 5 4
2026/04/15-19:55:50.727482 7215 [DEBUG] Syncing metadata for: /rocksdbtest/dbbench/000009.sst
2026/04/15-19:55:50.971137 7215 [DEBUG] Syncing metadata for: /rocksdbtest/dbbench/000009.sst
2026/04/15-19:55:50.975140 7215 [DEBUG] Syncing metadata for: /rocksdbtest/dbbench/000009.sst
2026/04/15-19:55:50.979308 7215 [DEBUG] New random access file: /rocksdbtest/dbbench/000009.sst direct: 1
2026/04/15-19:55:50.979556 7215 [DEBUG] GetFileSize: /rocksdbtest/dbbench/000009.sst 
2026/04/15-19:55:50.981613 7215 [DEBUG] Syncing metadata for: /rocksdbtest/dbbench/MANIFEST-000005
2026/04/15-19:55:50.982212 7215 [DEBUG] GetFileSize: /rocksdbtest/dbbench/000009.sst 
2026/04/15-19:55:50.985094 7215 [DEBUG] Syncing metadata for: /rocksdbtest/dbbench/000004.log
2026/04/15-19:55:50.989306 7215 [DEBUG] DeleteFile: rocksdbtest/dbbench/000004.log 
2026/04/15-19:55:50.996356 7215 [Zonestats:time(s),used_cap(MB),reclaimable_cap(MB), avg_reclaimable(%), active(#), active_zones(#), open_zones(#)] 1 35 476 93 4 4 2
2026/04/15-19:55:51.142953 7248 [DEBUG] New writable file: /rocksdbtest/dbbench/000010.log direct: 0
2026/04/15-19:55:51.143816 7215 [DEBUG] New writable file: /rocksdbtest/dbbench/000011.sst direct: 1
2026/04/15-19:55:51.146989 7248 [DEBUG] Allocating zone(new=0) start: 0x38000000 wp: 0x390cee00 lt: 3 file lt: 2
2026/04/15-19:55:51.147001 7248 [DEBUG] Syncing metadata for: /rocksdbtest/dbbench/000010.log
2026/04/15-19:55:51.155098 7215 Entering Apply Finish Threshold Function
2026/04/15-19:55:51.155107 7215 [DEBUG] Allocating zone(new=1) start: 0x28000000 wp: 0x28000000 lt: 3 file lt: 3
2026/04/15-19:55:51.155111 7215 [Zonestats:time(s),used_cap(MB),reclaimable_cap(MB), avg_reclaimable(%), active(#), active_zones(#), open_zones(#)] 2 47 464 90 4 5 4
2026/04/15-19:55:51.155114 7215 [DEBUG] Syncing metadata for: /rocksdbtest/dbbench/000011.sst
2026/04/15-19:55:51.409577 7215 [DEBUG] Syncing metadata for: /rocksdbtest/dbbench/000011.sst
2026/04/15-19:55:51.410129 7215 [DEBUG] Syncing metadata for: /rocksdbtest/dbbench/000011.sst
2026/04/15-19:55:51.410728 7215 [DEBUG] New random access file: /rocksdbtest/dbbench/000011.sst direct: 1
2026/04/15-19:55:51.410954 7215 [DEBUG] GetFileSize: /rocksdbtest/dbbench/000011.sst 
2026/04/15-19:55:51.412941 7215 [DEBUG] Syncing metadata for: /rocksdbtest/dbbench/MANIFEST-000005
2026/04/15-19:55:51.413533 7215 [DEBUG] GetFileSize: /rocksdbtest/dbbench/000011.sst 
2026/04/15-19:55:51.416429 7215 [DEBUG] Syncing metadata for: /rocksdbtest/dbbench/000008.log
2026/04/15-19:55:51.417073 7215 [DEBUG] DeleteFile: rocksdbtest/dbbench/000008.log 
2026/04/15-19:55:51.427812 7215 [Zonestats:time(s),used_cap(MB),reclaimable_cap(MB), avg_reclaimable(%), active(#), active_zones(#), open_zones(#)] 2 46 465 90 4 4 2
2026/04/15-19:55:51.656781 7248 [DEBUG] New writable file: /rocksdbtest/dbbench/000012.log direct: 0
2026/04/15-19:55:51.657693 7215 [DEBUG] New writable file: /rocksdbtest/dbbench/000013.sst direct: 1
2026/04/15-19:55:51.660399 7248 [DEBUG] Allocating zone(new=0) start: 0x28000000 wp: 0x290d5400 lt: 3 file lt: 2
2026/04/15-19:55:51.660404 7248 [DEBUG] Syncing metadata for: /rocksdbtest/dbbench/000012.log
2026/04/15-19:55:51.668252 7215 Entering Apply Finish Threshold Function
2026/04/15-19:55:51.668277 7215 [DEBUG] Allocating zone(new=1) start: 0x30000000 wp: 0x30000000 lt: 3 file lt: 3
2026/04/15-19:55:51.668284 7215 [Zonestats:time(s),used_cap(MB),reclaimable_cap(MB), avg_reclaimable(%), active(#), active_zones(#), open_zones(#)] 2 65 446 87 4 5 4
2026/04/15-19:55:51.668291 7215 [DEBUG] Syncing metadata for: /rocksdbtest/dbbench/000013.sst
2026/04/15-19:55:51.906077 7215 [DEBUG] Syncing metadata for: /rocksdbtest/dbbench/000013.sst
2026/04/15-19:55:51.913310 7215 [DEBUG] Syncing metadata for: /rocksdbtest/dbbench/000013.sst
2026/04/15-19:55:51.913945 7215 [DEBUG] New random access file: /rocksdbtest/dbbench/000013.sst direct: 1
2026/04/15-19:55:51.914189 7215 [DEBUG] GetFileSize: /rocksdbtest/dbbench/000013.sst 
2026/04/15-19:55:51.916387 7215 [DEBUG] Syncing metadata for: /rocksdbtest/dbbench/MANIFEST-000005
2026/04/15-19:55:51.917021 7215 [DEBUG] GetFileSize: /rocksdbtest/dbbench/000013.sst 
2026/04/15-19:55:51.919931 7215 [DEBUG] Syncing metadata for: /rocksdbtest/dbbench/000010.log
2026/04/15-19:55:51.920578 7215 [DEBUG] DeleteFile: rocksdbtest/dbbench/000010.log 
2026/04/15-19:55:51.928399 7215 [Zonestats:time(s),used_cap(MB),reclaimable_cap(MB), avg_reclaimable(%), active(#), active_zones(#), open_zones(#)] 2 69 570 89 5 5 2
2026/04/15-19:55:52.074004 7248 [DEBUG] New writable file: /rocksdbtest/dbbench/000014.log direct: 0
2026/04/15-19:55:52.074942 7215 [DEBUG] New writable file: /rocksdbtest/dbbench/000015.sst direct: 1
2026/04/15-19:55:52.079956 7248 [DEBUG] Allocating zone(new=0) start: 0x38000000 wp: 0x3b02dc00 lt: 3 file lt: 2
2026/04/15-19:55:52.079964 7248 [DEBUG] Syncing metadata for: /rocksdbtest/dbbench/000014.log
2026/04/15-19:55:52.084798 7215 Entering Apply Finish Threshold Function
2026/04/15-19:55:52.084807 7215 [DEBUG] Allocating zone(new=1) start: 0x40000000 wp: 0x40000000 lt: 3 file lt: 3
2026/04/15-19:55:52.084811 7215 [Zonestats:time(s),used_cap(MB),reclaimable_cap(MB), avg_reclaimable(%), active(#), active_zones(#), open_zones(#)] 3 81 558 87 5 6 4
2026/04/15-19:55:52.084815 7215 [DEBUG] Syncing metadata for: /rocksdbtest/dbbench/000015.sst
2026/04/15-19:55:52.316787 7215 [DEBUG] Syncing metadata for: /rocksdbtest/dbbench/000015.sst
2026/04/15-19:55:52.317355 7215 [DEBUG] Syncing metadata for: /rocksdbtest/dbbench/000015.sst
2026/04/15-19:55:52.317977 7215 [DEBUG] New random access file: /rocksdbtest/dbbench/000015.sst direct: 1
2026/04/15-19:55:52.318221 7215 [DEBUG] GetFileSize: /rocksdbtest/dbbench/000015.sst 
2026/04/15-19:55:52.320359 7215 [DEBUG] Syncing metadata for: /rocksdbtest/dbbench/MANIFEST-000005
2026/04/15-19:55:52.320992 7215 [DEBUG] GetFileSize: /rocksdbtest/dbbench/000015.sst 
2026/04/15-19:55:52.324070 7215 [DEBUG] Syncing metadata for: /rocksdbtest/dbbench/000012.log
2026/04/15-19:55:52.333872 7215 [DEBUG] DeleteFile: rocksdbtest/dbbench/000012.log 
2026/04/15-19:55:52.335807 7215 [Zonestats:time(s),used_cap(MB),reclaimable_cap(MB), avg_reclaimable(%), active(#), active_zones(#), open_zones(#)] 3 77 690 89 6 6 2
2026/04/15-19:55:52.343167 7214 [DEBUG] New writable file: /rocksdbtest/dbbench/000016.sst direct: 1
2026/04/15-19:55:52.363826 7214 Entering Apply Finish Threshold Function
2026/04/15-19:55:52.363842 7214 [DEBUG] Allocating zone(new=1) start: 0x48000000 wp: 0x48000000 lt: 3 file lt: 3
2026/04/15-19:55:52.363848 7214 [Zonestats:time(s),used_cap(MB),reclaimable_cap(MB), avg_reclaimable(%), active(#), active_zones(#), open_zones(#)] 3 80 687 89 6 7 3
2026/04/15-19:55:52.363854 7214 [DEBUG] Syncing metadata for: /rocksdbtest/dbbench/000016.sst
2026/04/15-19:55:52.707197 7248 [DEBUG] New writable file: /rocksdbtest/dbbench/000017.log direct: 0
2026/04/15-19:55:52.708029 7215 [DEBUG] New writable file: /rocksdbtest/dbbench/000018.sst direct: 1
2026/04/15-19:55:52.711345 7248 [DEBUG] Allocating zone(new=0) start: 0x40000000 wp: 0x410d1e00 lt: 3 file lt: 2
2026/04/15-19:55:52.711351 7248 [DEBUG] Syncing metadata for: /rocksdbtest/dbbench/000017.log
2026/04/15-19:55:52.725105 7215 Entering Apply Finish Threshold Function
2026/04/15-19:55:52.725123 7215 [DEBUG] Allocating zone(new=1) start: 0x50000000 wp: 0x50000000 lt: 3 file lt: 3
2026/04/15-19:55:52.725131 7215 [Zonestats:time(s),used_cap(MB),reclaimable_cap(MB), avg_reclaimable(%), active(#), active_zones(#), open_zones(#)] 3 99 668 87 7 8 5
2026/04/15-19:55:52.725138 7215 [DEBUG] Syncing metadata for: /rocksdbtest/dbbench/000018.sst
2026/04/15-19:55:53.029376 7215 [DEBUG] Syncing metadata for: /rocksdbtest/dbbench/000018.sst
2026/04/15-19:55:53.044233 7215 [DEBUG] Syncing metadata for: /rocksdbtest/dbbench/000018.sst
2026/04/15-19:55:53.044866 7215 [DEBUG] New random access file: /rocksdbtest/dbbench/000018.sst direct: 1
2026/04/15-19:55:53.045105 7215 [DEBUG] GetFileSize: /rocksdbtest/dbbench/000018.sst 
2026/04/15-19:55:53.047176 7215 [DEBUG] Syncing metadata for: /rocksdbtest/dbbench/MANIFEST-000005
2026/04/15-19:55:53.047810 7215 [DEBUG] GetFileSize: /rocksdbtest/dbbench/000018.sst 
2026/04/15-19:55:53.050744 7215 [DEBUG] Syncing metadata for: /rocksdbtest/dbbench/000014.log
2026/04/15-19:55:53.058517 7215 [DEBUG] DeleteFile: rocksdbtest/dbbench/000014.log 
2026/04/15-19:55:53.065958 7215 [Zonestats:time(s),used_cap(MB),reclaimable_cap(MB), avg_reclaimable(%), active(#), active_zones(#), open_zones(#)] 4 104 791 88 8 8 3
2026/04/15-19:55:53.213695 7248 [DEBUG] New writable file: /rocksdbtest/dbbench/000019.log direct: 0
2026/04/15-19:55:53.216447 7215 [DEBUG] New writable file: /rocksdbtest/dbbench/000020.sst direct: 1
2026/04/15-19:55:53.219605 7248 [DEBUG] Allocating zone(new=0) start: 0x50000000 wp: 0x510d0a00 lt: 3 file lt: 2
2026/04/15-19:55:53.219611 7248 [DEBUG] Syncing metadata for: /rocksdbtest/dbbench/000019.log
2026/04/15-19:55:53.227338 7215 Entering Apply Finish Threshold Function
2026/04/15-19:55:53.227348 7215 [DEBUG] Allocating zone(new=1) start: 0x58000000 wp: 0x58000000 lt: 3 file lt: 3
2026/04/15-19:55:53.227358 7215 [Zonestats:time(s),used_cap(MB),reclaimable_cap(MB), avg_reclaimable(%), active(#), active_zones(#), open_zones(#)] 4 115 780 87 8 9 5
2026/04/15-19:55:53.227362 7215 [DEBUG] Syncing metadata for: /rocksdbtest/dbbench/000020.sst
2026/04/15-19:55:53.280558 7214 [DEBUG] Syncing metadata for: /rocksdbtest/dbbench/000016.sst
2026/04/15-19:55:53.288191 7214 [DEBUG] Syncing metadata for: /rocksdbtest/dbbench/000016.sst
2026/04/15-19:55:53.293406 7214 [DEBUG] GetFileSize: /rocksdbtest/dbbench/000016.sst 
2026/04/15-19:55:53.293445 7214 [DEBUG] New writable file: /rocksdbtest/dbbench/000021.sst direct: 1
2026/04/15-19:55:53.307690 7214 Entering Apply Finish Threshold Function
2026/04/15-19:55:53.307701 7214 [DEBUG] Allocating zone(new=1) start: 0x60000000 wp: 0x60000000 lt: 3 file lt: 3
2026/04/15-19:55:53.307705 7214 [Zonestats:time(s),used_cap(MB),reclaimable_cap(MB), avg_reclaimable(%), active(#), active_zones(#), open_zones(#)] 4 151 872 85 9 10 5
2026/04/15-19:55:53.307708 7214 [DEBUG] Syncing metadata for: /rocksdbtest/dbbench/000021.sst
2026/04/15-19:55:53.650263 7215 [DEBUG] Syncing metadata for: /rocksdbtest/dbbench/000020.sst
2026/04/15-19:55:53.657022 7215 [DEBUG] Syncing metadata for: /rocksdbtest/dbbench/000020.sst
2026/04/15-19:55:53.664810 7215 [DEBUG] New random access file: /rocksdbtest/dbbench/000020.sst direct: 1
2026/04/15-19:55:53.665079 7215 [DEBUG] GetFileSize: /rocksdbtest/dbbench/000020.sst 
2026/04/15-19:55:53.667323 7215 [DEBUG] Syncing metadata for: /rocksdbtest/dbbench/MANIFEST-000005
2026/04/15-19:55:53.667975 7215 [DEBUG] GetFileSize: /rocksdbtest/dbbench/000020.sst 
2026/04/15-19:55:53.670924 7215 [DEBUG] Syncing metadata for: /rocksdbtest/dbbench/000017.log
2026/04/15-19:55:53.685812 7215 [DEBUG] DeleteFile: rocksdbtest/dbbench/000017.log 
2026/04/15-19:55:53.686387 7215 [Zonestats:time(s),used_cap(MB),reclaimable_cap(MB), avg_reclaimable(%), active(#), active_zones(#), open_zones(#)] 4 153 998 86 10 10 3
2026/04/15-19:55:53.915345 7248 [DEBUG] New writable file: /rocksdbtest/dbbench/000022.log direct: 0
2026/04/15-19:55:53.916181 7215 [DEBUG] New writable file: /rocksdbtest/dbbench/000023.sst direct: 1
2026/04/15-19:55:53.920094 7248 [DEBUG] Allocating zone(new=0) start: 0x58000000 wp: 0x590da200 lt: 3 file lt: 2
2026/04/15-19:55:53.920102 7248 [DEBUG] Syncing metadata for: /rocksdbtest/dbbench/000022.log
2026/04/15-19:55:53.925940 7215 Entering Apply Finish Threshold Function
2026/04/15-19:55:53.925953 7215 [DEBUG] Allocating zone(new=1) start: 0x68000000 wp: 0x68000000 lt: 3 file lt: 3
2026/04/15-19:55:53.925959 7215 [Zonestats:time(s),used_cap(MB),reclaimable_cap(MB), avg_reclaimable(%), active(#), active_zones(#), open_zones(#)] 4 164 987 85 10 11 5
2026/04/15-19:55:53.925965 7215 [DEBUG] Syncing metadata for: /rocksdbtest/dbbench/000023.sst
2026/04/15-19:55:53.941447 7214 [DEBUG] Syncing metadata for: /rocksdbtest/dbbench/000021.sst
2026/04/15-19:55:53.955346 7214 [DEBUG] Syncing metadata for: /rocksdbtest/dbbench/000021.sst
2026/04/15-19:55:53.956004 7214 [DEBUG] GetFileSize: /rocksdbtest/dbbench/000021.sst 
2026/04/15-19:55:53.957114 7214 [DEBUG] New random access file: /rocksdbtest/dbbench/000016.sst direct: 1
2026/04/15-19:55:53.957422 7214 [DEBUG] GetFileSize: /rocksdbtest/dbbench/000016.sst 
2026/04/15-19:55:53.957692 7214 [DEBUG] New random access file: /rocksdbtest/dbbench/000021.sst direct: 1
2026/04/15-19:55:53.957995 7214 [DEBUG] GetFileSize: /rocksdbtest/dbbench/000021.sst 
2026/04/15-19:55:53.965956 7214 [DEBUG] Syncing metadata for: /rocksdbtest/dbbench/MANIFEST-000005
2026/04/15-19:55:54.181955 7215 [DEBUG] Syncing metadata for: /rocksdbtest/dbbench/000023.sst
2026/04/15-19:55:54.189764 7215 [DEBUG] Syncing metadata for: /rocksdbtest/dbbench/000023.sst
2026/04/15-19:55:54.190363 7215 [DEBUG] New random access file: /rocksdbtest/dbbench/000023.sst direct: 1
2026/04/15-19:55:54.190596 7215 [DEBUG] GetFileSize: /rocksdbtest/dbbench/000023.sst 
2026/04/15-19:55:54.192666 7215 [DEBUG] Syncing metadata for: /rocksdbtest/dbbench/MANIFEST-000005
2026/04/15-19:55:54.193254 7215 [DEBUG] GetFileSize: /rocksdbtest/dbbench/000023.sst 
2026/04/15-19:55:54.196151 7215 [DEBUG] Syncing metadata for: /rocksdbtest/dbbench/000019.log
2026/04/15-19:55:54.203943 7215 [DEBUG] DeleteFile: rocksdbtest/dbbench/000009.sst 
2026/04/15-19:55:54.207702 7215 [Zonestats:time(s),used_cap(MB),reclaimable_cap(MB), avg_reclaimable(%), active(#), active_zones(#), open_zones(#)] 5 214 1065 83 10 10 2
2026/04/15-19:55:54.207776 7215 [DEBUG] DeleteFile: rocksdbtest/dbbench/000011.sst 
2026/04/15-19:55:54.219650 7215 [Zonestats:time(s),used_cap(MB),reclaimable_cap(MB), avg_reclaimable(%), active(#), active_zones(#), open_zones(#)] 5 198 953 82 9 9 2
2026/04/15-19:55:54.219704 7215 [DEBUG] DeleteFile: rocksdbtest/dbbench/000013.sst 
2026/04/15-19:55:54.223493 7215 [Zonestats:time(s),used_cap(MB),reclaimable_cap(MB), avg_reclaimable(%), active(#), active_zones(#), open_zones(#)] 5 181 842 82 8 8 2
2026/04/15-19:55:54.223548 7215 [DEBUG] DeleteFile: rocksdbtest/dbbench/000015.sst 
2026/04/15-19:55:54.234290 7215 [Zonestats:time(s),used_cap(MB),reclaimable_cap(MB), avg_reclaimable(%), active(#), active_zones(#), open_zones(#)] 5 165 730 81 7 7 2
2026/04/15-19:55:54.234341 7215 [DEBUG] DeleteFile: rocksdbtest/dbbench/000019.log 
2026/04/15-19:55:54.234958 7215 [Zonestats:time(s),used_cap(MB),reclaimable_cap(MB), avg_reclaimable(%), active(#), active_zones(#), open_zones(#)] 5 134 761 84 7 7 2
2026/04/15-19:55:54.354146 7248 [DEBUG] New writable file: /rocksdbtest/dbbench/000024.log direct: 0
2026/04/15-19:55:54.354985 7215 [DEBUG] New writable file: /rocksdbtest/dbbench/000025.sst direct: 1
2026/04/15-19:55:54.357725 7248 [DEBUG] Allocating zone(new=0) start: 0x68000000 wp: 0x690d6200 lt: 3 file lt: 2
2026/04/15-19:55:54.357735 7248 [DEBUG] Syncing metadata for: /rocksdbtest/dbbench/000024.log
2026/04/15-19:55:54.365196 7215 Entering Apply Finish Threshold Function
2026/04/15-19:55:54.365211 7215 [DEBUG] Allocating zone(new=1) start: 0x28000000 wp: 0x28000000 lt: 3 file lt: 3
2026/04/15-19:55:54.365218 7215 [Zonestats:time(s),used_cap(MB),reclaimable_cap(MB), avg_reclaimable(%), active(#), active_zones(#), open_zones(#)] 5 144 751 83 7 8 4
2026/04/15-19:55:54.365224 7215 [DEBUG] Syncing metadata for: /rocksdbtest/dbbench/000025.sst
2026/04/15-19:55:54.621263 7215 [DEBUG] Syncing metadata for: /rocksdbtest/dbbench/000025.sst
2026/04/15-19:55:54.621809 7215 [DEBUG] Syncing metadata for: /rocksdbtest/dbbench/000025.sst
2026/04/15-19:55:54.622393 7215 [DEBUG] New random access file: /rocksdbtest/dbbench/000025.sst direct: 1
2026/04/15-19:55:54.622616 7215 [DEBUG] GetFileSize: /rocksdbtest/dbbench/000025.sst 
2026/04/15-19:55:54.624736 7215 [DEBUG] Syncing metadata for: /rocksdbtest/dbbench/MANIFEST-000005
2026/04/15-19:55:54.625346 7215 [DEBUG] GetFileSize: /rocksdbtest/dbbench/000025.sst 
2026/04/15-19:55:54.628234 7215 [DEBUG] Syncing metadata for: /rocksdbtest/dbbench/000022.log
2026/04/15-19:55:54.631110 7215 [DEBUG] DeleteFile: rocksdbtest/dbbench/000022.log 
2026/04/15-19:55:54.640421 7215 [Zonestats:time(s),used_cap(MB),reclaimable_cap(MB), avg_reclaimable(%), active(#), active_zones(#), open_zones(#)] 5 142 881 86 8 8 2
2026/04/15-19:55:54.647667 7214 [DEBUG] New writable file: /rocksdbtest/dbbench/000026.sst direct: 1
2026/04/15-19:55:54.661744 7214 Entering Apply Finish Threshold Function
2026/04/15-19:55:54.661753 7214 [DEBUG] Allocating zone(new=1) start: 0x30000000 wp: 0x30000000 lt: 3 file lt: 3
2026/04/15-19:55:54.661757 7214 [Zonestats:time(s),used_cap(MB),reclaimable_cap(MB), avg_reclaimable(%), active(#), active_zones(#), open_zones(#)] 5 144 879 85 8 9 3
2026/04/15-19:55:54.661761 7214 [DEBUG] Syncing metadata for: /rocksdbtest/dbbench/000026.sst
2026/04/15-19:55:55.025015 7248 [DEBUG] New writable file: /rocksdbtest/dbbench/000027.log direct: 0
2026/04/15-19:55:55.026043 7215 [DEBUG] New writable file: /rocksdbtest/dbbench/000028.sst direct: 1
2026/04/15-19:55:55.034318 7248 [DEBUG] Allocating zone(new=0) start: 0x60000000 wp: 0x61ed2c00 lt: 3 file lt: 2
2026/04/15-19:55:55.034325 7248 [DEBUG] Syncing metadata for: /rocksdbtest/dbbench/000027.log
2026/04/15-19:55:55.035420 7215 Entering Apply Finish Threshold Function
2026/04/15-19:55:55.035431 7215 [DEBUG] Allocating zone(new=1) start: 0x38000000 wp: 0x38000000 lt: 3 file lt: 3
2026/04/15-19:55:55.035437 7215 [Zonestats:time(s),used_cap(MB),reclaimable_cap(MB), avg_reclaimable(%), active(#), active_zones(#), open_zones(#)] 6 161 862 84 9 10 5
2026/04/15-19:55:55.035441 7215 [DEBUG] Syncing metadata for: /rocksdbtest/dbbench/000028.sst
2026/04/15-19:55:55.334982 7215 [DEBUG] Syncing metadata for: /rocksdbtest/dbbench/000028.sst
2026/04/15-19:55:55.336309 7214 [DEBUG] Syncing metadata for: /rocksdbtest/dbbench/000026.sst
2026/04/15-19:55:55.336719 7215 [DEBUG] Syncing metadata for: /rocksdbtest/dbbench/000028.sst
2026/04/15-19:55:55.337271 7214 [DEBUG] Syncing metadata for: /rocksdbtest/dbbench/000026.sst
2026/04/15-19:55:55.337930 7214 [DEBUG] GetFileSize: /rocksdbtest/dbbench/000026.sst 
2026/04/15-19:55:55.338415 7214 [DEBUG] New writable file: /rocksdbtest/dbbench/000029.sst direct: 1
2026/04/15-19:55:55.342595 7215 [DEBUG] New random access file: /rocksdbtest/dbbench/000028.sst direct: 1
2026/04/15-19:55:55.346277 7215 [DEBUG] GetFileSize: /rocksdbtest/dbbench/000028.sst 
2026/04/15-19:55:55.348803 7215 [DEBUG] Syncing metadata for: /rocksdbtest/dbbench/MANIFEST-000005
2026/04/15-19:55:55.349449 7215 [DEBUG] GetFileSize: /rocksdbtest/dbbench/000028.sst 
2026/04/15-19:55:55.351460 7214 Entering Apply Finish Threshold Function
2026/04/15-19:55:55.351472 7214 [DEBUG] Allocating zone(new=1) start: 0x40000000 wp: 0x40000000 lt: 3 file lt: 3
2026/04/15-19:55:55.351478 7214 [Zonestats:time(s),used_cap(MB),reclaimable_cap(MB), avg_reclaimable(%), active(#), active_zones(#), open_zones(#)] 6 222 1057 82 10 11 4
2026/04/15-19:55:55.351483 7214 [DEBUG] Syncing metadata for: /rocksdbtest/dbbench/000029.sst
2026/04/15-19:55:55.352386 7215 [DEBUG] Syncing metadata for: /rocksdbtest/dbbench/000024.log
2026/04/15-19:55:55.360863 7215 [DEBUG] DeleteFile: rocksdbtest/dbbench/000024.log 
2026/04/15-19:55:55.364774 7215 [Zonestats:time(s),used_cap(MB),reclaimable_cap(MB), avg_reclaimable(%), active(#), active_zones(#), open_zones(#)] 6 191 1088 85 11 11 3
2026/04/15-19:55:55.654683 7248 [DEBUG] New writable file: /rocksdbtest/dbbench/000030.log direct: 0
2026/04/15-19:55:55.660669 7215 [DEBUG] New writable file: /rocksdbtest/dbbench/000031.sst direct: 1
2026/04/15-19:55:55.665700 7248 [DEBUG] Allocating zone(new=0) start: 0x68000000 wp: 0x6b034600 lt: 3 file lt: 2
2026/04/15-19:55:55.665708 7248 [DEBUG] Syncing metadata for: /rocksdbtest/dbbench/000030.log
2026/04/15-19:55:55.670827 7215 Entering Apply Finish Threshold Function
2026/04/15-19:55:55.670837 7215 [DEBUG] Allocating zone(new=1) start: 0x70000000 wp: 0x70000000 lt: 3 file lt: 3
2026/04/15-19:55:55.670841 7215 [Zonestats:time(s),used_cap(MB),reclaimable_cap(MB), avg_reclaimable(%), active(#), active_zones(#), open_zones(#)] 6 210 1069 83 11 12 5
2026/04/15-19:55:55.670845 7215 [DEBUG] Syncing metadata for: /rocksdbtest/dbbench/000031.sst
2026/04/15-19:55:55.976651 7215 [DEBUG] Syncing metadata for: /rocksdbtest/dbbench/000031.sst
2026/04/15-19:55:55.977972 7215 [DEBUG] Syncing metadata for: /rocksdbtest/dbbench/000031.sst
2026/04/15-19:55:55.978036 7214 [DEBUG] Syncing metadata for: /rocksdbtest/dbbench/000029.sst
2026/04/15-19:55:55.986286 7214 [DEBUG] Syncing metadata for: /rocksdbtest/dbbench/000029.sst
2026/04/15-19:55:55.986892 7215 [DEBUG] New random access file: /rocksdbtest/dbbench/000031.sst direct: 1
2026/04/15-19:55:55.987042 7214 [DEBUG] GetFileSize: /rocksdbtest/dbbench/000029.sst 
2026/04/15-19:55:55.987077 7214 [DEBUG] New writable file: /rocksdbtest/dbbench/000032.sst direct: 1
2026/04/15-19:55:55.987143 7215 [DEBUG] GetFileSize: /rocksdbtest/dbbench/000031.sst 
2026/04/15-19:55:55.989712 7215 [DEBUG] Syncing metadata for: /rocksdbtest/dbbench/MANIFEST-000005
2026/04/15-19:55:55.990315 7215 [DEBUG] GetFileSize: /rocksdbtest/dbbench/000031.sst 
2026/04/15-19:55:55.993245 7215 [DEBUG] Syncing metadata for: /rocksdbtest/dbbench/000027.log
2026/04/15-19:55:55.999111 7214 Entering Apply Finish Threshold Function
2026/04/15-19:55:55.999124 7214 [DEBUG] Allocator: avoided a finish by relaxing lifetime diff requirement
2026/04/15-19:55:55.999127 7214 [DEBUG] Allocating zone(new=0) start: 0x70000000 wp: 0x710d5c00 lt: 3 file lt: 3
2026/04/15-19:55:55.999132 7214 [Zonestats:time(s),used_cap(MB),reclaimable_cap(MB), avg_reclaimable(%), active(#), active_zones(#), open_zones(#)] 6 270 1265 82 12 12 4
2026/04/15-19:55:55.999137 7214 [DEBUG] Syncing metadata for: /rocksdbtest/dbbench/000032.sst
2026/04/15-19:55:56.000998 7215 [DEBUG] DeleteFile: rocksdbtest/dbbench/000027.log 
2026/04/15-19:55:56.009392 7215 [Zonestats:time(s),used_cap(MB),reclaimable_cap(MB), avg_reclaimable(%), active(#), active_zones(#), open_zones(#)] 7 240 1295 84 12 12 3
2026/04/15-19:55:56.422606 7248 [DEBUG] New writable file: /rocksdbtest/dbbench/000033.log direct: 0
2026/04/15-19:55:56.423509 7215 [DEBUG] New writable file: /rocksdbtest/dbbench/000034.sst direct: 1
2026/04/15-19:55:56.427781 7248 [DEBUG] Allocating zone(new=0) start: 0x60000000 wp: 0x63e31400 lt: 3 file lt: 2
2026/04/15-19:55:56.427786 7248 [DEBUG] Syncing metadata for: /rocksdbtest/dbbench/000033.log
2026/04/15-19:55:56.433749 7215 Entering Apply Finish Threshold Function
2026/04/15-19:55:56.433764 7215 [DEBUG] Allocator: avoided a finish by relaxing lifetime diff requirement
2026/04/15-19:55:56.433768 7215 [DEBUG] Allocating zone(new=0) start: 0x58000000 wp: 0x5b038600 lt: 3 file lt: 3
2026/04/15-19:55:56.433775 7215 [Zonestats:time(s),used_cap(MB),reclaimable_cap(MB), avg_reclaimable(%), active(#), active_zones(#), open_zones(#)] 7 259 1276 83 12 12 5
2026/04/15-19:55:56.433782 7215 [DEBUG] Syncing metadata for: /rocksdbtest/dbbench/000034.sst
2026/04/15-19:55:56.641283 7214 [DEBUG] Syncing metadata for: /rocksdbtest/dbbench/000032.sst
2026/04/15-19:55:56.644015 7214 [DEBUG] Syncing metadata for: /rocksdbtest/dbbench/000032.sst
2026/04/15-19:55:56.644819 7214 [DEBUG] GetFileSize: /rocksdbtest/dbbench/000032.sst 
2026/04/15-19:55:56.644854 7214 [DEBUG] New writable file: /rocksdbtest/dbbench/000035.sst direct: 1
2026/04/15-19:55:56.673312 7214 Entering Apply Finish Threshold Function
2026/04/15-19:55:56.673326 7214 [DEBUG] Allocator: avoided a finish by relaxing lifetime diff requirement
2026/04/15-19:55:56.673328 7214 [DEBUG] Allocating zone(new=0) start: 0x70000000 wp: 0x73100e00 lt: 3 file lt: 3
2026/04/15-19:55:56.673334 7214 [Zonestats:time(s),used_cap(MB),reclaimable_cap(MB), avg_reclaimable(%), active(#), active_zones(#), open_zones(#)] 7 300 1235 80 12 12 5
2026/04/15-19:55:56.673338 7214 [DEBUG] Syncing metadata for: /rocksdbtest/dbbench/000035.sst
2026/04/15-19:55:56.726254 7215 [DEBUG] Syncing metadata for: /rocksdbtest/dbbench/000034.sst
2026/04/15-19:55:56.731115 7215 [DEBUG] Syncing metadata for: /rocksdbtest/dbbench/000034.sst
2026/04/15-19:55:56.731710 7215 [DEBUG] New random access file: /rocksdbtest/dbbench/000034.sst direct: 1
2026/04/15-19:55:56.731938 7215 [DEBUG] GetFileSize: /rocksdbtest/dbbench/000034.sst 
2026/04/15-19:55:56.734304 7215 [DEBUG] Syncing metadata for: /rocksdbtest/dbbench/MANIFEST-000005
2026/04/15-19:55:56.734896 7215 [DEBUG] GetFileSize: /rocksdbtest/dbbench/000034.sst 
2026/04/15-19:55:56.737787 7215 [DEBUG] Syncing metadata for: /rocksdbtest/dbbench/000030.log
2026/04/15-19:55:56.745553 7215 [DEBUG] DeleteFile: rocksdbtest/dbbench/000030.log 
2026/04/15-19:55:56.750847 7215 [Zonestats:time(s),used_cap(MB),reclaimable_cap(MB), avg_reclaimable(%), active(#), active_zones(#), open_zones(#)] 7 288 1247 81 12 12 3
2026/04/15-19:55:57.031068 7214 [DEBUG] Syncing metadata for: /rocksdbtest/dbbench/000035.sst
2026/04/15-19:55:57.032906 7214 [DEBUG] Syncing metadata for: /rocksdbtest/dbbench/000035.sst
2026/04/15-19:55:57.033587 7214 [DEBUG] GetFileSize: /rocksdbtest/dbbench/000035.sst 
2026/04/15-19:55:57.034744 7214 [DEBUG] New random access file: /rocksdbtest/dbbench/000026.sst direct: 1
2026/04/15-19:55:57.035076 7214 [DEBUG] GetFileSize: /rocksdbtest/dbbench/000026.sst 
2026/04/15-19:55:57.035435 7214 [DEBUG] New random access file: /rocksdbtest/dbbench/000029.sst direct: 1
2026/04/15-19:55:57.035754 7214 [DEBUG] GetFileSize: /rocksdbtest/dbbench/000029.sst 
2026/04/15-19:55:57.036084 7214 [DEBUG] New random access file: /rocksdbtest/dbbench/000032.sst direct: 1
2026/04/15-19:55:57.036392 7214 [DEBUG] GetFileSize: /rocksdbtest/dbbench/000032.sst 
2026/04/15-19:55:57.036718 7214 [DEBUG] New random access file: /rocksdbtest/dbbench/000035.sst direct: 1
2026/04/15-19:55:57.037023 7214 [DEBUG] GetFileSize: /rocksdbtest/dbbench/000035.sst 
2026/04/15-19:55:57.037948 7214 [DEBUG] Syncing metadata for: /rocksdbtest/dbbench/MANIFEST-000005
2026/04/15-19:55:57.038636 7214 [DEBUG] DeleteFile: rocksdbtest/dbbench/000016.sst 
2026/04/15-19:55:57.042358 7214 [Zonestats:time(s),used_cap(MB),reclaimable_cap(MB), avg_reclaimable(%), active(#), active_zones(#), open_zones(#)] 8 290 1117 79 11 11 2
2026/04/15-19:55:57.042401 7214 [DEBUG] DeleteFile: rocksdbtest/dbbench/000018.sst 
2026/04/15-19:55:57.053183 7214 [Zonestats:time(s),used_cap(MB),reclaimable_cap(MB), avg_reclaimable(%), active(#), active_zones(#), open_zones(#)] 8 274 1005 78 10 10 2
2026/04/15-19:55:57.053238 7214 [DEBUG] DeleteFile: rocksdbtest/dbbench/000020.sst 
2026/04/15-19:55:57.053819 7214 [Zonestats:time(s),used_cap(MB),reclaimable_cap(MB), avg_reclaimable(%), active(#), active_zones(#), open_zones(#)] 8 257 1022 79 10 10 2
2026/04/15-19:55:57.053854 7214 [DEBUG] DeleteFile: rocksdbtest/dbbench/000021.sst 
2026/04/15-19:55:57.054406 7214 [Zonestats:time(s),used_cap(MB),reclaimable_cap(MB), avg_reclaimable(%), active(#), active_zones(#), open_zones(#)] 8 227 1052 82 10 10 2
2026/04/15-19:55:57.054439 7214 [DEBUG] DeleteFile: rocksdbtest/dbbench/000023.sst 
2026/04/15-19:55:57.066602 7214 [Zonestats:time(s),used_cap(MB),reclaimable_cap(MB), avg_reclaimable(%), active(#), active_zones(#), open_zones(#)] 8 210 941 81 9 9 2
2026/04/15-19:55:57.066658 7214 [DEBUG] DeleteFile: rocksdbtest/dbbench/000025.sst 
2026/04/15-19:55:57.072026 7214 [Zonestats:time(s),used_cap(MB),reclaimable_cap(MB), avg_reclaimable(%), active(#), active_zones(#), open_zones(#)] 8 194 829 81 8 8 2
2026/04/15-19:55:57.127697 7248 [DEBUG] New writable file: /rocksdbtest/dbbench/000036.log direct: 0
2026/04/15-19:55:57.128576 7215 [DEBUG] New writable file: /rocksdbtest/dbbench/000037.sst direct: 1
2026/04/15-19:55:57.132274 7248 [DEBUG] Allocating zone(new=0) start: 0x70000000 wp: 0x74553600 lt: 3 file lt: 2
2026/04/15-19:55:57.132280 7248 [DEBUG] Syncing metadata for: /rocksdbtest/dbbench/000036.log
2026/04/15-19:55:57.138452 7215 Entering Apply Finish Threshold Function
2026/04/15-19:55:57.138466 7215 [DEBUG] Allocating zone(new=1) start: 0x28000000 wp: 0x28000000 lt: 3 file lt: 3
2026/04/15-19:55:57.138473 7215 [Zonestats:time(s),used_cap(MB),reclaimable_cap(MB), avg_reclaimable(%), active(#), active_zones(#), open_zones(#)] 8 198 825 80 8 9 4
2026/04/15-19:55:57.138479 7215 [DEBUG] Syncing metadata for: /rocksdbtest/dbbench/000037.sst
2026/04/15-19:55:57.390515 7215 [DEBUG] Syncing metadata for: /rocksdbtest/dbbench/000037.sst
2026/04/15-19:55:57.397673 7215 [DEBUG] Syncing metadata for: /rocksdbtest/dbbench/000037.sst
2026/04/15-19:55:57.398266 7215 [DEBUG] New random access file: /rocksdbtest/dbbench/000037.sst direct: 1
2026/04/15-19:55:57.398490 7215 [DEBUG] GetFileSize: /rocksdbtest/dbbench/000037.sst 
2026/04/15-19:55:57.400515 7215 [DEBUG] Syncing metadata for: /rocksdbtest/dbbench/MANIFEST-000005
2026/04/15-19:55:57.401106 7215 [DEBUG] GetFileSize: /rocksdbtest/dbbench/000037.sst 
2026/04/15-19:55:57.403994 7215 [DEBUG] Syncing metadata for: /rocksdbtest/dbbench/000033.log
2026/04/15-19:55:57.406755 7215 [DEBUG] DeleteFile: rocksdbtest/dbbench/000033.log 
2026/04/15-19:55:57.424579 7215 [Zonestats:time(s),used_cap(MB),reclaimable_cap(MB), avg_reclaimable(%), active(#), active_zones(#), open_zones(#)] 8 197 826 80 8 8 2
2026/04/15-19:55:57.435947 7214 [DEBUG] New writable file: /rocksdbtest/dbbench/000038.sst direct: 1
2026/04/15-19:55:57.448298 7214 Entering Apply Finish Threshold Function
2026/04/15-19:55:57.448306 7214 [DEBUG] Allocating zone(new=1) start: 0x48000000 wp: 0x48000000 lt: 3 file lt: 3
2026/04/15-19:55:57.448309 7214 [Zonestats:time(s),used_cap(MB),reclaimable_cap(MB), avg_reclaimable(%), active(#), active_zones(#), open_zones(#)] 8 198 825 80 8 9 3
2026/04/15-19:55:57.448313 7214 [DEBUG] Syncing metadata for: /rocksdbtest/dbbench/000038.sst
2026/04/15-19:55:57.765687 7248 [DEBUG] New writable file: /rocksdbtest/dbbench/000039.log direct: 0
2026/04/15-19:55:57.766536 7215 [DEBUG] New writable file: /rocksdbtest/dbbench/000040.sst direct: 1
2026/04/15-19:55:57.770668 7248 [DEBUG] Allocating zone(new=0) start: 0x58000000 wp: 0x5c10c400 lt: 3 file lt: 2
2026/04/15-19:55:57.770673 7248 [DEBUG] Syncing metadata for: /rocksdbtest/dbbench/000039.log
2026/04/15-19:55:57.776717 7215 Entering Apply Finish Threshold Function
2026/04/15-19:55:57.776733 7215 [DEBUG] Allocating zone(new=1) start: 0x50000000 wp: 0x50000000 lt: 3 file lt: 3
2026/04/15-19:55:57.776745 7215 [Zonestats:time(s),used_cap(MB),reclaimable_cap(MB), avg_reclaimable(%), active(#), active_zones(#), open_zones(#)] 8 215 808 78 9 10 5
2026/04/15-19:55:57.776752 7215 [DEBUG] Syncing metadata for: /rocksdbtest/dbbench/000040.sst
2026/04/15-19:55:58.057338 7215 [DEBUG] Syncing metadata for: /rocksdbtest/dbbench/000040.sst
2026/04/15-19:55:58.057940 7215 [DEBUG] Syncing metadata for: /rocksdbtest/dbbench/000040.sst
2026/04/15-19:55:58.065618 7215 [DEBUG] New random access file: /rocksdbtest/dbbench/000040.sst direct: 1
2026/04/15-19:55:58.067860 7215 [DEBUG] GetFileSize: /rocksdbtest/dbbench/000040.sst 
2026/04/15-19:55:58.070146 7215 [DEBUG] Syncing metadata for: /rocksdbtest/dbbench/MANIFEST-000005
2026/04/15-19:55:58.070756 7215 [DEBUG] GetFileSize: /rocksdbtest/dbbench/000040.sst 
2026/04/15-19:55:58.073655 7215 [DEBUG] Syncing metadata for: /rocksdbtest/dbbench/000036.log
2026/04/15-19:55:58.074392 7215 [DEBUG] DeleteFile: rocksdbtest/dbbench/000036.log 
2026/04/15-19:55:58.081838 7215 [Zonestats:time(s),used_cap(MB),reclaimable_cap(MB), avg_reclaimable(%), active(#), active_zones(#), open_zones(#)] 9 212 939 81 10 10 3
2026/04/15-19:55:58.303590 7214 [DEBUG] Syncing metadata for: /rocksdbtest/dbbench/000038.sst
2026/04/15-19:55:58.304146 7214 [DEBUG] Syncing metadata for: /rocksdbtest/dbbench/000038.sst
2026/04/15-19:55:58.304801 7214 [DEBUG] GetFileSize: /rocksdbtest/dbbench/000038.sst 
2026/04/15-19:55:58.304825 7214 [DEBUG] New writable file: /rocksdbtest/dbbench/000041.sst direct: 1
2026/04/15-19:55:58.315701 7214 Entering Apply Finish Threshold Function
2026/04/15-19:55:58.315716 7214 [DEBUG] Allocating zone(new=1) start: 0x60000000 wp: 0x60000000 lt: 3 file lt: 3
2026/04/15-19:55:58.315722 7214 [Zonestats:time(s),used_cap(MB),reclaimable_cap(MB), avg_reclaimable(%), active(#), active_zones(#), open_zones(#)] 9 258 1021 79 10 11 3
2026/04/15-19:55:58.315728 7214 [DEBUG] Syncing metadata for: /rocksdbtest/dbbench/000041.sst
2026/04/15-19:55:58.440747 7248 [DEBUG] New writable file: /rocksdbtest/dbbench/000042.log direct: 0
2026/04/15-19:55:58.441625 7215 [DEBUG] New writable file: /rocksdbtest/dbbench/000043.sst direct: 1
2026/04/15-19:55:58.445800 7248 [DEBUG] Allocating zone(new=0) start: 0x70000000 wp: 0x764b0800 lt: 3 file lt: 2
2026/04/15-19:55:58.445807 7248 [DEBUG] Syncing metadata for: /rocksdbtest/dbbench/000042.log
2026/04/15-19:55:58.454059 7215 Entering Apply Finish Threshold Function
2026/04/15-19:55:58.454075 7215 [DEBUG] Allocating zone(new=1) start: 0x68000000 wp: 0x68000000 lt: 3 file lt: 3
2026/04/15-19:55:58.454082 7215 [Zonestats:time(s),used_cap(MB),reclaimable_cap(MB), avg_reclaimable(%), active(#), active_zones(#), open_zones(#)] 9 264 1015 79 11 12 5
2026/04/15-19:55:58.454090 7215 [DEBUG] Syncing metadata for: /rocksdbtest/dbbench/000043.sst
2026/04/15-19:55:58.740298 7215 [DEBUG] Syncing metadata for: /rocksdbtest/dbbench/000043.sst
2026/04/15-19:55:58.747947 7215 [DEBUG] Syncing metadata for: /rocksdbtest/dbbench/000043.sst
2026/04/15-19:55:58.748608 7215 [DEBUG] New random access file: /rocksdbtest/dbbench/000043.sst direct: 1
2026/04/15-19:55:58.748858 7215 [DEBUG] GetFileSize: /rocksdbtest/dbbench/000043.sst 
2026/04/15-19:55:58.751505 7215 [DEBUG] Syncing metadata for: /rocksdbtest/dbbench/MANIFEST-000005
2026/04/15-19:55:58.752154 7215 [DEBUG] GetFileSize: /rocksdbtest/dbbench/000043.sst 
2026/04/15-19:55:58.755105 7215 [DEBUG] Syncing metadata for: /rocksdbtest/dbbench/000039.log
2026/04/15-19:55:58.762876 7215 [DEBUG] DeleteFile: rocksdbtest/dbbench/000039.log 
2026/04/15-19:55:58.770294 7215 [Zonestats:time(s),used_cap(MB),reclaimable_cap(MB), avg_reclaimable(%), active(#), active_zones(#), open_zones(#)] 9 262 1145 81 12 12 3
2026/04/15-19:55:59.071826 7248 [DEBUG] Allocating zone(new=0) start: 0x68000000 wp: 0x690d7e00 lt: 3 file lt: 2
2026/04/15-19:55:59.071841 7248 [DEBUG] Syncing metadata for: /rocksdbtest/dbbench/000042.log
2026/04/15-19:55:59.148084 7248 [DEBUG] New writable file: /rocksdbtest/dbbench/000044.log direct: 0
2026/04/15-19:55:59.148848 7214 [DEBUG] Syncing metadata for: /rocksdbtest/dbbench/000041.sst
2026/04/15-19:55:59.149549 7215 [DEBUG] New writable file: /rocksdbtest/dbbench/000045.sst direct: 1
2026/04/15-19:55:59.149783 7214 [DEBUG] Syncing metadata for: /rocksdbtest/dbbench/000041.sst
2026/04/15-19:55:59.150411 7214 [DEBUG] GetFileSize: /rocksdbtest/dbbench/000041.sst 
2026/04/15-19:55:59.150943 7214 [DEBUG] New writable file: /rocksdbtest/dbbench/000046.sst direct: 1
2026/04/15-19:55:59.153482 7248 [DEBUG] Allocating zone(new=0) start: 0x60000000 wp: 0x6202b200 lt: 3 file lt: 2
2026/04/15-19:55:59.153488 7248 [DEBUG] Syncing metadata for: /rocksdbtest/dbbench/000044.log
2026/04/15-19:55:59.160567 7215 Entering Apply Finish Threshold Function
2026/04/15-19:55:59.160584 7215 [DEBUG] Allocating zone(new=1) start: 0x78000000 wp: 0x78000000 lt: 3 file lt: 3
2026/04/15-19:55:59.160590 7215 [Zonestats:time(s),used_cap(MB),reclaimable_cap(MB), avg_reclaimable(%), active(#), active_zones(#), open_zones(#)] 10 313 1222 79 11 12 4
2026/04/15-19:55:59.160597 7215 [DEBUG] Syncing metadata for: /rocksdbtest/dbbench/000045.sst
2026/04/15-19:55:59.163218 7214 Entering Apply Finish Threshold Function
2026/04/15-19:55:59.163229 7214 [DEBUG] Allocator: avoided a finish by relaxing lifetime diff requirement
2026/04/15-19:55:59.163233 7214 [DEBUG] Allocating zone(new=0) start: 0x58000000 wp: 0x5e06ac00 lt: 3 file lt: 3
2026/04/15-19:55:59.163237 7214 [Zonestats:time(s),used_cap(MB),reclaimable_cap(MB), avg_reclaimable(%), active(#), active_zones(#), open_zones(#)] 10 314 1221 79 11 12 5
2026/04/15-19:55:59.163242 7214 [DEBUG] Syncing metadata for: /rocksdbtest/dbbench/000046.sst
2026/04/15-19:55:59.480726 7215 [DEBUG] Syncing metadata for: /rocksdbtest/dbbench/000045.sst
2026/04/15-19:55:59.483262 7215 [DEBUG] Syncing metadata for: /rocksdbtest/dbbench/000045.sst
2026/04/15-19:55:59.483875 7215 [DEBUG] New random access file: /rocksdbtest/dbbench/000045.sst direct: 1
2026/04/15-19:55:59.484106 7215 [DEBUG] GetFileSize: /rocksdbtest/dbbench/000045.sst 
2026/04/15-19:55:59.486344 7215 [DEBUG] Syncing metadata for: /rocksdbtest/dbbench/MANIFEST-000005
2026/04/15-19:55:59.487070 7215 [DEBUG] GetFileSize: /rocksdbtest/dbbench/000045.sst 
2026/04/15-19:55:59.496884 7215 [DEBUG] Syncing metadata for: /rocksdbtest/dbbench/000042.log
2026/04/15-19:55:59.506801 7215 [DEBUG] DeleteFile: rocksdbtest/dbbench/000042.log 
2026/04/15-19:55:59.507380 7215 [Zonestats:time(s),used_cap(MB),reclaimable_cap(MB), avg_reclaimable(%), active(#), active_zones(#), open_zones(#)] 10 311 1352 81 12 12 3
2026/04/15-19:55:59.817024 7214 Entering Apply Finish Threshold Function
2026/04/15-19:55:59.817037 7214 [DEBUG] Allocating zone(new=1) start: 0x80000000 wp: 0x80000000 lt: 3 file lt: 3
2026/04/15-19:55:59.817041 7214 [Zonestats:time(s),used_cap(MB),reclaimable_cap(MB), avg_reclaimable(%), active(#), active_zones(#), open_zones(#)] 10 354 1309 78 11 12 3
2026/04/15-19:55:59.817044 7214 [DEBUG] Syncing metadata for: /rocksdbtest/dbbench/000046.sst
2026/04/15-19:55:59.822934 7214 [DEBUG] Syncing metadata for: /rocksdbtest/dbbench/000046.sst
2026/04/15-19:55:59.823460 7214 [DEBUG] Syncing metadata for: /rocksdbtest/dbbench/000046.sst
2026/04/15-19:55:59.824067 7214 [DEBUG] GetFileSize: /rocksdbtest/dbbench/000046.sst 
2026/04/15-19:55:59.824087 7214 [DEBUG] New writable file: /rocksdbtest/dbbench/000047.sst direct: 1
2026/04/15-19:55:59.854404 7214 Entering Apply Finish Threshold Function
2026/04/15-19:55:59.854419 7214 [DEBUG] Allocator: avoided a finish by relaxing lifetime diff requirement
2026/04/15-19:55:59.854422 7214 [DEBUG] Allocating zone(new=0) start: 0x80000000 wp: 0x80095a00 lt: 3 file lt: 3
2026/04/15-19:55:59.854428 7214 [Zonestats:time(s),used_cap(MB),reclaimable_cap(MB), avg_reclaimable(%), active(#), active_zones(#), open_zones(#)] 10 358 1433 80 12 12 3
2026/04/15-19:55:59.854434 7214 [DEBUG] Syncing metadata for: /rocksdbtest/dbbench/000047.sst
2026/04/15-19:55:59.945279 7248 [DEBUG] New writable file: /rocksdbtest/dbbench/000048.log direct: 0
2026/04/15-19:55:59.946219 7215 [DEBUG] New writable file: /rocksdbtest/dbbench/000049.sst direct: 1
2026/04/15-19:55:59.951407 7248 [DEBUG] Allocating zone(new=0) start: 0x78000000 wp: 0x790d3a00 lt: 3 file lt: 2
2026/04/15-19:55:59.951415 7248 [DEBUG] Syncing metadata for: /rocksdbtest/dbbench/000048.log
2026/04/15-19:55:59.955965 7215 Entering Apply Finish Threshold Function
2026/04/15-19:55:59.955978 7215 [DEBUG] Allocator: avoided a finish by relaxing lifetime diff requirement
2026/04/15-19:55:59.955981 7215 [DEBUG] Allocating zone(new=0) start: 0x68000000 wp: 0x694e7600 lt: 3 file lt: 3
2026/04/15-19:55:59.955986 7215 [Zonestats:time(s),used_cap(MB),reclaimable_cap(MB), avg_reclaimable(%), active(#), active_zones(#), open_zones(#)] 10 362 1429 79 12 12 5
2026/04/15-19:55:59.955992 7215 [DEBUG] Syncing metadata for: /rocksdbtest/dbbench/000049.sst
2026/04/15-19:56:00.197957 7213 Zone Garbage Stats: [15 7 0 0 0 1 0 1 0 0 0 0 ]
2026/04/15-19:56:00.197978 7213 Total Garbage Bytes: 144983230 bytes
2026/04/15-19:56:00.293694 7215 [DEBUG] Syncing metadata for: /rocksdbtest/dbbench/000049.sst
2026/04/15-19:56:00.296350 7215 [DEBUG] Syncing metadata for: /rocksdbtest/dbbench/000049.sst
2026/04/15-19:56:00.297008 7215 [DEBUG] New random access file: /rocksdbtest/dbbench/000049.sst direct: 1
2026/04/15-19:56:00.297267 7215 [DEBUG] GetFileSize: /rocksdbtest/dbbench/000049.sst 
2026/04/15-19:56:00.300972 7215 [DEBUG] Syncing metadata for: /rocksdbtest/dbbench/MANIFEST-000005
2026/04/15-19:56:00.301670 7215 [DEBUG] GetFileSize: /rocksdbtest/dbbench/000049.sst 
2026/04/15-19:56:00.304643 7215 [DEBUG] Syncing metadata for: /rocksdbtest/dbbench/000044.log
2026/04/15-19:56:00.312403 7215 [DEBUG] DeleteFile: rocksdbtest/dbbench/000044.log 
2026/04/15-19:56:00.319923 7215 [Zonestats:time(s),used_cap(MB),reclaimable_cap(MB), avg_reclaimable(%), active(#), active_zones(#), open_zones(#)] 11 361 1430 79 12 12 3
2026/04/15-19:56:00.502773 7214 [DEBUG] Syncing metadata for: /rocksdbtest/dbbench/000047.sst
2026/04/15-19:56:00.503307 7214 [DEBUG] Syncing metadata for: /rocksdbtest/dbbench/000047.sst
2026/04/15-19:56:00.503913 7214 [DEBUG] GetFileSize: /rocksdbtest/dbbench/000047.sst 
2026/04/15-19:56:00.503930 7214 [DEBUG] New writable file: /rocksdbtest/dbbench/000050.sst direct: 1
2026/04/15-19:56:00.513686 7214 Entering Apply Finish Threshold Function
2026/04/15-19:56:00.513698 7214 [DEBUG] Allocator: avoided a finish by relaxing lifetime diff requirement
2026/04/15-19:56:00.513700 7214 [DEBUG] Allocating zone(new=0) start: 0x80000000 wp: 0x820c0800 lt: 3 file lt: 3
2026/04/15-19:56:00.513705 7214 [Zonestats:time(s),used_cap(MB),reclaimable_cap(MB), avg_reclaimable(%), active(#), active_zones(#), open_zones(#)] 11 402 1389 77 12 12 3
2026/04/15-19:56:00.513709 7214 [DEBUG] Syncing metadata for: /rocksdbtest/dbbench/000050.sst
2026/04/15-19:56:00.700497 7248 [DEBUG] New writable file: /rocksdbtest/dbbench/000051.log direct: 0
2026/04/15-19:56:00.701509 7215 [DEBUG] New writable file: /rocksdbtest/dbbench/000052.sst direct: 1
2026/04/15-19:56:00.706607 7248 [DEBUG] Allocating zone(new=0) start: 0x68000000 wp: 0x6a5bee00 lt: 3 file lt: 2
2026/04/15-19:56:00.706614 7248 [DEBUG] Syncing metadata for: /rocksdbtest/dbbench/000051.log
2026/04/15-19:56:00.711538 7215 Entering Apply Finish Threshold Function
2026/04/15-19:56:00.711550 7215 [DEBUG] Allocator: avoided a finish by relaxing lifetime diff requirement
2026/04/15-19:56:00.711552 7215 [DEBUG] Allocating zone(new=0) start: 0x60000000 wp: 0x63f8a000 lt: 3 file lt: 3
2026/04/15-19:56:00.711556 7215 [Zonestats:time(s),used_cap(MB),reclaimable_cap(MB), avg_reclaimable(%), active(#), active_zones(#), open_zones(#)] 11 411 1380 77 12 12 5
2026/04/15-19:56:00.711560 7215 [DEBUG] Syncing metadata for: /rocksdbtest/dbbench/000052.sst
2026/04/15-19:56:01.037071 7215 [DEBUG] Syncing metadata for: /rocksdbtest/dbbench/000052.sst
2026/04/15-19:56:01.046402 7215 [DEBUG] Syncing metadata for: /rocksdbtest/dbbench/000052.sst
2026/04/15-19:56:01.047013 7215 [DEBUG] New random access file: /rocksdbtest/dbbench/000052.sst direct: 1
2026/04/15-19:56:01.047238 7215 [DEBUG] GetFileSize: /rocksdbtest/dbbench/000052.sst 
2026/04/15-19:56:01.049267 7215 [DEBUG] Syncing metadata for: /rocksdbtest/dbbench/MANIFEST-000005
2026/04/15-19:56:01.050143 7215 [DEBUG] GetFileSize: /rocksdbtest/dbbench/000052.sst 
2026/04/15-19:56:01.053053 7215 [DEBUG] Syncing metadata for: /rocksdbtest/dbbench/000048.log
2026/04/15-19:56:01.060841 7215 [DEBUG] DeleteFile: rocksdbtest/dbbench/000048.log 
2026/04/15-19:56:01.068357 7215 [Zonestats:time(s),used_cap(MB),reclaimable_cap(MB), avg_reclaimable(%), active(#), active_zones(#), open_zones(#)] 12 409 1382 77 12 12 3
2026/04/15-19:56:01.200824 7214 [DEBUG] Syncing metadata for: /rocksdbtest/dbbench/000050.sst
2026/04/15-19:56:01.201359 7214 [DEBUG] Syncing metadata for: /rocksdbtest/dbbench/000050.sst
2026/04/15-19:56:01.201975 7214 [DEBUG] GetFileSize: /rocksdbtest/dbbench/000050.sst 
2026/04/15-19:56:01.201997 7214 [DEBUG] New writable file: /rocksdbtest/dbbench/000053.sst direct: 1
2026/04/15-19:56:01.210414 7214 Entering Apply Finish Threshold Function
2026/04/15-19:56:01.210425 7214 [DEBUG] Allocator: avoided a finish by relaxing lifetime diff requirement
2026/04/15-19:56:01.210427 7214 [DEBUG] Allocating zone(new=0) start: 0x80000000 wp: 0x840ebe00 lt: 3 file lt: 3
2026/04/15-19:56:01.210432 7214 [Zonestats:time(s),used_cap(MB),reclaimable_cap(MB), avg_reclaimable(%), active(#), active_zones(#), open_zones(#)] 12 448 1343 74 12 12 3
2026/04/15-19:56:01.210437 7214 [DEBUG] Syncing metadata for: /rocksdbtest/dbbench/000053.sst
2026/04/15-19:56:01.248376 7214 [DEBUG] Syncing metadata for: /rocksdbtest/dbbench/000053.sst
2026/04/15-19:56:01.248916 7214 [DEBUG] Syncing metadata for: /rocksdbtest/dbbench/000053.sst
2026/04/15-19:56:01.249537 7214 [DEBUG] GetFileSize: /rocksdbtest/dbbench/000053.sst 
2026/04/15-19:56:01.250838 7214 [DEBUG] New random access file: /rocksdbtest/dbbench/000038.sst direct: 1
2026/04/15-19:56:01.251170 7214 [DEBUG] GetFileSize: /rocksdbtest/dbbench/000038.sst 
2026/04/15-19:56:01.251475 7214 [DEBUG] New random access file: /rocksdbtest/dbbench/000041.sst direct: 1
2026/04/15-19:56:01.251783 7214 [DEBUG] GetFileSize: /rocksdbtest/dbbench/000041.sst 
2026/04/15-19:56:01.252054 7214 [DEBUG] New random access file: /rocksdbtest/dbbench/000046.sst direct: 1
2026/04/15-19:56:01.252358 7214 [DEBUG] GetFileSize: /rocksdbtest/dbbench/000046.sst 
2026/04/15-19:56:01.252635 7214 [DEBUG] New random access file: /rocksdbtest/dbbench/000047.sst direct: 1
2026/04/15-19:56:01.252938 7214 [DEBUG] GetFileSize: /rocksdbtest/dbbench/000047.sst 
2026/04/15-19:56:01.253231 7214 [DEBUG] New random access file: /rocksdbtest/dbbench/000050.sst direct: 1
2026/04/15-19:56:01.253535 7214 [DEBUG] GetFileSize: /rocksdbtest/dbbench/000050.sst 
2026/04/15-19:56:01.253927 7214 [DEBUG] New random access file: /rocksdbtest/dbbench/000053.sst direct: 1
2026/04/15-19:56:01.254070 7214 [DEBUG] GetFileSize: /rocksdbtest/dbbench/000053.sst 
2026/04/15-19:56:01.254861 7214 [DEBUG] Syncing metadata for: /rocksdbtest/dbbench/MANIFEST-000005
2026/04/15-19:56:01.262530 7214 [DEBUG] DeleteFile: rocksdbtest/dbbench/000026.sst 
2026/04/15-19:56:01.266298 7214 [Zonestats:time(s),used_cap(MB),reclaimable_cap(MB), avg_reclaimable(%), active(#), active_zones(#), open_zones(#)] 12 422 1241 74 11 11 2
2026/04/15-19:56:01.266361 7214 [DEBUG] DeleteFile: rocksdbtest/dbbench/000028.sst 
2026/04/15-19:56:01.270173 7214 [Zonestats:time(s),used_cap(MB),reclaimable_cap(MB), avg_reclaimable(%), active(#), active_zones(#), open_zones(#)] 12 405 1130 73 10 10 2
2026/04/15-19:56:01.270226 7214 [DEBUG] DeleteFile: rocksdbtest/dbbench/000029.sst 
2026/04/15-19:56:01.280933 7214 [Zonestats:time(s),used_cap(MB),reclaimable_cap(MB), avg_reclaimable(%), active(#), active_zones(#), open_zones(#)] 12 374 1033 73 9 9 2
2026/04/15-19:56:01.280986 7214 [DEBUG] DeleteFile: rocksdbtest/dbbench/000031.sst 
2026/04/15-19:56:01.281570 7214 [Zonestats:time(s),used_cap(MB),reclaimable_cap(MB), avg_reclaimable(%), active(#), active_zones(#), open_zones(#)] 12 357 1050 74 9 9 2
2026/04/15-19:56:01.281605 7214 [DEBUG] DeleteFile: rocksdbtest/dbbench/000032.sst 
2026/04/15-19:56:01.282159 7214 [Zonestats:time(s),used_cap(MB),reclaimable_cap(MB), avg_reclaimable(%), active(#), active_zones(#), open_zones(#)] 12 325 1082 76 9 9 2
2026/04/15-19:56:01.282190 7214 [DEBUG] DeleteFile: rocksdbtest/dbbench/000034.sst 
2026/04/15-19:56:01.282739 7214 [Zonestats:time(s),used_cap(MB),reclaimable_cap(MB), avg_reclaimable(%), active(#), active_zones(#), open_zones(#)] 12 308 1099 78 9 9 2
2026/04/15-19:56:01.282783 7214 [DEBUG] DeleteFile: rocksdbtest/dbbench/000035.sst 
2026/04/15-19:56:01.289558 7214 [Zonestats:time(s),used_cap(MB),reclaimable_cap(MB), avg_reclaimable(%), active(#), active_zones(#), open_zones(#)] 12 287 992 77 9 9 2
2026/04/15-19:56:01.289612 7214 [DEBUG] DeleteFile: rocksdbtest/dbbench/000037.sst 
2026/04/15-19:56:01.300329 7214 [Zonestats:time(s),used_cap(MB),reclaimable_cap(MB), avg_reclaimable(%), active(#), active_zones(#), open_zones(#)] 12 272 879 76 8 8 2
2026/04/15-19:56:01.322111 7214 [DEBUG] New writable file: /rocksdbtest/dbbench/000054.sst direct: 1
2026/04/15-19:56:01.335297 7214 Entering Apply Finish Threshold Function
2026/04/15-19:56:01.335312 7214 [DEBUG] Allocating zone(new=1) start: 0x28000000 wp: 0x28000000 lt: 3 file lt: 3
2026/04/15-19:56:01.335319 7214 [Zonestats:time(s),used_cap(MB),reclaimable_cap(MB), avg_reclaimable(%), active(#), active_zones(#), open_zones(#)] 12 274 877 76 8 9 3
2026/04/15-19:56:01.335326 7214 [DEBUG] Syncing metadata for: /rocksdbtest/dbbench/000054.sst
2026/04/15-19:56:01.442539 7248 [DEBUG] New writable file: /rocksdbtest/dbbench/000055.log direct: 0
2026/04/15-19:56:01.443536 7215 [DEBUG] New writable file: /rocksdbtest/dbbench/000056.sst direct: 1
2026/04/15-19:56:01.449588 7248 [DEBUG] Allocating zone(new=0) start: 0x80000000 wp: 0x842f0000 lt: 3 file lt: 2
2026/04/15-19:56:01.449597 7248 [DEBUG] Syncing metadata for: /rocksdbtest/dbbench/000055.log
2026/04/15-19:56:01.455987 7215 Entering Apply Finish Threshold Function
2026/04/15-19:56:01.456005 7215 [DEBUG] Allocating zone(new=1) start: 0x30000000 wp: 0x30000000 lt: 3 file lt: 3
2026/04/15-19:56:01.456012 7215 [Zonestats:time(s),used_cap(MB),reclaimable_cap(MB), avg_reclaimable(%), active(#), active_zones(#), open_zones(#)] 12 278 873 75 9 10 5
2026/04/15-19:56:01.456020 7215 [DEBUG] Syncing metadata for: /rocksdbtest/dbbench/000056.sst
2026/04/15-19:56:01.754600 7215 [DEBUG] Syncing metadata for: /rocksdbtest/dbbench/000056.sst
2026/04/15-19:56:01.764367 7215 [DEBUG] Syncing metadata for: /rocksdbtest/dbbench/000056.sst
2026/04/15-19:56:01.764983 7215 [DEBUG] New random access file: /rocksdbtest/dbbench/000056.sst direct: 1
2026/04/15-19:56:01.765215 7215 [DEBUG] GetFileSize: /rocksdbtest/dbbench/000056.sst 
2026/04/15-19:56:01.773360 7215 [DEBUG] Syncing metadata for: /rocksdbtest/dbbench/MANIFEST-000005
2026/04/15-19:56:01.780699 7215 [DEBUG] GetFileSize: /rocksdbtest/dbbench/000056.sst 
2026/04/15-19:56:01.783860 7215 [DEBUG] Syncing metadata for: /rocksdbtest/dbbench/000051.log
2026/04/15-19:56:01.791469 7215 [DEBUG] DeleteFile: rocksdbtest/dbbench/000051.log 
2026/04/15-19:56:01.798979 7215 [Zonestats:time(s),used_cap(MB),reclaimable_cap(MB), avg_reclaimable(%), active(#), active_zones(#), open_zones(#)] 12 275 1004 78 10 10 3
2026/04/15-19:56:01.993889 7214 [DEBUG] Syncing metadata for: /rocksdbtest/dbbench/000054.sst
2026/04/15-19:56:01.994429 7214 [DEBUG] Syncing metadata for: /rocksdbtest/dbbench/000054.sst
2026/04/15-19:56:01.995069 7214 [DEBUG] GetFileSize: /rocksdbtest/dbbench/000054.sst 
2026/04/15-19:56:01.995095 7214 [DEBUG] New writable file: /rocksdbtest/dbbench/000057.sst direct: 1
2026/04/15-19:56:02.003452 7214 Entering Apply Finish Threshold Function
2026/04/15-19:56:02.003460 7214 [DEBUG] Allocating zone(new=1) start: 0x38000000 wp: 0x38000000 lt: 3 file lt: 3
2026/04/15-19:56:02.003463 7214 [Zonestats:time(s),used_cap(MB),reclaimable_cap(MB), avg_reclaimable(%), active(#), active_zones(#), open_zones(#)] 13 318 1089 77 10 11 3
2026/04/15-19:56:02.003466 7214 [DEBUG] Syncing metadata for: /rocksdbtest/dbbench/000057.sst
2026/04/15-19:56:02.176502 7248 [DEBUG] New writable file: /rocksdbtest/dbbench/000058.log direct: 0
2026/04/15-19:56:02.182634 7215 [DEBUG] New writable file: /rocksdbtest/dbbench/000059.sst direct: 1
2026/04/15-19:56:02.186957 7248 [DEBUG] Allocating zone(new=0) start: 0x78000000 wp: 0x7b032600 lt: 3 file lt: 2
2026/04/15-19:56:02.186965 7248 [DEBUG] Syncing metadata for: /rocksdbtest/dbbench/000058.log
2026/04/15-19:56:02.193461 7215 Entering Apply Finish Threshold Function
2026/04/15-19:56:02.193477 7215 [DEBUG] Allocating zone(new=1) start: 0x40000000 wp: 0x40000000 lt: 3 file lt: 3
2026/04/15-19:56:02.193485 7215 [Zonestats:time(s),used_cap(MB),reclaimable_cap(MB), avg_reclaimable(%), active(#), active_zones(#), open_zones(#)] 13 327 1080 76 11 12 5
2026/04/15-19:56:02.193492 7215 [DEBUG] Syncing metadata for: /rocksdbtest/dbbench/000059.sst
2026/04/15-19:56:02.476435 7215 [DEBUG] Syncing metadata for: /rocksdbtest/dbbench/000059.sst
2026/04/15-19:56:02.476980 7215 [DEBUG] Syncing metadata for: /rocksdbtest/dbbench/000059.sst
2026/04/15-19:56:02.484902 7215 [DEBUG] New random access file: /rocksdbtest/dbbench/000059.sst direct: 1
2026/04/15-19:56:02.492163 7215 [DEBUG] GetFileSize: /rocksdbtest/dbbench/000059.sst 
2026/04/15-19:56:02.494596 7215 [DEBUG] Syncing metadata for: /rocksdbtest/dbbench/MANIFEST-000005
2026/04/15-19:56:02.495235 7215 [DEBUG] GetFileSize: /rocksdbtest/dbbench/000059.sst 
2026/04/15-19:56:02.498174 7215 [DEBUG] Syncing metadata for: /rocksdbtest/dbbench/000055.log
2026/04/15-19:56:02.505974 7215 [DEBUG] DeleteFile: rocksdbtest/dbbench/000055.log 
2026/04/15-19:56:02.513400 7215 [Zonestats:time(s),used_cap(MB),reclaimable_cap(MB), avg_reclaimable(%), active(#), active_zones(#), open_zones(#)] 13 323 1212 78 12 12 3
2026/04/15-19:56:02.654203 7214 [DEBUG] Syncing metadata for: /rocksdbtest/dbbench/000057.sst
2026/04/15-19:56:02.654729 7214 [DEBUG] Syncing metadata for: /rocksdbtest/dbbench/000057.sst
2026/04/15-19:56:02.655338 7214 [DEBUG] GetFileSize: /rocksdbtest/dbbench/000057.sst 
2026/04/15-19:56:02.655356 7214 [DEBUG] New writable file: /rocksdbtest/dbbench/000060.sst direct: 1
2026/04/15-19:56:02.671640 7214 Entering Apply Finish Threshold Function
2026/04/15-19:56:02.671651 7214 [DEBUG] Allocator: avoided a finish by relaxing lifetime diff requirement
2026/04/15-19:56:02.671653 7214 [DEBUG] Allocating zone(new=0) start: 0x80000000 wp: 0x8624fc00 lt: 3 file lt: 3
2026/04/15-19:56:02.671658 7214 [Zonestats:time(s),used_cap(MB),reclaimable_cap(MB), avg_reclaimable(%), active(#), active_zones(#), open_zones(#)] 13 364 1299 78 12 12 3
2026/04/15-19:56:02.671662 7214 [DEBUG] Syncing metadata for: /rocksdbtest/dbbench/000060.sst
2026/04/15-19:56:02.951920 7248 [DEBUG] New writable file: /rocksdbtest/dbbench/000061.log direct: 0
2026/04/15-19:56:02.952888 7215 [DEBUG] New writable file: /rocksdbtest/dbbench/000062.sst direct: 1
2026/04/15-19:56:02.958887 7248 [DEBUG] Allocating zone(new=0) start: 0x68000000 wp: 0x6c51ca00 lt: 3 file lt: 2
2026/04/15-19:56:02.958897 7248 [DEBUG] Syncing metadata for: /rocksdbtest/dbbench/000061.log
2026/04/15-19:56:02.962837 7215 Entering Apply Finish Threshold Function
2026/04/15-19:56:02.962849 7215 [DEBUG] Allocator: avoided a finish by relaxing lifetime diff requirement
2026/04/15-19:56:02.962851 7215 [DEBUG] Allocating zone(new=0) start: 0x60000000 wp: 0x65061a00 lt: 3 file lt: 3
2026/04/15-19:56:02.962856 7215 [Zonestats:time(s),used_cap(MB),reclaimable_cap(MB), avg_reclaimable(%), active(#), active_zones(#), open_zones(#)] 13 376 1287 77 12 12 5
2026/04/15-19:56:02.962860 7215 [DEBUG] Syncing metadata for: /rocksdbtest/dbbench/000062.sst
2026/04/15-19:56:03.286885 7215 [DEBUG] Syncing metadata for: /rocksdbtest/dbbench/000062.sst
2026/04/15-19:56:03.292149 7215 [DEBUG] Syncing metadata for: /rocksdbtest/dbbench/000062.sst
2026/04/15-19:56:03.292149 7214 Entering Apply Finish Threshold Function
2026/04/15-19:56:03.292169 7214 [DEBUG] Allocating zone(new=1) start: 0x70000000 wp: 0x70000000 lt: 3 file lt: 3
2026/04/15-19:56:03.292176 7214 [Zonestats:time(s),used_cap(MB),reclaimable_cap(MB), avg_reclaimable(%), active(#), active_zones(#), open_zones(#)] 14 433 1230 73 11 12 5
2026/04/15-19:56:03.292183 7214 [DEBUG] Syncing metadata for: /rocksdbtest/dbbench/000060.sst
2026/04/15-19:56:03.293312 7215 [DEBUG] New random access file: /rocksdbtest/dbbench/000062.sst direct: 1
2026/04/15-19:56:03.295947 7215 [DEBUG] GetFileSize: /rocksdbtest/dbbench/000062.sst 
2026/04/15-19:56:03.303540 7215 [DEBUG] Syncing metadata for: /rocksdbtest/dbbench/MANIFEST-000005
2026/04/15-19:56:03.304223 7215 [DEBUG] GetFileSize: /rocksdbtest/dbbench/000062.sst 
2026/04/15-19:56:03.307171 7215 [DEBUG] Syncing metadata for: /rocksdbtest/dbbench/000058.log
2026/04/15-19:56:03.314975 7215 [DEBUG] DeleteFile: rocksdbtest/dbbench/000058.log 
2026/04/15-19:56:03.322406 7215 [Zonestats:time(s),used_cap(MB),reclaimable_cap(MB), avg_reclaimable(%), active(#), active_zones(#), open_zones(#)] 14 403 1260 75 12 12 3
2026/04/15-19:56:03.338270 7214 [DEBUG] Syncing metadata for: /rocksdbtest/dbbench/000060.sst
2026/04/15-19:56:03.338795 7214 [DEBUG] Syncing metadata for: /rocksdbtest/dbbench/000060.sst
2026/04/15-19:56:03.339389 7214 [DEBUG] GetFileSize: /rocksdbtest/dbbench/000060.sst 
2026/04/15-19:56:03.339407 7214 [DEBUG] New writable file: /rocksdbtest/dbbench/000063.sst direct: 1
2026/04/15-19:56:03.349111 7214 Entering Apply Finish Threshold Function
2026/04/15-19:56:03.349122 7214 [DEBUG] Allocator: avoided a finish by relaxing lifetime diff requirement
2026/04/15-19:56:03.349125 7214 [DEBUG] Allocating zone(new=0) start: 0x78000000 wp: 0x7cf91400 lt: 3 file lt: 3
2026/04/15-19:56:03.349129 7214 [Zonestats:time(s),used_cap(MB),reclaimable_cap(MB), avg_reclaimable(%), active(#), active_zones(#), open_zones(#)] 14 408 1383 77 12 12 3
2026/04/15-19:56:03.349133 7214 [DEBUG] Syncing metadata for: /rocksdbtest/dbbench/000063.sst
2026/04/15-19:56:03.709557 7248 [DEBUG] New writable file: /rocksdbtest/dbbench/000064.log direct: 0
2026/04/15-19:56:03.710820 7215 [DEBUG] New writable file: /rocksdbtest/dbbench/000065.sst direct: 1
2026/04/15-19:56:03.716771 7248 [DEBUG] Allocating zone(new=0) start: 0x70000000 wp: 0x7027b000 lt: 3 file lt: 2
2026/04/15-19:56:03.716780 7248 [DEBUG] Syncing metadata for: /rocksdbtest/dbbench/000064.log
2026/04/15-19:56:03.722719 7215 Entering Apply Finish Threshold Function
2026/04/15-19:56:03.722734 7215 [DEBUG] Allocator: avoided a finish by relaxing lifetime diff requirement
2026/04/15-19:56:03.722737 7215 [DEBUG] Allocating zone(new=0) start: 0x60000000 wp: 0x66136a00 lt: 3 file lt: 3
2026/04/15-19:56:03.722742 7215 [Zonestats:time(s),used_cap(MB),reclaimable_cap(MB), avg_reclaimable(%), active(#), active_zones(#), open_zones(#)] 14 425 1366 76 12 12 5
2026/04/15-19:56:03.722752 7215 [DEBUG] Syncing metadata for: /rocksdbtest/dbbench/000065.sst
2026/04/15-19:56:04.034688 7215 [DEBUG] Syncing metadata for: /rocksdbtest/dbbench/000065.sst
2026/04/15-19:56:04.036119 7215 [DEBUG] Syncing metadata for: /rocksdbtest/dbbench/000065.sst
2026/04/15-19:56:04.036131 7214 [DEBUG] Syncing metadata for: /rocksdbtest/dbbench/000063.sst
2026/04/15-19:56:04.043792 7215 [DEBUG] New random access file: /rocksdbtest/dbbench/000065.sst direct: 1
2026/04/15-19:56:04.044363 7214 [DEBUG] Syncing metadata for: /rocksdbtest/dbbench/000063.sst
2026/04/15-19:56:04.044505 7215 [DEBUG] GetFileSize: /rocksdbtest/dbbench/000065.sst 
2026/04/15-19:56:04.045195 7214 [DEBUG] GetFileSize: /rocksdbtest/dbbench/000063.sst 
2026/04/15-19:56:04.045230 7214 [DEBUG] New writable file: /rocksdbtest/dbbench/000066.sst direct: 1
2026/04/15-19:56:04.047063 7215 [DEBUG] Syncing metadata for: /rocksdbtest/dbbench/MANIFEST-000005
2026/04/15-19:56:04.047667 7215 [DEBUG] GetFileSize: /rocksdbtest/dbbench/000065.sst 
2026/04/15-19:56:04.050576 7215 [DEBUG] Syncing metadata for: /rocksdbtest/dbbench/000061.log
2026/04/15-19:56:04.051212 7215 [DEBUG] DeleteFile: rocksdbtest/dbbench/000061.log 
2026/04/15-19:56:04.051860 7215 [Zonestats:time(s),used_cap(MB),reclaimable_cap(MB), avg_reclaimable(%), active(#), active_zones(#), open_zones(#)] 15 454 1337 74 12 12 2
2026/04/15-19:56:04.056681 7214 Entering Apply Finish Threshold Function
2026/04/15-19:56:04.056691 7214 [DEBUG] Allocator: avoided a finish by relaxing lifetime diff requirement
2026/04/15-19:56:04.056694 7214 [DEBUG] Allocating zone(new=0) start: 0x78000000 wp: 0x7efbc400 lt: 3 file lt: 3
2026/04/15-19:56:04.056699 7214 [Zonestats:time(s),used_cap(MB),reclaimable_cap(MB), avg_reclaimable(%), active(#), active_zones(#), open_zones(#)] 15 454 1337 74 12 12 3
2026/04/15-19:56:04.056703 7214 [DEBUG] Syncing metadata for: /rocksdbtest/dbbench/000066.sst
2026/04/15-19:56:04.310620 7214 Entering Apply Finish Threshold Function
2026/04/15-19:56:04.310631 7214 [DEBUG] Allocating zone(new=1) start: 0x88000000 wp: 0x88000000 lt: 3 file lt: 3
2026/04/15-19:56:04.310635 7214 [Zonestats:time(s),used_cap(MB),reclaimable_cap(MB), avg_reclaimable(%), active(#), active_zones(#), open_zones(#)] 15 483 1308 73 11 12 3
2026/04/15-19:56:04.310638 7214 [DEBUG] Syncing metadata for: /rocksdbtest/dbbench/000066.sst
2026/04/15-19:56:04.471692 7248 [DEBUG] New writable file: /rocksdbtest/dbbench/000067.log direct: 0
2026/04/15-19:56:04.472692 7215 [DEBUG] New writable file: /rocksdbtest/dbbench/000068.sst direct: 1
2026/04/15-19:56:04.478398 7248 [DEBUG] Allocating zone(new=0) start: 0x68000000 wp: 0x6e47ae00 lt: 3 file lt: 2
2026/04/15-19:56:04.478405 7248 [DEBUG] Syncing metadata for: /rocksdbtest/dbbench/000067.log
2026/04/15-19:56:04.483877 7215 Entering Apply Finish Threshold Function
2026/04/15-19:56:04.483986 7215 [DEBUG] Allocator: avoided a finish by relaxing lifetime diff requirement
2026/04/15-19:56:04.483990 7215 [DEBUG] Allocating zone(new=0) start: 0x60000000 wp: 0x6720fc00 lt: 3 file lt: 3
2026/04/15-19:56:04.483997 7215 [Zonestats:time(s),used_cap(MB),reclaimable_cap(MB), avg_reclaimable(%), active(#), active_zones(#), open_zones(#)] 15 490 1301 72 12 12 5
2026/04/15-19:56:04.484004 7215 [DEBUG] Syncing metadata for: /rocksdbtest/dbbench/000068.sst
2026/04/15-19:56:04.647490 7214 [DEBUG] Syncing metadata for: /rocksdbtest/dbbench/000066.sst
2026/04/15-19:56:04.655059 7214 [DEBUG] Syncing metadata for: /rocksdbtest/dbbench/000066.sst
2026/04/15-19:56:04.662920 7214 [DEBUG] GetFileSize: /rocksdbtest/dbbench/000066.sst 
2026/04/15-19:56:04.662958 7214 [DEBUG] New writable file: /rocksdbtest/dbbench/000069.sst direct: 1
2026/04/15-19:56:04.694071 7214 Entering Apply Finish Threshold Function
2026/04/15-19:56:04.694084 7214 [DEBUG] Allocator: avoided a finish by relaxing lifetime diff requirement
2026/04/15-19:56:04.694087 7214 [DEBUG] Allocating zone(new=0) start: 0x88000000 wp: 0x88fe7400 lt: 3 file lt: 3
2026/04/15-19:56:04.694092 7214 [Zonestats:time(s),used_cap(MB),reclaimable_cap(MB), avg_reclaimable(%), active(#), active_zones(#), open_zones(#)] 15 514 1405 73 12 12 5
2026/04/15-19:56:04.694097 7214 [DEBUG] Syncing metadata for: /rocksdbtest/dbbench/000069.sst
2026/04/15-19:56:04.730827 7215 Entering Apply Finish Threshold Function
2026/04/15-19:56:04.730840 7215 [DEBUG] Allocating zone(new=1) start: 0x90000000 wp: 0x90000000 lt: 3 file lt: 3
2026/04/15-19:56:04.730845 7215 [Zonestats:time(s),used_cap(MB),reclaimable_cap(MB), avg_reclaimable(%), active(#), active_zones(#), open_zones(#)] 15 529 1390 72 11 12 5
2026/04/15-19:56:04.730849 7215 [DEBUG] Syncing metadata for: /rocksdbtest/dbbench/000068.sst
2026/04/15-19:56:04.812308 7215 [DEBUG] Syncing metadata for: /rocksdbtest/dbbench/000068.sst
2026/04/15-19:56:04.827088 7215 [DEBUG] Syncing metadata for: /rocksdbtest/dbbench/000068.sst
2026/04/15-19:56:04.827763 7215 [DEBUG] New random access file: /rocksdbtest/dbbench/000068.sst direct: 1
2026/04/15-19:56:04.828026 7215 [DEBUG] GetFileSize: /rocksdbtest/dbbench/000068.sst 
2026/04/15-19:56:04.830518 7215 [DEBUG] Syncing metadata for: /rocksdbtest/dbbench/MANIFEST-000005
2026/04/15-19:56:04.831190 7215 [DEBUG] GetFileSize: /rocksdbtest/dbbench/000068.sst 
2026/04/15-19:56:04.834129 7215 [DEBUG] Syncing metadata for: /rocksdbtest/dbbench/000064.log
2026/04/15-19:56:04.834832 7215 [DEBUG] DeleteFile: rocksdbtest/dbbench/000064.log 
2026/04/15-19:56:04.835396 7215 [Zonestats:time(s),used_cap(MB),reclaimable_cap(MB), avg_reclaimable(%), active(#), active_zones(#), open_zones(#)] 15 505 1542 75 12 12 3
2026/04/15-19:56:05.157153 7248 [DEBUG] Allocating zone(new=0) start: 0x90000000 wp: 0x902ed800 lt: 3 file lt: 2
2026/04/15-19:56:05.157195 7248 [DEBUG] Syncing metadata for: /rocksdbtest/dbbench/000067.log
2026/04/15-19:56:05.234135 7248 [DEBUG] New writable file: /rocksdbtest/dbbench/000070.log direct: 0
2026/04/15-19:56:05.235118 7215 [DEBUG] New writable file: /rocksdbtest/dbbench/000071.sst direct: 1
2026/04/15-19:56:05.240783 7248 [DEBUG] Allocating zone(new=0) start: 0x70000000 wp: 0x721d8e00 lt: 3 file lt: 2
2026/04/15-19:56:05.240791 7248 [DEBUG] Syncing metadata for: /rocksdbtest/dbbench/000070.log
2026/04/15-19:56:05.245738 7215 Entering Apply Finish Threshold Function
2026/04/15-19:56:05.245750 7215 [DEBUG] Allocating zone(new=1) start: 0x98000000 wp: 0x98000000 lt: 3 file lt: 3
2026/04/15-19:56:05.245759 7215 [Zonestats:time(s),used_cap(MB),reclaimable_cap(MB), avg_reclaimable(%), active(#), active_zones(#), open_zones(#)] 16 523 1524 74 11 12 5
2026/04/15-19:56:05.245763 7215 [DEBUG] Syncing metadata for: /rocksdbtest/dbbench/000071.sst
2026/04/15-19:56:05.306293 7214 [DEBUG] Syncing metadata for: /rocksdbtest/dbbench/000069.sst
2026/04/15-19:56:05.313562 7214 [DEBUG] Syncing metadata for: /rocksdbtest/dbbench/000069.sst
2026/04/15-19:56:05.314316 7214 [DEBUG] GetFileSize: /rocksdbtest/dbbench/000069.sst 
2026/04/15-19:56:05.314353 7214 [DEBUG] New writable file: /rocksdbtest/dbbench/000072.sst direct: 1
2026/04/15-19:56:05.326308 7214 Entering Apply Finish Threshold Function
2026/04/15-19:56:05.326316 7214 [DEBUG] Allocator: avoided a finish by relaxing lifetime diff requirement
2026/04/15-19:56:05.326318 7214 [DEBUG] Allocating zone(new=0) start: 0x88000000 wp: 0x8b012200 lt: 3 file lt: 3
2026/04/15-19:56:05.326322 7214 [Zonestats:time(s),used_cap(MB),reclaimable_cap(MB), avg_reclaimable(%), active(#), active_zones(#), open_zones(#)] 16 558 1489 72 12 12 5
2026/04/15-19:56:05.326325 7214 [DEBUG] Syncing metadata for: /rocksdbtest/dbbench/000072.sst
2026/04/15-19:56:05.543002 7215 [DEBUG] Syncing metadata for: /rocksdbtest/dbbench/000071.sst
2026/04/15-19:56:05.551595 7215 [DEBUG] Syncing metadata for: /rocksdbtest/dbbench/000071.sst
2026/04/15-19:56:05.559364 7215 [DEBUG] New random access file: /rocksdbtest/dbbench/000071.sst direct: 1
2026/04/15-19:56:05.559617 7215 [DEBUG] GetFileSize: /rocksdbtest/dbbench/000071.sst 
2026/04/15-19:56:05.561829 7215 [DEBUG] Syncing metadata for: /rocksdbtest/dbbench/MANIFEST-000005
2026/04/15-19:56:05.562456 7215 [DEBUG] GetFileSize: /rocksdbtest/dbbench/000071.sst 
2026/04/15-19:56:05.566108 7215 [DEBUG] Syncing metadata for: /rocksdbtest/dbbench/000067.log
2026/04/15-19:56:05.573821 7215 [DEBUG] DeleteFile: rocksdbtest/dbbench/000067.log 
2026/04/15-19:56:05.581407 7215 [Zonestats:time(s),used_cap(MB),reclaimable_cap(MB), avg_reclaimable(%), active(#), active_zones(#), open_zones(#)] 16 553 1622 74 12 12 3
2026/04/15-19:56:05.722770 7214 [DEBUG] Syncing metadata for: /rocksdbtest/dbbench/000072.sst
2026/04/15-19:56:05.723301 7214 [DEBUG] Syncing metadata for: /rocksdbtest/dbbench/000072.sst
2026/04/15-19:56:05.723906 7214 [DEBUG] GetFileSize: /rocksdbtest/dbbench/000072.sst 
2026/04/15-19:56:05.725081 7214 [DEBUG] New random access file: /rocksdbtest/dbbench/000054.sst direct: 1
2026/04/15-19:56:05.726103 7214 [DEBUG] GetFileSize: /rocksdbtest/dbbench/000054.sst 
2026/04/15-19:56:05.726993 7214 [DEBUG] New random access file: /rocksdbtest/dbbench/000057.sst direct: 1
2026/04/15-19:56:05.727302 7214 [DEBUG] GetFileSize: /rocksdbtest/dbbench/000057.sst 
2026/04/15-19:56:05.727542 7214 [DEBUG] New random access file: /rocksdbtest/dbbench/000060.sst direct: 1
2026/04/15-19:56:05.727837 7214 [DEBUG] GetFileSize: /rocksdbtest/dbbench/000060.sst 
2026/04/15-19:56:05.728061 7214 [DEBUG] New random access file: /rocksdbtest/dbbench/000063.sst direct: 1
2026/04/15-19:56:05.728354 7214 [DEBUG] GetFileSize: /rocksdbtest/dbbench/000063.sst 
2026/04/15-19:56:05.728577 7214 [DEBUG] New random access file: /rocksdbtest/dbbench/000066.sst direct: 1
2026/04/15-19:56:05.728880 7214 [DEBUG] GetFileSize: /rocksdbtest/dbbench/000066.sst 
2026/04/15-19:56:05.729205 7214 [DEBUG] New random access file: /rocksdbtest/dbbench/000069.sst direct: 1
2026/04/15-19:56:05.736431 7214 [DEBUG] GetFileSize: /rocksdbtest/dbbench/000069.sst 
2026/04/15-19:56:05.736781 7214 [DEBUG] New random access file: /rocksdbtest/dbbench/000072.sst direct: 1
2026/04/15-19:56:05.737038 7214 [DEBUG] GetFileSize: /rocksdbtest/dbbench/000072.sst 
2026/04/15-19:56:05.737923 7214 [DEBUG] Syncing metadata for: /rocksdbtest/dbbench/MANIFEST-000005
2026/04/15-19:56:05.738705 7214 [DEBUG] DeleteFile: rocksdbtest/dbbench/000038.sst 
2026/04/15-19:56:05.742481 7214 [Zonestats:time(s),used_cap(MB),reclaimable_cap(MB), avg_reclaimable(%), active(#), active_zones(#), open_zones(#)] 16 547 1500 73 11 11 2
2026/04/15-19:56:05.742532 7214 [DEBUG] DeleteFile: rocksdbtest/dbbench/000040.sst 
2026/04/15-19:56:05.753206 7214 [Zonestats:time(s),used_cap(MB),reclaimable_cap(MB), avg_reclaimable(%), active(#), active_zones(#), open_zones(#)] 16 531 1388 72 10 10 2
2026/04/15-19:56:05.753261 7214 [DEBUG] DeleteFile: rocksdbtest/dbbench/000041.sst 
2026/04/15-19:56:05.753845 7214 [Zonestats:time(s),used_cap(MB),reclaimable_cap(MB), avg_reclaimable(%), active(#), active_zones(#), open_zones(#)] 16 499 1420 74 10 10 2
2026/04/15-19:56:05.753879 7214 [DEBUG] DeleteFile: rocksdbtest/dbbench/000043.sst 
2026/04/15-19:56:05.754434 7214 [Zonestats:time(s),used_cap(MB),reclaimable_cap(MB), avg_reclaimable(%), active(#), active_zones(#), open_zones(#)] 16 482 1437 74 10 10 2
2026/04/15-19:56:05.754466 7214 [DEBUG] DeleteFile: rocksdbtest/dbbench/000045.sst 
2026/04/15-19:56:05.755016 7214 [Zonestats:time(s),used_cap(MB),reclaimable_cap(MB), avg_reclaimable(%), active(#), active_zones(#), open_zones(#)] 16 465 1454 75 10 10 2
2026/04/15-19:56:05.755048 7214 [DEBUG] DeleteFile: rocksdbtest/dbbench/000046.sst 
2026/04/15-19:56:05.761837 7214 [Zonestats:time(s),used_cap(MB),reclaimable_cap(MB), avg_reclaimable(%), active(#), active_zones(#), open_zones(#)] 16 433 1358 75 10 10 2
2026/04/15-19:56:05.761890 7214 [DEBUG] DeleteFile: rocksdbtest/dbbench/000047.sst 
2026/04/15-19:56:05.769397 7214 [Zonestats:time(s),used_cap(MB),reclaimable_cap(MB), avg_reclaimable(%), active(#), active_zones(#), open_zones(#)] 16 401 1390 77 10 10 2
2026/04/15-19:56:05.769500 7214 [DEBUG] DeleteFile: rocksdbtest/dbbench/000049.sst 
2026/04/15-19:56:05.773295 7214 [Zonestats:time(s),used_cap(MB),reclaimable_cap(MB), avg_reclaimable(%), active(#), active_zones(#), open_zones(#)] 16 385 1278 76 10 10 2
2026/04/15-19:56:05.773342 7214 [DEBUG] DeleteFile: rocksdbtest/dbbench/000050.sst 
2026/04/15-19:56:05.773983 7214 [Zonestats:time(s),used_cap(MB),reclaimable_cap(MB), avg_reclaimable(%), active(#), active_zones(#), open_zones(#)] 16 353 1310 78 10 10 2
2026/04/15-19:56:05.774048 7214 [DEBUG] DeleteFile: rocksdbtest/dbbench/000052.sst 
2026/04/15-19:56:05.774613 7214 [Zonestats:time(s),used_cap(MB),reclaimable_cap(MB), avg_reclaimable(%), active(#), active_zones(#), open_zones(#)] 16 336 1327 79 10 10 2
2026/04/15-19:56:05.774651 7214 [DEBUG] DeleteFile: rocksdbtest/dbbench/000053.sst 
2026/04/15-19:56:05.775205 7214 [Zonestats:time(s),used_cap(MB),reclaimable_cap(MB), avg_reclaimable(%), active(#), active_zones(#), open_zones(#)] 16 334 1329 79 10 10 2
2026/04/15-19:56:05.818191 7214 [DEBUG] New writable file: /rocksdbtest/dbbench/000073.sst direct: 1
2026/04/15-19:56:05.831965 7214 Entering Apply Finish Threshold Function
2026/04/15-19:56:05.831973 7214 [DEBUG] Allocating zone(new=1) start: 0x48000000 wp: 0x48000000 lt: 3 file lt: 3
2026/04/15-19:56:05.831976 7214 [Zonestats:time(s),used_cap(MB),reclaimable_cap(MB), avg_reclaimable(%), active(#), active_zones(#), open_zones(#)] 16 338 1325 79 10 11 3
2026/04/15-19:56:05.831979 7214 [DEBUG] Syncing metadata for: /rocksdbtest/dbbench/000073.sst
2026/04/15-19:56:05.927147 7248 [DEBUG] New writable file: /rocksdbtest/dbbench/000074.log direct: 0
2026/04/15-19:56:05.927983 7215 [DEBUG] New writable file: /rocksdbtest/dbbench/000075.sst direct: 1
2026/04/15-19:56:05.931228 7248 [DEBUG] Allocating zone(new=0) start: 0x98000000 wp: 0x990d3600 lt: 3 file lt: 2
2026/04/15-19:56:05.931233 7248 [DEBUG] Syncing metadata for: /rocksdbtest/dbbench/000074.log
2026/04/15-19:56:05.938358 7215 Entering Apply Finish Threshold Function
2026/04/15-19:56:05.938374 7215 [DEBUG] Allocating zone(new=1) start: 0x50000000 wp: 0x50000000 lt: 3 file lt: 3
2026/04/15-19:56:05.938381 7215 [Zonestats:time(s),used_cap(MB),reclaimable_cap(MB), avg_reclaimable(%), active(#), active_zones(#), open_zones(#)] 16 343 1320 79 11 12 5
2026/04/15-19:56:05.938388 7215 [DEBUG] Syncing metadata for: /rocksdbtest/dbbench/000075.sst
2026/04/15-19:56:06.229647 7215 [DEBUG] Syncing metadata for: /rocksdbtest/dbbench/000075.sst
2026/04/15-19:56:06.237279 7215 [DEBUG] Syncing metadata for: /rocksdbtest/dbbench/000075.sst
2026/04/15-19:56:06.245087 7215 [DEBUG] New random access file: /rocksdbtest/dbbench/000075.sst direct: 1
2026/04/15-19:56:06.245362 7215 [DEBUG] GetFileSize: /rocksdbtest/dbbench/000075.sst 
2026/04/15-19:56:06.247605 7215 [DEBUG] Syncing metadata for: /rocksdbtest/dbbench/MANIFEST-000005
2026/04/15-19:56:06.248237 7215 [DEBUG] GetFileSize: /rocksdbtest/dbbench/000075.sst 
2026/04/15-19:56:06.251177 7215 [DEBUG] Syncing metadata for: /rocksdbtest/dbbench/000070.log
2026/04/15-19:56:06.251893 7215 [DEBUG] DeleteFile: rocksdbtest/dbbench/000070.log 
2026/04/15-19:56:06.259488 7215 [Zonestats:time(s),used_cap(MB),reclaimable_cap(MB), avg_reclaimable(%), active(#), active_zones(#), open_zones(#)] 17 340 1451 81 12 12 3
2026/04/15-19:56:06.566007 7214 [DEBUG] Syncing metadata for: /rocksdbtest/dbbench/000073.sst
2026/04/15-19:56:06.566588 7214 [DEBUG] Syncing metadata for: /rocksdbtest/dbbench/000073.sst
2026/04/15-19:56:06.567319 7214 [DEBUG] GetFileSize: /rocksdbtest/dbbench/000073.sst 
2026/04/15-19:56:06.567355 7214 [DEBUG] New writable file: /rocksdbtest/dbbench/000076.sst direct: 1
2026/04/15-19:56:06.579441 7214 Entering Apply Finish Threshold Function
2026/04/15-19:56:06.579449 7214 [DEBUG] Allocator: avoided a finish by relaxing lifetime diff requirement
2026/04/15-19:56:06.579451 7214 [DEBUG] Allocating zone(new=0) start: 0x90000000 wp: 0x906c5a00 lt: 3 file lt: 3
2026/04/15-19:56:06.579455 7214 [Zonestats:time(s),used_cap(MB),reclaimable_cap(MB), avg_reclaimable(%), active(#), active_zones(#), open_zones(#)] 17 390 1529 79 12 12 3
2026/04/15-19:56:06.579458 7214 [DEBUG] Syncing metadata for: /rocksdbtest/dbbench/000076.sst
2026/04/15-19:56:06.619400 7248 [DEBUG] New writable file: /rocksdbtest/dbbench/000077.log direct: 0
2026/04/15-19:56:06.620375 7215 [DEBUG] New writable file: /rocksdbtest/dbbench/000078.sst direct: 1
2026/04/15-19:56:06.626355 7248 [DEBUG] Allocating zone(new=0) start: 0x88000000 wp: 0x8c251200 lt: 3 file lt: 2
2026/04/15-19:56:06.626364 7248 [DEBUG] Syncing metadata for: /rocksdbtest/dbbench/000077.log
2026/04/15-19:56:06.629652 7215 Entering Apply Finish Threshold Function
2026/04/15-19:56:06.629662 7215 [DEBUG] Allocator: avoided a finish by relaxing lifetime diff requirement
2026/04/15-19:56:06.629665 7215 [DEBUG] Allocating zone(new=0) start: 0x70000000 wp: 0x74137600 lt: 3 file lt: 3
2026/04/15-19:56:06.629669 7215 [Zonestats:time(s),used_cap(MB),reclaimable_cap(MB), avg_reclaimable(%), active(#), active_zones(#), open_zones(#)] 17 392 1527 79 12 12 5
2026/04/15-19:56:06.629675 7215 [DEBUG] Syncing metadata for: /rocksdbtest/dbbench/000078.sst
2026/04/15-19:56:06.970797 7215 [DEBUG] Syncing metadata for: /rocksdbtest/dbbench/000078.sst
2026/04/15-19:56:06.978375 7215 [DEBUG] Syncing metadata for: /rocksdbtest/dbbench/000078.sst
2026/04/15-19:56:06.985712 7215 [DEBUG] New random access file: /rocksdbtest/dbbench/000078.sst direct: 1
2026/04/15-19:56:06.986131 7215 [DEBUG] GetFileSize: /rocksdbtest/dbbench/000078.sst 
2026/04/15-19:56:06.988337 7215 [DEBUG] Syncing metadata for: /rocksdbtest/dbbench/MANIFEST-000005
2026/04/15-19:56:06.988950 7215 [DEBUG] GetFileSize: /rocksdbtest/dbbench/000078.sst 
2026/04/15-19:56:06.991876 7215 [DEBUG] Syncing metadata for: /rocksdbtest/dbbench/000074.log
2026/04/15-19:56:07.006859 7215 [DEBUG] DeleteFile: rocksdbtest/dbbench/000074.log 
2026/04/15-19:56:07.007442 7215 [Zonestats:time(s),used_cap(MB),reclaimable_cap(MB), avg_reclaimable(%), active(#), active_zones(#), open_zones(#)] 18 392 1527 79 12 12 3
2026/04/15-19:56:07.063252 7214 [DEBUG] Syncing metadata for: /rocksdbtest/dbbench/000076.sst
2026/04/15-19:56:07.063818 7214 [DEBUG] Syncing metadata for: /rocksdbtest/dbbench/000076.sst
2026/04/15-19:56:07.064524 7214 [DEBUG] GetFileSize: /rocksdbtest/dbbench/000076.sst 
2026/04/15-19:56:07.065904 7211 [DEBUG] GetChildrenNoLock: /rocksdbtest/dbbench 
2026/04/15-19:56:07.066168 7211 [DEBUG] DeleteFile: rocksdbtest/dbbench/000073.sst 
2026/04/15-19:56:07.069923 7211 [Zonestats:time(s),used_cap(MB),reclaimable_cap(MB), avg_reclaimable(%), active(#), active_zones(#), open_zones(#)] 18 382 1409 78 11 11 2
2026/04/15-19:56:07.069987 7211 [DEBUG] DeleteFile: rocksdbtest/dbbench/000076.sst 
2026/04/15-19:56:07.070583 7211 [Zonestats:time(s),used_cap(MB),reclaimable_cap(MB), avg_reclaimable(%), active(#), active_zones(#), open_zones(#)] 18 361 1430 79 11 11 2
2026/04/15-19:56:07.071656 7211 [DEBUG] Syncing metadata for: /rocksdbtest/dbbench/000077.log
2026/04/15-19:56:07.072305 7211 [DEBUG] Syncing metadata for: /rocksdbtest/dbbench/MANIFEST-000005
2026/04/15-19:56:07.072847 7211 [DEBUG] Syncing metadata for: /rocksdbtest/dbbench/MANIFEST-000005
2026/04/15-19:56:07.073469 7211 [DEBUG] GetFileSize: /rocksdbtest/dbbench/MANIFEST-000005 
2026/04/15-19:56:07.074686 7211 ZenFS shutting down
2026/04/15-19:56:07.074696 7211 [DEBUG] Zone 0x18000000 used capacity: 5646 bytes (0 MB)
2026/04/15-19:56:07.074700 7211 [DEBUG] Zone 0x20000000 used capacity: 8556 bytes (0 MB)
2026/04/15-19:56:07.074704 7211 [DEBUG] Zone 0x28000000 used capacity: 33730167 bytes (32 MB)
2026/04/15-19:56:07.074707 7211 [DEBUG] Zone 0x30000000 used capacity: 17639638 bytes (16 MB)
2026/04/15-19:56:07.074710 7211 [DEBUG] Zone 0x38000000 used capacity: 33731662 bytes (32 MB)
2026/04/15-19:56:07.074713 7211 [DEBUG] Zone 0x40000000 used capacity: 17647402 bytes (16 MB)
2026/04/15-19:56:07.074716 7211 [DEBUG] Zone 0x50000000 used capacity: 17661885 bytes (16 MB)
2026/04/15-19:56:07.074719 7211 [DEBUG] Zone 0x60000000 used capacity: 49931135 bytes (47 MB)
2026/04/15-19:56:07.074722 7211 [DEBUG] Zone 0x70000000 used capacity: 20253861 bytes (19 MB)
2026/04/15-19:56:07.074725 7211 [DEBUG] Zone 0x78000000 used capacity: 50785008 bytes (48 MB)
2026/04/15-19:56:07.074728 7211 [DEBUG] Zone 0x80000000 used capacity: 31130624 bytes (29 MB)
2026/04/15-19:56:07.074731 7211 [DEBUG] Zone 0x88000000 used capacity: 86401585 bytes (82 MB)
2026/04/15-19:56:07.074734 7211 [DEBUG] Zone 0x90000000 used capacity: 3069692 bytes (2 MB)
2026/04/15-19:56:07.074737 7211 [DEBUG] Zone 0x98000000 used capacity: 17642852 bytes (16 MB)
2026/04/15-19:56:07.074751 7211 Zone Garbage Stats: [15 8 1 1 0 1 0 2 1 0 0 0 ]
2026/04/15-19:56:07.074755 7211 Total Garbage Bytes: 395559519 bytes
2026/04/15-19:56:07.074768 7211   Files:
2026/04/15-19:56:07.074772 7211     /rocksdbtest/dbbench/000054.sst               sz: 33730167 lh: 3 sparse: 0
2026/04/15-19:56:07.074776 7211           Extent 0 {start=0x28000000, zone=5, len=33730167} 
2026/04/15-19:56:07.074780 7211     /rocksdbtest/dbbench/000056.sst               sz: 17639638 lh: 3 sparse: 0
2026/04/15-19:56:07.074783 7211           Extent 0 {start=0x30000000, zone=6, len=17639638} 
2026/04/15-19:56:07.074786 7211     /rocksdbtest/dbbench/000057.sst               sz: 33731662 lh: 3 sparse: 0
2026/04/15-19:56:07.074789 7211           Extent 0 {start=0x38000000, zone=7, len=33731662} 
2026/04/15-19:56:07.074793 7211     /rocksdbtest/dbbench/000059.sst               sz: 17647402 lh: 3 sparse: 0
2026/04/15-19:56:07.074796 7211           Extent 0 {start=0x40000000, zone=8, len=17647402} 
2026/04/15-19:56:07.074799 7211     /rocksdbtest/dbbench/000060.sst               sz: 33731080 lh: 3 sparse: 0
2026/04/15-19:56:07.074802 7211           Extent 0 {start=0x8624fc00, zone=16, len=31130624} 
2026/04/15-19:56:07.074805 7211           Extent 1 {start=0x70000000, zone=14, len=2600456} 
2026/04/15-19:56:07.074809 7211     /rocksdbtest/dbbench/000062.sst               sz: 17649195 lh: 3 sparse: 0
2026/04/15-19:56:07.074812 7211           Extent 0 {start=0x65061a00, zone=12, len=17649195} 
2026/04/15-19:56:07.074815 7211     /rocksdbtest/dbbench/000063.sst               sz: 33730288 lh: 3 sparse: 0
2026/04/15-19:56:07.074818 7211           Extent 0 {start=0x7cf91400, zone=15, len=33730288} 
2026/04/15-19:56:07.074821 7211     /rocksdbtest/dbbench/000065.sst               sz: 17666388 lh: 3 sparse: 0
2026/04/15-19:56:07.074824 7211           Extent 0 {start=0x66136a00, zone=12, len=17666388} 
2026/04/15-19:56:07.074827 7211     /rocksdbtest/dbbench/000066.sst               sz: 33730207 lh: 3 sparse: 0
2026/04/15-19:56:07.074830 7211           Extent 0 {start=0x7efbc400, zone=15, len=17054720} 
2026/04/15-19:56:07.074833 7211           Extent 1 {start=0x88000000, zone=17, len=16675487} 
2026/04/15-19:56:07.074836 7211     /rocksdbtest/dbbench/000068.sst               sz: 17685244 lh: 3 sparse: 0
2026/04/15-19:56:07.074839 7211           Extent 0 {start=0x6720fc00, zone=12, len=14615552} 
2026/04/15-19:56:07.074842 7211           Extent 1 {start=0x90000000, zone=18, len=3069692} 
2026/04/15-19:56:07.074845 7211     /rocksdbtest/dbbench/000069.sst               sz: 33730036 lh: 3 sparse: 0
2026/04/15-19:56:07.074849 7211           Extent 0 {start=0x88fe7400, zone=17, len=33730036} 
2026/04/15-19:56:07.074852 7211     /rocksdbtest/dbbench/000071.sst               sz: 17642852 lh: 3 sparse: 0
2026/04/15-19:56:07.074855 7211           Extent 0 {start=0x98000000, zone=19, len=17642852} 
2026/04/15-19:56:07.074858 7211     /rocksdbtest/dbbench/000072.sst               sz: 19131920 lh: 3 sparse: 0
2026/04/15-19:56:07.074861 7211           Extent 0 {start=0x8b012200, zone=17, len=19131920} 
2026/04/15-19:56:07.074864 7211     /rocksdbtest/dbbench/000075.sst               sz: 17661885 lh: 3 sparse: 0
2026/04/15-19:56:07.074866 7211           Extent 0 {start=0x50000000, zone=10, len=17661885} 
2026/04/15-19:56:07.074870 7211     /rocksdbtest/dbbench/000077.log               sz: 16864142 lh: 2 sparse: 1
2026/04/15-19:56:07.074873 7211           Extent 0 {start=0x8c251208, zone=17, len=1048568} 
2026/04/15-19:56:07.074875 7211           Extent 1 {start=0x8c351208, zone=17, len=1048568} 
2026/04/15-19:56:07.074878 7211           Extent 2 {start=0x8c451208, zone=17, len=1048568} 
2026/04/15-19:56:07.074881 7211           Extent 3 {start=0x8c551208, zone=17, len=1048568} 
2026/04/15-19:56:07.074884 7211           Extent 4 {start=0x8c651208, zone=17, len=1048568} 
2026/04/15-19:56:07.074887 7211           Extent 5 {start=0x8c751208, zone=17, len=1048568} 
2026/04/15-19:56:07.074890 7211           Extent 6 {start=0x8c851208, zone=17, len=1048568} 
2026/04/15-19:56:07.074893 7211           Extent 7 {start=0x8c951208, zone=17, len=1048568} 
2026/04/15-19:56:07.074895 7211           Extent 8 {start=0x8ca51208, zone=17, len=1048568} 
2026/04/15-19:56:07.074898 7211           Extent 9 {start=0x8cb51208, zone=17, len=1048568} 
2026/04/15-19:56:07.074901 7211           Extent 10 {start=0x8cc51208, zone=17, len=1048568} 
2026/04/15-19:56:07.074903 7211           Extent 11 {start=0x8cd51208, zone=17, len=1048568} 
2026/04/15-19:56:07.074906 7211           Extent 12 {start=0x8ce51208, zone=17, len=1048568} 
2026/04/15-19:56:07.074909 7211           Extent 13 {start=0x8cf51208, zone=17, len=1048568} 
2026/04/15-19:56:07.074912 7211           Extent 14 {start=0x8d051208, zone=17, len=1048568} 
2026/04/15-19:56:07.074914 7211           Extent 15 {start=0x8d151208, zone=17, len=1048568} 
2026/04/15-19:56:07.074917 7211           Extent 16 {start=0x8d251208, zone=17, len=87054} 
2026/04/15-19:56:07.074921 7211     /rocksdbtest/dbbench/000078.sst               sz: 17653405 lh: 3 sparse: 0
2026/04/15-19:56:07.074923 7211           Extent 0 {start=0x74137600, zone=14, len=17653405} 
2026/04/15-19:56:07.074926 7211     /rocksdbtest/dbbench/CURRENT                  sz: 16 lh: 0 sparse: 0
2026/04/15-19:56:07.074930 7211           Extent 0 {start=0x20000000, zone=4, len=16} 
2026/04/15-19:56:07.074933 7211     /rocksdbtest/dbbench/IDENTITY                 sz: 36 lh: 0 sparse: 0
2026/04/15-19:56:07.074936 7211           Extent 0 {start=0x18000000, zone=3, len=36} 
2026/04/15-19:56:07.074939 7211     /rocksdbtest/dbbench/MANIFEST-000005          sz: 5610 lh: 0 sparse: 0
2026/04/15-19:56:07.074942 7211           Extent 0 {start=0x18000600, zone=3, len=116} 
2026/04/15-19:56:07.074945 7211           Extent 1 {start=0x18000800, zone=3, len=136} 
2026/04/15-19:56:07.074948 7211           Extent 2 {start=0x18000a00, zone=3, len=138} 
2026/04/15-19:56:07.074951 7211           Extent 3 {start=0x18000c00, zone=3, len=138} 
2026/04/15-19:56:07.074954 7211           Extent 4 {start=0x18000e00, zone=3, len=138} 
2026/04/15-19:56:07.074957 7211           Extent 5 {start=0x18001000, zone=3, len=138} 
2026/04/15-19:56:07.074959 7211           Extent 6 {start=0x18001200, zone=3, len=138} 
2026/04/15-19:56:07.074962 7211           Extent 7 {start=0x18001400, zone=3, len=227} 
2026/04/15-19:56:07.074965 7211           Extent 8 {start=0x18001600, zone=3, len=138} 
2026/04/15-19:56:07.074968 7211           Extent 9 {start=0x18001800, zone=3, len=138} 
2026/04/15-19:56:07.074971 7211           Extent 10 {start=0x18001a00, zone=3, len=138} 
2026/04/15-19:56:07.074973 7211           Extent 11 {start=0x18001c00, zone=3, len=138} 
2026/04/15-19:56:07.074976 7211           Extent 12 {start=0x18001e00, zone=3, len=138} 
2026/04/15-19:56:07.074979 7211           Extent 13 {start=0x18002000, zone=3, len=433} 
2026/04/15-19:56:07.074982 7211           Extent 14 {start=0x18002200, zone=3, len=138} 
2026/04/15-19:56:07.074985 7211           Extent 15 {start=0x18002400, zone=3, len=138} 
2026/04/15-19:56:07.074988 7211           Extent 16 {start=0x18002600, zone=3, len=138} 
2026/04/15-19:56:07.074991 7211           Extent 17 {start=0x18002800, zone=3, len=138} 
2026/04/15-19:56:07.074993 7211           Extent 18 {start=0x18002a00, zone=3, len=138} 
2026/04/15-19:56:07.074996 7211           Extent 19 {start=0x18002c00, zone=3, len=138} 
2026/04/15-19:56:07.074999 7211           Extent 20 {start=0x18002e00, zone=3, len=638} 
2026/04/15-19:56:07.075002 7211           Extent 21 {start=0x18003200, zone=3, len=138} 
2026/04/15-19:56:07.075005 7211           Extent 22 {start=0x18003400, zone=3, len=138} 
2026/04/15-19:56:07.075008 7211           Extent 23 {start=0x18003600, zone=3, len=138} 
2026/04/15-19:56:07.075010 7211           Extent 24 {start=0x18003800, zone=3, len=138} 
2026/04/15-19:56:07.075013 7211           Extent 25 {start=0x18003a00, zone=3, len=138} 
2026/04/15-19:56:07.075016 7211           Extent 26 {start=0x18003c00, zone=3, len=138} 
2026/04/15-19:56:07.075018 7211           Extent 27 {start=0x18003e00, zone=3, len=748} 
2026/04/15-19:56:07.075021 7211           Extent 28 {start=0x18004200, zone=3, len=138} 
2026/04/15-19:56:07.075024 7211           Extent 29 {start=0x18004400, zone=3, len=138} 
2026/04/15-19:56:07.075027 7211     /rocksdbtest/dbbench/OPTIONS-000007           sz: 8540 lh: 0 sparse: 0
2026/04/15-19:56:07.075030 7211           Extent 0 {start=0x20000200, zone=4, len=8540} 
2026/04/15-19:56:07.075033 7211 Sum of all files: 362 MB of data 
2026/04/15-19:56:10.198192 7213 Zone Garbage Stats: [15 8 1 1 0 1 0 2 1 0 0 0 ]
2026/04/15-19:56:10.198327 7213 Total Garbage Bytes: 395559519 bytes
